transaction_id,customer_id,account_number,transaction_date,transaction_type,amount,currency,branch_code,status,risk_score,region,product_code
TXN0000001,CUST3286,ACC375568,2024-02-25,CREDIT,66559.95,USD,BR488,COMPLETED,0.27,CENTRAL,LOAN
TXN0000002,CUST2679,ACC645984,2024-04-04,DEBIT,18913.0,USD,BR835,COMPLETED,63.23,CENTRAL,LOAN
TXN0000003,CUST9935,ACC857371,2024-04-24,DEBIT,47636.49,USD,BR156,COMPLETED,35.19,SOUTH,CHECKING
TXN0000004,CUST2424,ACC103855,2024-05-30,PAYMENT,27395.93,USD,BR591,COMPLETED,40.29,EAST,SAVINGS
TXN0000005,CUST7912,ACC572445,2024-03-13,CREDIT,21715.61,GBP,BR165,COMPLETED,67.11,WEST,CREDIT
TXN0000006,CUST1520,ACC972950,2024-08-08,CREDIT,97569.83,USD,BR324,COMPLETED,50.6,NORTH,CHECKING
TXN0000007,CUST1488,ACC998909,2024-07-25,PAYMENT,87792.12,EUR,BR307,COMPLETED,66.01,WEST,LOAN
TXN0000008,CUST2535,ACC231824,2024-10-15,CREDIT,-8870.42,USD,BR908,COMPLETED,48.12,EAST,LOAN
TXN0000009,CUST4582,ACC765104,2024-10-13,DEBIT,47607.03,GBP,BR693,COMPLETED,99.43,NORTH,CHECKING
TXN0000010,CUST4811,ACC571155,2024-01-29,WITHDRAWAL,-15162.63,GBP,BR187,,14.62,SOUTH,LOAN
TXN0000011,CUST9279,ACC769952,2024-07-27,DEBIT,85568.07,EUR,BR376,COMPLETED,60.02,EAST,SAVINGS
TXN0000012,CUST1434,ACC706472,2024-11-14,CREDIT,18491.24,EUR,BR339,PENDING,62.12,WEST,CREDIT
TXN0000013,CUST4257,ACC202179,2024-12-24,CREDIT,47565.81,EUR,BR647,PENDING,60.29,WEST,SAVINGS
TXN0000014,CUST9928,ACC138258,2024-01-12,CREDIT,-38139.01,USD,BR232,COMPLETED,13.79,NORTH,LOAN
TXN0000015,CUST7873,ACC329242,2024-10-12,PAYMENT,42129.4,EUR,BR551,COMPLETED,55.48,NORTH,MORTGAGE
TXN0000016,CUST4611,ACC881931,2024-08-30,WITHDRAWAL,5082.36,EUR,BR512,COMPLETED,57.4,NORTH,MORTGAGE
TXN0000017,CUST8359,ACC296772,2024-03-20,TRANSFER,-14710.3,USD,BR904,COMPLETED,97.7,EAST,CREDIT
TXN0000018,CUST5557,ACC540586,2024-07-22,TRANSFER,73092.8,EUR,BR388,COMPLETED,27.94,CENTRAL,SAVINGS
TXN0000019,CUST1106,ACC830276,2024-11-23,TRANSFER,58820.12,EUR,BR779,COMPLETED,61.39,CENTRAL,SAVINGS
TXN0000020,CUST3615,ACC672612,2024-03-01,WITHDRAWAL,52253.82,EUR,BR506,COMPLETED,21.98,EAST,CREDIT
TXN0000021,CUST7924,ACC912000,2024-08-22,WITHDRAWAL,38975.62,USD,BR218,COMPLETED,97.18,SOUTH,SAVINGS
TXN0000022,CUST6574,ACC274169,2024-08-01,TRANSFER,51169.32,USD,BR884,COMPLETED,60.2,EAST,SAVINGS
TXN0000023,,ACC730134,2024-01-16,PAYMENT,47620.1,EUR,BR235,COMPLETED,42.15,SOUTH,SAVINGS
TXN0000024,CUST3547,ACC495896,2024-11-24,CREDIT,-2187.73,USD,BR316,COMPLETED,61.32,CENTRAL,SAVINGS
TXN0000025,CUST4527,ACC326636,2024-08-14,DEBIT,-3130.78,USD,BR850,COMPLETED,89.6,EAST,SAVINGS
TXN0000026,CUST6514,ACC464994,2024-03-30,DEBIT,20136.89,USD,BR715,COMPLETED,15.52,EAST,CREDIT
TXN0000027,CUST2674,ACC319952,2024-04-20,DEBIT,-41445.74,EUR,BR460,COMPLETED,14.76,EAST,LOAN
TXN0000028,CUST2519,ACC300444,2024-06-07,TRANSFER,-48974.52,USD,BR430,COMPLETED,55.27,WEST,SAVINGS
TXN0000029,CUST7224,ACC812641,2024-10-14,PAYMENT,20392.44,USD,BR370,COMPLETED,18.27,EAST,CHECKING
TXN0000030,CUST2584,ACC704856,2024-04-26,TRANSFER,78201.07,EUR,BR475,COMPLETED,45.83,EAST,CREDIT
TXN0000031,CUST6881,ACC115069,2024-09-23,DEBIT,48316.21,EUR,BR857,COMPLETED,49.68,EAST,CHECKING
TXN0000032,CUST6635,ACC488241,2024-11-06,TRANSFER,24342.73,EUR,BR752,,69.2,CENTRAL,CREDIT
TXN0000033,CUST5333,ACC953309,2024-04-22,DEBIT,6243.44,AUD,BR250,COMPLETED,13.21,NORTH,SAVINGS
TXN0000034,CUST1711,ACC481466,2024-06-15,DEBIT,58482.14,EUR,BR443,PENDING,2.81,EAST,SAVINGS
TXN0000035,CUST8527,ACC116977,2024-12-09,PAYMENT,32736.79,AUD,BR841,PENDING,54.36,EAST,CREDIT
TXN0000036,CUST9785,ACC416611,2024-12-05,DEBIT,66148.99,AUD,BR684,COMPLETED,83.83,SOUTH,CREDIT
TXN0000037,CUST3045,ACC421876,2024-11-04,DEBIT,-5370.05,GBP,BR896,COMPLETED,4.63,WEST,LOAN
TXN0000038,CUST7201,ACC626474,2024-07-04,PAYMENT,-7617.11,USD,BR214,COMPLETED,35.99,CENTRAL,LOAN
TXN0000039,CUST2291,ACC958837,2024-11-28,CREDIT,36680.3,USD,BR956,FAILED,79.11,NORTH,LOAN
TXN0000040,CUST5803,ACC230804,2024-05-04,DEBIT,41793.4,EUR,BR312,COMPLETED,48.69,WEST,CHECKING
TXN0000041,CUST6925,ACC833287,2024-09-23,DEBIT,86941.51,EUR,BR552,PENDING,88.79,CENTRAL,SAVINGS
TXN0000042,CUST4150,ACC623376,2024-03-11,TRANSFER,-20327.03,GBP,BR276,COMPLETED,78.15,,CHECKING
TXN0000043,CUST2139,ACC780433,2024-12-02,CREDIT,1975.47,USD,BR958,,18.97,WEST,CHECKING
TXN0000044,CUST1750,ACC578148,2024-10-14,DEBIT,6682.72,GBP,BR110,COMPLETED,,EAST,MORTGAGE
TXN0000045,CUST4733,ACC534166,2024-01-09,CREDIT,12422.29,USD,BR943,REVERSED,81.72,WEST,LOAN
TXN0000046,CUST5741,ACC530321,2024-05-25,DEBIT,93728.76,USD,BR523,COMPLETED,60.3,WEST,LOAN
TXN0000047,CUST2307,ACC468814,2024-01-02,DEBIT,-31213.14,EUR,BR913,COMPLETED,91.62,EAST,CREDIT
TXN0000048,CUST4814,ACC469320,2024-06-25,PAYMENT,-39396.09,USD,BR579,PENDING,42.52,SOUTH,LOAN
TXN0000049,CUST2654,ACC968415,2024-07-27,CREDIT,32025.11,USD,BR551,COMPLETED,33.46,WEST,CREDIT
TXN0000050,CUST7227,ACC668817,2024-12-05,TRANSFER,-48277.29,EUR,BR753,COMPLETED,54.08,SOUTH,SAVINGS
TXN0000051,CUST5554,ACC546535,2024-03-01,CREDIT,-1196.75,USD,BR981,COMPLETED,43.93,EAST,CREDIT
TXN0000052,CUST8428,ACC648583,2024-03-13,TRANSFER,36820.15,USD,BR783,FAILED,77.28,WEST,CHECKING
TXN0000053,CUST6977,ACC902245,2024-12-21,TRANSFER,-39056.1,GBP,BR322,COMPLETED,97.41,SOUTH,LOAN
TXN0000054,CUST3664,ACC452139,2024-10-16,DEBIT,67171.35,USD,BR161,COMPLETED,85.49,EAST,CHECKING
TXN0000055,CUST7065,ACC218887,2024-11-08,CREDIT,-11419.28,GBP,BR735,COMPLETED,43.15,WEST,CHECKING
TXN0000056,CUST6820,ACC284354,2024-08-10,CREDIT,-8078.96,USD,BR792,REVERSED,70.1,,CREDIT
TXN0000057,CUST4432,ACC581111,2024-06-23,DEBIT,3849.35,EUR,BR571,COMPLETED,91.8,SOUTH,
TXN0000058,CUST5374,ACC549192,2024-01-16,WITHDRAWAL,62237.88,USD,BR675,PENDING,,SOUTH,SAVINGS
TXN0000059,CUST2169,ACC491246,2024-10-08,DEBIT,-25567.5,USD,BR127,COMPLETED,7.69,CENTRAL,SAVINGS
TXN0000060,CUST3803,ACC285488,2024-03-16,DEBIT,5618.1,USD,BR346,COMPLETED,29.88,SOUTH,CREDIT
TXN0000061,CUST9751,ACC679604,2024-07-26,TRANSFER,-78.37,USD,BR973,REVERSED,20.5,EAST,MORTGAGE
TXN0000062,CUST5010,ACC723789,2024-10-29,DEBIT,-34876.76,USD,BR726,COMPLETED,0.24,WEST,LOAN
TXN0000063,CUST3677,ACC270558,2024-07-02,CREDIT,72569.75,USD,BR726,COMPLETED,20.45,WEST,SAVINGS
TXN0000064,CUST8573,ACC669128,2024-10-05,CREDIT,73670.16,EUR,BR842,PENDING,91.72,CENTRAL,SAVINGS
TXN0000065,CUST7216,ACC557049,2024-12-12,DEBIT,56197.31,USD,BR318,PENDING,,EAST,LOAN
TXN0000066,CUST5422,ACC500098,2024-03-16,DEBIT,61374.4,USD,BR361,COMPLETED,53.29,NORTH,LOAN
TXN0000067,CUST4598,ACC398873,2024-08-10,DEBIT,41850.05,USD,BR509,COMPLETED,19.02,SOUTH,CHECKING
TXN0000068,CUST6313,ACC986142,2024-12-04,PAYMENT,2652.81,GBP,BR672,COMPLETED,32.08,CENTRAL,SAVINGS
TXN0000069,CUST1916,ACC791646,2024-05-16,DEBIT,-35559.89,EUR,BR504,PENDING,29.33,EAST,CREDIT
TXN0000070,CUST4752,ACC821997,2024-02-17,TRANSFER,12020.58,USD,BR264,COMPLETED,32.84,CENTRAL,CHECKING
TXN0000071,CUST1525,ACC813327,2024-10-08,CREDIT,48917.08,USD,BR152,PENDING,91.55,SOUTH,SAVINGS
TXN0000072,CUST6168,ACC558745,2024-07-14,DEBIT,3158.09,EUR,BR831,FAILED,99.79,SOUTH,CHECKING
TXN0000073,CUST7572,ACC764909,2024-10-20,CREDIT,,AUD,BR590,REVERSED,52.07,SOUTH,CHECKING
TXN0000074,CUST5386,ACC397007,2024-07-12,DEBIT,55599.9,USD,BR451,COMPLETED,95.89,SOUTH,CHECKING
TXN0000075,CUST2084,ACC836197,2024-06-25,DEBIT,87509.67,USD,BR317,PENDING,39.0,SOUTH,SAVINGS
TXN0000076,CUST4456,ACC750511,2024-07-27,TRANSFER,-46113.55,USD,BR676,FAILED,52.17,EAST,LOAN
TXN0000077,CUST6155,ACC998626,2024-11-18,TRANSFER,11608.15,USD,BR218,COMPLETED,18.69,EAST,CHECKING
TXN0000078,CUST4483,ACC204045,2024-02-07,CREDIT,-3706.63,GBP,BR936,COMPLETED,67.93,WEST,
TXN0000079,CUST9179,ACC191876,2024-04-20,PAYMENT,-33911.8,GBP,BR713,COMPLETED,11.76,CENTRAL,SAVINGS
TXN0000080,CUST7482,ACC945089,2024-01-08,DEBIT,-15441.12,EUR,BR189,COMPLETED,59.64,,SAVINGS
TXN0000081,CUST8517,ACC977904,2024-10-14,DEBIT,79084.35,USD,BR879,PENDING,75.44,SOUTH,CREDIT
TXN0000082,CUST3340,ACC208854,2024-09-03,TRANSFER,89754.09,GBP,BR775,COMPLETED,36.61,SOUTH,CREDIT
TXN0000083,CUST5339,ACC193992,2024-08-06,DEBIT,-15593.24,USD,BR901,COMPLETED,72.61,SOUTH,SAVINGS
TXN0000084,CUST3287,ACC781180,2024-02-20,CREDIT,63446.47,USD,BR755,PENDING,59.32,CENTRAL,CREDIT
TXN0000085,CUST5040,ACC117224,2024-12-10,PAYMENT,60120.19,USD,BR696,,42.76,EAST,LOAN
TXN0000086,CUST9830,ACC746195,2024-12-17,CREDIT,-48527.54,AUD,BR294,PENDING,71.59,SOUTH,MORTGAGE
TXN0000087,CUST5304,ACC531257,2024-03-15,DEBIT,78025.31,,BR662,COMPLETED,93.29,WEST,LOAN
TXN0000088,CUST8019,ACC208711,2024-04-07,DEBIT,60096.2,AUD,BR261,COMPLETED,,SOUTH,LOAN
TXN0000089,CUST7543,ACC620518,2024-09-27,WITHDRAWAL,-12228.68,EUR,BR629,COMPLETED,68.07,SOUTH,CHECKING
TXN0000090,CUST6930,ACC886372,2024-06-09,DEBIT,23685.45,GBP,BR800,COMPLETED,6.9,EAST,CHECKING
TXN0000091,CUST4593,ACC888242,2024-10-19,DEBIT,24494.13,USD,BR677,PENDING,92.12,WEST,SAVINGS
TXN0000092,CUST3266,ACC754128,2024-06-21,DEBIT,88236.85,AUD,BR942,COMPLETED,72.68,WEST,SAVINGS
TXN0000093,CUST9348,ACC671194,2024-03-02,CREDIT,-28645.62,EUR,BR185,REVERSED,50.96,NORTH,LOAN
TXN0000094,CUST9085,ACC204545,2024-05-08,CREDIT,-14411.32,EUR,BR622,COMPLETED,50.89,WEST,CHECKING
TXN0000095,CUST2489,ACC764299,2024-04-08,DEBIT,-29853.77,USD,BR960,COMPLETED,71.52,CENTRAL,LOAN
TXN0000096,CUST1771,ACC565676,2024-05-16,DEBIT,79925.89,AUD,BR838,PENDING,98.31,,LOAN
TXN0000097,CUST2796,ACC627812,2024-07-23,WITHDRAWAL,23029.66,GBP,BR315,COMPLETED,36.21,NORTH,SAVINGS
TXN0000098,CUST3504,ACC709467,2024-10-04,PAYMENT,25349.23,EUR,BR840,COMPLETED,82.68,CENTRAL,CHECKING
TXN0000099,CUST3621,ACC945016,2024-03-17,CREDIT,71476.13,EUR,BR428,COMPLETED,18.3,WEST,SAVINGS
TXN0000100,CUST7916,ACC134220,2024-05-03,TRANSFER,80256.28,USD,BR113,COMPLETED,63.03,WEST,LOAN
TXN0000101,CUST2040,ACC800144,2024-10-27,PAYMENT,93668.25,EUR,BR553,COMPLETED,15.6,SOUTH,CHECKING
TXN0000102,CUST7304,ACC403986,2024-06-08,TRANSFER,98957.03,EUR,BR341,COMPLETED,58.27,NORTH,CHECKING
TXN0000103,CUST7252,ACC993077,2024-09-17,DEBIT,-20191.69,GBP,BR737,COMPLETED,76.4,SOUTH,CHECKING
TXN0000104,CUST8668,ACC541073,2024-05-19,TRANSFER,93376.62,USD,BR612,COMPLETED,73.82,WEST,LOAN
TXN0000105,CUST9669,ACC322162,2024-11-16,DEBIT,51764.46,USD,BR410,PENDING,63.0,EAST,MORTGAGE
TXN0000106,CUST5119,ACC333705,2024-01-21,DEBIT,-17528.1,USD,BR644,COMPLETED,97.4,SOUTH,SAVINGS
TXN0000107,CUST1188,ACC914617,2024-01-16,DEBIT,73830.47,USD,BR753,COMPLETED,53.86,NORTH,CHECKING
TXN0000108,CUST2876,ACC576713,2024-03-25,CREDIT,-33194.47,USD,BR429,COMPLETED,34.63,WEST,SAVINGS
TXN0000109,CUST9797,ACC678381,2024-09-01,CREDIT,27393.17,GBP,BR447,COMPLETED,4.29,WEST,LOAN
TXN0000110,CUST5371,ACC499591,2024-04-24,DEBIT,16202.25,USD,BR111,COMPLETED,22.41,CENTRAL,MORTGAGE
TXN0000111,CUST6573,ACC220063,2024-01-01,CREDIT,83026.45,,BR471,COMPLETED,7.64,WEST,SAVINGS
TXN0000112,CUST2827,ACC305059,2024-01-04,WITHDRAWAL,80980.5,EUR,BR137,PENDING,81.78,SOUTH,SAVINGS
TXN0000113,CUST5808,ACC997940,2024-12-07,WITHDRAWAL,72401.15,EUR,BR500,,89.69,NORTH,CHECKING
TXN0000114,CUST8123,ACC592384,2024-09-20,CREDIT,48076.17,AUD,BR621,COMPLETED,,NORTH,CHECKING
TXN0000115,CUST3591,ACC230485,2024-08-10,CREDIT,35530.41,USD,BR221,COMPLETED,28.7,EAST,CHECKING
TXN0000116,CUST8433,ACC467645,2024-11-03,CREDIT,-15491.09,USD,BR454,COMPLETED,79.5,WEST,CHECKING
TXN0000117,CUST1053,ACC932308,2024-07-19,CREDIT,91680.09,USD,BR196,COMPLETED,14.85,WEST,SAVINGS
TXN0000118,CUST5315,ACC586483,2024-07-18,CREDIT,-3918.88,EUR,BR801,COMPLETED,79.52,WEST,CHECKING
TXN0000119,CUST9201,ACC532993,2024-02-02,CREDIT,16468.04,USD,BR188,COMPLETED,,WEST,LOAN
TXN0000120,CUST3927,ACC960270,2024-01-29,DEBIT,52298.56,USD,BR371,COMPLETED,61.45,SOUTH,SAVINGS
TXN0000121,CUST9317,ACC776184,2024-02-29,CREDIT,62369.1,USD,BR524,COMPLETED,55.8,EAST,CREDIT
TXN0000122,CUST2743,ACC838024,2024-07-17,DEBIT,81598.89,USD,BR236,COMPLETED,82.67,,MORTGAGE
TXN0000123,CUST5889,ACC922749,2024-09-14,CREDIT,93132.66,,BR571,FAILED,20.9,WEST,SAVINGS
TXN0000124,CUST9317,ACC877155,2024-04-13,PAYMENT,-31999.22,EUR,BR614,COMPLETED,60.56,CENTRAL,LOAN
TXN0000125,CUST4258,ACC515035,2024-02-08,CREDIT,85473.69,USD,BR441,COMPLETED,63.98,EAST,CREDIT
TXN0000126,CUST3504,ACC107974,2024-02-11,WITHDRAWAL,16185.37,USD,BR504,,54.36,NORTH,SAVINGS
TXN0000127,CUST7126,ACC492842,2024-12-08,CREDIT,-2423.94,USD,BR888,COMPLETED,13.55,NORTH,CHECKING
TXN0000128,CUST3646,ACC920192,2024-04-08,TRANSFER,37201.63,USD,BR749,PENDING,15.74,WEST,SAVINGS
TXN0000129,CUST9837,ACC334814,2024-11-09,PAYMENT,-13374.75,USD,BR516,PENDING,79.24,WEST,MORTGAGE
TXN0000130,CUST9689,ACC632216,2024-06-20,TRANSFER,78494.38,USD,BR264,COMPLETED,10.95,SOUTH,LOAN
TXN0000131,CUST1009,ACC397380,2024-01-14,DEBIT,83672.17,USD,BR173,COMPLETED,96.11,NORTH,SAVINGS
TXN0000132,,ACC380608,2024-01-25,PAYMENT,-17381.38,USD,BR580,FAILED,84.26,EAST,SAVINGS
TXN0000133,CUST9005,ACC790677,2024-02-03,TRANSFER,-36848.07,USD,BR823,COMPLETED,78.96,SOUTH,CHECKING
TXN0000134,CUST1319,ACC377347,2024-07-11,CREDIT,40948.83,EUR,BR871,COMPLETED,94.71,CENTRAL,CREDIT
TXN0000135,CUST2832,ACC422328,2024-09-27,DEBIT,93095.71,USD,BR502,FAILED,40.72,NORTH,LOAN
TXN0000136,CUST6947,ACC979214,2024-01-29,TRANSFER,-14209.17,USD,BR265,COMPLETED,46.49,NORTH,SAVINGS
TXN0000137,CUST6038,ACC933762,2024-11-09,PAYMENT,98203.71,EUR,BR791,COMPLETED,1.46,EAST,LOAN
TXN0000138,CUST4923,ACC534861,2027-01-01,CREDIT,84649.84,AUD,BR573,COMPLETED,43.54,EAST,LOAN
TXN0000139,CUST1949,ACC806007,2024-05-22,TRANSFER,99446.74,USD,BR996,COMPLETED,55.72,,CHECKING
TXN0000140,CUST4946,ACC353288,2024-02-11,CREDIT,25580.29,USD,BR832,REVERSED,59.99,WEST,SAVINGS
TXN0000141,CUST2290,ACC104359,2024-05-30,PAYMENT,-25703.91,USD,BR281,PENDING,19.38,SOUTH,SAVINGS
TXN0000142,CUST2403,ACC534694,2024-11-18,PAYMENT,-13889.33,USD,BR417,COMPLETED,81.76,SOUTH,LOAN
TXN0000143,CUST8962,ACC134261,2024-11-06,DEBIT,72461.69,EUR,BR335,COMPLETED,89.43,NORTH,LOAN
TXN0000144,CUST2133,ACC116284,2024-02-07,CREDIT,59800.49,USD,BR937,COMPLETED,91.72,NORTH,SAVINGS
TXN0000145,CUST9727,ACC127521,2024-06-13,DEBIT,149.39,USD,BR617,COMPLETED,46.81,NORTH,CREDIT
TXN0000146,CUST3060,ACC260825,2024-01-28,CREDIT,95662.31,GBP,BR948,COMPLETED,79.25,SOUTH,SAVINGS
TXN0000147,CUST3103,ACC928909,2024-08-20,CREDIT,83293.02,USD,BR226,COMPLETED,53.15,CENTRAL,CHECKING
TXN0000148,CUST8787,ACC492592,2024-07-27,WITHDRAWAL,50999.82,EUR,BR412,COMPLETED,49.45,SOUTH,
TXN0000149,CUST3705,ACC981610,2024-03-31,PAYMENT,-46047.96,USD,BR375,COMPLETED,1.69,CENTRAL,SAVINGS
TXN0000150,CUST5342,ACC956379,2024-11-18,DEBIT,-14768.54,USD,BR992,COMPLETED,10.08,EAST,LOAN
TXN0000151,CUST9645,ACC644172,2024-09-24,PAYMENT,89166.88,USD,BR471,REVERSED,28.94,SOUTH,CREDIT
TXN0000152,CUST7932,ACC959868,2024-04-10,DEBIT,-35671.28,EUR,BR519,COMPLETED,6.1,EAST,LOAN
TXN0000153,CUST4470,ACC877252,2024-10-25,WITHDRAWAL,70174.97,USD,BR989,COMPLETED,34.21,NORTH,CHECKING
TXN0000154,CUST9835,ACC729088,2024-08-14,CREDIT,-13481.87,USD,BR945,COMPLETED,51.59,EAST,CHECKING
TXN0000155,CUST4295,ACC432892,2024-11-24,TRANSFER,12622.26,USD,BR459,PENDING,32.4,CENTRAL,SAVINGS
TXN0000156,CUST6107,ACC451367,2024-07-29,DEBIT,32071.25,USD,BR185,FAILED,97.62,NORTH,SAVINGS
TXN0000157,CUST7537,ACC278688,2024-11-17,TRANSFER,5833.45,AUD,BR826,REVERSED,2.22,CENTRAL,CREDIT
TXN0000158,CUST7118,ACC699982,2024-03-14,CREDIT,-36098.07,USD,BR966,COMPLETED,81.01,EAST,LOAN
TXN0000159,CUST8177,ACC550908,2024-01-26,DEBIT,-44384.82,GBP,BR979,PENDING,45.27,EAST,MORTGAGE
TXN0000160,CUST9479,ACC353578,2024-07-07,CREDIT,-43320.14,EUR,BR374,COMPLETED,93.1,EAST,MORTGAGE
TXN0000161,CUST8397,ACC682735,2024-04-22,DEBIT,-39841.66,USD,BR706,PENDING,4.22,SOUTH,SAVINGS
TXN0000162,CUST2982,ACC510373,2024-11-22,DEBIT,-27040.11,USD,BR716,COMPLETED,64.01,SOUTH,CREDIT
TXN0000163,CUST5061,ACC302019,2024-05-23,DEBIT,-38629.59,EUR,BR563,COMPLETED,68.09,WEST,MORTGAGE
TXN0000164,CUST4681,ACC746203,2024-05-18,DEBIT,-12075.94,EUR,BR451,COMPLETED,0.02,CENTRAL,CHECKING
TXN0000165,CUST2049,ACC775738,2024-01-09,DEBIT,31596.0,USD,BR308,COMPLETED,41.75,EAST,SAVINGS
TXN0000166,CUST6539,ACC512423,2024-09-10,DEBIT,17160.9,USD,BR765,COMPLETED,83.72,WEST,CHECKING
TXN0000167,CUST1344,ACC968797,2024-08-13,CREDIT,-29792.6,EUR,BR135,COMPLETED,54.31,NORTH,CREDIT
TXN0000168,CUST4770,ACC154086,2024-08-14,CREDIT,-10731.4,USD,BR171,COMPLETED,6.08,NORTH,CHECKING
TXN0000169,CUST4608,ACC940257,2024-11-02,DEBIT,13398.51,USD,BR403,PENDING,93.48,CENTRAL,MORTGAGE
TXN0000170,CUST1117,ACC705923,2024-05-24,DEBIT,13691.78,USD,BR365,PENDING,72.04,CENTRAL,LOAN
TXN0000171,CUST2163,ACC549946,2024-07-19,CREDIT,32522.92,EUR,BR494,COMPLETED,6.91,CENTRAL,LOAN
TXN0000172,CUST1964,ACC235130,2024-03-24,CREDIT,29943.83,USD,BR867,COMPLETED,35.31,EAST,LOAN
TXN0000173,,ACC767181,2024-01-30,WITHDRAWAL,46229.42,USD,BR317,COMPLETED,7.09,EAST,CREDIT
TXN0000174,CUST2104,ACC509376,2024-12-31,CREDIT,44850.38,GBP,BR349,FAILED,88.34,EAST,SAVINGS
TXN0000175,,ACC863481,2024-08-17,TRANSFER,-22442.49,USD,BR657,COMPLETED,74.56,CENTRAL,CHECKING
TXN0000176,CUST6413,ACC282155,2024-03-12,PAYMENT,-40365.37,EUR,BR367,COMPLETED,28.89,NORTH,CREDIT
TXN0000177,CUST2160,ACC522700,2024-07-25,CREDIT,35180.8,USD,BR429,COMPLETED,53.77,NORTH,CREDIT
TXN0000178,CUST9423,ACC433578,2024-07-29,TRANSFER,36091.35,EUR,BR432,COMPLETED,80.85,WEST,CREDIT
TXN0000179,CUST4899,ACC642404,2024-12-09,CREDIT,79281.85,EUR,BR390,COMPLETED,17.34,WEST,
TXN0000180,CUST5562,ACC266140,2024-03-07,DEBIT,78105.45,AUD,BR441,PENDING,87.4,CENTRAL,CREDIT
TXN0000181,CUST8953,ACC558648,2024-11-01,DEBIT,-18556.33,EUR,BR918,PENDING,,EAST,SAVINGS
TXN0000182,CUST4510,ACC342189,2024-03-11,CREDIT,-30746.12,EUR,BR103,COMPLETED,93.42,NORTH,SAVINGS
TXN0000183,CUST9834,ACC204415,2024-06-25,WITHDRAWAL,-46910.02,GBP,BR191,FAILED,17.06,CENTRAL,SAVINGS
TXN0000184,CUST3167,ACC844515,2024-01-10,TRANSFER,-21843.81,USD,BR228,COMPLETED,2.97,NORTH,MORTGAGE
TXN0000185,CUST8744,ACC940089,2024-10-11,WITHDRAWAL,-3291.83,,BR771,COMPLETED,7.9,SOUTH,LOAN
TXN0000186,CUST4981,ACC232466,2024-02-17,DEBIT,24336.33,USD,BR245,FAILED,92.46,NORTH,CHECKING
TXN0000187,CUST8749,ACC628751,2024-09-08,PAYMENT,-18043.23,EUR,BR243,FAILED,56.41,NORTH,CREDIT
TXN0000188,CUST7669,ACC224122,2024-11-16,DEBIT,-19260.38,USD,BR175,PENDING,,CENTRAL,SAVINGS
TXN0000189,CUST4119,ACC762113,2024-08-30,DEBIT,-4184.7,EUR,BR731,COMPLETED,46.61,SOUTH,CHECKING
TXN0000190,CUST2545,ACC704958,2024-07-15,CREDIT,-34328.97,EUR,BR803,COMPLETED,1.14,CENTRAL,SAVINGS
TXN0000191,CUST2588,ACC922378,2024-01-25,DEBIT,11703.77,USD,BR918,COMPLETED,18.34,CENTRAL,CHECKING
TXN0000192,CUST8062,ACC511054,2024-03-23,DEBIT,-40048.5,USD,BR633,COMPLETED,83.88,CENTRAL,CHECKING
TXN0000193,CUST6804,ACC983981,2024-10-16,CREDIT,-43252.33,USD,BR762,COMPLETED,93.72,CENTRAL,SAVINGS
TXN0000194,CUST7939,ACC899195,2024-12-24,CREDIT,-46878.4,AUD,BR614,PENDING,33.31,NORTH,CHECKING
TXN0000195,CUST7735,ACC757790,2024-11-04,DEBIT,76518.32,USD,BR404,PENDING,68.57,EAST,CHECKING
TXN0000196,CUST8651,ACC372871,2024-02-04,PAYMENT,-49708.36,EUR,BR673,COMPLETED,64.5,EAST,CHECKING
TXN0000197,CUST1887,ACC978012,2024-05-14,CREDIT,-48201.96,USD,BR202,COMPLETED,60.01,NORTH,LOAN
TXN0000198,CUST2612,ACC679763,2024-01-12,CREDIT,-6155.61,EUR,BR309,COMPLETED,84.71,SOUTH,CHECKING
TXN0000199,CUST1993,ACC266779,2024-07-22,DEBIT,-20108.35,USD,BR180,COMPLETED,22.11,NORTH,LOAN
TXN0000200,CUST7596,ACC438065,2024-09-25,CREDIT,-14838.06,AUD,BR231,COMPLETED,70.07,CENTRAL,CHECKING
TXN0000201,CUST6559,ACC313660,2024-12-11,TRANSFER,4958.04,EUR,BR154,COMPLETED,48.48,SOUTH,LOAN
TXN0000202,CUST2790,ACC197784,2024-09-30,DEBIT,94006.44,EUR,BR466,COMPLETED,72.65,SOUTH,CREDIT
TXN0000203,CUST5073,ACC197795,2024-05-14,DEBIT,18282.25,EUR,BR997,PENDING,41.95,CENTRAL,LOAN
TXN0000204,CUST4139,ACC126885,2024-02-04,PAYMENT,-4480.78,EUR,BR721,COMPLETED,35.88,NORTH,SAVINGS
TXN0000205,CUST4116,ACC558669,2024-04-09,PAYMENT,-42901.23,USD,BR350,FAILED,89.59,CENTRAL,SAVINGS
TXN0000206,CUST9786,ACC112098,2024-04-11,DEBIT,20853.75,GBP,BR157,COMPLETED,20.57,EAST,CREDIT
TXN0000207,CUST8350,ACC759443,2024-04-13,DEBIT,96365.72,USD,BR666,COMPLETED,79.42,CENTRAL,LOAN
TXN0000208,CUST3296,ACC907437,2024-08-20,PAYMENT,-27988.82,USD,BR687,REVERSED,24.63,SOUTH,CREDIT
TXN0000209,CUST7912,ACC722107,2024-04-28,DEBIT,52143.97,USD,BR632,COMPLETED,9.55,EAST,CREDIT
TXN0000210,CUST4006,ACC260483,2024-02-15,CREDIT,51852.29,AUD,BR732,COMPLETED,32.53,WEST,LOAN
TXN0000211,CUST5563,ACC129169,2024-03-08,DEBIT,39519.4,,BR829,COMPLETED,15.88,EAST,LOAN
TXN0000212,CUST8579,ACC748124,2024-06-09,CREDIT,3601.11,GBP,BR339,COMPLETED,8.56,CENTRAL,CREDIT
TXN0000213,CUST5092,ACC841947,2024-07-02,TRANSFER,63253.08,EUR,BR124,COMPLETED,53.59,,CREDIT
TXN0000214,CUST2235,ACC670081,2024-03-28,DEBIT,99329.08,AUD,BR679,COMPLETED,10.99,NORTH,CREDIT
TXN0000215,CUST8260,ACC182598,2024-04-13,CREDIT,19637.93,EUR,BR818,FAILED,68.35,CENTRAL,SAVINGS
TXN0000216,CUST2604,ACC699569,2024-06-25,DEBIT,48540.49,USD,BR255,COMPLETED,26.86,WEST,SAVINGS
TXN0000217,CUST1828,ACC500980,2024-07-24,TRANSFER,23368.2,USD,BR769,COMPLETED,60.83,SOUTH,MORTGAGE
TXN0000218,CUST9856,ACC126518,2024-02-25,TRANSFER,69236.63,EUR,BR289,COMPLETED,21.52,WEST,CHECKING
TXN0000219,CUST1241,ACC878399,2024-08-27,DEBIT,-38486.73,USD,BR255,COMPLETED,,SOUTH,SAVINGS
TXN0000220,CUST2528,ACC869832,2024-10-05,PAYMENT,28410.19,EUR,BR829,COMPLETED,82.54,EAST,LOAN
TXN0000221,CUST4872,ACC236889,2024-02-10,DEBIT,64640.9,EUR,BR140,REVERSED,60.57,SOUTH,LOAN
TXN0000222,CUST3724,ACC575745,2024-08-25,DEBIT,83683.35,USD,BR268,PENDING,22.47,EAST,SAVINGS
TXN0000223,CUST7658,ACC765282,2024-01-06,TRANSFER,33895.34,EUR,BR834,REVERSED,4.44,NORTH,CHECKING
TXN0000224,CUST8956,ACC762177,2024-04-14,DEBIT,37308.21,EUR,BR416,PENDING,97.48,WEST,MORTGAGE
TXN0000225,CUST8886,ACC915361,2024-03-25,DEBIT,24522.57,USD,BR998,COMPLETED,63.61,CENTRAL,MORTGAGE
TXN0000226,CUST4502,ACC475517,2024-12-13,DEBIT,33058.88,AUD,BR170,PENDING,24.38,SOUTH,SAVINGS
TXN0000227,CUST7570,ACC295617,2024-02-22,PAYMENT,77348.86,USD,BR928,COMPLETED,87.78,NORTH,SAVINGS
TXN0000228,CUST1960,ACC351366,2024-02-10,CREDIT,18093.29,USD,BR611,FAILED,10.12,SOUTH,MORTGAGE
TXN0000229,CUST3697,ACC784219,2024-11-04,CREDIT,13527.9,AUD,BR536,PENDING,35.24,EAST,SAVINGS
TXN0000230,CUST7209,ACC332527,2024-03-24,DEBIT,60332.49,EUR,BR517,PENDING,28.1,WEST,
TXN0000231,CUST1035,ACC411345,2024-01-01,CREDIT,87673.71,USD,BR901,REVERSED,41.02,WEST,SAVINGS
TXN0000232,CUST7396,ACC303244,2024-07-13,WITHDRAWAL,79715.23,AUD,BR706,FAILED,67.15,WEST,LOAN
TXN0000233,CUST5345,ACC661425,2024-02-27,WITHDRAWAL,-17339.36,USD,BR549,COMPLETED,73.74,SOUTH,CHECKING
TXN0000234,CUST8454,ACC981282,2024-04-22,PAYMENT,22057.45,USD,BR146,COMPLETED,33.44,CENTRAL,SAVINGS
TXN0000235,CUST5673,ACC357167,2024-08-04,DEBIT,48442.27,USD,BR939,COMPLETED,81.9,WEST,SAVINGS
TXN0000236,CUST7930,ACC861593,2024-05-01,CREDIT,-30681.1,USD,BR917,COMPLETED,15.7,CENTRAL,CHECKING
TXN0000237,CUST8973,ACC917919,2024-09-19,CREDIT,-18037.53,USD,BR937,,86.07,EAST,CREDIT
TXN0000238,CUST3536,ACC946302,2024-12-08,PAYMENT,30556.72,EUR,BR796,COMPLETED,19.01,EAST,LOAN
TXN0000239,CUST4111,ACC924231,2024-06-11,DEBIT,29954.66,AUD,BR513,COMPLETED,71.23,EAST,SAVINGS
TXN0000240,CUST5861,ACC496473,2024-03-08,TRANSFER,36064.11,USD,BR991,PENDING,2.15,CENTRAL,LOAN
TXN0000241,CUST4566,ACC907814,2024-08-27,WITHDRAWAL,42208.62,EUR,BR643,FAILED,41.75,SOUTH,CREDIT
TXN0000242,CUST1958,ACC373132,2024-09-10,PAYMENT,46483.46,AUD,BR306,COMPLETED,79.8,SOUTH,CHECKING
TXN0000243,CUST9883,ACC791281,2024-10-06,TRANSFER,69982.2,AUD,BR813,,,CENTRAL,MORTGAGE
TXN0000244,CUST1998,ACC154262,2024-10-20,CREDIT,-43742.04,USD,BR660,COMPLETED,81.0,NORTH,LOAN
TXN0000245,CUST6138,ACC388321,2024-06-25,CREDIT,26001.83,USD,BR262,COMPLETED,33.68,NORTH,CREDIT
TXN0000246,CUST1936,ACC186993,2024-07-11,TRANSFER,-16276.3,USD,BR665,COMPLETED,11.15,EAST,LOAN
TXN0000247,CUST1821,ACC250753,2024-03-03,PAYMENT,-8763.39,EUR,BR268,COMPLETED,46.84,NORTH,SAVINGS
TXN0000248,CUST8811,ACC757916,2024-04-07,DEBIT,-32463.64,USD,BR487,COMPLETED,81.89,SOUTH,CREDIT
TXN0000249,CUST9238,ACC124264,2024-04-21,CREDIT,-12063.1,USD,BR824,COMPLETED,86.58,WEST,CREDIT
TXN0000250,CUST9701,ACC769396,2024-08-17,DEBIT,1237.39,USD,BR518,COMPLETED,90.71,WEST,CHECKING
TXN0000251,CUST3579,ACC707497,2024-02-08,DEBIT,25193.71,USD,BR559,REVERSED,37.65,CENTRAL,LOAN
TXN0000252,CUST1931,ACC208442,2024-12-07,DEBIT,89408.91,USD,BR396,COMPLETED,20.98,NORTH,LOAN
TXN0000253,CUST9320,ACC216320,2024-10-06,DEBIT,71273.17,EUR,BR161,COMPLETED,11.89,WEST,SAVINGS
TXN0000254,CUST2312,ACC581430,2024-05-31,TRANSFER,-37325.85,USD,BR800,PENDING,0.75,WEST,SAVINGS
TXN0000255,CUST4044,ACC724840,2024-06-06,WITHDRAWAL,60481.68,EUR,BR118,COMPLETED,75.66,WEST,LOAN
TXN0000256,CUST2122,ACC228643,2024-05-15,CREDIT,18436.75,USD,BR782,COMPLETED,37.21,WEST,MORTGAGE
TXN0000257,CUST2113,ACC212278,2024-10-30,WITHDRAWAL,58628.75,USD,BR107,COMPLETED,6.58,CENTRAL,LOAN
TXN0000258,CUST4853,ACC248725,2024-01-26,CREDIT,-7917.6,EUR,BR712,COMPLETED,56.38,SOUTH,SAVINGS
TXN0000259,CUST7615,ACC396183,2024-03-27,TRANSFER,30782.64,USD,BR779,COMPLETED,62.09,CENTRAL,CREDIT
TXN0000260,CUST2964,ACC374721,2024-10-23,TRANSFER,84824.25,USD,BR592,COMPLETED,60.9,EAST,LOAN
TXN0000261,CUST5033,ACC289401,2024-06-14,DEBIT,-45406.84,USD,BR599,COMPLETED,78.86,EAST,CHECKING
TXN0000262,CUST1651,ACC197283,2024-01-25,DEBIT,94276.06,USD,BR326,COMPLETED,29.08,NORTH,SAVINGS
TXN0000263,CUST2343,ACC181140,2024-03-13,DEBIT,36810.84,USD,BR435,COMPLETED,76.36,CENTRAL,CREDIT
TXN0000264,CUST7868,ACC618253,2024-07-21,CREDIT,10410.96,EUR,BR807,COMPLETED,,EAST,LOAN
TXN0000265,CUST9565,ACC985652,2024-05-30,DEBIT,-3245.24,AUD,BR972,COMPLETED,,SOUTH,CHECKING
TXN0000266,CUST6183,ACC478952,2024-09-18,CREDIT,51600.37,USD,BR400,COMPLETED,37.79,SOUTH,SAVINGS
TXN0000267,CUST5272,ACC979037,2024-01-23,TRANSFER,-12803.74,GBP,BR694,COMPLETED,35.93,CENTRAL,LOAN
TXN0000268,CUST4346,ACC318074,2024-02-18,DEBIT,45052.24,USD,BR774,COMPLETED,89.68,EAST,CHECKING
TXN0000269,CUST6147,ACC509783,2024-08-08,DEBIT,-33958.49,EUR,BR519,PENDING,85.27,EAST,SAVINGS
TXN0000270,CUST4910,ACC205561,2024-05-21,DEBIT,81455.92,USD,BR289,COMPLETED,92.36,EAST,CHECKING
TXN0000271,CUST5351,ACC614889,2024-05-25,PAYMENT,70728.67,USD,BR474,COMPLETED,35.67,EAST,CHECKING
TXN0000272,CUST7484,ACC934080,2024-01-28,CREDIT,26499.82,USD,BR781,COMPLETED,81.76,CENTRAL,CHECKING
TXN0000273,CUST3144,ACC123023,2024-05-01,CREDIT,42972.46,USD,BR949,PENDING,30.45,EAST,SAVINGS
TXN0000274,,ACC533843,2024-08-19,TRANSFER,86075.9,USD,BR712,COMPLETED,72.96,CENTRAL,CHECKING
TXN0000275,CUST8491,ACC177149,2024-04-14,CREDIT,-34093.54,USD,BR458,COMPLETED,26.42,SOUTH,CHECKING
TXN0000276,CUST6180,ACC610150,2024-12-15,DEBIT,97668.91,USD,BR705,COMPLETED,43.48,EAST,MORTGAGE
TXN0000277,CUST2188,ACC756075,2024-05-08,CREDIT,45634.01,USD,BR118,COMPLETED,86.4,WEST,LOAN
TXN0000278,CUST1152,ACC180019,2024-02-22,DEBIT,-14236.1,USD,BR848,FAILED,83.13,WEST,SAVINGS
TXN0000279,CUST8508,ACC320511,2024-07-22,TRANSFER,8694.64,USD,BR218,COMPLETED,30.07,NORTH,SAVINGS
TXN0000280,CUST2638,ACC820724,2024-08-28,DEBIT,-28968.63,AUD,BR244,COMPLETED,50.18,SOUTH,SAVINGS
TXN0000281,CUST2200,ACC540304,2024-09-30,DEBIT,4254.57,USD,BR192,REVERSED,42.75,NORTH,CHECKING
TXN0000282,CUST9808,ACC493482,2024-02-25,CREDIT,-8160.85,USD,BR322,,87.29,NORTH,SAVINGS
TXN0000283,CUST4492,ACC428817,2024-03-13,DEBIT,-4150.03,EUR,BR472,COMPLETED,52.81,EAST,SAVINGS
TXN0000284,CUST9288,ACC764327,2024-08-25,DEBIT,-21317.98,AUD,BR440,REVERSED,87.28,CENTRAL,SAVINGS
TXN0000285,CUST5345,ACC572780,2024-09-12,CREDIT,-14669.26,USD,BR293,COMPLETED,43.83,SOUTH,LOAN
TXN0000286,CUST3170,ACC947825,2024-12-07,CREDIT,-22594.96,USD,BR153,FAILED,76.16,CENTRAL,LOAN
TXN0000287,CUST6718,ACC268929,2024-09-19,TRANSFER,-37827.47,,BR221,REVERSED,1.27,EAST,LOAN
TXN0000288,CUST2127,ACC288540,2024-03-28,DEBIT,34531.12,USD,BR265,COMPLETED,55.04,NORTH,SAVINGS
TXN0000289,CUST5002,ACC413267,2024-04-05,CREDIT,-12250.62,USD,BR446,PENDING,3.23,CENTRAL,SAVINGS
TXN0000290,CUST7054,ACC110632,2024-02-08,DEBIT,91473.3,EUR,BR327,COMPLETED,37.35,EAST,LOAN
TXN0000291,CUST5669,ACC287356,2024-01-08,DEBIT,-15814.43,EUR,BR358,COMPLETED,46.47,EAST,CREDIT
TXN0000292,CUST3584,ACC791710,2024-03-23,DEBIT,-2897.99,AUD,BR801,REVERSED,31.7,NORTH,MORTGAGE
TXN0000293,CUST8179,ACC694850,2024-11-23,WITHDRAWAL,13071.49,EUR,BR303,COMPLETED,87.97,NORTH,SAVINGS
TXN0000294,CUST9900,ACC761875,2024-02-17,CREDIT,18412.99,USD,BR542,PENDING,61.94,SOUTH,LOAN
TXN0000295,CUST5956,ACC736123,2024-09-08,DEBIT,-28959.12,,BR846,COMPLETED,62.58,CENTRAL,CREDIT
TXN0000296,CUST9666,ACC996332,2024-10-28,DEBIT,-41818.59,USD,BR364,COMPLETED,30.12,CENTRAL,LOAN
TXN0000297,CUST1128,ACC132978,2024-10-01,CREDIT,20239.12,EUR,BR498,COMPLETED,90.31,NORTH,CREDIT
TXN0000298,CUST5905,ACC222900,2024-04-03,CREDIT,45233.12,GBP,BR539,COMPLETED,,CENTRAL,SAVINGS
TXN0000299,CUST2697,ACC459462,2024-02-22,PAYMENT,65159.24,USD,BR695,COMPLETED,32.32,SOUTH,CHECKING
TXN0000300,CUST3200,ACC463629,2024-11-17,DEBIT,-20417.03,USD,BR327,PENDING,99.6,NORTH,LOAN
TXN0000301,CUST5333,ACC607417,2024-04-09,DEBIT,33838.32,EUR,BR576,COMPLETED,9.74,EAST,SAVINGS
TXN0000302,CUST2891,ACC743830,2024-05-13,DEBIT,-8134.25,USD,BR163,PENDING,37.14,EAST,SAVINGS
TXN0000303,CUST2753,ACC729138,2024-09-22,CREDIT,-41724.53,USD,BR536,PENDING,53.53,EAST,LOAN
TXN0000304,CUST3546,ACC673028,2024-08-02,DEBIT,84299.07,EUR,BR586,COMPLETED,94.42,NORTH,LOAN
TXN0000305,CUST5462,ACC105258,2024-03-28,DEBIT,3856.21,USD,BR749,FAILED,68.08,EAST,SAVINGS
TXN0000306,CUST5616,ACC266082,2024-10-20,DEBIT,47332.13,USD,BR436,COMPLETED,86.24,EAST,SAVINGS
TXN0000307,CUST4450,ACC647093,2024-10-06,DEBIT,57848.27,USD,BR545,COMPLETED,92.77,WEST,CHECKING
TXN0000308,CUST6617,ACC877725,2024-06-23,CREDIT,63364.24,USD,BR405,FAILED,49.72,CENTRAL,LOAN
TXN0000309,CUST4335,ACC366863,2024-09-08,TRANSFER,51065.45,USD,BR397,COMPLETED,15.87,NORTH,LOAN
TXN0000310,CUST5325,ACC227500,2024-12-17,PAYMENT,-9952.99,USD,BR123,PENDING,78.1,SOUTH,SAVINGS
TXN0000311,CUST9280,ACC302212,2024-11-06,DEBIT,90545.49,EUR,BR315,FAILED,78.04,SOUTH,SAVINGS
TXN0000312,CUST9004,ACC735553,2024-08-12,DEBIT,77412.89,EUR,BR744,COMPLETED,79.81,WEST,SAVINGS
TXN0000313,CUST5114,ACC130990,2024-04-29,PAYMENT,,USD,BR188,COMPLETED,,NORTH,SAVINGS
TXN0000314,CUST1832,ACC661988,2024-08-06,CREDIT,90859.69,USD,BR374,COMPLETED,32.2,WEST,CREDIT
TXN0000315,CUST2512,ACC124157,2024-04-28,DEBIT,27422.29,USD,BR627,COMPLETED,17.69,CENTRAL,CHECKING
TXN0000316,CUST7939,ACC643157,2024-10-03,DEBIT,39022.22,EUR,BR279,COMPLETED,62.33,NORTH,LOAN
TXN0000317,CUST5533,ACC636603,2024-05-04,CREDIT,11976.96,GBP,BR287,PENDING,13.37,EAST,LOAN
TXN0000318,CUST1722,ACC897925,2024-02-28,WITHDRAWAL,20197.61,USD,BR222,COMPLETED,26.41,WEST,SAVINGS
TXN0000319,CUST1058,ACC259746,2024-09-20,TRANSFER,95152.89,USD,BR175,COMPLETED,58.83,CENTRAL,CREDIT
TXN0000320,CUST6464,ACC326813,2024-03-31,DEBIT,81179.1,GBP,BR734,COMPLETED,32.8,SOUTH,CREDIT
TXN0000321,CUST3143,ACC482615,2024-10-05,CREDIT,30706.99,USD,BR844,COMPLETED,19.22,SOUTH,CREDIT
TXN0000322,CUST5291,ACC220364,2024-12-14,TRANSFER,70374.04,EUR,BR366,COMPLETED,7.08,CENTRAL,MORTGAGE
TXN0000323,CUST3647,ACC327496,2024-06-12,CREDIT,89069.3,EUR,BR921,COMPLETED,41.05,SOUTH,CHECKING
TXN0000324,CUST8239,ACC130930,2024-07-28,DEBIT,-25288.63,AUD,BR438,COMPLETED,,EAST,LOAN
TXN0000325,CUST8007,ACC443450,2024-01-15,CREDIT,57371.09,USD,BR872,COMPLETED,,WEST,SAVINGS
TXN0000326,CUST1158,ACC245295,2024-06-22,CREDIT,59487.72,USD,BR814,COMPLETED,11.01,WEST,SAVINGS
TXN0000327,CUST2832,ACC330436,2024-04-27,CREDIT,96243.19,USD,BR605,COMPLETED,5.08,WEST,
TXN0000328,CUST2232,ACC187496,2024-10-20,DEBIT,69858.57,USD,BR284,COMPLETED,92.33,WEST,CREDIT
TXN0000329,CUST3442,ACC863094,2024-08-18,PAYMENT,64342.9,USD,BR119,COMPLETED,24.71,EAST,CREDIT
TXN0000330,CUST9938,ACC825196,2024-01-12,WITHDRAWAL,-45307.46,USD,BR981,COMPLETED,38.13,EAST,LOAN
TXN0000331,CUST1590,ACC232729,2024-09-09,TRANSFER,-44195.12,USD,BR455,COMPLETED,80.29,SOUTH,SAVINGS
TXN0000332,CUST7049,ACC380589,2024-12-25,DEBIT,66943.9,USD,BR483,REVERSED,14.83,SOUTH,SAVINGS
TXN0000333,CUST3426,ACC386960,2024-10-28,TRANSFER,51870.45,USD,BR427,COMPLETED,67.97,CENTRAL,CHECKING
TXN0000334,CUST8041,ACC604967,2024-10-05,TRANSFER,-48627.67,USD,BR332,COMPLETED,7.11,WEST,LOAN
TXN0000335,CUST3088,ACC308915,2024-11-21,PAYMENT,-8415.23,EUR,BR266,COMPLETED,76.2,EAST,LOAN
TXN0000336,CUST1685,ACC196437,2024-08-07,CREDIT,65354.27,USD,BR203,COMPLETED,86.21,WEST,LOAN
TXN0000337,CUST6050,ACC465484,2024-07-25,CREDIT,42782.55,EUR,BR506,COMPLETED,17.51,SOUTH,CHECKING
TXN0000338,CUST6974,ACC842479,2024-12-14,CREDIT,24173.49,USD,BR929,COMPLETED,84.73,EAST,SAVINGS
TXN0000339,CUST1653,ACC678286,2024-03-01,CREDIT,95485.36,EUR,BR853,COMPLETED,13.26,NORTH,CHECKING
TXN0000340,CUST6862,ACC783592,2024-08-20,CREDIT,98075.01,GBP,BR854,PENDING,2.62,NORTH,SAVINGS
TXN0000341,CUST4441,ACC408617,2024-09-01,DEBIT,67343.67,USD,BR764,,37.66,CENTRAL,LOAN
TXN0000342,CUST5088,ACC589730,2024-12-24,DEBIT,-5743.23,USD,BR897,COMPLETED,5.66,CENTRAL,LOAN
TXN0000343,,ACC881393,2024-02-01,CREDIT,-34152.5,USD,BR897,COMPLETED,79.02,SOUTH,CHECKING
TXN0000344,CUST6794,ACC948310,2024-07-25,CREDIT,16538.96,GBP,BR664,FAILED,43.78,SOUTH,CHECKING
TXN0000345,CUST7658,ACC619885,2024-09-11,DEBIT,50299.98,GBP,BR959,FAILED,76.06,SOUTH,CHECKING
TXN0000346,CUST3532,ACC557244,2024-04-30,DEBIT,30612.23,USD,BR432,FAILED,21.12,WEST,
TXN0000347,CUST4878,ACC637559,2024-07-26,CREDIT,-47656.38,USD,BR946,COMPLETED,0.76,NORTH,
TXN0000348,CUST3662,ACC519369,2024-09-22,CREDIT,91537.86,GBP,BR460,COMPLETED,75.6,CENTRAL,CREDIT
TXN0000349,CUST3900,ACC302432,2024-03-16,PAYMENT,-35783.25,EUR,BR424,COMPLETED,7.27,WEST,LOAN
TXN0000350,CUST7755,ACC362241,2024-01-08,DEBIT,83158.48,GBP,BR100,COMPLETED,66.22,WEST,MORTGAGE
TXN0000351,CUST1406,ACC281361,2024-07-05,CREDIT,92884.65,GBP,BR257,COMPLETED,22.49,EAST,SAVINGS
TXN0000352,CUST3938,ACC307488,2024-01-02,PAYMENT,97835.68,USD,BR496,COMPLETED,18.74,CENTRAL,CREDIT
TXN0000353,CUST6442,ACC820431,2024-07-11,DEBIT,32792.77,USD,BR943,COMPLETED,7.23,WEST,CHECKING
TXN0000354,CUST7745,ACC987132,2024-10-03,CREDIT,11328.23,EUR,BR710,COMPLETED,89.27,SOUTH,CHECKING
TXN0000355,CUST5065,ACC852244,2024-03-14,PAYMENT,-37727.19,USD,BR391,COMPLETED,87.59,SOUTH,CHECKING
TXN0000356,CUST5371,ACC394736,2024-02-13,CREDIT,12765.78,USD,BR917,PENDING,,CENTRAL,SAVINGS
TXN0000357,CUST3608,ACC511907,2024-12-03,CREDIT,92655.42,GBP,BR476,COMPLETED,80.87,WEST,CHECKING
TXN0000358,CUST2771,ACC207892,2024-03-28,DEBIT,-27659.77,USD,BR114,COMPLETED,8.45,NORTH,LOAN
TXN0000359,CUST7267,ACC711999,2024-04-02,PAYMENT,15010.55,EUR,BR461,COMPLETED,2.87,CENTRAL,SAVINGS
TXN0000360,CUST1634,ACC931681,2024-04-24,DEBIT,65438.64,USD,BR635,COMPLETED,68.79,SOUTH,CHECKING
TXN0000361,CUST8711,ACC903679,2024-11-18,CREDIT,-4907.15,USD,BR935,COMPLETED,48.75,SOUTH,LOAN
TXN0000362,CUST4644,ACC716121,2024-06-27,CREDIT,92082.54,EUR,BR313,COMPLETED,78.82,NORTH,CHECKING
TXN0000363,CUST4269,ACC426720,2024-06-16,DEBIT,24634.77,USD,BR844,COMPLETED,33.6,WEST,CREDIT
TXN0000364,CUST8541,ACC273699,2024-12-11,CREDIT,54355.62,EUR,BR501,COMPLETED,32.95,CENTRAL,CREDIT
TXN0000365,CUST6728,ACC932673,2024-03-22,CREDIT,34442.64,GBP,BR155,COMPLETED,43.76,SOUTH,CHECKING
TXN0000366,CUST6000,ACC315830,2024-02-14,WITHDRAWAL,12164.21,USD,BR573,COMPLETED,12.29,EAST,LOAN
TXN0000367,CUST4728,ACC857135,2024-07-20,TRANSFER,-37675.36,EUR,BR262,COMPLETED,45.05,CENTRAL,SAVINGS
TXN0000368,CUST4652,ACC611528,2024-12-13,TRANSFER,70780.66,GBP,BR252,FAILED,74.13,NORTH,SAVINGS
TXN0000369,CUST1387,ACC554527,2024-12-03,PAYMENT,96949.31,EUR,BR673,PENDING,25.82,EAST,LOAN
TXN0000370,CUST4164,ACC567830,2024-07-06,CREDIT,25312.1,GBP,BR614,REVERSED,83.82,SOUTH,SAVINGS
TXN0000371,,ACC544320,2024-01-08,CREDIT,19930.18,USD,BR388,FAILED,28.6,EAST,SAVINGS
TXN0000372,CUST6378,ACC725297,2024-06-20,DEBIT,-47933.04,EUR,BR900,COMPLETED,84.43,EAST,CREDIT
TXN0000373,CUST5564,ACC883369,2024-10-03,CREDIT,-13671.87,AUD,BR692,COMPLETED,89.24,SOUTH,SAVINGS
TXN0000374,CUST2137,ACC384870,2024-08-17,DEBIT,-1055.05,USD,BR690,PENDING,96.85,SOUTH,CHECKING
TXN0000375,CUST5573,ACC955524,2024-02-23,CREDIT,66483.71,USD,BR304,COMPLETED,18.37,CENTRAL,CHECKING
TXN0000376,CUST6753,ACC434232,2024-12-17,DEBIT,53940.72,USD,BR693,COMPLETED,7.47,EAST,LOAN
TXN0000377,CUST9346,ACC753169,2024-05-15,DEBIT,48942.02,GBP,BR253,COMPLETED,53.87,WEST,CHECKING
TXN0000378,CUST7548,ACC212783,2024-07-26,DEBIT,-16380.67,USD,BR912,COMPLETED,50.57,EAST,LOAN
TXN0000379,CUST9785,ACC736795,2024-10-18,WITHDRAWAL,63207.63,USD,BR846,REVERSED,,WEST,SAVINGS
TXN0000380,CUST6425,ACC501652,2024-03-17,CREDIT,19537.12,USD,BR946,FAILED,18.09,EAST,SAVINGS
TXN0000381,CUST1452,ACC550167,2024-02-07,CREDIT,-29809.43,USD,BR644,PENDING,35.18,SOUTH,CREDIT
TXN0000382,CUST2889,ACC309422,2024-09-24,CREDIT,76016.12,GBP,BR749,REVERSED,27.47,CENTRAL,LOAN
TXN0000383,CUST5279,ACC694691,2024-11-29,DEBIT,48911.05,AUD,BR672,COMPLETED,18.92,CENTRAL,LOAN
TXN0000384,CUST3925,ACC470058,2024-03-30,DEBIT,65901.67,EUR,BR848,COMPLETED,26.36,CENTRAL,SAVINGS
TXN0000385,,ACC492125,2024-02-07,PAYMENT,34944.2,AUD,BR828,COMPLETED,10.81,EAST,LOAN
TXN0000386,CUST1626,ACC763432,2024-10-19,TRANSFER,42034.66,USD,BR828,FAILED,30.46,SOUTH,SAVINGS
TXN0000387,CUST2776,ACC959142,2024-03-12,DEBIT,22432.69,USD,BR516,COMPLETED,57.09,WEST,CREDIT
TXN0000388,CUST8119,ACC167388,2024-06-16,CREDIT,83821.32,USD,BR997,COMPLETED,4.15,SOUTH,SAVINGS
TXN0000389,CUST6663,ACC571233,2024-10-17,CREDIT,40107.89,GBP,BR497,COMPLETED,72.48,SOUTH,SAVINGS
TXN0000390,CUST6139,ACC275373,2024-07-22,DEBIT,71631.22,EUR,BR617,REVERSED,31.11,EAST,SAVINGS
TXN0000391,CUST8149,ACC135399,2024-08-21,TRANSFER,-41023.72,GBP,BR692,COMPLETED,26.23,WEST,MORTGAGE
TXN0000392,CUST9379,ACC636196,2024-10-31,CREDIT,-17931.56,USD,BR641,COMPLETED,32.1,SOUTH,CHECKING
TXN0000393,CUST2894,ACC365356,2024-01-21,DEBIT,,USD,BR114,COMPLETED,6.72,EAST,CHECKING
TXN0000394,CUST7311,ACC715377,2024-10-12,TRANSFER,-10882.69,USD,BR200,COMPLETED,5.62,SOUTH,SAVINGS
TXN0000395,CUST4114,ACC529715,2024-10-29,CREDIT,94075.95,USD,BR131,,17.65,SOUTH,SAVINGS
TXN0000396,CUST5173,ACC407729,2024-09-30,DEBIT,27013.96,AUD,BR509,COMPLETED,15.31,SOUTH,MORTGAGE
TXN0000397,CUST1727,ACC733216,2024-12-15,DEBIT,-34834.88,USD,BR747,COMPLETED,45.09,WEST,CREDIT
TXN0000398,CUST8144,ACC966843,2024-05-17,CREDIT,19605.62,USD,BR794,COMPLETED,13.14,EAST,SAVINGS
TXN0000399,CUST1027,ACC776434,2024-04-30,CREDIT,43649.15,EUR,BR448,COMPLETED,19.51,NORTH,CREDIT
TXN0000400,CUST9518,ACC656267,2024-08-08,CREDIT,81752.57,USD,BR887,COMPLETED,65.46,SOUTH,SAVINGS
TXN0000401,CUST9821,ACC469364,2024-11-15,PAYMENT,25031.67,GBP,BR841,COMPLETED,59.91,SOUTH,SAVINGS
TXN0000402,CUST4228,ACC517654,2024-11-07,WITHDRAWAL,38483.41,GBP,BR284,FAILED,21.83,WEST,CHECKING
TXN0000403,CUST6967,ACC131394,2024-10-04,CREDIT,-28590.17,USD,BR642,COMPLETED,86.42,CENTRAL,LOAN
TXN0000404,CUST8066,ACC220219,2024-05-27,TRANSFER,10591.5,EUR,BR452,COMPLETED,8.31,WEST,CHECKING
TXN0000405,CUST2146,ACC288643,2024-10-06,DEBIT,36041.56,USD,BR391,COMPLETED,83.87,EAST,SAVINGS
TXN0000406,CUST6409,ACC948340,2024-01-09,DEBIT,-7455.53,EUR,BR419,COMPLETED,71.98,SOUTH,LOAN
TXN0000407,CUST6143,ACC438355,2024-03-22,PAYMENT,-46650.31,GBP,BR851,COMPLETED,9.88,EAST,CREDIT
TXN0000408,CUST3041,ACC550244,2024-03-05,PAYMENT,78260.97,USD,BR300,COMPLETED,77.88,WEST,CREDIT
TXN0000409,CUST5920,ACC929314,2024-01-20,CREDIT,-31818.2,USD,BR132,COMPLETED,8.44,SOUTH,CHECKING
TXN0000410,CUST9308,ACC294945,2024-06-18,DEBIT,89363.69,EUR,BR421,COMPLETED,54.13,CENTRAL,SAVINGS
TXN0000411,CUST6067,ACC475122,2024-01-18,DEBIT,52013.07,USD,BR278,REVERSED,69.3,WEST,SAVINGS
TXN0000412,CUST7691,ACC357234,2024-11-05,DEBIT,-41121.82,USD,BR776,FAILED,15.74,EAST,CREDIT
TXN0000413,CUST6344,ACC176168,2024-12-20,DEBIT,26748.64,USD,BR316,COMPLETED,32.84,NORTH,LOAN
TXN0000414,CUST7592,ACC325636,2024-04-27,PAYMENT,65170.57,USD,BR864,FAILED,8.75,,LOAN
TXN0000415,CUST5844,ACC788866,2024-12-05,DEBIT,-6738.15,USD,BR535,COMPLETED,21.7,CENTRAL,LOAN
TXN0000416,CUST3085,ACC489714,2024-10-04,PAYMENT,-29615.09,USD,BR205,COMPLETED,35.07,WEST,LOAN
TXN0000417,CUST4143,ACC490032,2024-08-09,CREDIT,-37439.32,USD,BR360,COMPLETED,,NORTH,SAVINGS
TXN0000418,CUST7888,ACC252085,2024-11-02,TRANSFER,-10356.81,USD,BR988,COMPLETED,88.82,SOUTH,SAVINGS
TXN0000419,CUST7211,ACC917380,2024-12-20,WITHDRAWAL,3590.97,USD,BR883,COMPLETED,85.42,CENTRAL,MORTGAGE
TXN0000420,CUST3851,ACC429727,2024-05-08,WITHDRAWAL,6843.32,USD,BR197,COMPLETED,86.22,CENTRAL,MORTGAGE
TXN0000421,CUST5930,ACC228244,2024-09-16,DEBIT,5737.84,USD,BR542,COMPLETED,82.67,NORTH,LOAN
TXN0000422,CUST7653,ACC110100,2024-05-29,PAYMENT,26515.68,USD,BR948,REVERSED,22.89,WEST,LOAN
TXN0000423,CUST9977,ACC434064,2024-11-27,DEBIT,-31295.24,USD,BR906,COMPLETED,63.85,CENTRAL,CREDIT
TXN0000424,CUST1006,ACC821726,2024-03-07,CREDIT,19557.46,USD,BR339,PENDING,65.27,NORTH,LOAN
TXN0000425,CUST5978,ACC111430,2024-06-01,DEBIT,39201.61,USD,BR768,COMPLETED,95.58,EAST,LOAN
TXN0000426,CUST5700,ACC851622,2024-11-06,PAYMENT,84630.5,USD,BR555,COMPLETED,46.46,NORTH,LOAN
TXN0000427,CUST4443,ACC444844,2024-06-21,WITHDRAWAL,21194.43,USD,BR118,REVERSED,72.48,WEST,SAVINGS
TXN0000428,CUST8043,ACC324156,2024-11-08,DEBIT,-46763.91,,BR571,FAILED,31.43,EAST,CREDIT
TXN0000429,CUST6279,ACC587982,2024-09-19,CREDIT,-9315.92,USD,BR753,PENDING,43.21,WEST,CHECKING
TXN0000430,CUST8618,ACC695034,2024-10-10,DEBIT,85529.26,USD,BR265,COMPLETED,92.45,EAST,CHECKING
TXN0000431,CUST8238,ACC933868,2024-11-18,CREDIT,19044.12,USD,BR608,COMPLETED,86.14,WEST,SAVINGS
TXN0000432,CUST8244,ACC437181,2024-02-03,PAYMENT,-20328.43,USD,BR366,,31.72,SOUTH,CHECKING
TXN0000433,CUST4501,ACC343949,2024-11-27,DEBIT,76431.38,USD,BR822,COMPLETED,40.28,EAST,CHECKING
TXN0000434,CUST9375,ACC688922,2024-02-13,CREDIT,3114.96,GBP,BR242,COMPLETED,92.88,SOUTH,CREDIT
TXN0000435,CUST8752,ACC169452,2024-05-25,DEBIT,7199.95,GBP,BR129,COMPLETED,68.62,NORTH,LOAN
TXN0000436,CUST3780,ACC504321,2024-06-26,WITHDRAWAL,52394.58,EUR,BR146,FAILED,39.88,WEST,SAVINGS
TXN0000437,CUST2389,ACC397391,2024-08-19,CREDIT,-5597.29,USD,BR995,COMPLETED,45.05,WEST,CREDIT
TXN0000438,CUST5649,ACC731035,2024-11-16,DEBIT,95875.73,USD,BR774,PENDING,16.07,EAST,CHECKING
TXN0000439,CUST9445,ACC322481,2024-10-06,DEBIT,69092.15,USD,BR938,COMPLETED,82.93,SOUTH,CREDIT
TXN0000440,CUST6491,ACC652874,2024-09-16,DEBIT,67306.65,USD,BR752,PENDING,61.99,NORTH,CHECKING
TXN0000441,CUST2530,ACC328026,2024-08-22,CREDIT,-409.44,AUD,BR974,COMPLETED,12.15,WEST,LOAN
TXN0000442,CUST4848,ACC207919,2024-01-19,DEBIT,6991.38,USD,BR457,FAILED,8.2,SOUTH,CHECKING
TXN0000443,CUST6085,ACC688207,2024-12-21,WITHDRAWAL,-2719.64,USD,BR154,COMPLETED,94.56,NORTH,SAVINGS
TXN0000444,CUST4680,ACC391554,2024-12-01,CREDIT,81300.88,AUD,BR287,REVERSED,30.0,EAST,CHECKING
TXN0000445,CUST4262,ACC851058,2024-08-13,TRANSFER,50763.09,GBP,BR765,COMPLETED,89.52,CENTRAL,SAVINGS
TXN0000446,CUST3414,ACC737433,2024-02-16,DEBIT,-19174.27,EUR,BR735,COMPLETED,65.81,WEST,CHECKING
TXN0000447,CUST1400,ACC946648,2024-07-01,DEBIT,-39044.08,EUR,BR400,REVERSED,23.02,CENTRAL,SAVINGS
TXN0000448,CUST1757,ACC803956,2024-04-01,CREDIT,483.57,EUR,BR923,COMPLETED,4.93,CENTRAL,LOAN
TXN0000449,CUST5011,ACC178458,2024-04-30,CREDIT,-33616.89,EUR,BR905,COMPLETED,72.55,CENTRAL,SAVINGS
TXN0000450,CUST8784,ACC701828,2024-10-05,DEBIT,-40030.78,EUR,BR104,COMPLETED,0.37,EAST,SAVINGS
TXN0000451,CUST2193,ACC777663,2024-07-24,TRANSFER,38780.89,USD,BR553,COMPLETED,91.69,SOUTH,CHECKING
TXN0000452,CUST8461,ACC542237,2024-08-17,WITHDRAWAL,88023.57,EUR,BR683,FAILED,48.3,SOUTH,SAVINGS
TXN0000453,CUST7790,ACC815267,2024-07-18,CREDIT,-45947.15,USD,BR728,PENDING,62.84,NORTH,CHECKING
TXN0000454,CUST4185,ACC892934,2024-09-01,DEBIT,-29373.7,USD,BR332,PENDING,22.75,EAST,SAVINGS
TXN0000455,CUST7291,ACC556346,2024-04-10,TRANSFER,6877.12,USD,BR716,PENDING,12.97,WEST,LOAN
TXN0000456,CUST9099,ACC433219,2024-10-03,DEBIT,23320.03,GBP,BR553,COMPLETED,94.53,EAST,CREDIT
TXN0000457,,ACC952905,2024-12-02,DEBIT,-12823.01,USD,BR585,COMPLETED,83.06,CENTRAL,CREDIT
TXN0000458,CUST4997,ACC435671,2024-04-05,CREDIT,10301.69,EUR,BR851,COMPLETED,11.19,WEST,CREDIT
TXN0000459,CUST3417,ACC307775,2024-01-14,CREDIT,37458.64,USD,BR674,COMPLETED,91.69,CENTRAL,CHECKING
TXN0000460,CUST1090,ACC306698,2024-11-11,PAYMENT,-42086.29,USD,BR624,COMPLETED,86.87,NORTH,CHECKING
TXN0000461,CUST2746,ACC152072,2024-08-19,TRANSFER,-45042.71,USD,BR965,COMPLETED,6.63,NORTH,CREDIT
TXN0000462,CUST7965,ACC941718,2024-05-20,WITHDRAWAL,80671.49,GBP,BR185,COMPLETED,99.11,SOUTH,CHECKING
TXN0000463,CUST4585,ACC617927,2024-07-13,DEBIT,-23519.57,USD,BR148,COMPLETED,26.65,CENTRAL,CHECKING
TXN0000464,CUST3881,ACC622873,2024-02-09,DEBIT,96665.62,USD,BR368,COMPLETED,54.94,EAST,CHECKING
TXN0000465,CUST9486,ACC149064,2024-11-10,CREDIT,-3606.2,EUR,BR620,COMPLETED,74.71,WEST,CHECKING
TXN0000466,CUST8611,ACC387745,2024-02-02,DEBIT,-25407.47,USD,BR478,PENDING,65.33,NORTH,CHECKING
TXN0000467,CUST1822,ACC541699,2024-11-17,CREDIT,79691.38,USD,BR699,COMPLETED,80.12,EAST,SAVINGS
TXN0000468,CUST5082,ACC225052,2024-12-05,DEBIT,67626.37,USD,BR202,PENDING,13.62,CENTRAL,
TXN0000469,CUST2988,ACC230120,2024-08-24,PAYMENT,15660.83,GBP,BR456,COMPLETED,90.14,CENTRAL,CHECKING
TXN0000470,CUST8478,ACC574779,2024-09-10,TRANSFER,97949.93,EUR,BR890,COMPLETED,74.67,EAST,SAVINGS
TXN0000471,CUST3184,ACC279453,2024-11-08,DEBIT,-13348.4,AUD,BR711,COMPLETED,29.14,CENTRAL,SAVINGS
TXN0000472,CUST8612,ACC730645,2024-09-29,CREDIT,63118.05,,BR125,COMPLETED,50.21,CENTRAL,CHECKING
TXN0000473,CUST9702,ACC442753,2024-09-09,DEBIT,72445.32,USD,BR858,COMPLETED,98.94,EAST,SAVINGS
TXN0000474,CUST6198,ACC719887,2024-07-15,WITHDRAWAL,34080.72,USD,BR467,COMPLETED,10.65,NORTH,SAVINGS
TXN0000475,,ACC501455,2024-10-04,DEBIT,50466.21,EUR,BR985,PENDING,88.45,EAST,LOAN
TXN0000476,CUST9270,ACC347906,2024-03-17,CREDIT,-2605.56,GBP,BR371,PENDING,41.55,SOUTH,SAVINGS
TXN0000477,CUST7991,ACC704413,2024-11-15,TRANSFER,13663.02,USD,BR274,FAILED,44.46,NORTH,LOAN
TXN0000478,CUST9976,ACC122301,2024-10-21,DEBIT,-31445.97,USD,BR944,COMPLETED,94.83,CENTRAL,SAVINGS
TXN0000479,CUST8305,ACC398882,2024-08-11,DEBIT,11403.58,EUR,BR403,COMPLETED,17.2,SOUTH,CHECKING
TXN0000480,CUST3607,ACC118702,2024-09-15,TRANSFER,94498.1,GBP,BR669,PENDING,9.18,WEST,SAVINGS
TXN0000481,CUST8777,ACC774933,2024-09-11,CREDIT,-3099.49,EUR,BR875,FAILED,53.91,NORTH,SAVINGS
TXN0000482,CUST8373,ACC921355,2024-03-19,DEBIT,64667.12,USD,BR557,COMPLETED,18.26,NORTH,CHECKING
TXN0000483,CUST5246,ACC997689,2024-03-07,DEBIT,35631.31,GBP,BR635,COMPLETED,37.99,SOUTH,CREDIT
TXN0000484,CUST5050,ACC703726,2024-06-12,CREDIT,41666.45,USD,BR389,PENDING,10.93,CENTRAL,SAVINGS
TXN0000485,CUST5543,ACC104872,2024-09-21,TRANSFER,-9479.8,USD,BR748,COMPLETED,37.02,WEST,CREDIT
TXN0000486,CUST9540,ACC584202,2024-10-22,CREDIT,-28749.64,USD,BR145,COMPLETED,39.09,WEST,CREDIT
TXN0000487,CUST8939,ACC398179,2024-04-10,DEBIT,68815.93,USD,BR415,COMPLETED,96.41,NORTH,CREDIT
TXN0000488,CUST4919,ACC237424,2024-09-09,DEBIT,-37209.33,GBP,BR207,COMPLETED,34.09,EAST,SAVINGS
TXN0000489,CUST5499,ACC982526,2024-01-20,CREDIT,-8718.18,USD,BR886,COMPLETED,58.99,CENTRAL,CHECKING
TXN0000490,CUST8206,ACC522377,2024-11-25,DEBIT,74054.66,USD,BR414,COMPLETED,6.34,EAST,SAVINGS
TXN0000491,CUST2269,ACC138805,2024-09-29,PAYMENT,-2812.47,GBP,BR611,COMPLETED,65.28,SOUTH,SAVINGS
TXN0000492,CUST5681,ACC659380,2024-06-11,DEBIT,15788.25,USD,BR206,COMPLETED,98.57,NORTH,CHECKING
TXN0000493,CUST4841,ACC653138,2024-12-14,TRANSFER,66096.85,USD,BR366,COMPLETED,55.46,EAST,CHECKING
TXN0000494,CUST5451,ACC141020,2024-09-25,DEBIT,81684.02,GBP,BR106,COMPLETED,69.88,EAST,MORTGAGE
TXN0000495,CUST6502,ACC453778,2024-01-01,DEBIT,30297.27,GBP,BR796,COMPLETED,81.68,SOUTH,LOAN
TXN0000496,CUST6238,ACC776096,2024-07-23,CREDIT,-26866.43,USD,BR624,REVERSED,35.96,WEST,SAVINGS
TXN0000497,CUST9849,ACC117062,2024-11-25,WITHDRAWAL,29495.16,EUR,BR980,COMPLETED,87.48,NORTH,CHECKING
TXN0000498,CUST2320,ACC172827,2024-04-05,CREDIT,57975.5,EUR,BR875,PENDING,1.16,WEST,CHECKING
TXN0000499,CUST3267,ACC592718,2024-12-15,DEBIT,43729.91,USD,BR902,PENDING,,WEST,
TXN0000500,CUST3471,ACC199740,2024-11-16,TRANSFER,-40996.05,USD,BR630,COMPLETED,8.21,CENTRAL,SAVINGS
TXN0000501,CUST4788,ACC970161,2024-05-01,TRANSFER,-34030.04,EUR,BR574,PENDING,18.2,WEST,CHECKING
TXN0000502,CUST7275,ACC941496,2024-07-07,TRANSFER,77727.16,EUR,BR599,FAILED,85.32,CENTRAL,CHECKING
TXN0000503,CUST3503,ACC535241,2024-01-27,CREDIT,37079.43,EUR,BR934,COMPLETED,94.46,CENTRAL,CHECKING
TXN0000504,CUST4505,ACC858386,2024-12-22,CREDIT,77814.86,AUD,BR690,COMPLETED,50.67,SOUTH,CHECKING
TXN0000505,CUST2052,ACC415619,2024-05-17,DEBIT,-3358.28,USD,BR877,COMPLETED,62.71,EAST,CHECKING
TXN0000506,CUST7797,ACC388016,2024-01-16,CREDIT,-45290.08,GBP,BR457,COMPLETED,,EAST,LOAN
TXN0000507,CUST7678,ACC432597,2024-12-05,CREDIT,69860.84,USD,BR967,COMPLETED,96.53,SOUTH,CHECKING
TXN0000508,CUST6421,ACC890303,2024-07-03,CREDIT,-29965.04,USD,BR904,PENDING,46.72,SOUTH,CREDIT
TXN0000509,CUST9890,ACC462623,2024-07-18,TRANSFER,,AUD,BR179,COMPLETED,11.37,EAST,LOAN
TXN0000510,CUST8633,ACC519791,2024-07-14,TRANSFER,5565.72,GBP,BR431,PENDING,31.16,CENTRAL,CHECKING
TXN0000511,CUST7812,ACC183641,2024-11-13,TRANSFER,-15501.52,EUR,BR814,COMPLETED,17.04,CENTRAL,MORTGAGE
TXN0000512,CUST2020,ACC683480,2024-06-18,WITHDRAWAL,2171.94,USD,BR510,PENDING,37.55,WEST,CHECKING
TXN0000513,CUST4388,ACC912241,2024-12-17,CREDIT,-41605.48,EUR,BR724,PENDING,37.42,CENTRAL,SAVINGS
TXN0000514,CUST7883,ACC428387,2024-08-21,DEBIT,-19061.87,EUR,BR702,COMPLETED,24.11,EAST,LOAN
TXN0000515,CUST7381,ACC617806,2024-10-18,PAYMENT,50449.47,GBP,BR950,COMPLETED,97.66,SOUTH,CREDIT
TXN0000516,CUST1320,ACC742064,2024-01-20,WITHDRAWAL,89942.6,USD,BR264,COMPLETED,,,CHECKING
TXN0000517,CUST7232,ACC149359,2024-01-16,PAYMENT,-11.09,USD,BR237,COMPLETED,86.53,EAST,CHECKING
TXN0000518,CUST8814,ACC512433,2024-12-10,CREDIT,46725.92,EUR,BR705,COMPLETED,78.88,CENTRAL,SAVINGS
TXN0000519,CUST1096,ACC412941,2024-03-04,PAYMENT,26197.51,USD,BR217,COMPLETED,60.97,SOUTH,SAVINGS
TXN0000520,CUST6763,ACC830288,2024-03-26,DEBIT,-45461.03,USD,BR761,COMPLETED,61.36,EAST,CHECKING
TXN0000521,,ACC576663,2024-05-23,CREDIT,-45797.24,AUD,BR304,COMPLETED,46.96,EAST,CREDIT
TXN0000522,CUST7389,ACC617300,2024-10-04,CREDIT,70879.75,USD,BR567,COMPLETED,81.02,SOUTH,SAVINGS
TXN0000523,CUST7865,ACC989897,2024-03-31,CREDIT,-2577.16,USD,BR747,COMPLETED,16.88,EAST,LOAN
TXN0000524,CUST9818,ACC772239,2024-06-24,CREDIT,80928.76,EUR,BR886,COMPLETED,23.1,WEST,CHECKING
TXN0000525,CUST9947,ACC227310,2024-07-10,CREDIT,57410.72,USD,BR696,COMPLETED,16.0,NORTH,SAVINGS
TXN0000526,CUST4613,ACC984028,2024-05-17,TRANSFER,26272.04,USD,BR134,COMPLETED,51.66,SOUTH,MORTGAGE
TXN0000527,CUST8999,ACC492068,2024-05-08,DEBIT,37886.4,USD,BR743,COMPLETED,37.37,SOUTH,CHECKING
TXN0000528,CUST4595,ACC747995,2024-04-03,CREDIT,82377.95,USD,BR164,PENDING,80.18,NORTH,SAVINGS
TXN0000529,CUST5471,ACC207734,2024-09-25,TRANSFER,44567.82,EUR,BR507,PENDING,66.6,CENTRAL,LOAN
TXN0000530,CUST8140,ACC130710,2024-07-20,DEBIT,17659.73,USD,BR667,COMPLETED,39.13,EAST,SAVINGS
TXN0000531,CUST8956,ACC334896,2024-08-23,DEBIT,-18227.21,EUR,BR636,COMPLETED,58.32,NORTH,LOAN
TXN0000532,CUST1475,ACC150157,2024-10-30,CREDIT,-11112.94,EUR,BR388,PENDING,74.76,CENTRAL,CREDIT
TXN0000533,CUST7371,ACC965553,2024-07-20,CREDIT,68489.88,GBP,BR790,FAILED,84.99,NORTH,SAVINGS
TXN0000534,CUST6507,ACC110901,2024-04-10,DEBIT,-5796.45,EUR,BR114,COMPLETED,32.33,WEST,MORTGAGE
TXN0000535,CUST7624,ACC245473,2024-03-12,PAYMENT,-30273.52,USD,BR415,COMPLETED,79.18,NORTH,SAVINGS
TXN0000536,CUST3704,ACC210242,2024-06-29,CREDIT,-22874.88,USD,BR815,PENDING,69.81,EAST,CREDIT
TXN0000537,CUST8657,ACC438542,2027-01-01,PAYMENT,55561.63,USD,BR589,COMPLETED,31.08,SOUTH,SAVINGS
TXN0000538,CUST3091,ACC820999,2024-05-30,CREDIT,21004.16,EUR,BR967,COMPLETED,91.13,NORTH,SAVINGS
TXN0000539,CUST9751,ACC859434,2024-04-05,TRANSFER,23298.55,EUR,BR513,PENDING,63.37,SOUTH,LOAN
TXN0000540,CUST1441,ACC556846,2024-11-22,CREDIT,-12033.2,USD,BR806,COMPLETED,26.88,WEST,LOAN
TXN0000541,CUST7455,ACC337336,2024-05-06,PAYMENT,66790.75,USD,BR341,COMPLETED,96.12,SOUTH,SAVINGS
TXN0000542,CUST1444,ACC278458,2024-11-20,DEBIT,-8979.09,AUD,BR335,COMPLETED,37.43,EAST,CREDIT
TXN0000543,CUST2375,ACC192292,2024-03-09,DEBIT,8577.75,EUR,BR111,COMPLETED,58.12,CENTRAL,CHECKING
TXN0000544,CUST8022,ACC300445,2024-12-15,TRANSFER,69148.55,EUR,BR899,COMPLETED,79.21,SOUTH,MORTGAGE
TXN0000545,CUST3223,ACC859282,2024-09-29,DEBIT,-13207.7,USD,BR738,COMPLETED,9.24,NORTH,MORTGAGE
TXN0000546,CUST8564,ACC951739,2024-10-21,PAYMENT,-4082.13,USD,BR808,PENDING,54.7,SOUTH,SAVINGS
TXN0000547,CUST3977,ACC486798,2024-05-17,DEBIT,-7653.25,USD,BR695,COMPLETED,19.23,CENTRAL,SAVINGS
TXN0000548,CUST1823,ACC955792,2024-07-19,DEBIT,-42069.55,USD,BR417,COMPLETED,87.43,NORTH,CHECKING
TXN0000549,CUST5262,ACC663670,2024-04-23,CREDIT,15214.16,GBP,BR582,COMPLETED,79.44,WEST,LOAN
TXN0000550,CUST7211,ACC105181,2024-04-09,PAYMENT,7979.82,USD,BR893,REVERSED,,SOUTH,LOAN
TXN0000551,CUST6363,ACC821673,2024-10-06,CREDIT,29810.91,EUR,BR756,COMPLETED,27.01,SOUTH,SAVINGS
TXN0000552,CUST4467,ACC155040,2024-10-20,PAYMENT,26655.12,USD,BR710,PENDING,97.26,WEST,SAVINGS
TXN0000553,CUST8449,ACC372302,2024-02-22,CREDIT,-29642.49,EUR,BR202,FAILED,93.87,CENTRAL,CREDIT
TXN0000554,CUST6355,ACC923073,2024-06-23,TRANSFER,-5352.29,USD,BR412,COMPLETED,2.43,NORTH,CHECKING
TXN0000555,CUST6529,ACC145168,2024-07-26,CREDIT,15158.54,USD,BR204,COMPLETED,49.75,WEST,SAVINGS
TXN0000556,CUST7211,ACC216185,2024-03-25,DEBIT,94042.31,USD,BR421,PENDING,96.84,WEST,LOAN
TXN0000557,CUST5558,ACC150335,2024-05-13,PAYMENT,50739.35,USD,BR770,COMPLETED,99.1,EAST,SAVINGS
TXN0000558,CUST7906,ACC419071,2024-02-10,TRANSFER,4623.17,USD,BR929,COMPLETED,68.36,WEST,CHECKING
TXN0000559,CUST5133,ACC178687,2024-12-16,DEBIT,4750.96,USD,BR690,COMPLETED,92.3,CENTRAL,MORTGAGE
TXN0000560,CUST2341,ACC376537,2024-12-14,CREDIT,-18816.1,USD,BR290,COMPLETED,49.72,CENTRAL,SAVINGS
TXN0000561,CUST8705,ACC445326,2024-06-16,DEBIT,19395.55,USD,BR885,COMPLETED,95.45,EAST,CHECKING
TXN0000562,CUST1317,ACC821338,2024-04-05,WITHDRAWAL,-15819.51,GBP,BR613,COMPLETED,10.99,SOUTH,CHECKING
TXN0000563,CUST9837,ACC742515,2024-09-29,CREDIT,82895.14,USD,BR409,PENDING,52.5,WEST,CREDIT
TXN0000564,CUST1853,ACC930081,2024-06-21,TRANSFER,99630.93,USD,BR241,COMPLETED,34.36,NORTH,CHECKING
TXN0000565,CUST6733,ACC951952,2024-09-04,DEBIT,2745.44,EUR,BR578,COMPLETED,36.35,EAST,SAVINGS
TXN0000566,CUST4673,ACC497993,2024-04-01,CREDIT,47738.08,AUD,BR489,COMPLETED,39.05,EAST,CHECKING
TXN0000567,CUST2124,ACC383023,2024-06-24,CREDIT,-6461.97,USD,BR602,COMPLETED,64.87,WEST,SAVINGS
TXN0000568,CUST1659,ACC832603,2024-07-18,CREDIT,70669.35,USD,BR941,COMPLETED,96.78,NORTH,CREDIT
TXN0000569,CUST1508,ACC278612,2024-03-26,CREDIT,-46895.34,USD,BR961,COMPLETED,51.73,WEST,CREDIT
TXN0000570,CUST5051,ACC244455,2024-10-21,DEBIT,-34898.62,GBP,BR567,,77.36,EAST,LOAN
TXN0000571,CUST4266,ACC711795,2024-03-28,CREDIT,-31807.49,EUR,BR384,FAILED,60.43,NORTH,MORTGAGE
TXN0000572,CUST1333,ACC583072,2024-07-25,TRANSFER,82892.95,,BR204,COMPLETED,56.2,NORTH,SAVINGS
TXN0000573,CUST3496,ACC225725,2024-10-28,DEBIT,-11875.45,GBP,BR543,PENDING,13.36,NORTH,CHECKING
TXN0000574,CUST4908,ACC232423,2024-04-23,CREDIT,20168.27,USD,BR444,PENDING,91.54,EAST,CREDIT
TXN0000575,CUST3068,ACC434844,2024-12-21,TRANSFER,78956.22,EUR,BR347,COMPLETED,11.25,EAST,CHECKING
TXN0000576,CUST8758,ACC255190,2024-04-23,CREDIT,-12007.82,USD,BR897,COMPLETED,36.47,WEST,LOAN
TXN0000577,CUST2874,ACC889614,2024-06-24,DEBIT,96664.45,GBP,BR555,COMPLETED,78.66,EAST,SAVINGS
TXN0000578,CUST4571,ACC712505,2024-09-28,TRANSFER,59670.85,USD,BR386,REVERSED,24.73,CENTRAL,CHECKING
TXN0000579,CUST8619,ACC991450,2024-11-07,CREDIT,40457.84,AUD,BR517,COMPLETED,91.91,NORTH,CHECKING
TXN0000580,CUST5198,ACC533370,2024-12-17,TRANSFER,-43471.49,USD,BR852,COMPLETED,56.93,EAST,LOAN
TXN0000581,CUST7043,ACC767841,2024-07-08,CREDIT,63349.91,USD,BR484,COMPLETED,14.75,EAST,CHECKING
TXN0000582,CUST3749,ACC568482,2024-02-22,CREDIT,-40933.01,EUR,BR881,COMPLETED,90.77,EAST,SAVINGS
TXN0000583,CUST2876,ACC800695,2024-04-24,WITHDRAWAL,75079.24,EUR,BR551,COMPLETED,10.13,CENTRAL,LOAN
TXN0000584,CUST3683,ACC228317,2024-09-15,CREDIT,42174.44,USD,BR669,COMPLETED,88.7,EAST,SAVINGS
TXN0000585,CUST6096,ACC647108,2024-02-24,PAYMENT,97934.35,USD,BR451,COMPLETED,5.18,NORTH,LOAN
TXN0000586,CUST2771,ACC653217,2024-10-13,DEBIT,-16617.09,USD,BR947,COMPLETED,93.72,SOUTH,MORTGAGE
TXN0000587,CUST1420,ACC352207,2024-12-29,DEBIT,76361.09,AUD,BR529,COMPLETED,46.75,CENTRAL,
TXN0000588,CUST6111,ACC705956,2024-07-19,PAYMENT,61475.97,USD,BR310,COMPLETED,59.94,SOUTH,SAVINGS
TXN0000589,CUST7149,ACC601142,2024-07-08,WITHDRAWAL,20310.21,USD,BR800,FAILED,22.73,CENTRAL,LOAN
TXN0000590,CUST7498,ACC793390,2024-07-06,CREDIT,16054.03,GBP,BR553,COMPLETED,61.03,SOUTH,LOAN
TXN0000591,CUST4249,ACC613911,2024-01-14,TRANSFER,-28501.41,EUR,BR203,COMPLETED,69.13,SOUTH,LOAN
TXN0000592,CUST2245,ACC394169,2024-11-26,CREDIT,92829.87,USD,BR486,COMPLETED,91.93,EAST,SAVINGS
TXN0000593,CUST4978,ACC437548,2024-09-07,PAYMENT,4085.34,EUR,BR403,PENDING,64.05,SOUTH,LOAN
TXN0000594,CUST2669,ACC910175,2024-09-22,DEBIT,90711.38,USD,BR342,PENDING,21.66,CENTRAL,SAVINGS
TXN0000595,CUST5941,ACC866367,2024-05-14,TRANSFER,69102.02,EUR,BR506,COMPLETED,18.38,,CREDIT
TXN0000596,CUST2983,ACC606154,2024-07-16,CREDIT,55999.23,USD,BR169,COMPLETED,69.91,WEST,CHECKING
TXN0000597,CUST1672,ACC336800,2024-10-13,CREDIT,-5502.69,USD,BR768,REVERSED,31.2,,SAVINGS
TXN0000598,CUST6688,ACC196258,2024-06-15,CREDIT,-31343.72,USD,BR822,REVERSED,7.46,CENTRAL,LOAN
TXN0000599,CUST9728,ACC376626,2024-01-09,DEBIT,9136.28,USD,BR216,FAILED,58.27,EAST,LOAN
TXN0000600,CUST8018,ACC903421,2024-11-08,DEBIT,-41484.25,USD,BR196,FAILED,12.43,CENTRAL,MORTGAGE
TXN0000601,CUST7071,ACC410624,2024-06-13,CREDIT,-30245.56,EUR,BR514,COMPLETED,53.71,CENTRAL,LOAN
TXN0000602,CUST2129,ACC845937,2024-09-06,WITHDRAWAL,-41192.39,USD,BR924,COMPLETED,27.48,SOUTH,CREDIT
TXN0000603,CUST9289,ACC186816,2024-12-14,PAYMENT,73784.79,USD,BR630,COMPLETED,49.43,CENTRAL,CHECKING
TXN0000604,CUST6590,ACC470157,2024-05-27,CREDIT,62427.91,USD,BR477,COMPLETED,50.73,CENTRAL,SAVINGS
TXN0000605,CUST1207,ACC685645,2024-05-13,DEBIT,96779.42,GBP,BR701,COMPLETED,81.07,EAST,
TXN0000606,CUST7882,ACC976129,2024-04-24,WITHDRAWAL,66547.98,USD,BR930,COMPLETED,,NORTH,LOAN
TXN0000607,CUST9031,ACC354149,2024-01-04,DEBIT,-5427.96,USD,BR480,COMPLETED,90.29,EAST,CHECKING
TXN0000608,CUST2729,ACC791515,2024-04-09,TRANSFER,51097.98,EUR,BR999,FAILED,1.54,EAST,CHECKING
TXN0000609,CUST8102,ACC778569,2024-06-05,TRANSFER,39623.0,,BR241,FAILED,46.02,CENTRAL,CREDIT
TXN0000610,CUST6934,ACC870984,2024-11-17,CREDIT,90163.3,USD,BR418,PENDING,63.44,SOUTH,SAVINGS
TXN0000611,CUST8532,ACC997437,2024-11-15,CREDIT,-11201.5,USD,BR172,FAILED,78.89,SOUTH,LOAN
TXN0000612,CUST3506,ACC315892,2024-03-02,PAYMENT,-9884.36,USD,BR606,REVERSED,35.05,CENTRAL,LOAN
TXN0000613,CUST8135,ACC828723,2024-12-11,TRANSFER,-26816.78,USD,BR220,PENDING,25.83,EAST,SAVINGS
TXN0000614,CUST3885,ACC181806,2024-09-19,WITHDRAWAL,33521.62,AUD,BR540,PENDING,69.09,SOUTH,LOAN
TXN0000615,CUST9548,ACC178794,2024-10-22,PAYMENT,3623.14,USD,BR634,COMPLETED,33.98,SOUTH,SAVINGS
TXN0000616,CUST5425,ACC618631,2024-02-08,CREDIT,52851.86,EUR,BR605,COMPLETED,24.69,WEST,SAVINGS
TXN0000617,CUST9817,ACC163194,2024-02-27,DEBIT,-13580.34,USD,BR408,COMPLETED,50.38,SOUTH,CHECKING
TXN0000618,CUST8921,ACC322796,2024-09-03,PAYMENT,-36379.19,EUR,BR602,PENDING,30.83,WEST,MORTGAGE
TXN0000619,CUST8616,ACC113765,2024-11-02,DEBIT,77674.5,AUD,BR660,COMPLETED,0.5,NORTH,MORTGAGE
TXN0000620,CUST8136,ACC803069,2024-09-04,DEBIT,38729.55,USD,BR267,COMPLETED,1.48,SOUTH,CHECKING
TXN0000621,CUST5397,ACC326634,2024-03-25,CREDIT,-10310.7,USD,BR422,COMPLETED,42.19,EAST,LOAN
TXN0000622,CUST6280,ACC590891,2024-01-25,PAYMENT,12120.92,USD,BR516,COMPLETED,20.14,SOUTH,CHECKING
TXN0000623,CUST5022,ACC958271,2024-04-11,WITHDRAWAL,-10615.49,EUR,BR753,FAILED,49.77,WEST,CHECKING
TXN0000624,CUST2419,ACC503764,2024-09-24,TRANSFER,88968.41,USD,BR353,PENDING,68.79,NORTH,CREDIT
TXN0000625,CUST5569,ACC297045,2024-12-26,CREDIT,-4055.87,AUD,BR379,COMPLETED,56.55,NORTH,SAVINGS
TXN0000626,CUST8385,ACC611333,2024-06-19,DEBIT,54797.39,EUR,BR849,COMPLETED,67.1,CENTRAL,LOAN
TXN0000627,CUST4995,ACC209612,2024-10-24,CREDIT,84377.65,GBP,BR857,COMPLETED,12.77,WEST,CHECKING
TXN0000628,CUST8613,ACC456987,2024-04-30,CREDIT,56688.16,GBP,BR308,PENDING,30.05,SOUTH,CHECKING
TXN0000629,CUST7209,ACC318797,2024-05-17,CREDIT,3105.87,USD,BR277,COMPLETED,89.41,NORTH,CHECKING
TXN0000630,CUST6511,ACC953536,2024-01-20,PAYMENT,18462.82,USD,BR432,PENDING,69.12,EAST,LOAN
TXN0000631,CUST1470,ACC719208,2024-02-14,CREDIT,26061.1,USD,BR189,COMPLETED,92.1,NORTH,CHECKING
TXN0000632,CUST9098,ACC898598,2024-07-05,DEBIT,-32603.8,USD,BR110,FAILED,47.06,EAST,SAVINGS
TXN0000633,CUST6325,ACC653275,2024-04-17,TRANSFER,17293.8,GBP,BR225,COMPLETED,34.06,NORTH,LOAN
TXN0000634,CUST3979,ACC638891,2024-07-20,DEBIT,-21043.15,USD,BR972,FAILED,61.32,SOUTH,CHECKING
TXN0000635,CUST8988,ACC428580,2024-06-06,DEBIT,-33620.81,EUR,BR183,COMPLETED,37.44,CENTRAL,CHECKING
TXN0000636,CUST4475,ACC897429,2024-02-15,PAYMENT,56444.58,USD,BR127,COMPLETED,93.97,NORTH,CREDIT
TXN0000637,CUST6813,ACC426972,2024-06-15,WITHDRAWAL,-6815.47,USD,BR269,COMPLETED,64.28,WEST,LOAN
TXN0000638,CUST5232,ACC842929,2024-05-30,CREDIT,59182.03,EUR,BR773,PENDING,62.16,EAST,CHECKING
TXN0000639,CUST6576,ACC576076,2024-08-20,CREDIT,48812.12,EUR,BR923,COMPLETED,78.21,CENTRAL,MORTGAGE
TXN0000640,CUST5581,ACC787120,2024-02-25,DEBIT,-28440.88,AUD,BR670,COMPLETED,12.75,NORTH,LOAN
TXN0000641,CUST5526,ACC261479,2024-06-16,TRANSFER,59402.12,USD,BR635,,93.5,SOUTH,SAVINGS
TXN0000642,CUST1166,ACC988990,2024-06-16,DEBIT,29362.55,EUR,BR307,COMPLETED,95.93,WEST,LOAN
TXN0000643,CUST9464,ACC629018,2024-04-13,TRANSFER,-30091.59,USD,BR810,COMPLETED,28.11,SOUTH,MORTGAGE
TXN0000644,CUST4130,ACC210793,2024-02-24,DEBIT,-28240.14,EUR,BR220,COMPLETED,12.04,SOUTH,LOAN
TXN0000645,CUST2402,ACC236378,2024-04-20,WITHDRAWAL,52416.27,GBP,BR903,FAILED,77.97,NORTH,SAVINGS
TXN0000646,CUST4954,ACC329412,2024-03-29,DEBIT,85335.25,USD,BR374,FAILED,17.45,EAST,LOAN
TXN0000647,CUST7658,ACC481308,2024-07-06,CREDIT,-25789.79,EUR,BR685,REVERSED,30.49,NORTH,CREDIT
TXN0000648,CUST9004,ACC504305,2024-11-13,DEBIT,39955.2,USD,BR782,COMPLETED,34.93,WEST,SAVINGS
TXN0000649,CUST4937,ACC574409,2024-04-19,CREDIT,-18699.72,EUR,BR891,PENDING,30.77,EAST,CHECKING
TXN0000650,CUST8800,ACC750618,2024-08-02,DEBIT,79374.55,USD,BR169,COMPLETED,63.69,NORTH,SAVINGS
TXN0000651,CUST9041,ACC638406,2024-08-31,DEBIT,87133.93,USD,BR376,COMPLETED,60.54,NORTH,MORTGAGE
TXN0000652,CUST8342,ACC312882,2024-09-25,PAYMENT,21369.55,USD,BR178,COMPLETED,52.44,NORTH,CHECKING
TXN0000653,CUST1282,ACC917911,2024-02-19,PAYMENT,-34645.69,EUR,BR154,COMPLETED,35.09,WEST,
TXN0000654,CUST2524,ACC519645,2024-05-01,TRANSFER,11298.25,USD,BR186,COMPLETED,77.4,NORTH,SAVINGS
TXN0000655,CUST5820,ACC297083,2024-08-06,CREDIT,72355.19,USD,BR191,COMPLETED,,WEST,SAVINGS
TXN0000656,CUST4630,ACC171973,2024-08-17,PAYMENT,56573.81,USD,BR859,PENDING,71.4,EAST,LOAN
TXN0000657,CUST7625,ACC391334,2024-06-11,TRANSFER,64966.83,USD,BR232,COMPLETED,62.53,NORTH,SAVINGS
TXN0000658,CUST4986,ACC543646,2024-01-24,CREDIT,-8484.07,GBP,BR146,PENDING,5.51,NORTH,CHECKING
TXN0000659,CUST6016,ACC272172,2024-01-09,TRANSFER,-43934.76,USD,BR925,COMPLETED,57.27,CENTRAL,SAVINGS
TXN0000660,CUST7046,ACC819602,2024-11-13,WITHDRAWAL,59260.14,USD,BR183,COMPLETED,76.75,SOUTH,LOAN
TXN0000661,CUST8753,ACC422066,2024-05-16,PAYMENT,8415.8,USD,BR762,COMPLETED,76.85,CENTRAL,CHECKING
TXN0000662,CUST9698,ACC705282,2024-03-17,WITHDRAWAL,49567.0,,BR564,COMPLETED,,EAST,CHECKING
TXN0000663,CUST6632,ACC779878,2024-12-22,DEBIT,-35105.13,GBP,BR931,COMPLETED,48.71,EAST,SAVINGS
TXN0000664,CUST7971,ACC207022,2024-11-25,DEBIT,-25494.42,,BR412,REVERSED,20.49,EAST,CHECKING
TXN0000665,CUST6419,ACC254444,2024-02-25,PAYMENT,6665.97,EUR,BR578,COMPLETED,3.17,WEST,CHECKING
TXN0000666,CUST6764,ACC583345,2024-05-25,CREDIT,25696.15,EUR,BR364,COMPLETED,11.31,WEST,CREDIT
TXN0000667,CUST8434,ACC212379,2024-02-14,WITHDRAWAL,93550.26,AUD,BR817,COMPLETED,77.49,SOUTH,CREDIT
TXN0000668,CUST5438,ACC881216,2024-01-19,DEBIT,94723.59,GBP,BR673,COMPLETED,45.08,EAST,CHECKING
TXN0000669,CUST6023,ACC215552,2024-06-30,TRANSFER,2532.25,USD,BR195,PENDING,97.0,WEST,LOAN
TXN0000670,CUST5118,ACC352248,2024-03-31,CREDIT,90658.5,AUD,BR420,COMPLETED,24.36,NORTH,LOAN
TXN0000671,CUST4777,ACC117393,2024-08-21,CREDIT,56102.42,USD,BR803,COMPLETED,16.32,EAST,LOAN
TXN0000672,CUST2976,ACC583232,2024-07-15,PAYMENT,70698.55,USD,BR586,PENDING,,WEST,CHECKING
TXN0000673,CUST4155,ACC296114,2024-11-11,DEBIT,29784.55,USD,BR682,COMPLETED,67.89,NORTH,CHECKING
TXN0000674,CUST6169,ACC379714,2024-09-27,DEBIT,40465.15,USD,BR546,COMPLETED,31.92,EAST,SAVINGS
TXN0000675,CUST2958,ACC129974,2024-03-03,DEBIT,-44320.84,USD,BR198,COMPLETED,62.83,SOUTH,CHECKING
TXN0000676,CUST9779,ACC599374,2024-12-22,PAYMENT,66241.74,AUD,BR702,COMPLETED,69.63,SOUTH,SAVINGS
TXN0000677,CUST4033,ACC794037,2024-10-29,WITHDRAWAL,-6206.96,GBP,BR990,COMPLETED,6.45,CENTRAL,CHECKING
TXN0000678,CUST4138,ACC656673,2024-09-25,CREDIT,45464.64,USD,BR930,COMPLETED,40.81,NORTH,CHECKING
TXN0000679,CUST4545,ACC574628,2024-08-30,WITHDRAWAL,38149.38,EUR,BR380,COMPLETED,69.98,WEST,LOAN
TXN0000680,CUST8933,ACC469053,2024-10-14,CREDIT,-24543.78,USD,BR232,COMPLETED,28.86,WEST,LOAN
TXN0000681,CUST5530,ACC378479,2024-01-31,DEBIT,91946.65,USD,BR293,REVERSED,24.41,SOUTH,CHECKING
TXN0000682,CUST9595,ACC224074,2024-11-05,PAYMENT,28883.32,,BR897,PENDING,86.8,EAST,CHECKING
TXN0000683,CUST5636,ACC677035,2024-03-08,DEBIT,57725.07,USD,BR612,COMPLETED,58.38,WEST,CREDIT
TXN0000684,CUST2647,ACC188150,2024-09-01,DEBIT,-29775.22,USD,BR157,COMPLETED,71.78,WEST,CHECKING
TXN0000685,CUST4180,ACC471643,2024-01-04,PAYMENT,66976.56,EUR,BR290,PENDING,41.94,EAST,CHECKING
TXN0000686,CUST5853,ACC552432,2024-05-19,CREDIT,84987.98,USD,BR856,PENDING,94.39,CENTRAL,SAVINGS
TXN0000687,CUST4727,ACC322367,2024-07-03,CREDIT,23555.22,AUD,BR169,COMPLETED,98.18,WEST,SAVINGS
TXN0000688,CUST6912,ACC257936,2024-03-07,DEBIT,69188.42,USD,BR276,COMPLETED,37.11,SOUTH,LOAN
TXN0000689,CUST3939,ACC516209,2024-04-30,WITHDRAWAL,-22615.94,USD,BR363,COMPLETED,93.22,CENTRAL,CREDIT
TXN0000690,CUST5952,ACC626584,2024-09-20,CREDIT,43742.53,USD,BR429,FAILED,3.64,EAST,SAVINGS
TXN0000691,CUST1231,ACC551777,2024-09-26,DEBIT,-2248.16,USD,BR922,COMPLETED,18.61,WEST,SAVINGS
TXN0000692,CUST9751,ACC632599,2024-10-12,DEBIT,-10250.78,USD,BR810,COMPLETED,20.61,CENTRAL,SAVINGS
TXN0000693,CUST3073,ACC449951,2024-06-27,WITHDRAWAL,86598.05,USD,BR651,COMPLETED,56.52,CENTRAL,LOAN
TXN0000694,CUST5494,ACC155739,2024-07-24,TRANSFER,-15614.49,USD,BR257,COMPLETED,22.68,SOUTH,CREDIT
TXN0000695,CUST1745,ACC562779,2024-03-24,DEBIT,45812.67,GBP,BR368,FAILED,40.89,NORTH,CHECKING
TXN0000696,CUST1893,ACC385830,2024-03-11,TRANSFER,82036.79,USD,BR976,COMPLETED,98.73,WEST,CHECKING
TXN0000697,CUST5786,ACC487743,2024-06-18,WITHDRAWAL,-20971.05,USD,BR898,COMPLETED,58.0,SOUTH,CHECKING
TXN0000698,CUST3068,ACC202564,2024-10-12,CREDIT,68130.54,USD,BR589,COMPLETED,73.48,WEST,SAVINGS
TXN0000699,CUST9042,ACC151521,2024-08-07,DEBIT,57317.74,USD,BR867,PENDING,6.55,NORTH,CREDIT
TXN0000700,CUST2680,ACC780129,2024-08-01,CREDIT,28004.44,USD,BR108,COMPLETED,33.33,CENTRAL,LOAN
TXN0000701,CUST1200,ACC501103,2024-01-30,CREDIT,-17607.71,EUR,BR621,COMPLETED,9.35,WEST,SAVINGS
TXN0000702,CUST5658,ACC867559,2024-06-15,CREDIT,12734.59,USD,BR125,COMPLETED,12.93,CENTRAL,LOAN
TXN0000703,CUST8690,ACC543116,2024-10-25,TRANSFER,61927.28,USD,BR867,COMPLETED,21.96,EAST,CHECKING
TXN0000704,CUST8843,ACC303352,2024-09-16,CREDIT,-21933.97,USD,BR610,COMPLETED,90.72,SOUTH,CHECKING
TXN0000705,CUST8216,ACC408287,2024-07-31,DEBIT,73730.77,GBP,BR144,FAILED,31.52,EAST,SAVINGS
TXN0000706,CUST6582,ACC298652,2024-08-18,DEBIT,1706.89,EUR,BR698,COMPLETED,21.72,EAST,CHECKING
TXN0000707,CUST4020,ACC522253,2024-10-02,DEBIT,-43840.35,USD,BR284,,16.8,EAST,CHECKING
TXN0000708,CUST1841,ACC285225,2024-08-14,TRANSFER,-29306.99,USD,BR572,FAILED,92.73,EAST,LOAN
TXN0000709,CUST5136,ACC722905,2024-05-23,WITHDRAWAL,-49787.72,EUR,BR629,COMPLETED,78.35,CENTRAL,SAVINGS
TXN0000710,CUST8827,ACC389329,2024-06-01,CREDIT,16153.39,USD,BR759,COMPLETED,39.64,NORTH,CHECKING
TXN0000711,CUST2869,ACC655286,2024-03-26,CREDIT,-25229.89,EUR,BR905,COMPLETED,94.42,SOUTH,CREDIT
TXN0000712,CUST2070,ACC736955,2024-03-11,DEBIT,-11381.05,USD,BR471,FAILED,56.77,CENTRAL,SAVINGS
TXN0000713,CUST7565,ACC617594,2024-09-09,PAYMENT,84105.07,USD,BR559,COMPLETED,8.56,EAST,SAVINGS
TXN0000714,CUST9056,ACC643810,2024-12-27,DEBIT,43996.05,AUD,BR375,COMPLETED,73.67,WEST,CREDIT
TXN0000715,CUST2213,ACC554626,2024-06-21,WITHDRAWAL,93063.9,EUR,BR849,FAILED,5.43,SOUTH,MORTGAGE
TXN0000716,CUST1878,ACC214488,2024-09-18,CREDIT,54536.23,GBP,BR297,COMPLETED,71.05,WEST,CREDIT
TXN0000717,CUST3485,ACC814248,2024-06-21,TRANSFER,7804.92,USD,BR519,FAILED,45.18,EAST,CHECKING
TXN0000718,CUST3444,ACC152294,2024-12-08,TRANSFER,81581.27,USD,BR810,COMPLETED,45.71,CENTRAL,LOAN
TXN0000719,CUST5978,ACC777741,2024-05-23,PAYMENT,49972.44,EUR,BR395,COMPLETED,98.34,WEST,CREDIT
TXN0000720,CUST2395,ACC361036,2024-10-04,CREDIT,7398.65,USD,BR267,PENDING,55.88,,LOAN
TXN0000721,CUST5066,ACC216478,2024-11-19,DEBIT,68511.07,EUR,BR437,COMPLETED,87.86,WEST,CHECKING
TXN0000722,CUST2940,ACC330246,2024-06-22,CREDIT,74697.37,GBP,BR381,COMPLETED,51.2,NORTH,MORTGAGE
TXN0000723,CUST7818,ACC220783,2024-10-28,TRANSFER,,USD,BR282,COMPLETED,89.38,CENTRAL,SAVINGS
TXN0000724,CUST4697,ACC155718,2024-08-04,CREDIT,24507.75,EUR,BR793,COMPLETED,78.26,WEST,SAVINGS
TXN0000725,CUST9561,ACC137421,2024-07-05,TRANSFER,4178.83,USD,BR417,PENDING,89.41,WEST,CHECKING
TXN0000726,CUST7232,ACC703172,2024-06-11,DEBIT,3471.05,USD,BR795,COMPLETED,22.02,EAST,SAVINGS
TXN0000727,CUST8381,ACC379108,2024-12-30,DEBIT,-12706.04,USD,BR572,COMPLETED,74.91,SOUTH,SAVINGS
TXN0000728,CUST8253,ACC350365,2024-11-10,DEBIT,95438.8,USD,BR162,COMPLETED,66.35,EAST,CREDIT
TXN0000729,CUST5871,ACC169045,2024-05-27,DEBIT,3414.45,USD,BR276,COMPLETED,18.52,CENTRAL,SAVINGS
TXN0000730,CUST8025,ACC657980,2024-04-01,PAYMENT,-49354.79,USD,BR495,REVERSED,20.59,EAST,SAVINGS
TXN0000731,CUST6003,ACC205939,2024-09-14,DEBIT,35169.22,GBP,BR739,COMPLETED,12.13,CENTRAL,CREDIT
TXN0000732,CUST1986,ACC388840,2024-03-06,DEBIT,-20818.19,EUR,BR999,COMPLETED,96.17,SOUTH,SAVINGS
TXN0000733,CUST2625,ACC337465,2024-06-04,CREDIT,33417.07,USD,BR210,COMPLETED,83.1,CENTRAL,MORTGAGE
TXN0000734,CUST4404,ACC750348,2024-11-10,DEBIT,-16702.8,EUR,BR744,COMPLETED,41.74,CENTRAL,SAVINGS
TXN0000735,CUST4457,ACC833491,2024-03-01,WITHDRAWAL,49789.85,EUR,BR426,COMPLETED,24.24,WEST,CREDIT
TXN0000736,CUST5335,ACC850595,2024-02-12,CREDIT,35251.68,GBP,BR943,PENDING,93.37,WEST,SAVINGS
TXN0000737,CUST2330,ACC524211,2024-12-20,CREDIT,4202.69,GBP,BR911,COMPLETED,72.65,EAST,CHECKING
TXN0000738,CUST3573,ACC510945,2024-08-07,DEBIT,21446.43,EUR,BR777,COMPLETED,7.34,WEST,LOAN
TXN0000739,CUST4929,ACC511970,2024-06-19,DEBIT,-18561.13,USD,BR399,COMPLETED,19.89,WEST,LOAN
TXN0000740,CUST3847,ACC206225,2024-01-14,DEBIT,-15059.18,USD,BR508,FAILED,98.76,NORTH,LOAN
TXN0000741,CUST2229,ACC330569,2024-03-10,TRANSFER,17393.82,USD,BR515,COMPLETED,21.52,EAST,CHECKING
TXN0000742,CUST3564,ACC869575,2024-01-04,DEBIT,74440.24,EUR,BR546,COMPLETED,67.36,NORTH,LOAN
TXN0000743,CUST1043,ACC964098,2024-01-21,DEBIT,-15839.7,USD,BR721,PENDING,74.43,WEST,CHECKING
TXN0000744,CUST7693,ACC825283,2024-01-22,TRANSFER,97360.82,EUR,BR740,COMPLETED,48.76,NORTH,CREDIT
TXN0000745,CUST8381,ACC381298,2024-03-20,DEBIT,41845.12,USD,BR234,COMPLETED,4.44,NORTH,CHECKING
TXN0000746,CUST8699,ACC619225,2024-06-06,DEBIT,98335.61,GBP,BR982,COMPLETED,46.48,CENTRAL,LOAN
TXN0000747,CUST5771,ACC315697,2024-07-09,TRANSFER,83363.24,USD,BR101,COMPLETED,91.81,SOUTH,CHECKING
TXN0000748,CUST1534,ACC279337,2024-11-23,CREDIT,-8726.43,GBP,BR595,COMPLETED,83.77,EAST,CREDIT
TXN0000749,,ACC923895,2024-04-27,CREDIT,-37154.75,USD,BR893,COMPLETED,98.19,CENTRAL,SAVINGS
TXN0000750,CUST5720,ACC313464,2024-10-27,WITHDRAWAL,-3298.87,AUD,BR815,COMPLETED,25.0,NORTH,LOAN
TXN0000751,CUST5632,ACC464519,2024-11-27,DEBIT,982.83,GBP,BR278,PENDING,,SOUTH,MORTGAGE
TXN0000752,CUST8438,ACC767837,2024-04-28,TRANSFER,84058.52,USD,BR685,COMPLETED,81.71,CENTRAL,MORTGAGE
TXN0000753,CUST2166,ACC401982,2024-02-07,DEBIT,65078.97,EUR,BR570,COMPLETED,83.91,CENTRAL,SAVINGS
TXN0000754,CUST4824,ACC840140,2024-05-01,DEBIT,52654.58,USD,BR252,FAILED,2.54,SOUTH,LOAN
TXN0000755,CUST5334,ACC725279,2024-03-08,CREDIT,18080.28,,BR234,COMPLETED,69.9,EAST,SAVINGS
TXN0000756,,ACC401967,2024-11-25,TRANSFER,86867.34,USD,BR902,COMPLETED,65.75,NORTH,SAVINGS
TXN0000757,CUST7965,ACC869531,2024-02-29,DEBIT,5967.74,USD,BR871,COMPLETED,11.06,CENTRAL,CHECKING
TXN0000758,CUST2880,ACC103257,2027-01-01,CREDIT,45835.17,EUR,BR892,COMPLETED,2.03,EAST,SAVINGS
TXN0000759,CUST9922,ACC198820,2024-06-11,DEBIT,84268.27,USD,BR341,COMPLETED,27.66,NORTH,CHECKING
TXN0000760,CUST4683,ACC294069,2024-02-05,CREDIT,-45979.95,,BR817,COMPLETED,50.38,WEST,CREDIT
TXN0000761,CUST3441,ACC627685,2024-04-16,CREDIT,-27593.36,USD,BR218,PENDING,30.4,SOUTH,CHECKING
TXN0000762,CUST5352,ACC834497,2024-01-03,CREDIT,31616.6,EUR,BR837,COMPLETED,6.99,CENTRAL,CHECKING
TXN0000763,CUST3330,ACC752338,2024-06-14,CREDIT,-47219.4,EUR,BR635,COMPLETED,81.0,CENTRAL,SAVINGS
TXN0000764,CUST2169,ACC599917,2024-06-23,WITHDRAWAL,41124.33,USD,BR763,COMPLETED,37.58,SOUTH,CREDIT
TXN0000765,CUST1977,ACC874992,2024-09-03,WITHDRAWAL,20810.32,AUD,BR548,COMPLETED,25.38,EAST,SAVINGS
TXN0000766,CUST3718,ACC420155,2024-01-18,CREDIT,-24076.77,USD,BR126,COMPLETED,52.81,CENTRAL,SAVINGS
TXN0000767,CUST6039,ACC993978,2024-09-24,CREDIT,34116.26,USD,BR620,COMPLETED,6.92,EAST,LOAN
TXN0000768,CUST5728,ACC821353,2024-04-14,WITHDRAWAL,44238.35,USD,BR520,COMPLETED,78.0,WEST,CREDIT
TXN0000769,CUST8195,ACC350210,2024-11-20,DEBIT,-37191.27,USD,BR808,COMPLETED,97.7,EAST,LOAN
TXN0000770,CUST3037,ACC278501,2024-11-20,DEBIT,-26506.69,EUR,BR346,COMPLETED,82.18,EAST,
TXN0000771,CUST8679,ACC430419,2024-08-05,WITHDRAWAL,62976.16,USD,BR313,COMPLETED,,SOUTH,LOAN
TXN0000772,CUST5982,ACC814544,2024-10-11,PAYMENT,28367.0,AUD,BR947,COMPLETED,94.3,NORTH,LOAN
TXN0000773,CUST7594,ACC172828,2024-04-03,CREDIT,76790.47,EUR,BR409,PENDING,90.96,WEST,SAVINGS
TXN0000774,CUST5460,ACC274740,2024-12-15,TRANSFER,96321.92,GBP,BR873,,82.63,NORTH,LOAN
TXN0000775,CUST9199,ACC296444,2024-02-21,DEBIT,2075.44,USD,BR850,COMPLETED,22.87,EAST,LOAN
TXN0000776,CUST9847,ACC448290,2024-05-25,TRANSFER,-13203.38,AUD,BR383,COMPLETED,33.82,SOUTH,CHECKING
TXN0000777,,ACC577328,2024-06-04,CREDIT,99394.91,USD,BR458,COMPLETED,60.11,WEST,CHECKING
TXN0000778,CUST8172,ACC248723,2024-05-25,CREDIT,54951.44,EUR,BR336,COMPLETED,25.92,WEST,LOAN
TXN0000779,CUST2317,ACC113353,2024-09-23,WITHDRAWAL,35535.22,USD,BR696,COMPLETED,13.42,NORTH,LOAN
TXN0000780,CUST1653,ACC798384,2024-09-25,WITHDRAWAL,65863.86,USD,BR550,PENDING,64.62,NORTH,LOAN
TXN0000781,CUST8078,ACC597654,2024-11-11,DEBIT,-30289.27,EUR,BR468,COMPLETED,20.78,NORTH,MORTGAGE
TXN0000782,CUST6280,ACC548709,2024-07-15,DEBIT,-18544.25,USD,BR995,COMPLETED,84.99,SOUTH,LOAN
TXN0000783,CUST5102,ACC450281,2024-07-16,CREDIT,71928.96,USD,BR147,COMPLETED,89.12,SOUTH,CREDIT
TXN0000784,CUST1423,ACC121838,2024-10-27,CREDIT,71603.66,EUR,BR662,COMPLETED,96.22,NORTH,CREDIT
TXN0000785,CUST2496,ACC286138,2024-11-13,WITHDRAWAL,86039.95,AUD,BR276,COMPLETED,42.92,CENTRAL,CREDIT
TXN0000786,CUST4750,ACC376648,2024-09-08,TRANSFER,84050.51,USD,BR683,PENDING,83.71,SOUTH,CHECKING
TXN0000787,,ACC180716,2024-03-14,DEBIT,27414.16,USD,BR769,REVERSED,59.42,CENTRAL,CREDIT
TXN0000788,CUST5415,ACC279018,2024-09-12,DEBIT,19683.81,USD,BR120,COMPLETED,57.18,WEST,SAVINGS
TXN0000789,CUST1659,ACC812195,2024-12-19,CREDIT,2616.95,EUR,BR804,COMPLETED,89.19,WEST,SAVINGS
TXN0000790,CUST3870,ACC897191,2024-04-23,DEBIT,19036.6,GBP,BR305,PENDING,67.4,EAST,SAVINGS
TXN0000791,,ACC994529,2024-08-04,CREDIT,16821.96,USD,BR625,COMPLETED,44.22,SOUTH,
TXN0000792,CUST9502,ACC110206,2024-08-17,TRANSFER,43158.26,USD,BR836,COMPLETED,19.92,CENTRAL,SAVINGS
TXN0000793,CUST8245,ACC722859,2024-11-22,CREDIT,-20344.89,,BR429,FAILED,70.15,WEST,CHECKING
TXN0000794,CUST5557,ACC469249,2024-08-13,PAYMENT,-20508.17,USD,BR498,COMPLETED,87.75,NORTH,CREDIT
TXN0000795,CUST3973,ACC596846,2024-05-29,TRANSFER,72857.7,USD,BR817,PENDING,28.68,WEST,LOAN
TXN0000796,CUST8141,ACC711486,2024-11-25,CREDIT,32619.75,GBP,BR977,REVERSED,4.04,SOUTH,SAVINGS
TXN0000797,CUST9056,ACC101055,2024-07-30,CREDIT,30764.34,USD,BR709,COMPLETED,16.51,CENTRAL,SAVINGS
TXN0000798,CUST2494,ACC612027,2024-03-17,CREDIT,69154.86,USD,BR613,COMPLETED,82.33,SOUTH,SAVINGS
TXN0000799,CUST8700,ACC359533,2024-01-04,CREDIT,79558.62,EUR,BR147,COMPLETED,0.92,WEST,CHECKING
TXN0000800,CUST6700,ACC595523,2024-03-07,CREDIT,82898.41,EUR,BR241,COMPLETED,90.21,WEST,SAVINGS
TXN0000801,CUST7690,ACC214699,2024-07-06,CREDIT,-7548.59,EUR,BR670,COMPLETED,62.88,NORTH,MORTGAGE
TXN0000802,CUST6460,ACC147371,2024-09-20,CREDIT,-39944.36,USD,BR410,COMPLETED,66.93,EAST,SAVINGS
TXN0000803,CUST6260,ACC958706,2024-12-26,DEBIT,433.03,USD,BR385,FAILED,36.58,WEST,SAVINGS
TXN0000804,CUST2713,ACC118235,2024-03-26,CREDIT,-24605.0,USD,BR101,FAILED,14.6,CENTRAL,CREDIT
TXN0000805,CUST3634,ACC694822,2024-07-07,CREDIT,69294.28,EUR,BR257,REVERSED,91.51,SOUTH,CHECKING
TXN0000806,CUST6403,ACC813080,2024-05-27,WITHDRAWAL,-8048.62,AUD,BR561,FAILED,21.96,SOUTH,CREDIT
TXN0000807,CUST7744,ACC404777,2024-04-17,DEBIT,92022.53,USD,BR629,COMPLETED,98.62,SOUTH,LOAN
TXN0000808,CUST9117,ACC975937,2024-02-05,CREDIT,89913.26,USD,BR304,COMPLETED,38.34,SOUTH,SAVINGS
TXN0000809,CUST5722,ACC339376,2024-09-26,CREDIT,-42938.1,USD,BR529,COMPLETED,43.54,SOUTH,SAVINGS
TXN0000810,CUST7561,ACC650784,2024-04-21,CREDIT,26985.53,GBP,BR808,COMPLETED,26.04,WEST,LOAN
TXN0000811,CUST1601,ACC627587,2024-03-29,TRANSFER,31938.94,EUR,BR235,COMPLETED,3.12,EAST,SAVINGS
TXN0000812,CUST8451,ACC275431,2024-12-28,DEBIT,24043.74,USD,BR774,COMPLETED,36.81,SOUTH,MORTGAGE
TXN0000813,CUST2442,ACC891666,2024-10-05,DEBIT,2432.29,USD,BR487,PENDING,,SOUTH,CHECKING
TXN0000814,,ACC253703,2024-02-24,PAYMENT,,USD,BR665,COMPLETED,18.24,CENTRAL,MORTGAGE
TXN0000815,CUST5135,ACC912915,2024-03-09,CREDIT,22689.14,USD,BR834,PENDING,23.8,SOUTH,SAVINGS
TXN0000816,CUST6296,ACC198471,2024-04-07,PAYMENT,1101.27,USD,BR382,COMPLETED,13.81,SOUTH,SAVINGS
TXN0000817,CUST2899,ACC204849,2024-02-02,CREDIT,31181.46,USD,BR732,PENDING,22.39,CENTRAL,SAVINGS
TXN0000818,CUST7622,ACC419398,2024-03-05,CREDIT,92423.95,EUR,BR403,FAILED,38.62,NORTH,SAVINGS
TXN0000819,CUST9431,ACC942942,2024-04-12,CREDIT,-49267.1,EUR,BR211,COMPLETED,36.95,WEST,LOAN
TXN0000820,CUST1018,ACC871947,2024-11-06,TRANSFER,816.93,USD,BR801,PENDING,2.34,EAST,CREDIT
TXN0000821,CUST9889,ACC451983,2024-03-14,PAYMENT,62958.53,USD,BR996,COMPLETED,86.54,CENTRAL,SAVINGS
TXN0000822,CUST8569,ACC574602,2024-11-26,WITHDRAWAL,-4450.88,USD,BR794,PENDING,42.64,SOUTH,CREDIT
TXN0000823,CUST7770,ACC614496,2024-01-04,DEBIT,-43535.88,USD,BR400,COMPLETED,5.31,CENTRAL,MORTGAGE
TXN0000824,CUST1888,ACC870509,2024-11-16,DEBIT,42791.95,USD,BR927,COMPLETED,77.33,NORTH,LOAN
TXN0000825,CUST4073,ACC467820,2024-06-05,TRANSFER,86309.77,EUR,BR568,PENDING,92.34,SOUTH,CHECKING
TXN0000826,CUST9494,ACC672223,2024-11-15,DEBIT,-23603.67,USD,BR713,COMPLETED,83.83,WEST,SAVINGS
TXN0000827,CUST6927,ACC369840,2024-02-17,CREDIT,-12783.85,USD,BR156,COMPLETED,40.8,EAST,SAVINGS
TXN0000828,CUST9167,ACC795634,2024-01-31,TRANSFER,11845.22,USD,BR370,PENDING,33.14,CENTRAL,LOAN
TXN0000829,CUST8242,ACC610125,2024-07-12,DEBIT,-6309.85,USD,BR393,COMPLETED,66.31,EAST,CHECKING
TXN0000830,CUST1845,ACC365852,2024-01-05,CREDIT,9001.92,USD,BR566,FAILED,23.18,CENTRAL,SAVINGS
TXN0000831,CUST4335,ACC481985,2024-02-16,PAYMENT,16796.95,USD,BR434,PENDING,98.51,CENTRAL,CREDIT
TXN0000832,CUST5375,ACC581035,2024-09-23,TRANSFER,25255.75,AUD,BR183,COMPLETED,20.27,WEST,CREDIT
TXN0000833,CUST9998,ACC114219,2024-05-05,DEBIT,93315.25,USD,BR454,COMPLETED,57.81,EAST,LOAN
TXN0000834,,ACC967958,2024-07-31,CREDIT,-34342.4,USD,BR340,COMPLETED,91.19,NORTH,CHECKING
TXN0000835,,ACC469755,2024-05-14,TRANSFER,86690.8,GBP,BR602,COMPLETED,29.67,WEST,CHECKING
TXN0000836,CUST8178,ACC415761,2024-09-07,TRANSFER,-6795.11,USD,BR748,COMPLETED,99.54,NORTH,CHECKING
TXN0000837,CUST8941,ACC844653,2024-03-22,WITHDRAWAL,53469.8,USD,BR720,PENDING,31.01,WEST,LOAN
TXN0000838,CUST2989,ACC449950,2024-04-14,DEBIT,-44095.98,USD,BR270,COMPLETED,17.14,CENTRAL,SAVINGS
TXN0000839,CUST1472,ACC642985,2024-10-10,CREDIT,68984.49,USD,BR510,FAILED,51.51,SOUTH,CREDIT
TXN0000840,CUST4920,ACC912149,2024-08-25,TRANSFER,87828.73,EUR,BR753,PENDING,2.03,EAST,SAVINGS
TXN0000841,CUST3594,ACC796188,2024-06-25,DEBIT,47695.15,USD,BR118,COMPLETED,96.8,SOUTH,SAVINGS
TXN0000842,CUST6091,ACC998583,2024-01-13,CREDIT,-9441.47,USD,BR956,COMPLETED,26.8,CENTRAL,SAVINGS
TXN0000843,CUST1224,ACC984680,2024-09-29,WITHDRAWAL,49319.5,USD,BR877,COMPLETED,1.01,SOUTH,SAVINGS
TXN0000844,CUST7684,ACC724682,2024-03-25,CREDIT,86995.68,EUR,BR541,COMPLETED,,NORTH,SAVINGS
TXN0000845,CUST2527,ACC607882,2024-08-29,CREDIT,52296.85,USD,BR121,COMPLETED,43.34,CENTRAL,CREDIT
TXN0000846,CUST4681,ACC218238,2024-07-25,PAYMENT,53316.22,USD,BR652,COMPLETED,57.71,EAST,MORTGAGE
TXN0000847,CUST2858,ACC383049,2024-09-22,CREDIT,85999.74,USD,BR888,PENDING,59.72,EAST,SAVINGS
TXN0000848,CUST8560,ACC819096,2024-12-27,CREDIT,-28064.51,USD,BR918,COMPLETED,95.87,SOUTH,SAVINGS
TXN0000849,CUST2924,ACC644534,2024-02-14,PAYMENT,23049.09,EUR,BR984,COMPLETED,25.74,WEST,SAVINGS
TXN0000850,CUST3522,ACC863589,2024-12-06,WITHDRAWAL,7909.91,USD,BR232,COMPLETED,37.66,EAST,
TXN0000851,CUST9165,ACC770879,2024-08-21,CREDIT,49359.86,USD,BR355,COMPLETED,97.42,NORTH,CREDIT
TXN0000852,CUST5781,ACC121734,2024-03-31,CREDIT,89360.03,USD,BR799,COMPLETED,94.35,EAST,LOAN
TXN0000853,CUST9337,ACC255084,2024-04-02,DEBIT,40716.12,AUD,BR629,COMPLETED,58.24,WEST,CHECKING
TXN0000854,,ACC530250,2024-06-28,TRANSFER,-19821.49,USD,BR250,COMPLETED,52.34,EAST,LOAN
TXN0000855,CUST7807,ACC997859,2024-09-02,TRANSFER,36099.15,USD,BR111,COMPLETED,69.51,WEST,CHECKING
TXN0000856,CUST8905,ACC330954,2024-08-25,DEBIT,-7019.7,USD,BR799,COMPLETED,48.66,CENTRAL,CHECKING
TXN0000857,CUST8736,ACC791396,2024-06-13,PAYMENT,13861.73,AUD,BR116,COMPLETED,96.01,SOUTH,CHECKING
TXN0000858,CUST4993,ACC248513,2024-05-13,WITHDRAWAL,81823.0,USD,BR114,PENDING,84.08,WEST,
TXN0000859,CUST8483,ACC474545,2024-07-04,CREDIT,92128.43,EUR,BR798,COMPLETED,93.7,WEST,LOAN
TXN0000860,CUST3369,ACC622014,2024-10-14,DEBIT,62823.53,USD,BR751,COMPLETED,96.76,SOUTH,SAVINGS
TXN0000861,CUST7284,ACC132405,2024-11-17,DEBIT,6648.9,USD,BR276,COMPLETED,36.09,NORTH,CHECKING
TXN0000862,CUST4122,ACC356238,2024-05-16,DEBIT,-11538.55,USD,BR708,PENDING,80.51,CENTRAL,LOAN
TXN0000863,CUST9327,ACC705640,2024-09-04,TRANSFER,-44973.16,USD,BR583,FAILED,72.48,WEST,SAVINGS
TXN0000864,CUST3236,ACC877007,2024-03-10,DEBIT,33386.92,USD,BR649,COMPLETED,77.35,NORTH,CREDIT
TXN0000865,CUST2143,ACC829605,2024-07-13,DEBIT,51817.66,USD,BR108,COMPLETED,3.33,NORTH,CHECKING
TXN0000866,CUST5526,ACC551643,2024-03-20,CREDIT,50802.35,USD,BR531,COMPLETED,45.77,CENTRAL,LOAN
TXN0000867,CUST7798,ACC476879,2024-10-19,DEBIT,54246.38,,BR753,COMPLETED,6.87,NORTH,SAVINGS
TXN0000868,CUST6568,ACC316329,2024-01-17,TRANSFER,34545.97,GBP,BR593,COMPLETED,53.01,WEST,CHECKING
TXN0000869,CUST9318,ACC880523,2024-06-15,WITHDRAWAL,60366.38,USD,BR848,PENDING,3.56,WEST,CHECKING
TXN0000870,CUST5377,ACC193610,2024-03-13,CREDIT,79733.35,AUD,BR911,COMPLETED,30.68,NORTH,CHECKING
TXN0000871,CUST1042,ACC303258,2024-11-12,DEBIT,54471.0,USD,BR665,REVERSED,6.35,SOUTH,CHECKING
TXN0000872,CUST5634,ACC496129,2024-02-16,TRANSFER,75389.43,USD,BR242,COMPLETED,37.12,EAST,SAVINGS
TXN0000873,CUST5891,ACC769760,2024-09-18,DEBIT,3985.32,USD,BR740,FAILED,67.85,WEST,CHECKING
TXN0000874,CUST9022,ACC213174,2024-12-08,PAYMENT,-2800.18,EUR,BR374,PENDING,26.82,EAST,CHECKING
TXN0000875,CUST3434,ACC387230,2024-08-20,DEBIT,-9390.04,EUR,BR532,COMPLETED,70.4,CENTRAL,CREDIT
TXN0000876,CUST8316,ACC757343,2024-07-14,WITHDRAWAL,-38693.55,USD,BR421,COMPLETED,0.41,CENTRAL,CREDIT
TXN0000877,CUST9824,ACC811774,2024-12-02,TRANSFER,62715.77,USD,BR746,COMPLETED,16.81,NORTH,CHECKING
TXN0000878,CUST8935,ACC671386,2024-10-10,CREDIT,-41809.79,AUD,BR421,COMPLETED,49.42,WEST,CHECKING
TXN0000879,CUST6654,ACC571093,2024-05-03,DEBIT,46844.41,USD,BR307,PENDING,5.15,SOUTH,SAVINGS
TXN0000880,CUST6446,ACC652501,2024-02-22,TRANSFER,90586.03,USD,BR104,COMPLETED,77.43,EAST,CREDIT
TXN0000881,CUST9903,ACC283450,2024-07-19,TRANSFER,18659.54,USD,BR724,COMPLETED,71.45,EAST,CHECKING
TXN0000882,CUST7180,ACC378196,2024-01-28,CREDIT,-27314.57,USD,BR250,COMPLETED,72.41,NORTH,MORTGAGE
TXN0000883,CUST8460,ACC812052,2024-10-08,PAYMENT,14318.72,EUR,BR252,COMPLETED,79.72,SOUTH,LOAN
TXN0000884,CUST6272,ACC465790,2024-04-03,DEBIT,92442.62,USD,BR285,COMPLETED,82.19,WEST,CHECKING
TXN0000885,CUST4090,ACC447283,2024-08-13,PAYMENT,25600.56,EUR,BR274,COMPLETED,5.8,WEST,SAVINGS
TXN0000886,CUST4912,ACC510020,2024-03-02,DEBIT,43722.14,AUD,BR223,PENDING,78.68,EAST,LOAN
TXN0000887,CUST7274,ACC717766,2024-11-26,WITHDRAWAL,47967.81,USD,BR230,PENDING,36.08,NORTH,CHECKING
TXN0000888,CUST4826,ACC537564,2024-08-28,PAYMENT,17502.5,USD,BR626,REVERSED,17.77,SOUTH,SAVINGS
TXN0000889,CUST7730,ACC389666,2024-03-30,PAYMENT,41672.52,GBP,BR660,COMPLETED,24.25,CENTRAL,SAVINGS
TXN0000890,CUST1715,ACC424348,2024-02-02,DEBIT,-2445.34,USD,BR205,COMPLETED,88.43,WEST,LOAN
TXN0000891,CUST6213,ACC299829,2024-08-22,DEBIT,18177.11,EUR,BR508,COMPLETED,90.18,CENTRAL,MORTGAGE
TXN0000892,CUST8749,ACC143096,2024-12-17,DEBIT,-42142.27,EUR,BR738,COMPLETED,39.33,EAST,LOAN
TXN0000893,CUST7246,ACC707667,2024-04-20,DEBIT,95052.29,AUD,BR121,FAILED,70.93,WEST,SAVINGS
TXN0000894,CUST7325,ACC645341,2024-04-11,DEBIT,-8189.05,USD,BR309,REVERSED,95.51,CENTRAL,SAVINGS
TXN0000895,CUST3492,ACC835928,2024-08-14,DEBIT,-18085.83,USD,BR913,,91.38,NORTH,CREDIT
TXN0000896,CUST9115,ACC459949,2024-04-21,DEBIT,76526.55,EUR,BR427,COMPLETED,82.53,WEST,MORTGAGE
TXN0000897,CUST1606,ACC974692,2024-10-16,DEBIT,14674.02,EUR,BR939,PENDING,27.26,NORTH,LOAN
TXN0000898,CUST3068,ACC742113,2024-12-01,DEBIT,-10104.52,USD,BR649,COMPLETED,55.23,NORTH,CREDIT
TXN0000899,CUST9229,ACC228934,2024-10-25,TRANSFER,51368.29,USD,BR938,PENDING,64.82,SOUTH,CREDIT
TXN0000900,CUST6439,ACC554515,2024-04-05,CREDIT,39645.41,USD,BR322,COMPLETED,71.91,SOUTH,SAVINGS
TXN0000901,CUST2644,ACC933966,2024-01-15,TRANSFER,99751.35,GBP,BR892,REVERSED,51.69,SOUTH,MORTGAGE
TXN0000902,CUST8213,ACC577131,2024-06-15,CREDIT,88945.33,USD,BR278,FAILED,40.55,EAST,SAVINGS
TXN0000903,CUST2633,ACC694188,2024-04-03,PAYMENT,-11197.96,EUR,BR834,FAILED,14.37,EAST,CREDIT
TXN0000904,CUST9617,ACC931023,2024-03-29,CREDIT,-12972.83,USD,BR253,COMPLETED,47.96,NORTH,CHECKING
TXN0000905,CUST8486,ACC930829,2024-03-20,DEBIT,90474.78,USD,BR333,COMPLETED,,CENTRAL,LOAN
TXN0000906,CUST1251,ACC463853,2024-10-22,WITHDRAWAL,31987.27,USD,BR270,COMPLETED,71.57,CENTRAL,CHECKING
TXN0000907,CUST3361,ACC402418,2024-10-17,DEBIT,-9438.92,GBP,BR606,COMPLETED,59.18,EAST,SAVINGS
TXN0000908,CUST7717,ACC215543,2024-11-10,CREDIT,-49588.56,USD,BR247,COMPLETED,29.13,SOUTH,CREDIT
TXN0000909,CUST3529,ACC108739,2024-04-19,CREDIT,-44108.37,GBP,BR330,COMPLETED,7.95,CENTRAL,CREDIT
TXN0000910,CUST2225,ACC623162,2024-07-29,PAYMENT,44239.93,AUD,BR412,COMPLETED,23.37,WEST,LOAN
TXN0000911,CUST8692,ACC818826,2024-03-28,DEBIT,-19864.09,AUD,BR365,COMPLETED,72.62,WEST,CHECKING
TXN0000912,CUST5342,ACC254278,2024-02-21,PAYMENT,1684.09,GBP,BR241,COMPLETED,15.39,SOUTH,MORTGAGE
TXN0000913,CUST6546,ACC588969,2024-08-06,DEBIT,70270.11,GBP,BR374,COMPLETED,44.25,EAST,SAVINGS
TXN0000914,CUST7512,ACC813999,2024-06-16,DEBIT,75700.42,USD,BR173,PENDING,21.24,SOUTH,SAVINGS
TXN0000915,CUST2315,ACC257525,2024-12-02,TRANSFER,5990.49,USD,BR887,COMPLETED,26.22,NORTH,SAVINGS
TXN0000916,CUST6383,ACC648600,2024-10-26,DEBIT,67955.23,USD,BR501,REVERSED,80.23,SOUTH,CHECKING
TXN0000917,CUST9742,ACC403858,2024-02-08,DEBIT,-23234.86,USD,BR970,COMPLETED,43.7,EAST,CREDIT
TXN0000918,CUST7226,ACC754096,2024-11-23,CREDIT,14816.42,USD,BR159,COMPLETED,86.34,NORTH,SAVINGS
TXN0000919,CUST6188,ACC685253,2024-06-04,DEBIT,54586.32,USD,BR628,COMPLETED,26.81,EAST,CHECKING
TXN0000920,CUST8994,ACC796590,2024-04-30,CREDIT,38423.33,USD,BR319,COMPLETED,53.82,NORTH,CHECKING
TXN0000921,CUST9864,ACC270505,2024-10-10,DEBIT,63527.75,EUR,BR669,COMPLETED,76.14,SOUTH,CHECKING
TXN0000922,CUST1588,ACC418395,2024-10-08,CREDIT,75051.9,AUD,BR637,COMPLETED,63.26,WEST,LOAN
TXN0000923,CUST2121,ACC610472,2024-03-14,DEBIT,66018.33,USD,BR759,PENDING,83.3,EAST,MORTGAGE
TXN0000924,CUST4846,ACC402262,2024-05-01,CREDIT,91071.11,USD,BR783,COMPLETED,95.73,NORTH,CREDIT
TXN0000925,CUST5708,ACC167755,2024-03-26,DEBIT,-16913.61,EUR,BR183,COMPLETED,8.3,CENTRAL,SAVINGS
TXN0000926,CUST4727,ACC938635,2024-06-15,WITHDRAWAL,95354.17,USD,BR360,PENDING,14.22,SOUTH,CHECKING
TXN0000927,CUST2480,ACC409043,2024-11-30,DEBIT,58789.65,USD,BR875,PENDING,94.56,SOUTH,LOAN
TXN0000928,CUST8110,ACC116349,2024-07-05,DEBIT,20443.44,USD,BR656,COMPLETED,60.82,CENTRAL,MORTGAGE
TXN0000929,CUST2612,ACC575904,2024-12-25,CREDIT,-18748.58,EUR,BR698,PENDING,57.51,EAST,SAVINGS
TXN0000930,CUST2646,ACC142942,2024-05-05,PAYMENT,1343.43,USD,BR763,COMPLETED,8.44,NORTH,CREDIT
TXN0000931,CUST8269,ACC327882,2024-10-22,CREDIT,24447.46,EUR,BR709,PENDING,96.69,NORTH,SAVINGS
TXN0000932,CUST3725,ACC396765,2024-10-03,DEBIT,-28852.5,,BR377,COMPLETED,8.84,NORTH,CHECKING
TXN0000933,CUST5906,ACC965568,2027-01-01,DEBIT,8408.83,EUR,BR654,FAILED,2.71,NORTH,LOAN
TXN0000934,CUST1474,ACC721880,2024-06-12,DEBIT,22565.09,USD,BR785,PENDING,91.98,SOUTH,CHECKING
TXN0000935,CUST1753,ACC229431,2024-10-11,CREDIT,-22311.31,USD,BR270,COMPLETED,22.3,SOUTH,SAVINGS
TXN0000936,CUST6314,ACC155777,2024-06-06,TRANSFER,-39145.19,USD,BR786,PENDING,14.35,NORTH,LOAN
TXN0000937,CUST1919,ACC612089,2024-05-16,DEBIT,77895.25,USD,BR268,FAILED,37.01,SOUTH,LOAN
TXN0000938,CUST5806,ACC420677,2024-08-01,CREDIT,-49271.05,USD,BR319,COMPLETED,60.37,WEST,LOAN
TXN0000939,CUST6873,ACC105337,2024-03-03,DEBIT,32884.99,USD,BR802,,59.75,CENTRAL,SAVINGS
TXN0000940,CUST7141,ACC551226,2024-09-07,DEBIT,1212.02,USD,BR296,REVERSED,76.93,WEST,SAVINGS
TXN0000941,CUST8056,ACC469366,2024-11-26,CREDIT,48959.76,USD,BR229,COMPLETED,75.06,SOUTH,CHECKING
TXN0000942,CUST3385,ACC792325,2024-08-25,DEBIT,79378.41,USD,BR280,COMPLETED,41.39,EAST,MORTGAGE
TXN0000943,CUST5000,ACC974627,2024-09-09,PAYMENT,2338.96,USD,BR614,COMPLETED,,SOUTH,LOAN
TXN0000944,CUST9702,ACC100672,2024-04-22,PAYMENT,38046.67,USD,BR844,COMPLETED,75.25,WEST,SAVINGS
TXN0000945,CUST7751,ACC152326,2024-03-23,CREDIT,5111.53,USD,BR408,COMPLETED,14.0,WEST,CHECKING
TXN0000946,CUST3950,ACC363647,2024-07-20,PAYMENT,-28720.77,USD,BR535,COMPLETED,85.24,EAST,LOAN
TXN0000947,CUST3785,ACC244408,2024-05-28,PAYMENT,-4259.81,USD,BR872,COMPLETED,56.79,NORTH,SAVINGS
TXN0000948,CUST3868,ACC467230,2024-05-06,DEBIT,1062.88,USD,BR978,COMPLETED,61.81,WEST,SAVINGS
TXN0000949,CUST2293,ACC397025,2024-01-11,TRANSFER,8254.0,USD,BR504,COMPLETED,80.23,NORTH,SAVINGS
TXN0000950,CUST7267,ACC923408,2024-10-19,CREDIT,-47041.86,USD,BR222,PENDING,89.41,WEST,SAVINGS
TXN0000951,CUST4945,ACC626378,2024-06-19,CREDIT,37050.07,USD,BR716,FAILED,4.27,NORTH,CHECKING
TXN0000952,CUST9153,ACC797644,2024-05-13,CREDIT,67672.06,EUR,BR697,PENDING,2.21,NORTH,CREDIT
TXN0000953,CUST3344,ACC906234,2024-05-09,CREDIT,78111.17,USD,BR680,COMPLETED,75.59,NORTH,LOAN
TXN0000954,CUST4804,ACC687988,2024-10-22,DEBIT,81319.26,GBP,BR555,COMPLETED,63.11,SOUTH,CHECKING
TXN0000955,CUST8555,ACC262568,2024-09-12,TRANSFER,46.66,USD,BR183,PENDING,,CENTRAL,CHECKING
TXN0000956,CUST5161,ACC190181,2024-11-08,CREDIT,23665.81,USD,BR146,COMPLETED,21.11,SOUTH,SAVINGS
TXN0000957,CUST8529,ACC847841,2024-02-29,DEBIT,30653.87,USD,BR620,COMPLETED,24.98,CENTRAL,CREDIT
TXN0000958,CUST5183,ACC383816,2024-04-02,CREDIT,11089.66,AUD,BR824,COMPLETED,22.38,EAST,CHECKING
TXN0000959,CUST1153,ACC249573,2024-08-16,CREDIT,40862.34,AUD,BR196,COMPLETED,72.08,SOUTH,CREDIT
TXN0000960,CUST8622,ACC868661,2024-11-05,DEBIT,54667.52,USD,BR884,COMPLETED,20.78,SOUTH,SAVINGS
TXN0000961,CUST5712,ACC306283,2024-10-25,CREDIT,-19169.1,USD,BR621,COMPLETED,84.65,WEST,LOAN
TXN0000962,CUST9955,ACC553038,2024-08-12,PAYMENT,-19672.31,USD,BR509,COMPLETED,79.07,EAST,CHECKING
TXN0000963,CUST3588,ACC713652,2024-01-02,DEBIT,86506.15,USD,BR301,COMPLETED,70.48,EAST,SAVINGS
TXN0000964,CUST2210,ACC184638,2024-04-05,DEBIT,-39023.78,USD,BR250,COMPLETED,85.4,EAST,SAVINGS
TXN0000965,CUST8237,ACC404928,2024-10-19,DEBIT,86532.29,USD,BR213,COMPLETED,39.54,CENTRAL,CREDIT
TXN0000966,CUST6661,ACC329489,2024-03-30,DEBIT,-13116.53,AUD,BR345,FAILED,16.53,EAST,CREDIT
TXN0000967,CUST5901,ACC133697,2024-08-13,PAYMENT,,USD,BR758,PENDING,90.8,SOUTH,SAVINGS
TXN0000968,CUST7951,ACC596162,2024-02-05,DEBIT,756.67,USD,BR332,PENDING,16.77,SOUTH,CHECKING
TXN0000969,CUST5097,ACC471858,2024-03-23,CREDIT,-21642.78,USD,BR556,COMPLETED,91.23,SOUTH,CHECKING
TXN0000970,CUST8484,ACC360810,2024-01-29,CREDIT,38246.02,USD,BR870,COMPLETED,14.31,SOUTH,CHECKING
TXN0000971,CUST5949,ACC951138,2024-06-18,DEBIT,-1523.41,EUR,BR809,COMPLETED,53.74,EAST,CHECKING
TXN0000972,CUST4263,ACC811459,2024-05-06,PAYMENT,59841.45,USD,BR425,REVERSED,57.21,CENTRAL,LOAN
TXN0000973,CUST7302,ACC767989,2024-12-07,CREDIT,30415.83,EUR,BR832,FAILED,70.05,WEST,LOAN
TXN0000974,CUST8916,ACC505002,2024-11-01,CREDIT,42479.87,USD,BR797,COMPLETED,90.28,WEST,CHECKING
TXN0000975,CUST2747,ACC543089,2024-08-27,DEBIT,51948.04,EUR,BR975,COMPLETED,5.42,NORTH,CREDIT
TXN0000976,CUST4886,ACC518500,2024-09-26,CREDIT,99694.81,EUR,BR282,COMPLETED,19.03,CENTRAL,SAVINGS
TXN0000977,CUST7248,ACC202905,2024-09-11,WITHDRAWAL,16571.27,EUR,BR182,REVERSED,0.41,NORTH,CREDIT
TXN0000978,CUST6881,ACC373951,2024-02-27,CREDIT,58019.09,EUR,BR897,COMPLETED,35.32,EAST,MORTGAGE
TXN0000979,CUST5847,ACC416693,2024-04-19,TRANSFER,16178.6,USD,BR366,COMPLETED,45.97,CENTRAL,LOAN
TXN0000980,CUST5837,ACC726040,2024-09-08,DEBIT,94791.82,AUD,BR453,COMPLETED,5.98,EAST,CHECKING
TXN0000981,CUST1359,ACC425830,2024-12-28,DEBIT,60455.06,GBP,BR777,COMPLETED,82.78,CENTRAL,CREDIT
TXN0000982,CUST7484,ACC281720,2024-06-16,DEBIT,70190.22,USD,BR465,PENDING,82.69,CENTRAL,SAVINGS
TXN0000983,CUST5497,ACC691299,2024-03-11,DEBIT,13928.53,EUR,BR945,COMPLETED,69.13,EAST,SAVINGS
TXN0000984,,ACC556986,2024-10-23,WITHDRAWAL,-46265.9,EUR,BR409,FAILED,70.57,NORTH,SAVINGS
TXN0000985,CUST1803,ACC811902,2024-10-12,PAYMENT,-9146.64,USD,BR363,COMPLETED,73.1,EAST,CREDIT
TXN0000986,CUST9138,ACC438144,2024-09-22,DEBIT,6599.08,USD,BR557,REVERSED,36.52,NORTH,LOAN
TXN0000987,CUST5689,ACC943453,2024-05-04,DEBIT,74734.8,USD,BR234,COMPLETED,62.54,WEST,CHECKING
TXN0000988,CUST4770,ACC706252,2024-03-07,PAYMENT,68076.92,USD,BR258,COMPLETED,71.46,WEST,SAVINGS
TXN0000989,CUST6772,ACC245936,2024-03-17,DEBIT,-12871.92,USD,BR589,COMPLETED,22.84,SOUTH,
TXN0000990,CUST4588,ACC816514,2024-01-15,CREDIT,16770.96,USD,BR128,PENDING,27.22,NORTH,CHECKING
TXN0000991,CUST4115,ACC904950,2024-12-11,CREDIT,98929.87,USD,BR831,COMPLETED,63.95,WEST,CHECKING
TXN0000992,CUST5106,ACC309197,2024-02-20,PAYMENT,67590.11,USD,BR152,FAILED,70.44,SOUTH,CREDIT
TXN0000993,CUST3240,ACC362165,2024-03-09,CREDIT,59988.35,USD,BR994,COMPLETED,96.59,NORTH,LOAN
TXN0000994,CUST2591,ACC242282,2024-07-05,DEBIT,-38098.27,USD,BR370,COMPLETED,68.26,SOUTH,LOAN
TXN0000995,CUST1645,ACC536535,2024-07-22,CREDIT,80152.68,USD,BR628,COMPLETED,5.28,NORTH,CREDIT
TXN0000996,CUST6061,ACC681208,2024-01-28,PAYMENT,23230.13,USD,BR725,COMPLETED,26.3,SOUTH,CHECKING
TXN0000997,CUST8222,ACC309215,2024-10-07,DEBIT,-3669.18,GBP,BR797,PENDING,40.9,WEST,CHECKING
TXN0000998,CUST1546,ACC415686,2024-04-06,CREDIT,92509.03,USD,BR752,COMPLETED,31.37,SOUTH,SAVINGS
TXN0000999,CUST6977,ACC419811,2024-03-29,CREDIT,-20453.71,GBP,BR733,FAILED,79.41,WEST,CHECKING
TXN0001000,CUST3153,ACC189755,2024-01-20,DEBIT,33972.9,USD,BR604,COMPLETED,90.51,SOUTH,CHECKING
TXN0001001,CUST2476,ACC411777,2024-01-23,WITHDRAWAL,-37632.78,USD,BR921,COMPLETED,26.81,WEST,SAVINGS
TXN0001002,CUST5835,ACC694191,2024-05-15,DEBIT,59231.32,USD,BR369,PENDING,65.22,NORTH,CHECKING
TXN0001003,CUST6352,ACC758840,2024-10-10,PAYMENT,73888.83,EUR,BR890,COMPLETED,60.51,NORTH,CREDIT
TXN0001004,CUST7807,ACC583555,2024-09-07,CREDIT,85483.6,EUR,BR360,COMPLETED,52.33,WEST,CHECKING
TXN0001005,CUST3877,ACC672344,2024-11-06,CREDIT,-14245.76,USD,BR269,COMPLETED,20.12,SOUTH,LOAN
TXN0001006,CUST4289,ACC292279,2024-12-17,DEBIT,86563.77,USD,BR279,COMPLETED,65.01,EAST,LOAN
TXN0001007,CUST3165,ACC494228,2024-08-26,WITHDRAWAL,18764.74,EUR,BR773,COMPLETED,50.89,NORTH,CHECKING
TXN0001008,CUST9837,ACC920411,2024-09-22,CREDIT,-22031.22,GBP,BR451,COMPLETED,71.04,EAST,CREDIT
TXN0001009,CUST6994,ACC974357,2024-09-14,CREDIT,-38099.63,AUD,BR728,REVERSED,72.19,NORTH,SAVINGS
TXN0001010,CUST9697,ACC558115,2024-09-16,TRANSFER,3668.11,USD,BR799,PENDING,5.42,WEST,CREDIT
TXN0001011,CUST9221,ACC200707,2024-10-18,DEBIT,21701.41,USD,BR980,REVERSED,44.61,EAST,SAVINGS
TXN0001012,CUST5465,ACC245342,2024-08-12,PAYMENT,23468.91,USD,BR563,COMPLETED,90.39,CENTRAL,SAVINGS
TXN0001013,CUST3695,ACC652150,2024-06-27,DEBIT,-4842.38,USD,BR305,COMPLETED,28.78,WEST,LOAN
TXN0001014,CUST5210,ACC563367,2024-12-16,CREDIT,-49068.3,USD,BR132,PENDING,14.19,NORTH,CHECKING
TXN0001015,CUST8894,ACC827851,2024-04-17,PAYMENT,-1244.83,USD,BR323,COMPLETED,84.03,WEST,SAVINGS
TXN0001016,CUST5835,ACC428477,2024-12-20,PAYMENT,95835.35,GBP,BR603,COMPLETED,51.45,,SAVINGS
TXN0001017,CUST6549,ACC628288,2024-12-26,DEBIT,75001.01,AUD,BR359,COMPLETED,33.73,EAST,SAVINGS
TXN0001018,CUST2886,ACC818445,2024-07-09,WITHDRAWAL,15569.01,USD,BR627,COMPLETED,15.83,CENTRAL,CREDIT
TXN0001019,CUST8673,ACC847213,2024-12-07,PAYMENT,-31709.14,USD,BR980,COMPLETED,97.93,CENTRAL,SAVINGS
TXN0001020,CUST2233,ACC474927,2024-09-20,TRANSFER,-27613.89,EUR,BR925,REVERSED,6.56,SOUTH,LOAN
TXN0001021,CUST3306,ACC591130,2024-07-01,WITHDRAWAL,64046.94,EUR,BR473,COMPLETED,18.2,NORTH,LOAN
TXN0001022,CUST4696,ACC471399,2024-04-04,CREDIT,58664.97,AUD,BR763,COMPLETED,60.56,NORTH,SAVINGS
TXN0001023,CUST7511,ACC548443,2024-05-01,CREDIT,-3859.07,USD,BR153,FAILED,11.24,WEST,CREDIT
TXN0001024,CUST6992,ACC589215,2024-11-22,CREDIT,-8891.93,USD,BR637,REVERSED,69.07,SOUTH,LOAN
TXN0001025,,ACC540932,2024-09-30,CREDIT,23354.92,EUR,BR317,FAILED,42.81,NORTH,MORTGAGE
TXN0001026,CUST7464,ACC530187,2024-07-20,DEBIT,4232.15,USD,BR902,COMPLETED,12.91,NORTH,CREDIT
TXN0001027,CUST1228,ACC583691,2024-02-01,WITHDRAWAL,-14920.01,USD,BR548,,7.41,SOUTH,CHECKING
TXN0001028,CUST5332,ACC129017,2024-01-21,DEBIT,-40472.02,USD,BR959,PENDING,4.8,EAST,SAVINGS
TXN0001029,CUST9791,ACC686058,2024-04-13,CREDIT,-33675.94,USD,BR375,COMPLETED,27.51,SOUTH,MORTGAGE
TXN0001030,CUST3024,ACC127705,2024-01-09,CREDIT,60101.97,USD,BR966,REVERSED,97.95,WEST,LOAN
TXN0001031,CUST8451,ACC904016,2024-05-22,CREDIT,25466.98,EUR,BR327,COMPLETED,,WEST,CREDIT
TXN0001032,CUST7038,ACC541365,2024-06-03,DEBIT,20518.89,USD,BR248,COMPLETED,31.21,EAST,LOAN
TXN0001033,CUST5295,ACC192724,2024-04-30,CREDIT,12739.73,USD,BR851,COMPLETED,88.76,WEST,CREDIT
TXN0001034,CUST7242,ACC892572,2024-07-17,CREDIT,56320.31,USD,BR151,COMPLETED,66.48,NORTH,MORTGAGE
TXN0001035,CUST7086,ACC247414,2024-11-26,CREDIT,52907.41,USD,BR869,PENDING,11.42,EAST,CREDIT
TXN0001036,CUST2775,ACC745092,2024-02-11,DEBIT,-24196.22,EUR,BR153,COMPLETED,47.73,SOUTH,CREDIT
TXN0001037,CUST4830,ACC417078,2024-10-20,CREDIT,44948.93,USD,BR509,COMPLETED,21.66,CENTRAL,CREDIT
TXN0001038,CUST8724,ACC924843,2024-10-20,DEBIT,-29547.06,EUR,BR774,COMPLETED,2.2,EAST,MORTGAGE
TXN0001039,CUST1410,ACC354432,2024-06-13,CREDIT,57063.57,USD,BR104,COMPLETED,3.06,EAST,SAVINGS
TXN0001040,CUST6374,ACC708512,2024-02-26,CREDIT,36436.27,USD,BR950,FAILED,15.14,NORTH,CHECKING
TXN0001041,CUST4626,ACC637087,2024-08-23,CREDIT,37784.68,USD,BR763,COMPLETED,94.52,WEST,CHECKING
TXN0001042,CUST2035,ACC491235,2024-02-04,CREDIT,70150.7,USD,BR900,COMPLETED,40.43,EAST,CREDIT
TXN0001043,CUST8606,ACC233457,2024-06-26,TRANSFER,84558.04,USD,BR663,REVERSED,74.31,EAST,SAVINGS
TXN0001044,CUST5951,ACC751050,2024-03-24,DEBIT,72578.21,USD,BR352,COMPLETED,36.38,WEST,SAVINGS
TXN0001045,CUST7689,ACC669659,2024-04-17,DEBIT,-26117.74,AUD,BR102,COMPLETED,26.81,EAST,SAVINGS
TXN0001046,CUST2911,ACC693047,2024-10-19,DEBIT,-2893.51,USD,BR754,COMPLETED,,WEST,CHECKING
TXN0001047,CUST3290,ACC407592,2024-02-17,CREDIT,67822.07,EUR,BR565,COMPLETED,79.56,NORTH,SAVINGS
TXN0001048,CUST1742,ACC156136,2024-01-12,DEBIT,-47855.22,EUR,BR599,COMPLETED,60.44,EAST,SAVINGS
TXN0001049,CUST1609,ACC892026,2024-03-17,TRANSFER,54801.49,AUD,BR349,COMPLETED,24.4,WEST,CREDIT
TXN0001050,CUST5986,ACC986159,2024-11-25,TRANSFER,,USD,BR545,COMPLETED,81.26,WEST,SAVINGS
TXN0001051,CUST9071,ACC511733,2024-10-22,TRANSFER,79174.85,AUD,BR864,COMPLETED,47.11,SOUTH,CREDIT
TXN0001052,CUST2902,ACC232053,2024-03-26,CREDIT,-29208.17,,BR780,FAILED,64.63,NORTH,MORTGAGE
TXN0001053,CUST2592,ACC522515,2024-10-27,TRANSFER,,USD,BR490,COMPLETED,75.25,CENTRAL,CREDIT
TXN0001054,CUST4846,ACC802629,2024-06-27,DEBIT,-6579.75,USD,BR594,FAILED,81.86,CENTRAL,SAVINGS
TXN0001055,CUST9807,ACC106242,2024-12-05,DEBIT,-9034.34,EUR,BR878,COMPLETED,6.53,CENTRAL,SAVINGS
TXN0001056,CUST3222,ACC585289,2024-01-13,CREDIT,26718.45,USD,BR472,COMPLETED,13.87,EAST,CREDIT
TXN0001057,CUST7367,ACC946705,2024-02-17,DEBIT,88449.33,USD,BR619,PENDING,62.09,EAST,CHECKING
TXN0001058,CUST8432,ACC900058,2024-06-04,WITHDRAWAL,2665.96,USD,BR464,PENDING,86.24,NORTH,SAVINGS
TXN0001059,CUST7078,ACC643171,2024-04-11,PAYMENT,18006.9,USD,BR695,REVERSED,70.64,NORTH,SAVINGS
TXN0001060,CUST9850,ACC582576,2024-09-01,CREDIT,69260.3,USD,BR631,COMPLETED,88.44,CENTRAL,SAVINGS
TXN0001061,CUST7866,ACC979962,2024-05-21,CREDIT,-39339.32,EUR,BR552,REVERSED,29.47,EAST,CHECKING
TXN0001062,CUST3531,ACC156986,2024-11-30,TRANSFER,74507.16,EUR,BR598,COMPLETED,,EAST,CREDIT
TXN0001063,CUST7797,ACC188771,2024-09-18,DEBIT,50013.07,GBP,BR195,REVERSED,29.46,SOUTH,CHECKING
TXN0001064,CUST2622,ACC157349,2024-04-08,PAYMENT,-33430.55,USD,BR844,COMPLETED,24.3,EAST,CHECKING
TXN0001065,CUST9017,ACC383298,2024-01-30,CREDIT,92592.25,USD,BR851,PENDING,40.71,WEST,CHECKING
TXN0001066,CUST7686,ACC970207,2024-11-09,TRANSFER,47485.53,USD,BR852,PENDING,84.75,SOUTH,SAVINGS
TXN0001067,CUST5583,ACC781448,2024-04-10,CREDIT,6980.58,USD,BR424,COMPLETED,64.65,WEST,MORTGAGE
TXN0001068,CUST1536,ACC212248,2024-01-03,DEBIT,-48940.05,USD,BR579,COMPLETED,49.97,SOUTH,SAVINGS
TXN0001069,CUST7070,ACC449682,2024-10-22,DEBIT,-2652.39,AUD,BR960,PENDING,88.93,SOUTH,LOAN
TXN0001070,CUST4559,ACC723210,2024-07-31,DEBIT,32208.44,USD,BR339,COMPLETED,11.23,WEST,MORTGAGE
TXN0001071,CUST8264,ACC202130,2024-08-28,TRANSFER,75673.74,USD,BR331,COMPLETED,13.6,WEST,SAVINGS
TXN0001072,CUST8285,ACC961866,2024-02-12,TRANSFER,36509.54,EUR,BR338,REVERSED,85.7,NORTH,LOAN
TXN0001073,CUST4868,ACC404691,2024-04-17,CREDIT,83791.46,USD,BR440,COMPLETED,58.63,NORTH,SAVINGS
TXN0001074,CUST6942,ACC692910,2024-12-17,DEBIT,10280.41,USD,BR327,COMPLETED,12.31,NORTH,LOAN
TXN0001075,CUST2627,ACC604855,2024-10-30,DEBIT,72818.91,USD,BR613,COMPLETED,99.34,CENTRAL,CREDIT
TXN0001076,CUST7018,ACC824139,2024-09-12,CREDIT,-3482.5,AUD,BR316,COMPLETED,32.68,EAST,CREDIT
TXN0001077,CUST9920,ACC447401,2024-02-17,CREDIT,16025.68,USD,BR610,COMPLETED,38.85,SOUTH,MORTGAGE
TXN0001078,CUST6876,ACC163821,2024-11-07,CREDIT,10100.74,USD,BR884,COMPLETED,90.6,EAST,SAVINGS
TXN0001079,CUST1992,ACC227341,2024-02-28,TRANSFER,88093.77,AUD,BR703,PENDING,78.99,NORTH,CHECKING
TXN0001080,CUST7523,ACC876442,2024-03-15,DEBIT,72885.66,AUD,BR138,COMPLETED,13.88,EAST,SAVINGS
TXN0001081,CUST5520,ACC713015,2024-07-22,WITHDRAWAL,91916.56,EUR,BR288,COMPLETED,42.43,NORTH,CHECKING
TXN0001082,CUST4109,ACC807173,2024-01-25,DEBIT,62775.32,USD,BR352,COMPLETED,85.48,NORTH,CHECKING
TXN0001083,CUST3001,ACC635634,2024-11-20,TRANSFER,9924.78,USD,BR646,FAILED,3.02,SOUTH,SAVINGS
TXN0001084,CUST8450,ACC875278,2024-03-18,TRANSFER,5866.41,EUR,BR840,COMPLETED,24.47,CENTRAL,MORTGAGE
TXN0001085,CUST2501,ACC851778,2024-03-18,CREDIT,21075.12,USD,BR866,PENDING,61.39,EAST,LOAN
TXN0001086,CUST4475,ACC155595,2024-02-29,CREDIT,14953.54,USD,BR706,COMPLETED,2.89,SOUTH,CREDIT
TXN0001087,CUST1349,ACC835652,2024-04-16,DEBIT,10130.61,AUD,BR398,PENDING,93.84,EAST,CHECKING
TXN0001088,CUST1828,ACC315025,2024-03-21,DEBIT,-12243.81,EUR,BR900,COMPLETED,31.6,EAST,CHECKING
TXN0001089,CUST6464,ACC641342,2024-03-01,WITHDRAWAL,95899.7,USD,BR791,COMPLETED,23.26,NORTH,SAVINGS
TXN0001090,CUST4990,ACC251154,2024-12-17,TRANSFER,-42969.66,USD,BR157,COMPLETED,54.75,SOUTH,LOAN
TXN0001091,CUST3063,ACC689351,2024-12-24,DEBIT,2918.29,USD,BR434,COMPLETED,88.84,NORTH,CHECKING
TXN0001092,CUST4362,ACC876390,2024-08-23,DEBIT,-48736.9,GBP,BR547,COMPLETED,46.79,EAST,CHECKING
TXN0001093,CUST2124,ACC619364,2024-07-28,TRANSFER,50682.14,EUR,BR708,PENDING,21.81,NORTH,CHECKING
TXN0001094,CUST4394,ACC243028,2024-08-26,DEBIT,89248.84,USD,BR848,COMPLETED,69.4,WEST,SAVINGS
TXN0001095,CUST4538,ACC334402,2024-12-04,TRANSFER,77480.23,EUR,BR396,COMPLETED,57.0,SOUTH,LOAN
TXN0001096,CUST4817,ACC808502,2024-03-12,CREDIT,-29048.25,GBP,BR795,COMPLETED,31.51,SOUTH,CREDIT
TXN0001097,CUST6383,ACC770740,2024-01-28,CREDIT,15368.55,USD,BR951,COMPLETED,90.4,SOUTH,CHECKING
TXN0001098,CUST3417,ACC993654,2024-02-28,DEBIT,-570.16,EUR,BR569,REVERSED,90.96,NORTH,CHECKING
TXN0001099,CUST1046,ACC262293,2024-11-06,DEBIT,-1901.71,USD,BR488,PENDING,16.96,CENTRAL,SAVINGS
TXN0001100,CUST5542,ACC415508,2024-12-10,PAYMENT,-22243.18,USD,BR880,PENDING,62.73,SOUTH,MORTGAGE
TXN0001101,CUST3370,ACC758756,2024-02-15,DEBIT,23651.72,AUD,BR207,COMPLETED,99.04,SOUTH,SAVINGS
TXN0001102,CUST3129,ACC425992,2024-02-29,DEBIT,-40696.54,USD,BR726,COMPLETED,32.74,CENTRAL,CHECKING
TXN0001103,CUST9850,ACC854075,2024-02-27,CREDIT,35983.95,USD,BR272,COMPLETED,,NORTH,CHECKING
TXN0001104,CUST5106,ACC106764,2024-07-14,TRANSFER,30592.95,USD,BR574,REVERSED,52.62,NORTH,LOAN
TXN0001105,CUST3858,ACC944750,2024-07-25,TRANSFER,24266.19,USD,BR856,COMPLETED,30.4,CENTRAL,SAVINGS
TXN0001106,CUST2801,ACC608512,2024-02-23,DEBIT,-29846.03,USD,BR637,FAILED,51.75,SOUTH,LOAN
TXN0001107,CUST1422,ACC753959,2024-03-07,CREDIT,33746.75,USD,BR222,PENDING,,EAST,SAVINGS
TXN0001108,CUST3159,ACC821184,2024-04-02,CREDIT,23147.59,USD,BR257,PENDING,26.58,SOUTH,SAVINGS
TXN0001109,CUST1243,ACC310449,2024-01-22,TRANSFER,-28461.31,USD,BR860,PENDING,66.39,WEST,LOAN
TXN0001110,CUST6869,ACC220280,2024-03-02,DEBIT,4088.92,USD,BR792,COMPLETED,97.5,SOUTH,LOAN
TXN0001111,CUST4898,ACC170403,2024-11-12,DEBIT,61060.09,EUR,BR144,COMPLETED,,SOUTH,CREDIT
TXN0001112,CUST6304,ACC100037,2024-01-17,TRANSFER,-28738.52,USD,BR572,FAILED,37.77,WEST,CREDIT
TXN0001113,CUST1258,ACC260455,2024-08-16,DEBIT,-49257.97,AUD,BR720,COMPLETED,55.19,CENTRAL,SAVINGS
TXN0001114,CUST3854,ACC733120,2024-03-10,DEBIT,-38449.25,USD,BR747,PENDING,96.82,EAST,SAVINGS
TXN0001115,CUST5347,ACC226913,2024-06-24,PAYMENT,54974.74,EUR,BR510,COMPLETED,79.19,EAST,CREDIT
TXN0001116,CUST1858,ACC645073,2024-12-04,DEBIT,4272.31,USD,BR258,COMPLETED,37.68,CENTRAL,CREDIT
TXN0001117,CUST3076,ACC201568,2024-09-27,CREDIT,-43911.15,EUR,BR386,COMPLETED,39.83,CENTRAL,SAVINGS
TXN0001118,CUST7897,ACC359214,2024-08-12,CREDIT,83561.68,USD,BR653,COMPLETED,35.67,CENTRAL,CHECKING
TXN0001119,CUST9619,ACC314217,2024-05-07,CREDIT,-24474.84,USD,BR136,COMPLETED,14.74,NORTH,CREDIT
TXN0001120,CUST2862,ACC208639,2024-04-11,TRANSFER,74030.41,EUR,BR688,PENDING,5.28,WEST,SAVINGS
TXN0001121,CUST2041,ACC596754,2024-11-14,CREDIT,20111.98,EUR,BR916,COMPLETED,52.75,NORTH,LOAN
TXN0001122,CUST8802,ACC125854,2024-04-19,DEBIT,,GBP,BR728,COMPLETED,5.6,WEST,SAVINGS
TXN0001123,CUST8344,ACC973176,2024-01-19,CREDIT,46803.22,USD,BR461,PENDING,96.44,NORTH,SAVINGS
TXN0001124,CUST6931,ACC630374,2024-05-30,PAYMENT,14769.18,,BR262,COMPLETED,87.02,CENTRAL,SAVINGS
TXN0001125,CUST9408,ACC565374,2024-10-19,DEBIT,52835.67,GBP,BR263,COMPLETED,1.2,SOUTH,CHECKING
TXN0001126,CUST2786,ACC509693,2024-04-08,DEBIT,-44794.84,GBP,BR368,COMPLETED,92.57,WEST,SAVINGS
TXN0001127,CUST8405,ACC158356,2024-08-08,TRANSFER,6985.53,EUR,BR772,COMPLETED,30.78,SOUTH,SAVINGS
TXN0001128,CUST9254,ACC227728,2024-07-13,DEBIT,21842.9,,BR236,PENDING,33.68,SOUTH,SAVINGS
TXN0001129,CUST4629,ACC414492,2024-06-21,DEBIT,-4206.51,USD,BR872,COMPLETED,62.5,EAST,
TXN0001130,CUST1710,ACC524209,2024-04-16,CREDIT,79126.05,USD,BR565,,17.59,CENTRAL,CREDIT
TXN0001131,CUST9543,ACC607216,2024-10-01,DEBIT,14768.84,USD,BR435,COMPLETED,96.63,SOUTH,SAVINGS
TXN0001132,CUST5941,ACC292984,2024-01-07,CREDIT,37623.44,USD,BR536,COMPLETED,97.26,NORTH,SAVINGS
TXN0001133,CUST8504,ACC960116,2024-12-04,PAYMENT,-13136.91,USD,BR218,COMPLETED,60.78,SOUTH,CREDIT
TXN0001134,CUST1510,ACC346339,2024-04-01,DEBIT,70015.06,USD,BR990,COMPLETED,63.8,CENTRAL,MORTGAGE
TXN0001135,CUST1996,ACC982608,2024-08-21,CREDIT,-36841.99,GBP,BR560,PENDING,15.54,NORTH,CHECKING
TXN0001136,CUST8847,ACC988907,2024-11-29,CREDIT,-12924.24,USD,BR833,COMPLETED,51.47,EAST,CHECKING
TXN0001137,CUST7580,ACC673276,2024-12-06,WITHDRAWAL,-20902.9,EUR,BR351,COMPLETED,3.37,SOUTH,SAVINGS
TXN0001138,CUST7984,ACC372914,2024-06-03,CREDIT,31597.87,USD,BR557,COMPLETED,97.48,SOUTH,LOAN
TXN0001139,CUST2768,ACC961600,2024-09-23,PAYMENT,-21512.23,GBP,BR254,COMPLETED,57.71,EAST,SAVINGS
TXN0001140,CUST9032,ACC742525,2024-02-23,TRANSFER,35000.59,USD,BR155,PENDING,66.41,NORTH,LOAN
TXN0001141,CUST8267,ACC814416,2024-03-17,CREDIT,84663.29,USD,BR180,COMPLETED,73.32,SOUTH,SAVINGS
TXN0001142,CUST2204,ACC560461,2024-05-24,TRANSFER,-13727.83,USD,BR587,PENDING,10.18,WEST,MORTGAGE
TXN0001143,CUST2323,ACC790130,2024-03-31,DEBIT,-47027.27,GBP,BR971,FAILED,31.73,CENTRAL,SAVINGS
TXN0001144,CUST6277,ACC747137,2024-02-21,TRANSFER,-38153.01,EUR,BR844,COMPLETED,97.62,NORTH,SAVINGS
TXN0001145,CUST3430,ACC229180,2024-02-16,PAYMENT,88267.02,USD,BR809,COMPLETED,52.78,SOUTH,MORTGAGE
TXN0001146,CUST2076,ACC553355,2024-05-25,TRANSFER,70145.7,USD,BR950,COMPLETED,73.42,WEST,CHECKING
TXN0001147,CUST3067,ACC253350,2024-01-12,CREDIT,26246.53,USD,BR123,,90.92,WEST,LOAN
TXN0001148,CUST5505,ACC767101,2024-10-12,CREDIT,50287.59,AUD,BR165,COMPLETED,57.9,NORTH,LOAN
TXN0001149,CUST9984,ACC122709,2024-12-15,DEBIT,10072.55,EUR,BR215,COMPLETED,39.88,NORTH,CHECKING
TXN0001150,CUST6327,ACC293785,2024-07-21,DEBIT,-12261.21,USD,BR556,PENDING,27.27,WEST,CHECKING
TXN0001151,CUST7240,ACC248568,2024-11-16,DEBIT,29766.56,AUD,BR428,COMPLETED,37.2,NORTH,MORTGAGE
TXN0001152,CUST9692,ACC958311,2024-09-25,PAYMENT,1470.72,USD,BR753,FAILED,29.04,EAST,CHECKING
TXN0001153,CUST5831,ACC880768,2024-03-12,DEBIT,24722.9,USD,BR438,PENDING,13.61,NORTH,CHECKING
TXN0001154,CUST8433,ACC789402,2024-06-21,CREDIT,5729.6,USD,BR440,COMPLETED,31.63,WEST,CREDIT
TXN0001155,CUST9282,ACC352373,2024-01-05,WITHDRAWAL,54479.43,USD,BR810,COMPLETED,25.33,EAST,SAVINGS
TXN0001156,CUST8048,ACC279071,2024-10-22,TRANSFER,3321.87,GBP,BR500,COMPLETED,13.3,SOUTH,MORTGAGE
TXN0001157,CUST2624,ACC636362,2024-12-06,DEBIT,35426.98,EUR,BR565,FAILED,4.34,SOUTH,
TXN0001158,CUST2874,ACC877691,2024-06-16,CREDIT,-34348.7,AUD,BR570,COMPLETED,38.35,EAST,CHECKING
TXN0001159,CUST4522,ACC833613,2024-03-09,DEBIT,-38777.04,USD,BR993,PENDING,,SOUTH,CHECKING
TXN0001160,CUST8046,ACC673236,2024-03-17,DEBIT,-21071.4,EUR,BR401,REVERSED,51.84,WEST,CREDIT
TXN0001161,CUST8398,ACC310083,2024-11-01,PAYMENT,41291.92,USD,BR591,COMPLETED,43.64,EAST,SAVINGS
TXN0001162,CUST4743,ACC599288,2024-05-26,DEBIT,90460.4,EUR,BR353,FAILED,49.42,EAST,SAVINGS
TXN0001163,CUST7779,ACC603805,2024-07-11,DEBIT,1966.32,USD,BR477,COMPLETED,58.41,SOUTH,LOAN
TXN0001164,CUST6553,ACC404124,2024-03-06,CREDIT,56126.7,EUR,BR214,COMPLETED,57.9,WEST,SAVINGS
TXN0001165,CUST8430,ACC403509,2024-01-09,WITHDRAWAL,28492.37,USD,BR144,COMPLETED,24.77,WEST,SAVINGS
TXN0001166,CUST7532,ACC799961,2024-10-29,PAYMENT,-2392.81,AUD,BR528,COMPLETED,34.72,CENTRAL,MORTGAGE
TXN0001167,CUST7815,ACC204878,2024-04-09,PAYMENT,90618.9,AUD,BR564,PENDING,77.86,WEST,CREDIT
TXN0001168,CUST2557,ACC717363,2024-12-24,CREDIT,93646.88,USD,BR832,COMPLETED,29.72,SOUTH,CREDIT
TXN0001169,CUST6120,ACC616910,2024-07-06,CREDIT,81954.23,USD,BR410,PENDING,68.0,EAST,CREDIT
TXN0001170,CUST7992,ACC485183,2024-06-28,TRANSFER,-20042.17,USD,BR987,PENDING,85.15,SOUTH,CHECKING
TXN0001171,CUST6120,ACC800133,2024-07-13,TRANSFER,25250.66,EUR,BR404,COMPLETED,44.46,NORTH,LOAN
TXN0001172,CUST5176,ACC388548,2024-02-03,CREDIT,56892.88,USD,BR366,COMPLETED,40.03,SOUTH,CHECKING
TXN0001173,CUST7132,ACC510191,2024-12-01,DEBIT,-36651.16,USD,BR808,COMPLETED,20.28,SOUTH,CHECKING
TXN0001174,CUST3500,ACC504562,2024-01-01,DEBIT,-13769.62,USD,BR719,COMPLETED,98.25,SOUTH,SAVINGS
TXN0001175,CUST8770,ACC831541,2024-04-19,TRANSFER,,USD,BR908,COMPLETED,97.22,EAST,SAVINGS
TXN0001176,CUST2099,ACC938708,2024-12-07,DEBIT,9612.51,USD,BR720,REVERSED,16.69,WEST,SAVINGS
TXN0001177,CUST2494,ACC212549,2024-10-18,CREDIT,13632.09,,BR909,FAILED,65.04,CENTRAL,CHECKING
TXN0001178,CUST2398,ACC586501,2024-11-01,DEBIT,42644.21,USD,BR620,COMPLETED,63.76,CENTRAL,LOAN
TXN0001179,CUST2527,ACC537147,2024-06-25,TRANSFER,96006.52,AUD,BR677,COMPLETED,65.86,CENTRAL,
TXN0001180,CUST8075,ACC953009,2024-03-06,CREDIT,-12883.58,USD,BR143,COMPLETED,82.27,WEST,CREDIT
TXN0001181,CUST2582,ACC545469,2024-12-21,PAYMENT,98051.19,USD,BR904,FAILED,77.16,CENTRAL,LOAN
TXN0001182,CUST7105,ACC255363,2024-10-25,CREDIT,71182.81,EUR,BR826,COMPLETED,45.4,WEST,SAVINGS
TXN0001183,CUST3131,ACC129329,2024-09-11,CREDIT,31391.37,USD,BR602,FAILED,35.44,WEST,CHECKING
TXN0001184,CUST1982,ACC397189,2024-01-09,CREDIT,70842.08,USD,BR227,COMPLETED,7.78,CENTRAL,SAVINGS
TXN0001185,CUST6400,ACC579285,2024-02-19,CREDIT,3310.18,USD,BR817,COMPLETED,32.71,CENTRAL,LOAN
TXN0001186,CUST3002,ACC225961,2024-04-27,WITHDRAWAL,82783.86,USD,BR508,COMPLETED,14.27,EAST,CHECKING
TXN0001187,CUST7730,ACC691616,2024-08-20,CREDIT,30579.73,GBP,BR599,COMPLETED,,NORTH,CREDIT
TXN0001188,CUST6793,ACC508346,2024-03-01,PAYMENT,49644.18,USD,BR742,COMPLETED,20.55,NORTH,CHECKING
TXN0001189,CUST7929,ACC111554,2024-03-13,CREDIT,-39756.24,EUR,BR603,COMPLETED,91.21,SOUTH,LOAN
TXN0001190,CUST1842,ACC708738,2024-05-21,WITHDRAWAL,47998.95,USD,BR631,COMPLETED,46.59,NORTH,CHECKING
TXN0001191,CUST5712,ACC417468,2024-04-07,DEBIT,88513.55,GBP,BR963,COMPLETED,33.61,SOUTH,SAVINGS
TXN0001192,CUST6119,ACC135739,2024-08-05,DEBIT,-946.89,USD,BR856,COMPLETED,5.18,SOUTH,SAVINGS
TXN0001193,CUST6761,ACC776445,2024-07-02,WITHDRAWAL,52377.51,USD,BR828,COMPLETED,90.89,SOUTH,CHECKING
TXN0001194,CUST2697,ACC782017,2024-10-08,DEBIT,85593.68,USD,BR627,COMPLETED,21.22,WEST,CHECKING
TXN0001195,CUST9313,ACC789115,2024-06-16,DEBIT,53875.09,EUR,BR153,COMPLETED,18.47,WEST,CHECKING
TXN0001196,CUST4485,ACC749987,2024-10-03,DEBIT,40000.87,USD,BR340,COMPLETED,40.8,CENTRAL,SAVINGS
TXN0001197,CUST3535,ACC566070,2024-07-06,DEBIT,62495.82,EUR,BR118,COMPLETED,69.31,WEST,CREDIT
TXN0001198,CUST8900,ACC144702,2024-07-17,DEBIT,98977.9,USD,BR929,FAILED,54.32,SOUTH,CHECKING
TXN0001199,CUST4674,ACC471958,2024-06-06,DEBIT,66237.02,USD,BR269,COMPLETED,57.34,CENTRAL,CHECKING
TXN0001200,CUST2773,ACC246070,2024-03-07,CREDIT,87419.09,EUR,BR393,COMPLETED,15.57,WEST,SAVINGS
TXN0001201,CUST6736,ACC590636,2024-04-18,CREDIT,14824.75,AUD,BR869,COMPLETED,39.73,SOUTH,LOAN
TXN0001202,CUST7022,ACC858188,2024-01-14,PAYMENT,-10439.45,USD,BR689,COMPLETED,26.57,EAST,LOAN
TXN0001203,CUST2882,ACC580614,2024-05-12,CREDIT,13685.23,USD,BR969,COMPLETED,71.17,CENTRAL,SAVINGS
TXN0001204,CUST5564,ACC390354,2024-02-08,DEBIT,40413.59,USD,BR238,COMPLETED,1.61,NORTH,LOAN
TXN0001205,CUST4705,ACC109563,2024-03-20,CREDIT,45073.09,EUR,BR324,COMPLETED,1.24,SOUTH,SAVINGS
TXN0001206,CUST8030,ACC266004,2024-01-14,DEBIT,13135.77,USD,BR790,PENDING,73.62,NORTH,CHECKING
TXN0001207,CUST1430,ACC475125,2024-03-13,DEBIT,92346.68,EUR,BR792,REVERSED,,EAST,MORTGAGE
TXN0001208,CUST5381,ACC624957,2024-09-03,DEBIT,38786.68,USD,BR847,COMPLETED,74.62,CENTRAL,MORTGAGE
TXN0001209,CUST1474,ACC997412,2024-01-28,WITHDRAWAL,9000.15,GBP,BR101,COMPLETED,48.04,WEST,CREDIT
TXN0001210,CUST3955,ACC627649,2024-08-04,DEBIT,82798.8,GBP,BR109,COMPLETED,66.81,WEST,CREDIT
TXN0001211,CUST5477,ACC321018,2024-03-04,WITHDRAWAL,90378.84,EUR,BR673,PENDING,13.26,EAST,MORTGAGE
TXN0001212,CUST6062,ACC465779,2024-07-04,DEBIT,-7406.41,EUR,BR319,COMPLETED,74.45,SOUTH,CHECKING
TXN0001213,CUST6567,ACC840530,2024-11-10,DEBIT,14742.13,USD,BR329,,70.76,CENTRAL,SAVINGS
TXN0001214,CUST6751,ACC650560,2024-03-23,WITHDRAWAL,79000.88,USD,BR409,COMPLETED,40.04,EAST,LOAN
TXN0001215,,ACC509599,2024-09-02,PAYMENT,75476.49,EUR,BR223,COMPLETED,35.78,CENTRAL,LOAN
TXN0001216,CUST3972,ACC637966,2024-04-28,CREDIT,22786.96,GBP,BR646,COMPLETED,62.36,EAST,CHECKING
TXN0001217,CUST3347,ACC165814,2024-10-12,TRANSFER,38478.21,EUR,BR591,COMPLETED,75.73,CENTRAL,CHECKING
TXN0001218,CUST7566,ACC282973,2024-09-10,PAYMENT,-21314.1,EUR,BR924,FAILED,57.97,WEST,LOAN
TXN0001219,CUST2140,ACC787781,2024-05-22,TRANSFER,22207.97,GBP,BR223,COMPLETED,61.99,SOUTH,CREDIT
TXN0001220,CUST3324,ACC258757,2024-01-31,TRANSFER,,USD,BR898,PENDING,8.16,SOUTH,MORTGAGE
TXN0001221,CUST1502,ACC468959,2024-03-26,PAYMENT,40930.43,USD,BR427,REVERSED,80.15,WEST,SAVINGS
TXN0001222,CUST2503,ACC787796,2024-11-02,TRANSFER,97990.49,EUR,BR823,COMPLETED,9.62,CENTRAL,CHECKING
TXN0001223,CUST9691,ACC854145,2024-11-13,CREDIT,-36431.62,GBP,BR420,COMPLETED,48.8,WEST,CHECKING
TXN0001224,CUST4524,ACC690503,2024-02-01,WITHDRAWAL,81658.86,GBP,BR908,COMPLETED,52.55,WEST,SAVINGS
TXN0001225,CUST7163,ACC455772,2024-08-14,TRANSFER,-30332.57,USD,BR801,COMPLETED,11.9,WEST,CHECKING
TXN0001226,CUST7878,ACC581801,2024-02-13,TRANSFER,98207.38,USD,BR118,PENDING,33.62,EAST,LOAN
TXN0001227,CUST8432,ACC849923,2024-08-08,DEBIT,72511.7,EUR,BR928,COMPLETED,65.37,EAST,SAVINGS
TXN0001228,CUST6585,ACC924911,2024-08-06,DEBIT,24167.98,AUD,BR300,COMPLETED,,SOUTH,LOAN
TXN0001229,CUST3578,ACC246841,2024-10-29,CREDIT,-38438.25,USD,BR731,COMPLETED,25.47,SOUTH,CHECKING
TXN0001230,CUST7062,ACC391860,2024-01-12,TRANSFER,63850.32,EUR,BR740,COMPLETED,36.37,SOUTH,CHECKING
TXN0001231,CUST6105,ACC923091,2024-07-30,CREDIT,51951.3,USD,BR298,COMPLETED,86.31,SOUTH,LOAN
TXN0001232,CUST6314,ACC899652,2024-04-26,CREDIT,99521.21,GBP,BR156,COMPLETED,76.1,EAST,MORTGAGE
TXN0001233,CUST2391,ACC790428,2024-03-07,CREDIT,-3078.79,USD,BR895,FAILED,,WEST,
TXN0001234,CUST1861,ACC417645,2024-03-05,CREDIT,58044.7,EUR,BR960,PENDING,83.95,EAST,CREDIT
TXN0001235,CUST3549,ACC513064,2024-05-24,DEBIT,51414.57,AUD,BR335,COMPLETED,92.43,SOUTH,SAVINGS
TXN0001236,CUST3579,ACC171523,2024-09-28,TRANSFER,-30918.98,GBP,BR621,REVERSED,43.17,NORTH,CREDIT
TXN0001237,CUST1815,ACC980096,2024-11-28,DEBIT,-48645.74,AUD,BR976,COMPLETED,71.83,SOUTH,CHECKING
TXN0001238,CUST2336,ACC776472,2024-02-24,CREDIT,31003.97,EUR,BR110,COMPLETED,95.42,,SAVINGS
TXN0001239,CUST5458,ACC607243,2024-06-24,CREDIT,49061.31,USD,BR294,COMPLETED,3.15,EAST,CREDIT
TXN0001240,CUST8259,ACC494812,2024-06-12,CREDIT,-26173.18,USD,BR869,FAILED,45.81,SOUTH,SAVINGS
TXN0001241,CUST7947,ACC594668,2024-05-13,PAYMENT,87266.05,USD,BR478,COMPLETED,8.76,NORTH,CHECKING
TXN0001242,CUST8957,ACC735271,2024-03-22,DEBIT,-31370.0,USD,BR375,COMPLETED,27.63,WEST,CREDIT
TXN0001243,CUST8242,ACC790982,2024-12-16,WITHDRAWAL,79068.32,GBP,BR310,COMPLETED,74.04,CENTRAL,CHECKING
TXN0001244,CUST7785,ACC289136,2024-11-19,TRANSFER,4799.57,USD,BR207,COMPLETED,53.74,EAST,SAVINGS
TXN0001245,CUST5475,ACC704020,2024-11-24,PAYMENT,-38715.27,USD,BR946,COMPLETED,95.7,CENTRAL,CHECKING
TXN0001246,CUST4531,ACC842916,2024-01-04,TRANSFER,-43780.15,EUR,BR355,COMPLETED,29.59,EAST,CHECKING
TXN0001247,CUST9394,ACC631607,2024-04-23,TRANSFER,-8897.57,EUR,BR551,COMPLETED,52.57,EAST,CHECKING
TXN0001248,CUST2864,ACC913063,2024-12-25,CREDIT,2776.43,AUD,BR853,FAILED,54.86,CENTRAL,LOAN
TXN0001249,CUST6655,ACC790912,2024-12-29,DEBIT,69476.46,USD,BR325,PENDING,98.11,EAST,CHECKING
TXN0001250,CUST8043,ACC650957,2024-05-26,DEBIT,-24271.72,USD,BR211,PENDING,35.18,NORTH,CREDIT
TXN0001251,CUST2816,ACC371818,2024-01-17,DEBIT,-4288.1,USD,BR254,COMPLETED,97.29,SOUTH,LOAN
TXN0001252,CUST5640,ACC235708,2024-05-07,PAYMENT,97933.48,EUR,BR828,COMPLETED,97.09,WEST,SAVINGS
TXN0001253,CUST8972,ACC831663,2024-01-31,CREDIT,-9400.71,USD,BR684,COMPLETED,1.78,EAST,CHECKING
TXN0001254,CUST9633,ACC439818,2024-03-04,CREDIT,53294.19,AUD,BR478,COMPLETED,96.97,SOUTH,LOAN
TXN0001255,CUST6053,ACC717456,2024-01-09,DEBIT,-27424.35,EUR,BR915,COMPLETED,87.37,,SAVINGS
TXN0001256,CUST1744,ACC708934,2024-11-11,TRANSFER,-35922.43,USD,BR811,FAILED,34.25,WEST,CHECKING
TXN0001257,CUST4612,ACC465004,2024-07-04,CREDIT,487.26,USD,BR129,REVERSED,38.59,NORTH,MORTGAGE
TXN0001258,CUST7475,ACC712885,2024-07-26,CREDIT,11205.15,GBP,BR913,COMPLETED,56.98,EAST,CHECKING
TXN0001259,CUST1897,ACC747469,2024-09-11,CREDIT,44825.45,EUR,BR893,COMPLETED,25.76,SOUTH,LOAN
TXN0001260,CUST1125,ACC970198,2024-10-15,DEBIT,-14626.74,AUD,BR377,COMPLETED,38.31,SOUTH,CHECKING
TXN0001261,CUST4349,ACC523387,2024-11-23,CREDIT,-18179.36,GBP,BR664,COMPLETED,29.44,EAST,CHECKING
TXN0001262,CUST5938,ACC170852,2024-08-19,CREDIT,51717.0,,BR627,COMPLETED,50.21,SOUTH,CHECKING
TXN0001263,CUST4460,ACC147111,2024-07-07,DEBIT,-44529.57,USD,BR741,COMPLETED,92.7,SOUTH,SAVINGS
TXN0001264,CUST3248,ACC130955,2024-08-04,PAYMENT,-26651.17,USD,BR978,COMPLETED,75.05,WEST,CHECKING
TXN0001265,CUST5186,ACC993419,2024-06-06,WITHDRAWAL,-21708.41,USD,BR850,COMPLETED,97.57,CENTRAL,CHECKING
TXN0001266,CUST5742,ACC868477,2024-11-14,WITHDRAWAL,-30278.52,GBP,BR658,FAILED,42.95,EAST,MORTGAGE
TXN0001267,CUST6375,ACC266911,2024-02-03,TRANSFER,-30765.99,USD,BR210,COMPLETED,14.93,WEST,SAVINGS
TXN0001268,CUST2965,ACC342959,2024-07-08,CREDIT,-13912.65,EUR,BR889,PENDING,,WEST,CHECKING
TXN0001269,CUST1126,ACC201229,2024-08-14,DEBIT,30769.0,USD,BR731,COMPLETED,53.83,NORTH,CHECKING
TXN0001270,CUST9149,ACC797576,2024-10-29,PAYMENT,93161.43,USD,BR654,REVERSED,6.21,EAST,LOAN
TXN0001271,CUST8055,ACC211380,2024-12-12,TRANSFER,-47825.98,EUR,BR610,COMPLETED,,SOUTH,CREDIT
TXN0001272,CUST3878,ACC623694,2024-06-27,WITHDRAWAL,-41951.86,AUD,BR818,COMPLETED,10.24,NORTH,SAVINGS
TXN0001273,CUST3116,ACC812321,2024-07-09,TRANSFER,24177.4,USD,BR473,COMPLETED,11.56,NORTH,CHECKING
TXN0001274,CUST7229,ACC599555,2024-05-25,CREDIT,-2994.61,EUR,BR678,COMPLETED,78.91,CENTRAL,SAVINGS
TXN0001275,CUST9725,ACC439381,2024-08-05,CREDIT,78269.05,USD,BR968,FAILED,71.48,WEST,CHECKING
TXN0001276,CUST4770,ACC896822,2024-03-29,WITHDRAWAL,63507.63,AUD,BR679,COMPLETED,15.14,WEST,CHECKING
TXN0001277,CUST9196,ACC342781,2024-05-06,DEBIT,75727.62,EUR,BR573,COMPLETED,76.1,NORTH,CREDIT
TXN0001278,CUST6802,ACC909231,2024-05-08,TRANSFER,-40168.14,USD,BR333,COMPLETED,95.72,NORTH,SAVINGS
TXN0001279,CUST2180,ACC947831,2024-09-02,DEBIT,-8951.84,AUD,BR241,PENDING,36.71,NORTH,LOAN
TXN0001280,CUST7505,ACC868236,2024-02-24,DEBIT,-26056.26,USD,BR810,PENDING,7.0,EAST,
TXN0001281,CUST1693,ACC934252,2024-03-11,DEBIT,-28828.5,,BR281,FAILED,20.74,NORTH,CHECKING
TXN0001282,CUST8147,ACC348111,2024-05-08,CREDIT,-7537.63,USD,BR757,COMPLETED,83.89,NORTH,MORTGAGE
TXN0001283,CUST1307,ACC210553,2024-08-24,CREDIT,-5371.13,USD,BR697,COMPLETED,6.68,EAST,LOAN
TXN0001284,CUST8532,ACC282450,2024-08-10,PAYMENT,62953.53,EUR,BR236,PENDING,36.09,EAST,SAVINGS
TXN0001285,CUST2275,ACC863534,2024-01-02,WITHDRAWAL,1978.78,EUR,BR995,COMPLETED,39.97,NORTH,SAVINGS
TXN0001286,CUST6129,ACC502740,2024-02-26,DEBIT,23178.88,USD,BR953,COMPLETED,53.68,WEST,SAVINGS
TXN0001287,CUST8033,ACC892528,2024-01-23,CREDIT,5360.89,USD,BR592,COMPLETED,55.43,SOUTH,SAVINGS
TXN0001288,CUST7626,ACC540460,2024-10-11,CREDIT,63995.03,USD,BR637,COMPLETED,88.68,WEST,CREDIT
TXN0001289,CUST7843,ACC167496,2024-01-31,WITHDRAWAL,61844.47,USD,BR139,COMPLETED,72.72,SOUTH,SAVINGS
TXN0001290,CUST5743,ACC164934,2024-03-01,PAYMENT,-18146.27,USD,BR736,COMPLETED,0.19,WEST,CHECKING
TXN0001291,CUST2887,ACC741627,2024-09-20,PAYMENT,80067.92,EUR,BR704,COMPLETED,82.58,SOUTH,LOAN
TXN0001292,CUST7636,ACC362651,2024-03-03,CREDIT,91249.15,EUR,BR246,COMPLETED,92.07,CENTRAL,MORTGAGE
TXN0001293,CUST1341,ACC220034,2024-01-20,WITHDRAWAL,27323.71,USD,BR634,PENDING,87.72,EAST,CHECKING
TXN0001294,CUST6321,ACC139235,2024-04-16,CREDIT,,USD,BR340,COMPLETED,21.19,SOUTH,SAVINGS
TXN0001295,CUST3815,ACC987936,2024-01-14,PAYMENT,45947.65,USD,BR920,REVERSED,,NORTH,CREDIT
TXN0001296,CUST8538,ACC886363,2024-07-30,TRANSFER,82295.63,AUD,BR817,FAILED,10.86,WEST,CHECKING
TXN0001297,CUST6928,ACC176421,2024-10-10,CREDIT,41215.21,USD,BR778,PENDING,39.21,NORTH,SAVINGS
TXN0001298,CUST2443,ACC562976,2024-04-27,PAYMENT,19844.59,USD,BR688,COMPLETED,82.71,SOUTH,CREDIT
TXN0001299,CUST8155,ACC900432,2024-02-21,CREDIT,-29042.92,EUR,BR964,PENDING,79.29,WEST,SAVINGS
TXN0001300,CUST2734,ACC492505,2024-08-18,PAYMENT,-9525.54,USD,BR652,FAILED,91.77,EAST,SAVINGS
TXN0001301,CUST4986,ACC735996,2024-07-23,TRANSFER,-4658.01,USD,BR505,PENDING,80.02,WEST,LOAN
TXN0001302,CUST8138,ACC761959,2024-05-21,PAYMENT,68160.22,EUR,BR315,COMPLETED,36.24,EAST,CREDIT
TXN0001303,CUST7560,ACC981516,2024-02-16,CREDIT,-37094.15,EUR,BR995,COMPLETED,55.35,,CHECKING
TXN0001304,CUST9584,ACC130890,2024-09-07,WITHDRAWAL,86094.8,EUR,BR691,PENDING,32.82,EAST,SAVINGS
TXN0001305,CUST2288,ACC282522,2024-03-23,CREDIT,-48196.3,USD,BR196,COMPLETED,18.15,CENTRAL,SAVINGS
TXN0001306,CUST7484,ACC436759,2024-08-04,PAYMENT,22632.47,USD,BR744,COMPLETED,99.32,NORTH,CREDIT
TXN0001307,CUST6083,ACC212890,2024-09-21,TRANSFER,50391.19,GBP,BR139,COMPLETED,0.99,WEST,SAVINGS
TXN0001308,CUST6562,ACC832667,2024-01-22,DEBIT,-23916.46,USD,BR529,,17.06,SOUTH,CREDIT
TXN0001309,CUST4630,ACC571345,2024-10-05,WITHDRAWAL,51651.76,EUR,BR282,,96.01,SOUTH,CHECKING
TXN0001310,CUST6456,ACC495972,2024-01-07,DEBIT,55390.64,USD,BR131,PENDING,1.3,WEST,CHECKING
TXN0001311,CUST3754,ACC239687,2024-09-21,WITHDRAWAL,-13771.08,EUR,BR383,COMPLETED,10.22,CENTRAL,SAVINGS
TXN0001312,CUST2251,ACC768357,2024-02-19,TRANSFER,89292.39,USD,BR539,COMPLETED,44.82,EAST,CHECKING
TXN0001313,CUST9363,ACC701651,2024-12-09,DEBIT,63473.63,USD,BR950,COMPLETED,94.96,NORTH,CHECKING
TXN0001314,CUST2868,ACC683499,2024-07-06,DEBIT,,USD,BR571,COMPLETED,55.68,CENTRAL,SAVINGS
TXN0001315,CUST9693,ACC309436,2024-08-17,TRANSFER,44439.97,USD,BR675,COMPLETED,86.19,EAST,CHECKING
TXN0001316,CUST9355,ACC305225,2024-02-24,CREDIT,-16908.25,USD,BR524,COMPLETED,42.34,EAST,SAVINGS
TXN0001317,CUST4176,ACC364760,2024-03-16,CREDIT,15424.78,USD,BR301,COMPLETED,,CENTRAL,LOAN
TXN0001318,CUST6724,ACC614958,2024-10-30,CREDIT,1472.13,USD,BR141,COMPLETED,83.58,SOUTH,SAVINGS
TXN0001319,CUST6752,ACC558767,2024-01-16,DEBIT,16125.4,USD,BR886,COMPLETED,90.46,WEST,CHECKING
TXN0001320,CUST3419,ACC811824,2024-02-25,TRANSFER,-40269.26,USD,BR327,PENDING,46.17,WEST,SAVINGS
TXN0001321,CUST4871,ACC399986,2024-06-24,DEBIT,-30908.93,GBP,BR655,COMPLETED,59.49,WEST,CREDIT
TXN0001322,CUST2684,ACC336450,2024-12-26,CREDIT,3545.18,EUR,BR165,COMPLETED,25.98,CENTRAL,LOAN
TXN0001323,CUST3399,ACC310965,2024-02-01,DEBIT,92052.04,EUR,BR972,COMPLETED,37.25,NORTH,LOAN
TXN0001324,CUST5193,ACC878204,2024-08-25,PAYMENT,632.99,USD,BR496,COMPLETED,76.48,EAST,CHECKING
TXN0001325,CUST4232,ACC269963,2024-02-13,CREDIT,-3502.3,USD,BR692,COMPLETED,16.94,WEST,LOAN
TXN0001326,CUST3842,ACC555148,2024-04-10,DEBIT,89012.84,USD,BR169,COMPLETED,25.02,EAST,LOAN
TXN0001327,CUST3504,ACC953370,2024-09-17,DEBIT,-6784.92,USD,BR685,PENDING,67.02,EAST,LOAN
TXN0001328,CUST2234,ACC654203,2024-01-22,DEBIT,90641.41,GBP,BR872,COMPLETED,62.8,,CHECKING
TXN0001329,CUST3902,ACC947954,2024-07-28,DEBIT,-23041.33,USD,BR363,COMPLETED,61.33,WEST,CHECKING
TXN0001330,CUST9095,ACC928379,2024-08-19,PAYMENT,8445.08,USD,BR658,REVERSED,75.96,SOUTH,CHECKING
TXN0001331,CUST8601,ACC301636,2024-02-22,CREDIT,14198.6,,BR502,COMPLETED,14.88,EAST,CHECKING
TXN0001332,CUST8354,ACC190196,2024-05-06,CREDIT,937.85,USD,BR591,COMPLETED,59.35,CENTRAL,CHECKING
TXN0001333,CUST6295,ACC710384,2024-01-28,CREDIT,52501.19,EUR,BR140,COMPLETED,22.12,NORTH,CREDIT
TXN0001334,CUST6179,ACC125420,2024-08-24,DEBIT,37014.66,USD,BR578,COMPLETED,64.37,NORTH,MORTGAGE
TXN0001335,CUST3473,ACC759675,2024-12-30,PAYMENT,69795.57,AUD,BR764,COMPLETED,32.13,EAST,LOAN
TXN0001336,CUST8205,ACC801138,2024-04-27,PAYMENT,36565.11,USD,BR488,PENDING,92.83,SOUTH,CHECKING
TXN0001337,CUST2118,ACC200879,2024-06-19,WITHDRAWAL,80494.26,GBP,BR815,COMPLETED,16.85,CENTRAL,SAVINGS
TXN0001338,CUST8682,ACC313426,2024-02-10,DEBIT,41082.47,USD,BR727,COMPLETED,88.42,NORTH,LOAN
TXN0001339,CUST8245,ACC134853,2024-01-25,PAYMENT,-23115.19,USD,BR650,COMPLETED,59.37,NORTH,LOAN
TXN0001340,CUST5961,ACC949355,2024-05-27,WITHDRAWAL,56170.41,USD,BR867,COMPLETED,38.39,SOUTH,CREDIT
TXN0001341,CUST5500,ACC247390,2024-07-03,PAYMENT,74840.32,EUR,BR516,COMPLETED,51.39,EAST,CHECKING
TXN0001342,CUST1920,ACC105490,2024-09-28,CREDIT,94257.93,USD,BR967,PENDING,39.73,SOUTH,SAVINGS
TXN0001343,CUST6766,ACC477027,2024-05-21,PAYMENT,1861.86,AUD,BR994,COMPLETED,24.69,NORTH,CREDIT
TXN0001344,CUST9312,ACC912002,2024-09-08,CREDIT,90060.62,USD,BR938,COMPLETED,6.39,NORTH,LOAN
TXN0001345,CUST2215,ACC527847,2024-06-02,CREDIT,-35266.71,GBP,BR362,COMPLETED,19.2,NORTH,SAVINGS
TXN0001346,CUST6085,ACC695900,2024-04-12,DEBIT,82705.34,USD,BR379,COMPLETED,49.06,EAST,CHECKING
TXN0001347,CUST8565,ACC673131,2024-07-24,PAYMENT,74575.98,USD,BR945,PENDING,13.78,NORTH,CHECKING
TXN0001348,CUST8404,ACC175460,2024-03-30,TRANSFER,-16612.49,USD,BR380,COMPLETED,54.31,EAST,LOAN
TXN0001349,CUST1616,ACC457261,2024-02-28,PAYMENT,-12565.86,EUR,BR700,PENDING,33.92,SOUTH,CREDIT
TXN0001350,CUST1932,ACC294305,2024-12-26,DEBIT,-42419.12,USD,BR165,PENDING,96.26,EAST,CREDIT
TXN0001351,CUST7041,ACC815507,2024-04-10,DEBIT,-26360.37,USD,BR222,COMPLETED,93.46,NORTH,LOAN
TXN0001352,CUST5703,ACC865436,2024-01-13,CREDIT,42809.52,USD,BR658,COMPLETED,63.42,EAST,CHECKING
TXN0001353,CUST2257,ACC863660,2024-01-09,WITHDRAWAL,61128.22,USD,BR459,REVERSED,30.79,SOUTH,CREDIT
TXN0001354,CUST2479,ACC773429,2024-10-16,TRANSFER,95864.93,EUR,BR183,COMPLETED,59.97,WEST,SAVINGS
TXN0001355,CUST9307,ACC653810,2024-08-10,DEBIT,46605.11,USD,BR143,COMPLETED,52.55,SOUTH,LOAN
TXN0001356,CUST7299,ACC620277,2024-04-03,TRANSFER,-415.64,GBP,BR208,COMPLETED,19.93,EAST,LOAN
TXN0001357,CUST8581,ACC299372,2024-06-27,TRANSFER,-22859.66,EUR,BR451,REVERSED,9.88,NORTH,CREDIT
TXN0001358,CUST1672,ACC972837,2024-09-29,CREDIT,-6796.78,USD,BR369,COMPLETED,55.32,SOUTH,CHECKING
TXN0001359,CUST8368,ACC317553,2024-09-27,DEBIT,16969.47,USD,BR784,REVERSED,10.64,CENTRAL,LOAN
TXN0001360,CUST4084,ACC698076,2024-12-12,CREDIT,-21658.43,USD,BR270,PENDING,45.77,NORTH,SAVINGS
TXN0001361,CUST6267,ACC967776,2024-06-30,CREDIT,55728.38,AUD,BR550,REVERSED,54.51,CENTRAL,LOAN
TXN0001362,CUST8792,ACC596744,2024-08-16,CREDIT,74835.04,USD,BR896,FAILED,59.41,NORTH,CHECKING
TXN0001363,CUST9214,ACC625179,2024-08-06,DEBIT,-39519.38,USD,BR279,COMPLETED,3.97,SOUTH,LOAN
TXN0001364,CUST3471,ACC469209,2024-12-26,DEBIT,-30260.38,USD,BR430,COMPLETED,2.68,WEST,LOAN
TXN0001365,CUST2013,ACC473801,2024-08-07,DEBIT,79730.24,USD,BR442,COMPLETED,36.99,SOUTH,CREDIT
TXN0001366,CUST8381,ACC748522,2024-11-01,CREDIT,79682.51,USD,BR570,COMPLETED,78.06,SOUTH,CHECKING
TXN0001367,CUST2695,ACC685836,2024-05-09,CREDIT,-16842.91,USD,BR334,COMPLETED,3.37,NORTH,CHECKING
TXN0001368,CUST6626,ACC994877,2024-09-11,DEBIT,87843.82,USD,BR115,COMPLETED,84.01,EAST,LOAN
TXN0001369,CUST2381,ACC244570,2024-01-16,DEBIT,53298.39,USD,BR854,REVERSED,8.14,SOUTH,LOAN
TXN0001370,CUST9266,ACC940534,2024-04-14,TRANSFER,-33553.66,USD,BR204,COMPLETED,31.78,EAST,CHECKING
TXN0001371,CUST3827,ACC170416,2024-03-02,CREDIT,97959.55,USD,BR616,,74.32,EAST,MORTGAGE
TXN0001372,CUST1641,ACC560197,2024-10-14,DEBIT,1995.61,USD,BR864,PENDING,19.13,SOUTH,SAVINGS
TXN0001373,CUST5059,ACC548278,2024-01-03,DEBIT,-13636.94,USD,BR147,COMPLETED,23.39,EAST,CHECKING
TXN0001374,CUST8172,ACC755853,2024-06-19,DEBIT,54522.63,USD,BR638,COMPLETED,91.21,CENTRAL,LOAN
TXN0001375,CUST8199,ACC494388,2024-04-11,DEBIT,4394.74,USD,BR606,COMPLETED,49.1,NORTH,
TXN0001376,CUST9586,ACC174310,2024-12-09,CREDIT,19293.93,AUD,BR238,COMPLETED,14.93,SOUTH,CREDIT
TXN0001377,CUST9564,ACC696799,2024-04-12,CREDIT,88012.87,USD,BR445,COMPLETED,10.2,WEST,LOAN
TXN0001378,CUST3600,ACC181939,2024-11-06,DEBIT,92340.25,GBP,BR615,COMPLETED,54.68,EAST,CREDIT
TXN0001379,CUST6962,ACC233370,2024-07-25,CREDIT,70306.18,USD,BR408,COMPLETED,44.61,WEST,SAVINGS
TXN0001380,CUST7108,ACC920392,2024-03-21,DEBIT,-37358.63,USD,BR279,COMPLETED,88.99,NORTH,CREDIT
TXN0001381,CUST5634,ACC642372,2024-08-13,WITHDRAWAL,60909.31,USD,BR974,FAILED,77.65,SOUTH,LOAN
TXN0001382,CUST7347,ACC412713,2024-05-10,DEBIT,13213.36,USD,BR329,REVERSED,80.18,CENTRAL,CHECKING
TXN0001383,CUST7697,ACC205814,2024-08-11,DEBIT,51001.07,USD,BR116,PENDING,8.57,NORTH,SAVINGS
TXN0001384,CUST6543,ACC223655,2024-07-20,DEBIT,97453.62,USD,BR234,COMPLETED,51.43,WEST,CREDIT
TXN0001385,CUST1857,ACC622937,2024-08-11,PAYMENT,-44960.54,USD,BR265,PENDING,14.9,WEST,LOAN
TXN0001386,CUST6482,ACC341773,2024-03-17,DEBIT,88920.85,EUR,BR756,COMPLETED,46.21,CENTRAL,CHECKING
TXN0001387,CUST2079,ACC153979,2024-02-10,CREDIT,8739.44,USD,BR849,COMPLETED,99.86,EAST,
TXN0001388,CUST6401,ACC730707,2024-06-29,WITHDRAWAL,48016.69,USD,BR586,COMPLETED,79.79,CENTRAL,LOAN
TXN0001389,CUST2548,ACC666795,2024-10-26,DEBIT,50946.19,EUR,BR921,FAILED,22.73,CENTRAL,CHECKING
TXN0001390,CUST7333,ACC446994,2024-02-02,CREDIT,39706.0,AUD,BR284,PENDING,23.58,SOUTH,SAVINGS
TXN0001391,CUST5655,ACC123637,2024-09-25,DEBIT,-43121.28,GBP,BR596,PENDING,83.15,CENTRAL,CHECKING
TXN0001392,CUST5128,ACC334903,2024-05-03,PAYMENT,57571.21,USD,BR807,COMPLETED,40.95,NORTH,LOAN
TXN0001393,CUST3463,ACC961224,2024-03-11,CREDIT,75124.03,USD,BR951,COMPLETED,8.39,,CHECKING
TXN0001394,CUST6461,ACC403978,2024-12-24,PAYMENT,-21561.54,USD,BR481,FAILED,33.19,NORTH,LOAN
TXN0001395,CUST2335,ACC968376,2024-08-31,DEBIT,-12322.16,GBP,BR262,COMPLETED,6.67,SOUTH,CHECKING
TXN0001396,CUST3317,ACC363592,2024-01-10,DEBIT,-17661.42,USD,BR217,COMPLETED,33.75,SOUTH,SAVINGS
TXN0001397,CUST6731,ACC509391,2024-01-17,TRANSFER,-9943.15,USD,BR803,COMPLETED,98.13,SOUTH,SAVINGS
TXN0001398,CUST6082,ACC837435,2024-01-30,DEBIT,-12352.99,GBP,BR452,COMPLETED,87.59,CENTRAL,SAVINGS
TXN0001399,CUST7421,ACC475290,2024-05-16,CREDIT,73556.82,USD,BR962,COMPLETED,1.31,CENTRAL,SAVINGS
TXN0001400,CUST3112,ACC171253,2024-07-25,CREDIT,62312.31,USD,BR272,COMPLETED,53.42,SOUTH,CHECKING
TXN0001401,CUST2388,ACC265531,2024-07-31,DEBIT,34514.07,USD,BR598,COMPLETED,95.21,NORTH,LOAN
TXN0001402,CUST6072,ACC402062,2024-08-05,WITHDRAWAL,69157.32,EUR,BR897,PENDING,96.05,CENTRAL,CHECKING
TXN0001403,CUST7171,ACC178409,2024-02-21,DEBIT,38235.92,USD,BR847,FAILED,68.52,WEST,CHECKING
TXN0001404,CUST6381,ACC660383,2024-06-08,TRANSFER,-12067.61,,BR782,COMPLETED,2.03,EAST,
TXN0001405,CUST3093,ACC703304,2024-06-18,WITHDRAWAL,-26553.48,USD,BR250,PENDING,65.65,WEST,MORTGAGE
TXN0001406,CUST9624,ACC353124,2024-11-16,CREDIT,64022.11,EUR,BR347,FAILED,,EAST,MORTGAGE
TXN0001407,CUST2531,ACC994640,2024-10-28,DEBIT,88490.87,USD,BR170,COMPLETED,39.55,WEST,SAVINGS
TXN0001408,CUST7937,ACC642910,2024-01-13,DEBIT,-48881.67,AUD,BR986,COMPLETED,94.33,SOUTH,CREDIT
TXN0001409,CUST9331,ACC740939,2024-02-04,PAYMENT,-41543.84,USD,BR223,COMPLETED,79.07,CENTRAL,CREDIT
TXN0001410,CUST6928,ACC624337,2024-02-29,DEBIT,44387.7,USD,BR817,FAILED,13.58,NORTH,SAVINGS
TXN0001411,CUST1298,ACC427406,2024-01-26,DEBIT,-25227.5,EUR,BR372,FAILED,4.32,WEST,CREDIT
TXN0001412,CUST6940,ACC518612,2024-08-16,TRANSFER,83378.63,EUR,BR326,COMPLETED,45.73,WEST,SAVINGS
TXN0001413,CUST6060,ACC748696,2024-10-28,CREDIT,16215.51,USD,BR394,COMPLETED,56.35,SOUTH,LOAN
TXN0001414,CUST3953,ACC159399,2024-09-05,CREDIT,57670.47,USD,BR169,COMPLETED,73.74,NORTH,CREDIT
TXN0001415,CUST4509,ACC672461,2024-12-07,DEBIT,-14153.52,USD,BR845,COMPLETED,54.33,EAST,CREDIT
TXN0001416,CUST6598,ACC831400,2024-08-27,DEBIT,-26418.42,AUD,BR495,COMPLETED,68.75,CENTRAL,CHECKING
TXN0001417,CUST8967,ACC216260,2024-03-04,CREDIT,26291.85,GBP,BR492,COMPLETED,1.35,WEST,LOAN
TXN0001418,CUST4145,ACC711081,2024-05-09,DEBIT,77076.78,USD,BR984,,78.33,NORTH,LOAN
TXN0001419,CUST4711,ACC593856,2024-01-20,CREDIT,26090.64,USD,BR339,PENDING,6.13,SOUTH,CREDIT
TXN0001420,CUST3253,ACC375831,2024-01-11,WITHDRAWAL,82375.25,USD,BR655,COMPLETED,58.7,SOUTH,LOAN
TXN0001421,CUST3538,ACC784963,2024-12-01,DEBIT,16905.6,AUD,BR262,COMPLETED,32.71,EAST,SAVINGS
TXN0001422,CUST2264,ACC131434,2024-05-14,DEBIT,31805.06,EUR,BR527,COMPLETED,7.75,WEST,CHECKING
TXN0001423,CUST5846,ACC133842,2024-10-26,CREDIT,50298.14,EUR,BR573,COMPLETED,69.21,WEST,SAVINGS
TXN0001424,CUST2657,ACC454466,2024-04-30,DEBIT,-34036.46,USD,BR549,REVERSED,28.54,NORTH,SAVINGS
TXN0001425,CUST9317,ACC541875,2024-10-05,CREDIT,40237.72,USD,BR875,REVERSED,45.62,WEST,CREDIT
TXN0001426,CUST9843,ACC373553,2024-10-09,DEBIT,-17255.11,GBP,BR474,PENDING,40.46,SOUTH,LOAN
TXN0001427,CUST9626,ACC310251,2024-02-04,DEBIT,31061.05,,BR913,COMPLETED,69.45,NORTH,LOAN
TXN0001428,CUST1618,ACC450791,2024-10-15,TRANSFER,5819.95,AUD,BR696,COMPLETED,76.57,EAST,LOAN
TXN0001429,,ACC901883,2024-12-24,DEBIT,-44076.16,EUR,BR549,PENDING,38.42,SOUTH,MORTGAGE
TXN0001430,CUST3147,ACC162276,2024-12-28,CREDIT,-43460.31,USD,BR235,COMPLETED,,WEST,CREDIT
TXN0001431,CUST7172,ACC246054,2024-11-19,WITHDRAWAL,-43491.88,USD,BR576,PENDING,44.01,CENTRAL,SAVINGS
TXN0001432,CUST3527,ACC314154,2024-12-22,WITHDRAWAL,-41000.44,GBP,BR551,COMPLETED,13.28,NORTH,SAVINGS
TXN0001433,CUST3658,ACC673662,2024-05-18,DEBIT,13449.34,EUR,BR577,COMPLETED,34.39,NORTH,CREDIT
TXN0001434,CUST3962,ACC956437,2024-10-20,DEBIT,45120.44,USD,BR212,COMPLETED,61.99,EAST,SAVINGS
TXN0001435,,ACC869521,2024-01-02,TRANSFER,-28923.4,USD,BR769,COMPLETED,65.79,EAST,MORTGAGE
TXN0001436,CUST8170,ACC445620,2024-06-10,CREDIT,27171.84,EUR,BR685,COMPLETED,87.02,,SAVINGS
TXN0001437,CUST1715,ACC894133,2024-05-07,CREDIT,79070.02,EUR,BR621,PENDING,,EAST,LOAN
TXN0001438,CUST7731,ACC795558,2024-12-07,DEBIT,46808.31,AUD,BR817,COMPLETED,20.19,CENTRAL,CHECKING
TXN0001439,CUST6968,ACC165356,2024-12-28,CREDIT,21376.65,USD,BR381,COMPLETED,5.78,CENTRAL,LOAN
TXN0001440,CUST4891,ACC347062,2024-02-03,DEBIT,16891.66,EUR,BR517,COMPLETED,31.21,WEST,CREDIT
TXN0001441,CUST8277,ACC617530,2024-06-11,TRANSFER,-394.16,USD,BR127,COMPLETED,76.86,EAST,LOAN
TXN0001442,CUST5668,ACC176453,2024-03-29,DEBIT,10373.08,EUR,BR460,COMPLETED,63.51,NORTH,CHECKING
TXN0001443,CUST8355,ACC944797,2024-01-22,DEBIT,32729.33,EUR,BR293,COMPLETED,12.97,NORTH,CREDIT
TXN0001444,CUST4833,ACC691246,2024-05-10,CREDIT,-31910.67,USD,BR819,COMPLETED,36.2,SOUTH,SAVINGS
TXN0001445,CUST9749,ACC739633,2024-11-08,DEBIT,,USD,BR408,COMPLETED,9.66,CENTRAL,SAVINGS
TXN0001446,CUST4918,ACC837244,2024-11-07,PAYMENT,48710.51,GBP,BR503,COMPLETED,73.95,EAST,LOAN
TXN0001447,CUST6070,ACC975564,2024-09-13,WITHDRAWAL,94589.05,USD,BR848,COMPLETED,98.54,SOUTH,SAVINGS
TXN0001448,CUST8684,ACC902762,2024-01-20,DEBIT,48133.38,USD,BR439,COMPLETED,8.99,EAST,LOAN
TXN0001449,CUST4178,ACC946712,2024-10-28,DEBIT,-13800.62,EUR,BR753,COMPLETED,83.38,NORTH,SAVINGS
TXN0001450,CUST7026,ACC137079,2024-06-01,PAYMENT,-8867.35,GBP,BR550,,97.86,WEST,CREDIT
TXN0001451,CUST8218,ACC462645,2024-11-27,CREDIT,13173.61,USD,BR393,COMPLETED,34.16,SOUTH,CREDIT
TXN0001452,CUST8564,ACC174200,2024-11-02,PAYMENT,-17510.28,USD,BR877,FAILED,86.82,CENTRAL,LOAN
TXN0001453,CUST5616,ACC536459,2024-09-11,CREDIT,-22428.42,USD,BR869,COMPLETED,98.41,WEST,CREDIT
TXN0001454,CUST7256,ACC727203,2024-07-21,CREDIT,-6943.69,EUR,BR162,FAILED,88.86,WEST,MORTGAGE
TXN0001455,CUST9239,ACC875201,2024-11-06,DEBIT,6781.16,USD,BR728,PENDING,38.21,EAST,CREDIT
TXN0001456,CUST9641,ACC742182,2024-09-27,CREDIT,47276.08,USD,BR490,COMPLETED,26.11,,CREDIT
TXN0001457,CUST7859,ACC184508,2024-09-09,PAYMENT,95820.74,USD,BR911,COMPLETED,81.12,WEST,SAVINGS
TXN0001458,CUST3655,ACC678211,2024-11-23,DEBIT,50522.92,USD,BR651,COMPLETED,95.15,SOUTH,CHECKING
TXN0001459,CUST4271,ACC602028,2024-04-24,DEBIT,78350.6,USD,BR337,FAILED,10.39,WEST,CREDIT
TXN0001460,CUST3267,ACC235753,2024-11-27,DEBIT,29254.29,USD,BR365,PENDING,68.06,NORTH,LOAN
TXN0001461,CUST5096,ACC383648,2024-02-03,DEBIT,90741.17,USD,BR807,COMPLETED,81.33,CENTRAL,CHECKING
TXN0001462,CUST1854,ACC858466,2024-04-11,PAYMENT,65683.69,AUD,BR762,COMPLETED,53.88,CENTRAL,
TXN0001463,,ACC143768,2024-08-25,CREDIT,127.72,USD,BR646,COMPLETED,27.87,SOUTH,CHECKING
TXN0001464,CUST7081,ACC209116,2024-10-29,DEBIT,62284.67,USD,BR547,COMPLETED,86.17,SOUTH,SAVINGS
TXN0001465,CUST2680,ACC137329,2024-08-12,DEBIT,60227.04,USD,BR900,COMPLETED,16.01,EAST,CHECKING
TXN0001466,CUST9452,ACC620719,2024-12-16,PAYMENT,-65.46,USD,BR740,,86.15,EAST,CHECKING
TXN0001467,CUST3042,ACC632261,2024-03-02,TRANSFER,19830.91,USD,BR709,PENDING,53.78,WEST,SAVINGS
TXN0001468,CUST5670,ACC336186,2024-07-31,CREDIT,24262.05,USD,BR616,FAILED,16.84,EAST,CREDIT
TXN0001469,,ACC781927,2024-07-14,CREDIT,-2962.67,USD,BR601,COMPLETED,34.97,WEST,CHECKING
TXN0001470,,ACC467271,2024-11-04,DEBIT,98216.7,USD,BR196,,46.82,SOUTH,MORTGAGE
TXN0001471,CUST5469,ACC552476,2024-10-11,WITHDRAWAL,-39802.24,AUD,BR537,COMPLETED,32.01,CENTRAL,CHECKING
TXN0001472,CUST8361,ACC600792,2024-05-29,DEBIT,98400.26,USD,BR811,REVERSED,91.33,CENTRAL,LOAN
TXN0001473,CUST9410,ACC418157,2024-02-22,WITHDRAWAL,4967.63,EUR,BR397,COMPLETED,9.34,CENTRAL,LOAN
TXN0001474,CUST3414,ACC919506,2024-07-29,CREDIT,68141.2,USD,BR874,COMPLETED,70.24,CENTRAL,CREDIT
TXN0001475,CUST8167,ACC991115,2024-07-14,DEBIT,76469.45,GBP,BR510,COMPLETED,88.76,CENTRAL,
TXN0001476,,ACC338818,2024-02-20,PAYMENT,24954.63,USD,BR907,COMPLETED,91.18,NORTH,SAVINGS
TXN0001477,CUST4637,ACC122484,2024-03-17,WITHDRAWAL,35332.21,USD,BR262,,70.82,CENTRAL,LOAN
TXN0001478,CUST8391,ACC158045,2024-04-20,CREDIT,7990.72,USD,BR728,COMPLETED,18.35,SOUTH,CREDIT
TXN0001479,CUST6727,ACC127633,2024-09-05,PAYMENT,55545.35,USD,BR228,COMPLETED,46.65,CENTRAL,CHECKING
TXN0001480,,ACC911192,2024-05-26,WITHDRAWAL,34947.97,USD,BR678,PENDING,64.08,EAST,LOAN
TXN0001481,CUST7797,ACC919800,2024-01-26,CREDIT,86967.87,EUR,BR195,COMPLETED,33.03,WEST,CHECKING
TXN0001482,CUST1872,ACC950775,2024-09-05,TRANSFER,11258.22,USD,BR881,COMPLETED,83.86,WEST,SAVINGS
TXN0001483,CUST7495,ACC305703,2024-09-02,CREDIT,68360.37,USD,BR609,COMPLETED,69.29,SOUTH,LOAN
TXN0001484,CUST9224,ACC660134,2024-10-19,DEBIT,-48108.94,USD,BR591,COMPLETED,26.99,WEST,MORTGAGE
TXN0001485,CUST7126,ACC737679,2024-05-16,PAYMENT,67846.16,USD,BR869,COMPLETED,74.42,CENTRAL,CHECKING
TXN0001486,CUST4862,ACC497817,2024-05-07,DEBIT,46084.84,USD,BR297,COMPLETED,8.26,NORTH,CHECKING
TXN0001487,CUST7326,ACC815067,2024-04-29,TRANSFER,65369.53,USD,BR498,COMPLETED,46.13,WEST,CHECKING
TXN0001488,,ACC816801,2024-03-30,CREDIT,89251.06,GBP,BR886,COMPLETED,76.54,SOUTH,CHECKING
TXN0001489,CUST7142,ACC873768,2024-06-14,DEBIT,55800.87,USD,BR119,FAILED,58.49,,SAVINGS
TXN0001490,CUST4678,ACC118973,2024-08-11,DEBIT,17155.5,USD,BR433,COMPLETED,73.78,EAST,SAVINGS
TXN0001491,CUST1461,ACC679334,2024-04-03,DEBIT,-2783.49,EUR,BR347,REVERSED,21.7,NORTH,LOAN
TXN0001492,CUST6221,ACC605595,2024-04-17,TRANSFER,-22649.25,USD,BR874,COMPLETED,31.73,WEST,SAVINGS
TXN0001493,CUST2623,ACC154673,2024-12-18,TRANSFER,,USD,BR946,,28.87,SOUTH,MORTGAGE
TXN0001494,CUST6493,ACC505929,2024-09-20,CREDIT,60514.52,EUR,BR711,PENDING,42.42,EAST,
TXN0001495,CUST3392,ACC902875,2024-12-08,TRANSFER,27375.56,GBP,BR102,COMPLETED,59.24,NORTH,CREDIT
TXN0001496,CUST3254,ACC495552,2024-10-29,CREDIT,45614.14,USD,BR656,COMPLETED,28.77,WEST,MORTGAGE
TXN0001497,CUST1627,ACC829222,2024-10-31,DEBIT,-36758.64,EUR,BR165,COMPLETED,88.95,SOUTH,CHECKING
TXN0001498,CUST5700,ACC231320,2024-05-28,TRANSFER,34593.05,USD,BR187,REVERSED,9.55,WEST,CREDIT
TXN0001499,CUST8740,ACC550592,2024-10-25,DEBIT,-22398.26,USD,BR900,COMPLETED,31.91,EAST,
TXN0001500,CUST3273,ACC835405,2024-10-18,DEBIT,83095.26,USD,BR113,COMPLETED,48.87,WEST,CHECKING
TXN0001501,CUST8685,ACC547567,2024-02-28,DEBIT,-1089.85,USD,BR123,COMPLETED,12.04,EAST,LOAN
TXN0001502,CUST8349,ACC676239,2024-11-08,CREDIT,59852.9,USD,BR132,FAILED,9.73,SOUTH,SAVINGS
TXN0001503,CUST1086,ACC244462,2024-08-16,DEBIT,776.72,USD,BR593,COMPLETED,22.7,NORTH,CREDIT
TXN0001504,CUST2298,ACC221197,2024-01-08,CREDIT,21993.57,USD,BR970,PENDING,0.53,CENTRAL,CHECKING
TXN0001505,CUST1311,ACC559226,2024-02-04,PAYMENT,38181.02,USD,BR819,FAILED,3.54,NORTH,CHECKING
TXN0001506,CUST5193,ACC223724,2024-12-30,CREDIT,5239.92,EUR,BR582,COMPLETED,99.8,NORTH,SAVINGS
TXN0001507,CUST4533,ACC745559,2024-05-15,CREDIT,58051.34,EUR,BR653,COMPLETED,64.55,EAST,SAVINGS
TXN0001508,CUST3449,ACC485570,2024-03-25,CREDIT,17973.87,USD,BR342,PENDING,57.33,WEST,
TXN0001509,CUST9991,ACC468877,2024-08-08,PAYMENT,-30430.74,USD,BR998,COMPLETED,14.88,SOUTH,MORTGAGE
TXN0001510,CUST9647,ACC303052,2024-12-04,CREDIT,22700.93,AUD,BR219,FAILED,22.79,SOUTH,SAVINGS
TXN0001511,CUST7934,ACC459793,2024-03-12,CREDIT,11981.91,USD,BR956,COMPLETED,11.01,EAST,CREDIT
TXN0001512,CUST2821,ACC557729,2024-01-14,CREDIT,-9047.63,GBP,BR630,COMPLETED,36.58,EAST,SAVINGS
TXN0001513,CUST5720,ACC160736,2024-04-19,CREDIT,-7288.97,USD,BR951,COMPLETED,44.28,NORTH,
TXN0001514,CUST4893,ACC349739,2024-08-27,TRANSFER,90357.06,USD,BR260,COMPLETED,92.58,SOUTH,SAVINGS
TXN0001515,CUST5934,ACC343304,2024-01-27,CREDIT,-3967.26,USD,BR850,COMPLETED,53.05,CENTRAL,LOAN
TXN0001516,CUST2996,ACC196459,2024-09-20,TRANSFER,-41387.35,EUR,BR518,COMPLETED,3.7,CENTRAL,SAVINGS
TXN0001517,CUST1782,ACC717210,2024-08-23,DEBIT,42824.14,GBP,BR308,PENDING,70.63,NORTH,MORTGAGE
TXN0001518,CUST4906,ACC110537,2024-10-03,PAYMENT,20779.61,USD,BR588,PENDING,92.59,CENTRAL,CREDIT
TXN0001519,CUST7878,ACC338158,2024-03-28,TRANSFER,31768.49,EUR,BR754,PENDING,34.82,,LOAN
TXN0001520,CUST8489,ACC533130,2024-02-24,WITHDRAWAL,-16898.11,AUD,BR356,COMPLETED,78.24,NORTH,SAVINGS
TXN0001521,CUST2029,ACC883785,2024-02-15,CREDIT,23003.47,USD,BR172,COMPLETED,83.53,SOUTH,CHECKING
TXN0001522,CUST2816,ACC889125,2024-07-29,DEBIT,-23159.32,USD,BR700,PENDING,31.29,EAST,SAVINGS
TXN0001523,CUST9189,ACC946971,2024-01-29,WITHDRAWAL,33934.71,EUR,BR652,COMPLETED,10.54,EAST,CHECKING
TXN0001524,CUST9782,ACC931710,2024-03-22,TRANSFER,-31721.04,AUD,BR596,COMPLETED,56.91,EAST,CHECKING
TXN0001525,CUST1269,ACC662264,2024-12-04,DEBIT,42990.05,GBP,BR795,COMPLETED,78.76,SOUTH,MORTGAGE
TXN0001526,CUST9443,ACC695642,2024-12-06,CREDIT,-19952.59,USD,BR862,COMPLETED,70.53,EAST,CREDIT
TXN0001527,CUST4963,ACC148003,2024-12-03,DEBIT,45756.14,USD,BR148,COMPLETED,61.45,WEST,LOAN
TXN0001528,CUST3352,ACC940713,2024-01-15,DEBIT,-27709.27,EUR,BR312,COMPLETED,63.0,EAST,CHECKING
TXN0001529,CUST5772,ACC115622,2024-11-18,CREDIT,83873.8,EUR,BR287,REVERSED,50.66,EAST,LOAN
TXN0001530,CUST8032,ACC854793,2024-12-04,DEBIT,50675.99,EUR,BR290,COMPLETED,15.11,WEST,SAVINGS
TXN0001531,CUST1025,ACC362062,2024-11-17,DEBIT,40916.62,USD,BR425,PENDING,16.68,EAST,SAVINGS
TXN0001532,CUST6780,ACC952095,2024-05-12,DEBIT,-25070.66,EUR,BR157,PENDING,98.9,EAST,CHECKING
TXN0001533,CUST4941,ACC159646,2024-02-18,DEBIT,45694.21,AUD,BR850,COMPLETED,4.37,SOUTH,MORTGAGE
TXN0001534,CUST7825,ACC180333,2024-10-06,TRANSFER,-45059.4,USD,BR627,COMPLETED,81.76,NORTH,MORTGAGE
TXN0001535,CUST4068,ACC159406,2024-02-12,DEBIT,57444.87,GBP,BR190,COMPLETED,54.22,NORTH,
TXN0001536,CUST2402,ACC232871,2024-04-30,CREDIT,51056.21,USD,BR739,COMPLETED,4.93,WEST,CHECKING
TXN0001537,CUST9576,ACC559859,2024-07-08,DEBIT,91628.68,USD,BR303,COMPLETED,37.26,WEST,LOAN
TXN0001538,CUST6908,ACC289365,2024-12-16,TRANSFER,-4158.2,EUR,BR336,COMPLETED,84.29,EAST,MORTGAGE
TXN0001539,CUST2108,ACC396323,2024-12-25,DEBIT,9118.46,USD,BR739,PENDING,83.26,EAST,MORTGAGE
TXN0001540,CUST9618,ACC145843,2024-11-10,CREDIT,-30037.01,GBP,BR790,PENDING,86.71,CENTRAL,LOAN
TXN0001541,CUST9914,ACC429384,2024-10-19,CREDIT,-10955.02,USD,BR253,COMPLETED,,WEST,MORTGAGE
TXN0001542,CUST9312,ACC466652,2024-09-19,CREDIT,19129.79,GBP,BR264,COMPLETED,30.13,EAST,SAVINGS
TXN0001543,CUST9316,ACC731678,2024-10-31,CREDIT,14877.68,USD,BR586,COMPLETED,89.07,CENTRAL,SAVINGS
TXN0001544,CUST1333,ACC787036,2024-09-15,TRANSFER,46961.7,AUD,BR995,COMPLETED,81.17,NORTH,SAVINGS
TXN0001545,CUST7397,ACC356108,2024-10-26,CREDIT,38747.17,USD,BR364,COMPLETED,40.25,CENTRAL,CHECKING
TXN0001546,CUST8702,ACC406616,2024-08-17,WITHDRAWAL,-736.78,USD,BR764,COMPLETED,80.72,SOUTH,SAVINGS
TXN0001547,CUST1713,ACC236017,2024-03-16,PAYMENT,40518.6,USD,BR398,COMPLETED,30.69,EAST,CREDIT
TXN0001548,CUST7338,ACC735566,2024-02-27,WITHDRAWAL,88172.17,,BR994,COMPLETED,1.64,WEST,CREDIT
TXN0001549,CUST7116,ACC517143,2024-02-12,WITHDRAWAL,20175.66,USD,BR478,FAILED,60.01,NORTH,CHECKING
TXN0001550,CUST5155,ACC601954,2024-08-15,DEBIT,90074.77,EUR,BR371,COMPLETED,17.3,SOUTH,SAVINGS
TXN0001551,CUST1266,ACC789525,2024-01-12,TRANSFER,48884.63,USD,BR775,PENDING,93.28,CENTRAL,CREDIT
TXN0001552,CUST6850,ACC228320,2024-10-02,CREDIT,48440.65,USD,BR810,COMPLETED,60.61,NORTH,LOAN
TXN0001553,CUST2106,ACC788484,2024-09-14,DEBIT,62728.65,EUR,BR458,COMPLETED,44.28,NORTH,MORTGAGE
TXN0001554,CUST6649,ACC180534,2024-11-16,CREDIT,10431.17,EUR,BR843,COMPLETED,56.91,SOUTH,CHECKING
TXN0001555,CUST4950,ACC180088,2024-10-27,TRANSFER,53055.71,USD,BR390,PENDING,4.74,WEST,SAVINGS
TXN0001556,CUST2698,ACC362352,2024-05-28,CREDIT,-46392.91,AUD,BR887,COMPLETED,28.9,NORTH,CREDIT
TXN0001557,CUST6447,ACC670054,2024-12-04,CREDIT,92632.6,EUR,BR389,COMPLETED,32.59,SOUTH,CHECKING
TXN0001558,CUST3185,ACC315860,2024-09-17,CREDIT,15745.25,USD,BR593,COMPLETED,2.65,NORTH,SAVINGS
TXN0001559,CUST1726,ACC618970,2024-01-16,CREDIT,-26625.64,USD,BR264,COMPLETED,34.83,EAST,LOAN
TXN0001560,CUST6772,ACC839513,2024-02-06,WITHDRAWAL,-4482.76,USD,BR554,REVERSED,34.81,EAST,LOAN
TXN0001561,CUST9945,ACC870932,2024-10-06,TRANSFER,14641.24,EUR,BR631,COMPLETED,41.75,WEST,MORTGAGE
TXN0001562,CUST6546,ACC952937,2024-07-23,DEBIT,8819.79,USD,BR606,COMPLETED,33.61,WEST,CREDIT
TXN0001563,CUST3868,ACC474297,2024-05-13,DEBIT,41134.93,EUR,BR826,PENDING,97.28,CENTRAL,MORTGAGE
TXN0001564,CUST8612,ACC330987,2024-06-04,CREDIT,53174.95,USD,BR714,PENDING,71.02,NORTH,CREDIT
TXN0001565,CUST8840,ACC565087,2024-09-30,TRANSFER,-16702.85,USD,BR956,COMPLETED,52.58,CENTRAL,MORTGAGE
TXN0001566,CUST3986,ACC847775,2024-03-11,DEBIT,89392.73,USD,BR278,COMPLETED,22.26,NORTH,CHECKING
TXN0001567,CUST3209,ACC417423,2024-03-23,TRANSFER,72937.15,,BR397,COMPLETED,31.39,WEST,SAVINGS
TXN0001568,CUST2033,ACC484757,2024-03-02,DEBIT,52001.09,AUD,BR389,COMPLETED,88.3,EAST,SAVINGS
TXN0001569,CUST8498,ACC918107,2024-08-19,TRANSFER,34760.13,GBP,BR916,COMPLETED,64.46,CENTRAL,CREDIT
TXN0001570,CUST1605,ACC678190,2024-07-01,DEBIT,-3605.49,AUD,BR548,COMPLETED,91.6,CENTRAL,LOAN
TXN0001571,CUST5807,ACC406900,2024-09-24,CREDIT,27706.07,USD,BR936,COMPLETED,6.32,WEST,MORTGAGE
TXN0001572,CUST4302,ACC785395,2024-09-19,WITHDRAWAL,25833.85,USD,BR793,COMPLETED,82.81,SOUTH,SAVINGS
TXN0001573,CUST1717,ACC356068,2024-04-29,CREDIT,81819.46,USD,BR846,PENDING,13.6,WEST,CREDIT
TXN0001574,CUST4268,ACC652436,2024-10-19,TRANSFER,61510.47,USD,BR802,COMPLETED,72.0,EAST,LOAN
TXN0001575,CUST1686,ACC380531,2024-08-13,CREDIT,85813.28,USD,BR570,PENDING,31.87,WEST,LOAN
TXN0001576,CUST6170,ACC434347,2024-09-16,DEBIT,-47540.0,USD,BR935,COMPLETED,92.94,WEST,SAVINGS
TXN0001577,CUST6080,ACC831666,2024-07-10,PAYMENT,-953.11,USD,BR177,COMPLETED,8.98,EAST,SAVINGS
TXN0001578,CUST9444,ACC667719,2024-08-12,CREDIT,36892.21,USD,BR566,FAILED,90.28,WEST,LOAN
TXN0001579,CUST7524,ACC627900,2024-01-06,CREDIT,129.68,USD,BR419,COMPLETED,51.22,EAST,SAVINGS
TXN0001580,CUST9897,ACC209448,2024-10-03,DEBIT,44981.75,USD,BR124,FAILED,10.01,WEST,SAVINGS
TXN0001581,CUST8756,ACC156620,2024-03-29,CREDIT,-25224.9,USD,BR517,COMPLETED,74.51,WEST,CHECKING
TXN0001582,CUST5150,ACC463473,2024-02-01,DEBIT,21508.62,EUR,BR501,FAILED,36.8,SOUTH,SAVINGS
TXN0001583,CUST1599,ACC530790,2024-01-14,DEBIT,-22345.68,AUD,BR671,COMPLETED,2.47,EAST,CHECKING
TXN0001584,CUST4131,ACC839772,2024-05-12,CREDIT,7048.41,EUR,BR496,PENDING,41.36,EAST,SAVINGS
TXN0001585,,ACC752079,2024-10-03,CREDIT,62617.18,USD,BR560,COMPLETED,57.56,WEST,MORTGAGE
TXN0001586,CUST6848,ACC609825,2024-01-24,DEBIT,-28048.57,USD,BR682,COMPLETED,73.78,CENTRAL,MORTGAGE
TXN0001587,CUST1783,ACC393374,2024-08-02,DEBIT,71079.11,USD,BR889,COMPLETED,99.9,WEST,CREDIT
TXN0001588,CUST6438,ACC182256,2024-08-30,DEBIT,66709.21,EUR,BR691,COMPLETED,46.19,WEST,SAVINGS
TXN0001589,CUST5476,ACC313442,2024-06-12,DEBIT,-890.84,USD,BR863,COMPLETED,37.47,WEST,SAVINGS
TXN0001590,CUST3039,ACC243792,2024-08-30,PAYMENT,60161.29,EUR,BR367,PENDING,97.2,EAST,CHECKING
TXN0001591,CUST7029,ACC982298,2024-12-07,CREDIT,-26174.06,AUD,BR228,COMPLETED,37.2,EAST,LOAN
TXN0001592,CUST8159,ACC646302,2024-02-17,CREDIT,-13242.86,EUR,BR988,PENDING,15.74,NORTH,LOAN
TXN0001593,CUST7553,ACC341734,2024-04-02,DEBIT,91821.88,USD,BR105,COMPLETED,63.78,CENTRAL,CHECKING
TXN0001594,CUST8204,ACC419751,2024-04-06,CREDIT,57676.01,USD,BR797,COMPLETED,69.9,NORTH,SAVINGS
TXN0001595,CUST7334,ACC877947,2024-07-13,DEBIT,82295.38,USD,BR890,PENDING,71.47,SOUTH,CHECKING
TXN0001596,CUST6554,ACC679826,2024-10-15,CREDIT,88271.79,EUR,BR484,COMPLETED,9.37,EAST,SAVINGS
TXN0001597,CUST4060,ACC321007,2024-02-13,CREDIT,73005.65,USD,BR223,PENDING,100.0,NORTH,CHECKING
TXN0001598,CUST9129,ACC228710,2024-06-02,CREDIT,40860.77,GBP,BR323,COMPLETED,11.65,EAST,LOAN
TXN0001599,CUST9151,ACC490479,2024-10-31,DEBIT,-25152.97,USD,BR583,COMPLETED,3.94,SOUTH,CREDIT
TXN0001600,CUST7018,ACC860124,2024-07-25,DEBIT,94141.49,USD,BR539,COMPLETED,31.15,WEST,CHECKING
TXN0001601,CUST9507,ACC956036,2024-02-16,PAYMENT,59148.34,USD,BR723,PENDING,53.26,EAST,LOAN
TXN0001602,CUST5369,ACC926215,2024-11-27,DEBIT,-9427.71,AUD,BR644,COMPLETED,83.77,WEST,SAVINGS
TXN0001603,CUST2353,ACC248857,2024-12-08,WITHDRAWAL,-23474.64,USD,BR989,COMPLETED,72.43,NORTH,LOAN
TXN0001604,,ACC137609,2024-02-13,TRANSFER,67143.6,USD,BR269,COMPLETED,66.78,WEST,LOAN
TXN0001605,CUST2293,ACC346525,2024-03-21,WITHDRAWAL,51990.57,USD,BR295,COMPLETED,24.91,CENTRAL,CHECKING
TXN0001606,CUST8055,ACC832264,2024-09-18,WITHDRAWAL,-12002.7,USD,BR563,PENDING,53.2,NORTH,LOAN
TXN0001607,CUST3956,ACC561664,2024-09-12,DEBIT,-12289.17,USD,BR484,COMPLETED,90.27,WEST,CREDIT
TXN0001608,CUST9937,ACC781478,2024-12-11,CREDIT,81670.26,AUD,BR187,COMPLETED,31.68,EAST,SAVINGS
TXN0001609,CUST5813,ACC901313,2024-10-29,PAYMENT,14563.54,,BR941,COMPLETED,14.08,NORTH,SAVINGS
TXN0001610,CUST6262,ACC575804,2024-05-18,PAYMENT,9663.64,EUR,BR674,FAILED,,CENTRAL,SAVINGS
TXN0001611,CUST2680,ACC219787,2024-03-25,CREDIT,-43104.07,USD,BR234,COMPLETED,37.71,NORTH,CHECKING
TXN0001612,CUST2311,ACC122323,2024-11-03,CREDIT,-34980.48,GBP,BR424,COMPLETED,5.31,SOUTH,CREDIT
TXN0001613,CUST6372,ACC623142,2024-12-09,WITHDRAWAL,93462.1,USD,BR837,REVERSED,83.53,WEST,LOAN
TXN0001614,CUST5843,ACC976950,2024-08-04,WITHDRAWAL,39924.3,GBP,BR719,COMPLETED,4.83,NORTH,CREDIT
TXN0001615,CUST6021,ACC135395,2024-10-13,TRANSFER,61546.93,EUR,BR977,PENDING,40.68,CENTRAL,CREDIT
TXN0001616,CUST8305,ACC383428,2027-01-01,PAYMENT,-36959.88,USD,BR959,COMPLETED,82.92,SOUTH,SAVINGS
TXN0001617,CUST7981,ACC391469,2024-03-18,DEBIT,-42770.41,GBP,BR309,COMPLETED,8.98,EAST,SAVINGS
TXN0001618,CUST3730,ACC716814,2024-08-25,DEBIT,6764.26,USD,BR130,COMPLETED,63.08,NORTH,SAVINGS
TXN0001619,CUST8272,ACC502838,2024-07-19,TRANSFER,26980.29,AUD,BR657,FAILED,5.31,EAST,SAVINGS
TXN0001620,CUST6759,ACC415005,2024-10-23,CREDIT,-24679.04,GBP,BR604,COMPLETED,14.89,WEST,SAVINGS
TXN0001621,CUST8325,ACC967359,2024-12-09,DEBIT,72063.33,GBP,BR630,COMPLETED,17.2,WEST,CHECKING
TXN0001622,CUST1693,ACC188597,2024-09-01,DEBIT,7917.01,EUR,BR980,COMPLETED,37.26,CENTRAL,CHECKING
TXN0001623,CUST6776,ACC162621,2024-12-06,PAYMENT,60823.45,USD,BR889,PENDING,75.49,NORTH,MORTGAGE
TXN0001624,CUST8126,ACC392649,2024-11-21,DEBIT,27993.02,USD,BR605,COMPLETED,47.57,EAST,SAVINGS
TXN0001625,CUST5498,ACC996086,2024-01-26,CREDIT,28266.63,GBP,BR677,COMPLETED,25.44,WEST,CHECKING
TXN0001626,CUST1939,ACC739366,2024-05-16,TRANSFER,20631.3,USD,BR129,REVERSED,52.23,EAST,SAVINGS
TXN0001627,CUST2229,ACC502586,2024-01-23,TRANSFER,96976.48,AUD,BR714,COMPLETED,82.18,WEST,LOAN
TXN0001628,CUST7655,ACC619419,2024-10-28,CREDIT,95045.36,AUD,BR171,COMPLETED,8.63,EAST,MORTGAGE
TXN0001629,CUST6952,ACC119764,2024-06-30,CREDIT,-9224.13,USD,BR281,COMPLETED,12.54,SOUTH,LOAN
TXN0001630,CUST9406,ACC501172,2024-04-27,CREDIT,-12412.98,USD,BR612,COMPLETED,78.18,EAST,SAVINGS
TXN0001631,CUST3621,ACC503348,2024-12-31,PAYMENT,84120.03,USD,BR178,PENDING,37.74,EAST,SAVINGS
TXN0001632,CUST1510,ACC565588,2024-03-01,TRANSFER,-11776.75,USD,BR280,COMPLETED,50.92,SOUTH,CHECKING
TXN0001633,CUST3339,ACC146573,2027-01-01,CREDIT,-47149.05,GBP,BR184,REVERSED,61.89,CENTRAL,CHECKING
TXN0001634,CUST8179,ACC335351,2024-02-15,DEBIT,-13128.57,GBP,BR265,PENDING,43.63,NORTH,MORTGAGE
TXN0001635,CUST1570,ACC315723,2024-10-24,TRANSFER,90271.15,USD,BR515,COMPLETED,17.82,CENTRAL,SAVINGS
TXN0001636,CUST3068,ACC497753,2024-08-04,CREDIT,63885.48,USD,BR322,PENDING,10.46,SOUTH,CHECKING
TXN0001637,CUST2101,ACC293385,2024-02-27,TRANSFER,51375.33,USD,BR423,REVERSED,73.38,NORTH,SAVINGS
TXN0001638,CUST4866,ACC791982,2024-06-30,DEBIT,43405.52,EUR,BR917,COMPLETED,62.42,NORTH,LOAN
TXN0001639,CUST7001,ACC552025,2024-08-06,CREDIT,-37492.29,AUD,BR831,FAILED,81.82,WEST,MORTGAGE
TXN0001640,CUST6933,ACC658358,2024-01-23,CREDIT,93561.46,GBP,BR906,COMPLETED,4.32,WEST,MORTGAGE
TXN0001641,CUST7272,ACC154798,2024-09-10,CREDIT,43237.48,USD,BR668,COMPLETED,53.9,NORTH,CHECKING
TXN0001642,CUST1530,ACC792482,2024-10-09,TRANSFER,-1398.59,EUR,BR214,PENDING,59.6,SOUTH,MORTGAGE
TXN0001643,CUST3513,ACC419970,2024-11-24,CREDIT,70000.31,,BR474,PENDING,57.03,EAST,SAVINGS
TXN0001644,CUST8371,ACC132826,2024-05-07,PAYMENT,-15567.81,USD,BR544,REVERSED,44.0,CENTRAL,CHECKING
TXN0001645,CUST7077,ACC667855,2024-03-31,DEBIT,,USD,BR589,COMPLETED,29.65,NORTH,MORTGAGE
TXN0001646,CUST7095,ACC900059,2024-09-06,CREDIT,-42942.5,AUD,BR176,COMPLETED,35.75,NORTH,CHECKING
TXN0001647,CUST8273,ACC464699,2024-05-25,WITHDRAWAL,34216.93,USD,BR134,REVERSED,62.51,NORTH,SAVINGS
TXN0001648,CUST2259,ACC127254,2024-12-11,CREDIT,31034.85,USD,BR277,COMPLETED,47.52,SOUTH,SAVINGS
TXN0001649,CUST3255,ACC738309,2024-12-19,CREDIT,54310.49,USD,BR498,COMPLETED,56.95,WEST,SAVINGS
TXN0001650,CUST9674,ACC891127,2024-10-10,DEBIT,-14699.7,USD,BR275,REVERSED,17.57,EAST,CHECKING
TXN0001651,CUST7012,ACC452550,2024-10-12,TRANSFER,-34775.48,USD,BR274,COMPLETED,56.62,SOUTH,SAVINGS
TXN0001652,CUST7521,ACC968386,2024-04-24,WITHDRAWAL,-12863.91,GBP,BR826,PENDING,42.81,EAST,LOAN
TXN0001653,CUST6150,ACC375285,2024-06-19,DEBIT,-45851.1,USD,BR432,COMPLETED,33.23,EAST,SAVINGS
TXN0001654,CUST5566,ACC949602,2024-07-12,DEBIT,9256.3,USD,BR874,COMPLETED,6.6,EAST,CHECKING
TXN0001655,CUST5089,ACC889911,2024-06-30,TRANSFER,61180.24,USD,BR957,FAILED,36.1,EAST,MORTGAGE
TXN0001656,CUST2858,ACC719665,2024-02-24,CREDIT,-9821.72,USD,BR853,PENDING,22.94,NORTH,CHECKING
TXN0001657,CUST1424,ACC327062,2024-08-23,DEBIT,13124.21,USD,BR204,COMPLETED,98.88,SOUTH,LOAN
TXN0001658,CUST4048,ACC894036,2024-10-24,TRANSFER,-39782.45,EUR,BR722,COMPLETED,59.44,SOUTH,LOAN
TXN0001659,CUST9176,ACC128673,2024-12-03,PAYMENT,-29717.0,GBP,BR304,COMPLETED,15.83,CENTRAL,SAVINGS
TXN0001660,CUST9482,ACC457506,2024-12-09,PAYMENT,74886.83,USD,BR296,COMPLETED,87.4,WEST,SAVINGS
TXN0001661,CUST7340,ACC861042,2024-11-24,CREDIT,87764.73,USD,BR424,FAILED,87.22,WEST,LOAN
TXN0001662,CUST2929,ACC969520,2024-07-22,CREDIT,24093.94,USD,BR529,COMPLETED,99.86,EAST,CREDIT
TXN0001663,CUST5288,ACC751721,2024-04-03,TRANSFER,24075.22,AUD,BR233,FAILED,32.71,WEST,MORTGAGE
TXN0001664,CUST5264,ACC555161,2024-05-29,DEBIT,95416.56,GBP,BR916,COMPLETED,92.66,,MORTGAGE
TXN0001665,CUST8311,ACC548317,2024-11-23,DEBIT,-12844.66,USD,BR891,COMPLETED,36.86,SOUTH,CREDIT
TXN0001666,CUST4515,ACC920628,2024-01-24,DEBIT,95459.73,USD,BR619,COMPLETED,81.27,SOUTH,SAVINGS
TXN0001667,CUST5678,ACC864649,2024-11-05,CREDIT,32655.15,EUR,BR985,REVERSED,56.17,CENTRAL,CREDIT
TXN0001668,CUST9047,ACC871137,2024-08-03,DEBIT,-49646.22,USD,BR395,COMPLETED,10.89,EAST,LOAN
TXN0001669,CUST4279,ACC888949,2024-12-25,DEBIT,66384.34,USD,BR397,PENDING,28.46,NORTH,SAVINGS
TXN0001670,CUST3009,ACC159893,2024-11-23,TRANSFER,,EUR,BR335,FAILED,8.24,NORTH,CHECKING
TXN0001671,CUST3223,ACC946616,2024-05-24,PAYMENT,-26008.55,USD,BR598,COMPLETED,42.62,SOUTH,SAVINGS
TXN0001672,CUST2213,ACC214515,2024-11-08,DEBIT,69969.78,EUR,BR788,COMPLETED,32.81,SOUTH,LOAN
TXN0001673,CUST8406,ACC680170,2024-07-11,PAYMENT,-38483.17,USD,BR287,COMPLETED,66.82,WEST,SAVINGS
TXN0001674,CUST3828,ACC506963,2024-07-15,WITHDRAWAL,-17740.81,USD,BR916,COMPLETED,10.12,NORTH,CHECKING
TXN0001675,,ACC856334,2024-10-06,CREDIT,25176.13,USD,BR654,REVERSED,45.21,WEST,CHECKING
TXN0001676,CUST2438,ACC810902,2024-05-07,DEBIT,5059.53,USD,BR288,COMPLETED,73.27,SOUTH,CHECKING
TXN0001677,CUST6236,ACC401380,2024-05-15,WITHDRAWAL,-45338.09,GBP,BR612,COMPLETED,81.58,EAST,SAVINGS
TXN0001678,CUST6692,ACC660737,2024-11-09,DEBIT,44077.44,USD,BR360,COMPLETED,45.69,CENTRAL,CHECKING
TXN0001679,CUST2063,ACC586017,2024-08-07,WITHDRAWAL,-13930.96,USD,BR128,COMPLETED,37.64,SOUTH,LOAN
TXN0001680,CUST9882,ACC544423,2024-01-14,CREDIT,-35089.07,USD,BR841,COMPLETED,24.65,NORTH,LOAN
TXN0001681,CUST5757,ACC700417,2024-05-16,DEBIT,-27214.62,USD,BR201,COMPLETED,88.22,EAST,CREDIT
TXN0001682,CUST5914,ACC854157,2024-08-19,WITHDRAWAL,-39020.58,EUR,BR987,FAILED,27.36,CENTRAL,MORTGAGE
TXN0001683,CUST3580,ACC695908,2024-09-18,TRANSFER,-20772.89,USD,BR271,COMPLETED,66.55,WEST,CHECKING
TXN0001684,CUST3852,ACC906367,2024-06-08,DEBIT,72053.3,EUR,BR463,COMPLETED,81.94,SOUTH,LOAN
TXN0001685,CUST6922,ACC644119,2024-03-18,CREDIT,9246.7,GBP,BR813,COMPLETED,4.86,WEST,CHECKING
TXN0001686,CUST9335,ACC372735,2024-02-03,TRANSFER,63979.05,USD,BR235,COMPLETED,6.41,WEST,SAVINGS
TXN0001687,CUST4673,ACC270444,2024-08-15,CREDIT,-17472.36,USD,BR159,COMPLETED,63.23,WEST,CREDIT
TXN0001688,CUST2988,ACC499812,2024-01-06,CREDIT,-40014.81,AUD,BR144,COMPLETED,,WEST,CHECKING
TXN0001689,CUST4292,ACC590033,2024-03-19,CREDIT,65203.5,USD,BR371,COMPLETED,3.63,WEST,SAVINGS
TXN0001690,CUST3275,ACC881853,2024-10-14,DEBIT,39047.06,EUR,BR351,COMPLETED,,NORTH,SAVINGS
TXN0001691,CUST4878,ACC349799,2024-06-22,DEBIT,-23385.03,,BR290,PENDING,77.88,SOUTH,CHECKING
TXN0001692,CUST9094,ACC238278,2024-02-22,CREDIT,-24805.77,EUR,BR147,COMPLETED,51.93,SOUTH,CREDIT
TXN0001693,CUST1430,ACC115920,2024-07-16,DEBIT,-43174.77,GBP,BR676,COMPLETED,37.64,WEST,MORTGAGE
TXN0001694,,ACC394335,2024-03-13,CREDIT,-13339.06,USD,BR171,COMPLETED,52.62,CENTRAL,MORTGAGE
TXN0001695,CUST7044,ACC938429,2024-03-22,PAYMENT,32389.62,USD,BR653,COMPLETED,72.03,SOUTH,CHECKING
TXN0001696,CUST8657,ACC815756,2024-07-01,CREDIT,87270.89,USD,BR260,COMPLETED,51.07,WEST,SAVINGS
TXN0001697,CUST3126,ACC387721,2024-10-23,TRANSFER,22585.98,EUR,BR612,FAILED,98.66,CENTRAL,SAVINGS
TXN0001698,CUST2412,ACC189691,2024-05-04,CREDIT,-44755.35,EUR,BR880,COMPLETED,82.17,NORTH,LOAN
TXN0001699,CUST2077,ACC362073,2024-11-18,WITHDRAWAL,-33140.46,AUD,BR765,COMPLETED,25.68,CENTRAL,SAVINGS
TXN0001700,CUST6067,ACC908807,2024-07-27,TRANSFER,43363.77,USD,BR220,REVERSED,92.51,CENTRAL,LOAN
TXN0001701,CUST7523,ACC669171,2024-05-20,DEBIT,40659.28,USD,BR257,PENDING,71.04,WEST,CREDIT
TXN0001702,CUST8842,ACC410194,2024-10-04,CREDIT,84634.86,EUR,BR398,FAILED,97.99,WEST,CHECKING
TXN0001703,CUST9612,ACC453928,2024-10-06,PAYMENT,92287.05,USD,BR593,PENDING,44.24,NORTH,SAVINGS
TXN0001704,CUST7730,ACC698823,2024-03-05,PAYMENT,-35347.52,EUR,BR732,PENDING,22.89,EAST,LOAN
TXN0001705,CUST7708,ACC513769,2024-01-01,DEBIT,65992.49,GBP,BR506,COMPLETED,82.06,WEST,LOAN
TXN0001706,CUST2208,ACC140481,2024-09-14,TRANSFER,22893.68,USD,BR774,COMPLETED,8.74,WEST,CHECKING
TXN0001707,CUST3053,ACC745448,2024-10-20,PAYMENT,-1969.98,EUR,BR528,PENDING,50.64,WEST,LOAN
TXN0001708,CUST6194,ACC387592,2024-04-23,WITHDRAWAL,85607.31,USD,BR541,COMPLETED,63.15,WEST,LOAN
TXN0001709,CUST2215,ACC479264,2024-05-16,TRANSFER,54623.18,AUD,BR917,COMPLETED,4.33,EAST,SAVINGS
TXN0001710,CUST8372,ACC381802,2024-09-30,PAYMENT,-47938.82,EUR,BR776,COMPLETED,16.71,NORTH,
TXN0001711,CUST8632,ACC791252,2024-07-23,PAYMENT,54873.44,USD,BR577,COMPLETED,8.09,SOUTH,SAVINGS
TXN0001712,CUST9476,ACC362682,2024-09-29,PAYMENT,53539.22,USD,BR625,COMPLETED,89.77,NORTH,CHECKING
TXN0001713,CUST6644,ACC920433,2024-12-22,CREDIT,48423.75,USD,BR311,COMPLETED,93.65,EAST,CHECKING
TXN0001714,CUST3102,ACC784752,2024-09-13,WITHDRAWAL,45828.14,USD,BR126,COMPLETED,2.02,CENTRAL,SAVINGS
TXN0001715,CUST3981,ACC949618,2024-04-26,PAYMENT,62772.45,USD,BR297,COMPLETED,87.8,SOUTH,CHECKING
TXN0001716,CUST3114,ACC909043,2024-11-10,CREDIT,-38122.63,AUD,BR199,PENDING,90.02,NORTH,
TXN0001717,CUST8088,ACC737533,2024-01-22,WITHDRAWAL,19437.03,USD,BR601,COMPLETED,,WEST,LOAN
TXN0001718,CUST9238,ACC112938,2024-08-11,TRANSFER,80322.92,USD,BR273,COMPLETED,6.12,WEST,CREDIT
TXN0001719,CUST1907,ACC230344,2024-03-11,WITHDRAWAL,,USD,BR711,COMPLETED,0.93,EAST,CHECKING
TXN0001720,CUST3034,ACC421802,2024-05-12,TRANSFER,82536.22,USD,BR863,COMPLETED,52.84,NORTH,SAVINGS
TXN0001721,CUST9488,ACC696053,2024-07-21,TRANSFER,73124.31,AUD,BR372,PENDING,93.97,WEST,SAVINGS
TXN0001722,CUST3507,ACC792874,2024-09-02,CREDIT,-23875.42,USD,BR151,COMPLETED,18.51,CENTRAL,CHECKING
TXN0001723,CUST5982,ACC436581,2024-03-18,DEBIT,-5896.12,GBP,BR729,COMPLETED,12.16,NORTH,LOAN
TXN0001724,CUST3697,ACC976609,2024-09-26,DEBIT,-3663.89,AUD,BR724,REVERSED,79.13,WEST,LOAN
TXN0001725,CUST3653,ACC377366,2024-08-15,CREDIT,-14231.3,USD,BR321,PENDING,55.81,EAST,LOAN
TXN0001726,CUST6286,ACC988765,2024-11-04,DEBIT,98678.16,USD,BR996,COMPLETED,75.0,WEST,CHECKING
TXN0001727,CUST4694,ACC287469,2024-10-21,DEBIT,67623.7,USD,BR586,COMPLETED,58.25,NORTH,LOAN
TXN0001728,CUST6669,ACC565367,2024-02-04,WITHDRAWAL,26546.95,USD,BR458,COMPLETED,16.32,WEST,SAVINGS
TXN0001729,CUST9501,ACC585201,2024-08-05,CREDIT,66717.6,USD,BR182,COMPLETED,40.88,NORTH,SAVINGS
TXN0001730,CUST5653,ACC118105,2024-01-12,DEBIT,-32940.12,EUR,BR318,PENDING,41.37,CENTRAL,LOAN
TXN0001731,CUST2292,ACC561278,2024-11-15,CREDIT,86971.81,USD,BR598,COMPLETED,34.92,SOUTH,
TXN0001732,CUST5105,ACC109301,2024-02-02,DEBIT,-3107.58,USD,BR525,COMPLETED,3.58,NORTH,CHECKING
TXN0001733,CUST4216,ACC589097,2024-02-15,TRANSFER,57817.4,EUR,BR798,COMPLETED,77.43,NORTH,LOAN
TXN0001734,CUST5496,ACC138801,2024-06-02,DEBIT,-4333.26,GBP,BR647,COMPLETED,59.18,SOUTH,MORTGAGE
TXN0001735,CUST3050,ACC476149,2024-02-07,DEBIT,42820.97,EUR,BR921,FAILED,14.73,WEST,CHECKING
TXN0001736,CUST5961,ACC603534,2024-04-19,DEBIT,-32965.01,EUR,BR364,COMPLETED,59.78,CENTRAL,LOAN
TXN0001737,CUST9740,ACC768722,2024-02-27,PAYMENT,96455.3,AUD,BR643,COMPLETED,16.65,EAST,CREDIT
TXN0001738,CUST2530,ACC985339,2024-10-27,DEBIT,-41212.64,USD,BR215,PENDING,62.49,SOUTH,CREDIT
TXN0001739,CUST9234,ACC683646,2024-05-07,TRANSFER,57329.71,EUR,BR410,COMPLETED,78.32,CENTRAL,MORTGAGE
TXN0001740,CUST3762,ACC328424,2024-07-02,CREDIT,32867.43,USD,BR854,COMPLETED,,SOUTH,CHECKING
TXN0001741,CUST3526,ACC528459,2024-12-04,PAYMENT,-48380.78,AUD,BR768,COMPLETED,90.15,SOUTH,LOAN
TXN0001742,CUST3804,ACC161430,2024-11-03,DEBIT,22394.9,USD,BR204,COMPLETED,87.22,SOUTH,SAVINGS
TXN0001743,CUST6531,ACC707723,2024-11-23,TRANSFER,29955.8,USD,BR830,COMPLETED,21.62,EAST,SAVINGS
TXN0001744,CUST1674,ACC183410,2024-03-24,CREDIT,-22043.67,USD,BR709,COMPLETED,92.87,SOUTH,SAVINGS
TXN0001745,CUST1464,ACC389874,2024-04-14,DEBIT,-45023.19,EUR,BR853,COMPLETED,50.97,NORTH,CHECKING
TXN0001746,CUST2330,ACC739975,2024-12-31,DEBIT,-11822.66,USD,BR489,COMPLETED,20.22,,CHECKING
TXN0001747,CUST1744,ACC678235,2024-07-27,PAYMENT,-43011.95,USD,BR606,COMPLETED,4.0,SOUTH,CREDIT
TXN0001748,CUST5336,ACC429280,2024-02-25,TRANSFER,-14387.68,USD,BR676,REVERSED,45.41,SOUTH,MORTGAGE
TXN0001749,CUST4453,ACC167154,2024-04-29,DEBIT,98689.55,USD,BR729,PENDING,30.6,CENTRAL,SAVINGS
TXN0001750,CUST7825,ACC561834,2024-04-19,WITHDRAWAL,57848.98,USD,BR978,PENDING,42.19,SOUTH,CHECKING
TXN0001751,CUST1496,ACC288538,2024-08-31,DEBIT,-48549.46,USD,BR202,COMPLETED,15.21,SOUTH,SAVINGS
TXN0001752,CUST9159,ACC370539,2024-07-27,CREDIT,80435.52,USD,BR669,COMPLETED,32.56,WEST,CHECKING
TXN0001753,CUST9938,ACC903184,2024-01-01,DEBIT,89963.8,EUR,BR397,COMPLETED,30.59,EAST,SAVINGS
TXN0001754,CUST5745,ACC924952,2024-06-23,PAYMENT,-19684.18,USD,BR932,COMPLETED,82.05,SOUTH,CHECKING
TXN0001755,CUST5949,ACC389558,2024-04-05,TRANSFER,44064.92,USD,BR434,PENDING,89.7,WEST,SAVINGS
TXN0001756,CUST8912,ACC372148,2024-05-07,CREDIT,35185.24,AUD,BR169,COMPLETED,7.93,WEST,MORTGAGE
TXN0001757,CUST5012,ACC618970,2024-01-23,TRANSFER,-32895.19,USD,BR738,COMPLETED,64.68,SOUTH,LOAN
TXN0001758,CUST7653,ACC233402,2024-05-10,DEBIT,75606.33,USD,BR257,COMPLETED,42.13,SOUTH,SAVINGS
TXN0001759,CUST5873,ACC338466,2024-06-13,TRANSFER,-24840.31,AUD,BR102,PENDING,49.38,SOUTH,MORTGAGE
TXN0001760,CUST8430,ACC760957,2024-10-11,DEBIT,7065.93,USD,BR620,FAILED,55.32,EAST,LOAN
TXN0001761,CUST2195,ACC282971,2024-09-18,DEBIT,52189.49,GBP,BR839,COMPLETED,84.34,CENTRAL,LOAN
TXN0001762,CUST1981,ACC254037,2024-02-18,DEBIT,-46248.93,USD,BR378,FAILED,84.63,WEST,CREDIT
TXN0001763,CUST3589,ACC747966,2024-07-24,DEBIT,79168.15,EUR,BR736,COMPLETED,76.76,WEST,SAVINGS
TXN0001764,CUST8202,ACC787842,2024-06-19,CREDIT,80565.19,EUR,BR867,COMPLETED,94.12,EAST,LOAN
TXN0001765,CUST7809,ACC151988,2024-12-24,DEBIT,-17795.75,USD,BR536,COMPLETED,2.95,EAST,SAVINGS
TXN0001766,CUST8933,ACC343974,2024-01-12,DEBIT,-10205.21,EUR,BR458,COMPLETED,29.54,EAST,SAVINGS
TXN0001767,CUST8609,ACC220005,2024-03-25,PAYMENT,-38588.02,GBP,BR355,COMPLETED,1.39,NORTH,CHECKING
TXN0001768,CUST4342,ACC786398,2024-07-03,DEBIT,-14984.55,USD,BR908,FAILED,1.63,SOUTH,SAVINGS
TXN0001769,CUST6573,ACC140372,2024-05-22,DEBIT,52486.16,EUR,BR625,REVERSED,97.85,EAST,CHECKING
TXN0001770,CUST3353,ACC293205,2024-06-03,TRANSFER,63119.61,USD,BR444,COMPLETED,45.78,CENTRAL,CHECKING
TXN0001771,CUST6121,ACC817688,2024-09-10,DEBIT,-21964.66,USD,BR193,COMPLETED,9.06,NORTH,SAVINGS
TXN0001772,CUST6231,ACC631333,2024-03-15,DEBIT,17630.23,USD,BR683,COMPLETED,52.72,WEST,MORTGAGE
TXN0001773,CUST6658,ACC561697,2024-05-14,WITHDRAWAL,-25973.4,USD,BR368,COMPLETED,7.77,CENTRAL,MORTGAGE
TXN0001774,CUST7532,ACC708059,2027-01-01,WITHDRAWAL,-27866.68,EUR,BR140,PENDING,87.13,CENTRAL,CHECKING
TXN0001775,CUST3142,ACC432749,2024-11-11,DEBIT,80341.79,USD,BR482,REVERSED,61.08,CENTRAL,SAVINGS
TXN0001776,CUST7070,ACC143993,2024-02-19,CREDIT,82608.37,USD,BR512,PENDING,3.58,WEST,CHECKING
TXN0001777,CUST9437,ACC680290,2024-08-07,PAYMENT,-36761.33,AUD,BR652,COMPLETED,9.73,NORTH,SAVINGS
TXN0001778,CUST2739,ACC852204,2024-06-11,DEBIT,-33244.53,USD,BR396,COMPLETED,60.97,NORTH,SAVINGS
TXN0001779,CUST6228,ACC339025,2024-11-28,PAYMENT,15497.94,USD,BR871,COMPLETED,72.35,WEST,LOAN
TXN0001780,CUST4960,ACC163766,2024-01-17,DEBIT,34599.93,GBP,BR799,COMPLETED,29.71,NORTH,LOAN
TXN0001781,CUST8642,ACC849259,2024-04-08,DEBIT,58832.0,USD,BR455,PENDING,69.33,CENTRAL,CHECKING
TXN0001782,CUST3007,ACC371638,2024-12-22,DEBIT,-25156.35,EUR,BR749,REVERSED,13.72,NORTH,SAVINGS
TXN0001783,CUST5382,ACC369950,2024-05-28,DEBIT,,EUR,BR925,PENDING,44.98,CENTRAL,SAVINGS
TXN0001784,CUST8366,ACC116901,2024-05-20,CREDIT,61766.91,USD,BR695,COMPLETED,15.53,CENTRAL,LOAN
TXN0001785,CUST5061,ACC811341,2024-01-15,DEBIT,-24880.21,USD,BR967,COMPLETED,38.81,NORTH,SAVINGS
TXN0001786,CUST3308,ACC985974,2024-10-17,DEBIT,7941.98,USD,BR319,COMPLETED,58.54,WEST,CHECKING
TXN0001787,CUST2586,ACC999143,2024-08-01,CREDIT,51944.99,USD,BR810,COMPLETED,65.14,SOUTH,SAVINGS
TXN0001788,CUST1829,ACC990668,2024-07-24,DEBIT,-34772.91,EUR,BR358,COMPLETED,27.48,SOUTH,
TXN0001789,CUST5754,ACC470498,2024-02-02,DEBIT,63618.67,USD,BR155,PENDING,1.2,NORTH,CHECKING
TXN0001790,CUST7293,ACC666693,2024-08-28,DEBIT,10133.7,GBP,BR201,COMPLETED,31.7,SOUTH,CHECKING
TXN0001791,CUST7850,ACC853212,2024-09-04,DEBIT,25830.5,USD,BR148,COMPLETED,65.46,WEST,SAVINGS
TXN0001792,CUST5067,ACC146906,2024-02-03,WITHDRAWAL,-33059.04,EUR,BR955,PENDING,81.77,NORTH,SAVINGS
TXN0001793,CUST3616,ACC729752,2024-09-21,PAYMENT,14950.96,USD,BR572,FAILED,79.71,NORTH,CHECKING
TXN0001794,CUST6364,ACC346097,2024-03-05,DEBIT,88451.08,EUR,BR472,REVERSED,57.91,EAST,MORTGAGE
TXN0001795,CUST6123,ACC466718,2024-12-24,CREDIT,69199.82,EUR,BR985,COMPLETED,68.9,EAST,SAVINGS
TXN0001796,CUST4110,ACC214466,2024-05-12,PAYMENT,61295.55,EUR,BR278,COMPLETED,99.0,EAST,SAVINGS
TXN0001797,CUST3610,ACC181242,2024-10-31,PAYMENT,11715.18,USD,BR661,PENDING,60.84,NORTH,CREDIT
TXN0001798,CUST9163,ACC631562,2024-10-02,DEBIT,-29645.09,USD,BR563,COMPLETED,99.83,EAST,SAVINGS
TXN0001799,CUST9433,ACC565371,2024-10-20,TRANSFER,39670.41,USD,BR824,COMPLETED,82.21,WEST,SAVINGS
TXN0001800,CUST8648,ACC218680,2024-10-06,CREDIT,-23072.24,USD,BR933,FAILED,54.18,CENTRAL,CHECKING
TXN0001801,CUST9171,ACC635859,2024-11-18,CREDIT,-35622.4,USD,BR722,COMPLETED,19.34,WEST,MORTGAGE
TXN0001802,CUST6055,ACC181212,2024-01-22,CREDIT,-21679.69,AUD,BR732,COMPLETED,59.0,NORTH,LOAN
TXN0001803,CUST9148,ACC348490,2024-10-06,TRANSFER,9546.54,EUR,BR585,COMPLETED,81.7,WEST,CREDIT
TXN0001804,CUST1379,ACC313953,2024-10-04,WITHDRAWAL,-11511.57,USD,BR268,COMPLETED,98.98,SOUTH,LOAN
TXN0001805,CUST2475,ACC441614,2024-01-02,CREDIT,-24607.24,AUD,BR242,PENDING,38.86,NORTH,MORTGAGE
TXN0001806,CUST7442,ACC698071,2024-07-24,DEBIT,16363.52,USD,BR984,FAILED,73.77,CENTRAL,CREDIT
TXN0001807,CUST9281,ACC489398,2024-08-24,PAYMENT,66957.05,EUR,BR447,COMPLETED,21.91,NORTH,CHECKING
TXN0001808,CUST8491,ACC969414,2024-10-09,TRANSFER,-24405.19,USD,BR583,COMPLETED,59.32,CENTRAL,MORTGAGE
TXN0001809,CUST4944,ACC962656,2024-03-15,DEBIT,-43880.62,,BR904,COMPLETED,1.22,CENTRAL,CREDIT
TXN0001810,CUST4524,ACC814097,2024-02-19,DEBIT,36005.84,USD,BR846,FAILED,31.9,WEST,SAVINGS
TXN0001811,CUST6781,ACC536175,2024-05-19,CREDIT,-37449.6,USD,BR774,COMPLETED,53.34,WEST,LOAN
TXN0001812,CUST1797,ACC174861,2024-02-10,CREDIT,52865.42,,BR823,COMPLETED,15.58,SOUTH,LOAN
TXN0001813,CUST1828,ACC773067,2024-08-14,PAYMENT,89660.38,USD,BR428,COMPLETED,27.15,SOUTH,CHECKING
TXN0001814,CUST5609,ACC547191,2024-05-18,DEBIT,701.3,EUR,BR148,COMPLETED,44.59,WEST,CHECKING
TXN0001815,,ACC396835,2024-07-30,WITHDRAWAL,46107.47,EUR,BR231,COMPLETED,97.85,NORTH,CREDIT
TXN0001816,CUST8710,ACC250029,2024-09-21,DEBIT,-46526.61,,BR278,COMPLETED,90.31,WEST,MORTGAGE
TXN0001817,CUST5681,ACC125894,2024-02-23,DEBIT,91813.57,USD,BR444,COMPLETED,85.7,SOUTH,SAVINGS
TXN0001818,CUST9793,ACC442402,2024-04-25,PAYMENT,-48211.16,USD,BR731,PENDING,98.78,EAST,SAVINGS
TXN0001819,CUST1133,ACC736450,2024-06-16,DEBIT,68791.13,GBP,BR354,COMPLETED,49.71,SOUTH,CHECKING
TXN0001820,CUST2761,ACC926450,2024-11-14,DEBIT,-38359.45,GBP,BR835,COMPLETED,15.9,CENTRAL,CHECKING
TXN0001821,CUST8060,ACC477788,2024-04-04,DEBIT,28285.88,USD,BR931,REVERSED,99.3,WEST,MORTGAGE
TXN0001822,CUST3194,ACC451258,2024-07-20,PAYMENT,66895.95,AUD,BR220,COMPLETED,37.64,CENTRAL,LOAN
TXN0001823,CUST5333,ACC527963,2024-11-16,DEBIT,-40902.71,USD,BR777,COMPLETED,46.58,NORTH,LOAN
TXN0001824,CUST6992,ACC783648,2024-07-11,DEBIT,1407.63,USD,BR260,COMPLETED,6.85,WEST,CREDIT
TXN0001825,CUST7606,ACC492917,2024-05-15,CREDIT,17103.81,GBP,BR883,FAILED,12.19,WEST,CHECKING
TXN0001826,CUST6995,ACC593549,2024-10-06,TRANSFER,69304.83,EUR,BR289,COMPLETED,30.68,EAST,CREDIT
TXN0001827,CUST1741,ACC408347,2024-08-04,TRANSFER,-49605.68,USD,BR586,FAILED,15.8,SOUTH,CHECKING
TXN0001828,CUST7563,ACC752126,2024-11-11,CREDIT,-11081.33,USD,BR272,COMPLETED,21.9,SOUTH,LOAN
TXN0001829,CUST1838,ACC132670,2024-12-05,DEBIT,-2013.5,USD,BR481,COMPLETED,50.06,WEST,CHECKING
TXN0001830,,ACC268100,2024-10-02,CREDIT,32162.28,USD,BR375,COMPLETED,21.68,WEST,MORTGAGE
TXN0001831,CUST6939,ACC486192,2024-11-12,DEBIT,11929.07,USD,BR392,COMPLETED,48.54,CENTRAL,CREDIT
TXN0001832,CUST5728,ACC146777,2024-05-07,DEBIT,23408.24,USD,BR793,PENDING,78.7,NORTH,SAVINGS
TXN0001833,CUST2204,ACC405002,2024-12-23,DEBIT,-40657.29,USD,BR897,COMPLETED,15.0,CENTRAL,CHECKING
TXN0001834,CUST7329,ACC257352,2024-10-24,DEBIT,67250.37,USD,BR683,REVERSED,70.73,CENTRAL,SAVINGS
TXN0001835,CUST9261,ACC719946,2024-07-21,PAYMENT,25631.14,USD,BR928,COMPLETED,64.61,NORTH,SAVINGS
TXN0001836,CUST8378,ACC126775,2024-12-22,DEBIT,15424.59,EUR,BR474,PENDING,7.39,CENTRAL,
TXN0001837,CUST5582,ACC211392,2024-11-12,DEBIT,41495.75,GBP,BR422,COMPLETED,25.8,SOUTH,CHECKING
TXN0001838,CUST2946,ACC738622,2024-10-08,WITHDRAWAL,-42573.34,AUD,BR740,FAILED,36.1,WEST,
TXN0001839,CUST3108,ACC321752,2024-08-13,DEBIT,-48959.4,USD,BR112,FAILED,22.34,NORTH,MORTGAGE
TXN0001840,CUST2584,ACC947285,2024-06-08,DEBIT,48257.63,,BR353,COMPLETED,40.86,SOUTH,CHECKING
TXN0001841,CUST7453,ACC428315,2024-09-16,TRANSFER,-15916.73,GBP,BR797,FAILED,2.97,SOUTH,CHECKING
TXN0001842,CUST7114,ACC635608,2024-07-14,DEBIT,-46445.53,USD,BR113,PENDING,45.85,NORTH,SAVINGS
TXN0001843,CUST6555,ACC850537,2024-10-17,CREDIT,17425.91,EUR,BR563,PENDING,12.33,SOUTH,CREDIT
TXN0001844,CUST6990,ACC918805,2024-06-08,CREDIT,-9109.75,USD,BR690,COMPLETED,46.26,EAST,LOAN
TXN0001845,CUST3363,ACC878088,2024-12-18,PAYMENT,-5882.69,,BR424,COMPLETED,52.72,CENTRAL,SAVINGS
TXN0001846,CUST4261,ACC632867,2024-02-16,DEBIT,-43949.37,EUR,BR658,PENDING,8.49,SOUTH,LOAN
TXN0001847,CUST9341,ACC921524,2024-06-16,CREDIT,90064.59,USD,BR235,COMPLETED,65.36,CENTRAL,SAVINGS
TXN0001848,CUST7576,ACC709732,2024-06-23,DEBIT,-15156.1,EUR,BR438,COMPLETED,,CENTRAL,SAVINGS
TXN0001849,CUST9193,ACC847467,2024-10-28,DEBIT,-849.04,USD,BR357,COMPLETED,89.97,EAST,SAVINGS
TXN0001850,CUST1659,ACC460765,2024-05-13,DEBIT,84369.71,USD,BR900,PENDING,65.97,CENTRAL,CHECKING
TXN0001851,CUST1742,ACC325306,2024-06-09,DEBIT,-37368.39,USD,BR538,FAILED,47.48,NORTH,SAVINGS
TXN0001852,CUST1637,ACC497242,2024-12-03,CREDIT,85415.5,USD,BR580,PENDING,46.38,WEST,SAVINGS
TXN0001853,CUST3245,ACC971080,2024-01-26,TRANSFER,16279.9,USD,BR550,COMPLETED,39.27,SOUTH,SAVINGS
TXN0001854,CUST6456,ACC710990,2024-02-26,CREDIT,18184.36,USD,BR252,FAILED,62.44,WEST,CREDIT
TXN0001855,CUST8761,ACC134183,2024-03-04,TRANSFER,39241.45,AUD,BR343,PENDING,55.07,WEST,CHECKING
TXN0001856,CUST9508,ACC788976,2024-11-10,DEBIT,16403.63,USD,BR733,PENDING,69.73,EAST,MORTGAGE
TXN0001857,CUST8487,ACC861538,2024-03-10,CREDIT,89477.1,GBP,BR484,PENDING,89.58,EAST,LOAN
TXN0001858,CUST3440,ACC257364,2024-11-02,CREDIT,-29368.2,USD,BR552,FAILED,75.77,NORTH,SAVINGS
TXN0001859,CUST9446,ACC499601,2024-12-13,CREDIT,-21890.26,GBP,BR782,COMPLETED,67.31,CENTRAL,LOAN
TXN0001860,CUST3290,ACC899656,2024-04-02,CREDIT,-46130.19,USD,BR596,COMPLETED,60.77,CENTRAL,LOAN
TXN0001861,CUST6373,ACC780748,2024-01-30,DEBIT,77012.62,USD,BR632,COMPLETED,64.4,EAST,CREDIT
TXN0001862,CUST6218,ACC182255,2024-12-17,PAYMENT,32071.52,USD,BR295,COMPLETED,35.88,EAST,CREDIT
TXN0001863,CUST3662,ACC181066,2024-09-01,DEBIT,-14561.28,GBP,BR677,COMPLETED,80.62,WEST,CHECKING
TXN0001864,CUST7438,ACC335490,2024-07-03,CREDIT,-48367.67,USD,BR111,,75.22,SOUTH,CHECKING
TXN0001865,CUST5902,ACC692867,2024-05-06,CREDIT,-33808.99,GBP,BR554,PENDING,46.56,EAST,SAVINGS
TXN0001866,CUST6511,ACC627953,2024-12-22,CREDIT,62710.97,USD,BR427,COMPLETED,16.75,CENTRAL,CREDIT
TXN0001867,CUST9311,ACC702343,2024-07-14,TRANSFER,-40518.36,EUR,BR182,PENDING,3.11,NORTH,CHECKING
TXN0001868,CUST9351,ACC760943,2024-12-21,DEBIT,-21008.37,USD,BR516,COMPLETED,11.67,EAST,CREDIT
TXN0001869,CUST9721,ACC674863,2024-01-23,CREDIT,-45846.74,USD,BR306,COMPLETED,49.47,NORTH,LOAN
TXN0001870,CUST9025,ACC869603,2024-06-28,WITHDRAWAL,84308.67,USD,BR656,REVERSED,11.33,NORTH,SAVINGS
TXN0001871,CUST5911,ACC538388,2024-02-28,PAYMENT,77474.78,GBP,BR104,REVERSED,68.53,CENTRAL,LOAN
TXN0001872,CUST8780,ACC665148,2024-02-06,TRANSFER,30124.52,USD,BR510,FAILED,0.21,WEST,
TXN0001873,CUST1272,ACC868654,2024-08-30,PAYMENT,-39050.6,USD,BR536,FAILED,42.24,CENTRAL,CREDIT
TXN0001874,CUST7035,ACC227131,2024-02-10,TRANSFER,42692.65,USD,BR285,COMPLETED,50.54,SOUTH,SAVINGS
TXN0001875,CUST6427,ACC988767,2024-08-04,DEBIT,-44068.96,AUD,BR514,COMPLETED,78.09,SOUTH,LOAN
TXN0001876,CUST2795,ACC653392,2024-12-15,CREDIT,-45579.47,USD,BR872,COMPLETED,58.59,SOUTH,CHECKING
TXN0001877,CUST7824,ACC936979,2024-02-01,PAYMENT,-4572.67,EUR,BR594,COMPLETED,8.7,WEST,SAVINGS
TXN0001878,CUST6040,ACC153929,2024-04-26,DEBIT,10184.46,GBP,BR736,COMPLETED,92.92,NORTH,MORTGAGE
TXN0001879,CUST1436,ACC736592,2024-11-01,CREDIT,-40367.61,EUR,BR406,FAILED,40.79,CENTRAL,CREDIT
TXN0001880,CUST8775,ACC595273,2024-10-02,WITHDRAWAL,51161.21,GBP,BR113,COMPLETED,97.98,SOUTH,LOAN
TXN0001881,CUST5350,ACC791218,2024-10-11,TRANSFER,45705.53,EUR,BR723,FAILED,46.36,EAST,MORTGAGE
TXN0001882,CUST4728,ACC649923,2024-07-21,CREDIT,74788.19,EUR,BR811,COMPLETED,45.65,NORTH,SAVINGS
TXN0001883,CUST1841,ACC645611,2024-04-16,CREDIT,78379.15,USD,BR692,COMPLETED,83.73,WEST,CHECKING
TXN0001884,CUST8871,ACC562440,2024-08-03,PAYMENT,21192.8,USD,BR956,COMPLETED,38.46,WEST,CREDIT
TXN0001885,CUST3793,ACC432335,2024-06-09,DEBIT,-38354.02,USD,BR977,FAILED,79.53,CENTRAL,SAVINGS
TXN0001886,CUST9589,ACC382258,2024-05-07,TRANSFER,-36692.68,USD,BR139,PENDING,96.75,EAST,LOAN
TXN0001887,CUST7229,ACC304497,2024-07-29,CREDIT,-42646.42,USD,BR570,PENDING,97.28,WEST,CREDIT
TXN0001888,CUST3421,ACC976618,2024-12-29,DEBIT,8931.55,AUD,BR313,PENDING,24.57,EAST,SAVINGS
TXN0001889,CUST4968,ACC703186,2024-11-27,CREDIT,31115.37,USD,BR577,COMPLETED,28.96,SOUTH,CHECKING
TXN0001890,CUST1517,ACC407301,2024-03-05,DEBIT,90874.05,USD,BR837,PENDING,5.22,CENTRAL,SAVINGS
TXN0001891,CUST2800,ACC355882,2024-02-21,TRANSFER,78671.1,USD,BR239,COMPLETED,1.68,EAST,LOAN
TXN0001892,CUST4125,ACC444650,2024-09-20,DEBIT,35011.05,GBP,BR273,COMPLETED,81.55,CENTRAL,SAVINGS
TXN0001893,CUST1310,ACC354880,2024-10-23,PAYMENT,86853.88,GBP,BR732,COMPLETED,35.3,NORTH,MORTGAGE
TXN0001894,CUST8225,ACC937818,2024-05-13,TRANSFER,33422.6,EUR,BR841,COMPLETED,21.08,NORTH,LOAN
TXN0001895,CUST6139,ACC904932,2024-06-16,PAYMENT,92819.28,USD,BR214,COMPLETED,70.02,NORTH,LOAN
TXN0001896,CUST7861,ACC479547,2024-07-09,CREDIT,44613.29,USD,BR611,COMPLETED,19.6,SOUTH,LOAN
TXN0001897,CUST3481,ACC342106,2024-11-02,TRANSFER,-36565.27,USD,BR499,REVERSED,81.07,SOUTH,SAVINGS
TXN0001898,CUST7765,ACC577963,2024-01-29,DEBIT,84135.14,USD,BR380,COMPLETED,60.81,NORTH,CHECKING
TXN0001899,CUST4340,ACC430108,2024-07-13,DEBIT,67814.25,USD,BR645,COMPLETED,65.21,WEST,LOAN
TXN0001900,CUST7723,ACC884532,2024-09-05,CREDIT,-11807.54,GBP,BR115,COMPLETED,56.83,NORTH,CREDIT
TXN0001901,CUST9221,ACC221023,2024-01-04,DEBIT,-41598.43,EUR,BR322,COMPLETED,91.56,CENTRAL,SAVINGS
TXN0001902,,ACC826739,2024-01-26,CREDIT,60741.41,EUR,BR509,FAILED,64.64,NORTH,SAVINGS
TXN0001903,CUST2020,ACC352755,2024-01-13,DEBIT,40624.74,AUD,BR170,PENDING,47.17,SOUTH,CHECKING
TXN0001904,CUST3262,ACC566624,2024-10-31,CREDIT,-3814.16,USD,BR392,COMPLETED,84.83,EAST,LOAN
TXN0001905,CUST9498,ACC868394,2024-12-01,TRANSFER,-5335.61,USD,BR749,COMPLETED,92.74,NORTH,SAVINGS
TXN0001906,CUST4397,ACC529838,2024-11-29,CREDIT,52711.0,USD,BR783,COMPLETED,88.52,NORTH,CHECKING
TXN0001907,CUST6325,ACC479459,2024-10-20,TRANSFER,91005.05,USD,BR888,COMPLETED,68.72,WEST,SAVINGS
TXN0001908,CUST8837,ACC183561,2024-06-03,PAYMENT,31361.31,USD,BR464,COMPLETED,5.51,EAST,CREDIT
TXN0001909,CUST9609,ACC469082,2024-03-10,WITHDRAWAL,48646.62,USD,BR410,COMPLETED,21.77,EAST,SAVINGS
TXN0001910,CUST7173,ACC687681,2024-06-01,TRANSFER,-31929.45,USD,BR356,COMPLETED,8.79,EAST,SAVINGS
TXN0001911,CUST6140,ACC630205,2024-09-28,DEBIT,-40633.88,USD,BR125,COMPLETED,56.81,WEST,SAVINGS
TXN0001912,CUST3837,ACC180157,2024-10-24,WITHDRAWAL,-31355.44,USD,BR795,COMPLETED,15.5,WEST,SAVINGS
TXN0001913,CUST8531,ACC479895,2024-05-08,DEBIT,99519.15,USD,BR835,COMPLETED,68.11,CENTRAL,MORTGAGE
TXN0001914,CUST9734,ACC785066,2024-04-01,TRANSFER,92324.63,EUR,BR286,,83.1,WEST,SAVINGS
TXN0001915,CUST6608,ACC607672,2024-01-25,PAYMENT,-8843.79,USD,BR709,COMPLETED,96.98,WEST,SAVINGS
TXN0001916,CUST9950,ACC734617,2024-05-30,DEBIT,86317.85,GBP,BR181,PENDING,32.83,SOUTH,SAVINGS
TXN0001917,CUST6804,ACC341539,2024-07-11,TRANSFER,54805.15,USD,BR726,PENDING,95.17,SOUTH,SAVINGS
TXN0001918,CUST5331,ACC570777,2024-07-11,DEBIT,24977.13,USD,BR470,COMPLETED,42.05,WEST,SAVINGS
TXN0001919,CUST8932,ACC924499,2024-12-15,PAYMENT,54280.39,EUR,BR491,COMPLETED,0.26,EAST,CREDIT
TXN0001920,CUST4150,ACC539196,2024-05-20,TRANSFER,19708.32,EUR,BR440,FAILED,45.08,NORTH,CREDIT
TXN0001921,CUST5038,ACC340924,2024-10-12,WITHDRAWAL,12413.93,USD,BR119,COMPLETED,42.93,,CHECKING
TXN0001922,CUST5571,ACC696998,2024-11-10,TRANSFER,-39316.0,USD,BR781,COMPLETED,92.88,CENTRAL,SAVINGS
TXN0001923,CUST5890,ACC968033,2024-08-10,WITHDRAWAL,79076.76,GBP,BR948,COMPLETED,28.86,NORTH,SAVINGS
TXN0001924,CUST4684,ACC966945,2024-08-08,DEBIT,-30613.05,USD,BR432,COMPLETED,76.19,CENTRAL,SAVINGS
TXN0001925,CUST5876,ACC231366,2024-09-11,PAYMENT,34674.15,GBP,BR865,COMPLETED,3.76,WEST,SAVINGS
TXN0001926,CUST5735,ACC663731,2024-07-29,PAYMENT,60669.02,USD,BR635,,23.12,SOUTH,CHECKING
TXN0001927,CUST4396,ACC356842,2024-01-26,CREDIT,-35535.01,USD,BR387,COMPLETED,67.48,CENTRAL,LOAN
TXN0001928,CUST9011,ACC914165,2024-06-16,WITHDRAWAL,-44148.42,EUR,BR673,COMPLETED,72.01,SOUTH,CHECKING
TXN0001929,CUST6194,ACC527417,2024-08-11,PAYMENT,-27008.22,EUR,BR407,REVERSED,8.8,SOUTH,CHECKING
TXN0001930,CUST8861,ACC806850,2024-05-14,DEBIT,-35816.39,AUD,BR172,COMPLETED,58.35,SOUTH,CHECKING
TXN0001931,CUST6714,ACC713160,2024-03-23,CREDIT,13324.84,EUR,BR754,COMPLETED,8.87,EAST,CHECKING
TXN0001932,CUST5480,ACC798249,2024-01-08,CREDIT,-334.07,AUD,BR377,COMPLETED,73.49,WEST,CREDIT
TXN0001933,CUST5715,ACC244850,2024-06-08,TRANSFER,89797.91,EUR,BR684,COMPLETED,0.28,EAST,SAVINGS
TXN0001934,CUST2996,ACC734960,2024-06-10,DEBIT,22475.65,USD,BR283,COMPLETED,19.95,EAST,SAVINGS
TXN0001935,CUST9899,ACC372922,2024-08-04,DEBIT,92144.48,USD,BR927,,10.11,SOUTH,CHECKING
TXN0001936,CUST7220,ACC934515,2024-07-05,DEBIT,63757.36,USD,BR229,PENDING,91.28,EAST,
TXN0001937,CUST7464,ACC400820,2024-09-07,WITHDRAWAL,-43981.71,EUR,BR650,COMPLETED,45.0,WEST,SAVINGS
TXN0001938,CUST6654,ACC458163,2024-08-14,PAYMENT,82646.51,AUD,BR329,PENDING,96.99,EAST,LOAN
TXN0001939,CUST3399,ACC429089,2024-06-23,CREDIT,49822.1,USD,BR957,COMPLETED,28.08,EAST,CHECKING
TXN0001940,CUST5758,ACC223694,2024-10-02,CREDIT,33267.82,USD,BR435,COMPLETED,49.42,NORTH,LOAN
TXN0001941,CUST1689,ACC185465,2024-01-15,PAYMENT,-12262.62,USD,BR830,PENDING,32.54,SOUTH,CREDIT
TXN0001942,CUST5712,ACC528346,2024-10-19,DEBIT,97776.39,USD,BR511,COMPLETED,,SOUTH,CHECKING
TXN0001943,CUST2294,ACC541474,2024-08-18,PAYMENT,93587.82,USD,BR134,COMPLETED,65.69,CENTRAL,CHECKING
TXN0001944,CUST6674,ACC629558,2024-06-06,DEBIT,-4199.95,AUD,BR826,PENDING,23.22,NORTH,CHECKING
TXN0001945,CUST8247,ACC255607,2024-06-12,TRANSFER,25720.24,USD,BR236,COMPLETED,27.68,CENTRAL,SAVINGS
TXN0001946,CUST5201,ACC703992,2024-04-23,DEBIT,-25675.58,USD,BR238,COMPLETED,31.89,NORTH,LOAN
TXN0001947,CUST8849,ACC618206,2024-04-08,DEBIT,19067.32,USD,BR957,COMPLETED,,EAST,SAVINGS
TXN0001948,CUST4505,ACC763360,2024-09-16,PAYMENT,-29602.27,GBP,BR707,COMPLETED,74.2,EAST,LOAN
TXN0001949,CUST4310,ACC910176,2024-11-07,TRANSFER,79305.66,USD,BR339,COMPLETED,7.93,WEST,LOAN
TXN0001950,CUST9824,ACC307727,2024-01-15,WITHDRAWAL,59279.25,EUR,BR465,COMPLETED,57.11,WEST,CHECKING
TXN0001951,CUST5442,ACC288655,2024-08-05,TRANSFER,-41102.19,USD,BR165,PENDING,69.11,NORTH,CREDIT
TXN0001952,CUST5450,ACC576126,2024-03-07,PAYMENT,87610.92,USD,BR183,COMPLETED,86.09,SOUTH,SAVINGS
TXN0001953,CUST3249,ACC116265,2024-05-04,CREDIT,45416.65,EUR,BR779,COMPLETED,68.67,NORTH,SAVINGS
TXN0001954,CUST2789,ACC274872,2024-07-08,CREDIT,46649.93,USD,BR599,COMPLETED,95.67,,SAVINGS
TXN0001955,CUST4920,ACC226656,2024-05-12,TRANSFER,-22612.08,GBP,BR891,COMPLETED,25.59,SOUTH,MORTGAGE
TXN0001956,CUST4972,ACC538960,2024-07-26,DEBIT,-9834.05,EUR,BR407,PENDING,30.03,CENTRAL,SAVINGS
TXN0001957,CUST1831,ACC376169,2024-07-14,TRANSFER,34604.27,EUR,BR999,FAILED,15.07,CENTRAL,LOAN
TXN0001958,CUST9700,ACC902694,2024-03-07,DEBIT,21145.2,USD,BR623,COMPLETED,2.32,CENTRAL,
TXN0001959,CUST4697,ACC681517,2024-11-20,TRANSFER,-14641.94,USD,BR749,COMPLETED,15.31,SOUTH,SAVINGS
TXN0001960,CUST4814,ACC845937,2024-04-04,DEBIT,56313.04,USD,BR515,PENDING,,CENTRAL,LOAN
TXN0001961,CUST1860,ACC592684,2024-08-02,DEBIT,24827.63,AUD,BR293,REVERSED,64.73,NORTH,SAVINGS
TXN0001962,CUST2641,ACC878938,2024-06-21,DEBIT,96770.51,USD,BR525,COMPLETED,95.65,EAST,MORTGAGE
TXN0001963,CUST7771,ACC205901,2024-12-24,CREDIT,93597.51,USD,BR736,COMPLETED,56.09,EAST,CHECKING
TXN0001964,CUST6411,ACC232537,2024-05-28,PAYMENT,42909.87,USD,BR348,COMPLETED,45.61,,SAVINGS
TXN0001965,CUST8739,ACC135730,2024-01-28,CREDIT,81461.13,USD,BR653,COMPLETED,82.38,EAST,CREDIT
TXN0001966,CUST2647,ACC974364,2024-02-25,CREDIT,-21473.84,USD,BR852,COMPLETED,44.96,NORTH,SAVINGS
TXN0001967,CUST3252,ACC552376,2024-07-22,CREDIT,44293.09,EUR,BR147,FAILED,92.83,CENTRAL,LOAN
TXN0001968,CUST1084,ACC125093,2024-11-19,WITHDRAWAL,917.54,USD,BR458,PENDING,16.3,NORTH,SAVINGS
TXN0001969,CUST3587,ACC823566,2024-06-20,DEBIT,20889.67,USD,BR651,COMPLETED,55.06,CENTRAL,CHECKING
TXN0001970,CUST7666,ACC275044,2024-11-05,CREDIT,52669.25,USD,BR359,COMPLETED,86.45,NORTH,SAVINGS
TXN0001971,CUST8793,ACC176561,2024-11-07,CREDIT,-47615.56,EUR,BR501,COMPLETED,68.43,WEST,SAVINGS
TXN0001972,CUST8822,ACC238808,2024-06-26,DEBIT,55004.16,USD,BR134,COMPLETED,83.62,CENTRAL,SAVINGS
TXN0001973,CUST4267,ACC639908,2024-04-27,CREDIT,,,BR585,COMPLETED,99.18,CENTRAL,CHECKING
TXN0001974,CUST5706,ACC655021,2024-01-28,TRANSFER,84141.97,USD,BR106,PENDING,51.82,NORTH,SAVINGS
TXN0001975,CUST6262,ACC506967,2024-01-05,PAYMENT,41861.03,EUR,BR776,PENDING,42.46,CENTRAL,LOAN
TXN0001976,CUST5676,ACC542875,2024-12-21,PAYMENT,36298.93,USD,BR913,PENDING,82.59,NORTH,LOAN
TXN0001977,CUST1969,ACC471581,2024-12-11,DEBIT,10132.58,USD,BR966,COMPLETED,64.97,NORTH,SAVINGS
TXN0001978,CUST2465,ACC233644,2024-08-05,CREDIT,13553.2,USD,BR369,COMPLETED,99.2,NORTH,SAVINGS
TXN0001979,CUST4804,ACC521860,2024-03-23,TRANSFER,57080.11,EUR,BR334,COMPLETED,7.66,NORTH,SAVINGS
TXN0001980,CUST9767,ACC830782,2024-04-05,DEBIT,69986.51,EUR,BR445,COMPLETED,57.9,CENTRAL,LOAN
TXN0001981,CUST1611,ACC683994,2024-03-01,DEBIT,-3749.78,USD,BR786,PENDING,81.93,SOUTH,MORTGAGE
TXN0001982,CUST3868,ACC353162,2024-03-30,TRANSFER,7618.63,EUR,BR814,COMPLETED,61.91,NORTH,LOAN
TXN0001983,CUST7846,ACC846568,2024-03-18,CREDIT,30057.32,GBP,BR207,FAILED,44.31,CENTRAL,CHECKING
TXN0001984,CUST3880,ACC407643,2024-05-30,WITHDRAWAL,-10014.93,USD,BR598,COMPLETED,52.05,WEST,SAVINGS
TXN0001985,CUST1595,ACC224811,2024-04-02,CREDIT,51599.37,USD,BR483,COMPLETED,16.46,WEST,LOAN
TXN0001986,CUST7504,ACC453169,2024-08-19,CREDIT,-12730.71,USD,BR720,,70.75,CENTRAL,LOAN
TXN0001987,CUST9116,ACC964776,2024-08-07,DEBIT,33585.51,USD,BR296,COMPLETED,12.07,EAST,CREDIT
TXN0001988,CUST4052,ACC452993,2024-09-01,DEBIT,-2135.73,GBP,BR182,COMPLETED,2.92,WEST,CHECKING
TXN0001989,CUST5742,ACC720209,2024-12-21,DEBIT,63819.36,USD,BR548,COMPLETED,58.41,CENTRAL,CHECKING
TXN0001990,CUST1613,ACC738328,2024-12-02,TRANSFER,69409.66,GBP,BR264,COMPLETED,40.42,WEST,CHECKING
TXN0001991,CUST1151,ACC746582,2024-08-30,TRANSFER,2020.51,EUR,BR532,COMPLETED,4.89,CENTRAL,SAVINGS
TXN0001992,,ACC213006,2024-06-08,DEBIT,56516.91,EUR,BR990,REVERSED,94.1,SOUTH,CREDIT
TXN0001993,CUST2758,ACC857260,2024-07-24,CREDIT,40421.58,AUD,BR167,COMPLETED,66.4,WEST,CREDIT
TXN0001994,CUST6489,ACC147435,2024-03-09,DEBIT,32961.05,EUR,BR134,COMPLETED,17.26,NORTH,SAVINGS
TXN0001995,CUST5662,ACC177335,2024-06-10,TRANSFER,32928.55,AUD,BR654,COMPLETED,96.24,WEST,LOAN
TXN0001996,CUST8444,ACC874633,2024-11-09,WITHDRAWAL,49227.02,USD,BR789,COMPLETED,69.62,CENTRAL,LOAN
TXN0001997,CUST9901,ACC472200,2024-02-04,CREDIT,10789.18,USD,BR943,COMPLETED,4.1,WEST,SAVINGS
TXN0001998,CUST9590,ACC570700,2024-07-18,CREDIT,68355.1,EUR,BR369,PENDING,8.91,NORTH,CHECKING
TXN0001999,CUST9092,ACC528736,2024-01-15,CREDIT,-26671.87,USD,BR434,COMPLETED,91.53,NORTH,CHECKING
TXN0002000,CUST3198,ACC761475,2024-02-23,CREDIT,-12660.74,EUR,BR506,COMPLETED,94.04,NORTH,MORTGAGE
TXN0002001,CUST9261,ACC571600,2024-02-10,PAYMENT,95996.43,EUR,BR305,COMPLETED,73.71,NORTH,LOAN
TXN0002002,CUST8668,ACC876677,2024-03-31,DEBIT,79978.13,GBP,BR760,COMPLETED,73.35,WEST,
TXN0002003,CUST5470,ACC975356,2024-05-23,TRANSFER,74565.39,USD,BR178,COMPLETED,26.75,SOUTH,LOAN
TXN0002004,CUST4159,ACC556854,2024-12-29,TRANSFER,78533.14,GBP,BR873,COMPLETED,45.63,EAST,SAVINGS
TXN0002005,CUST2845,ACC403343,2024-02-21,TRANSFER,84243.12,USD,BR356,COMPLETED,88.12,NORTH,LOAN
TXN0002006,CUST6417,ACC894464,2024-02-17,PAYMENT,90861.5,USD,BR557,,68.57,EAST,CHECKING
TXN0002007,CUST3662,ACC600281,2024-07-09,TRANSFER,44615.31,EUR,BR798,PENDING,22.43,CENTRAL,SAVINGS
TXN0002008,CUST8518,ACC834122,2024-09-14,DEBIT,-41521.86,GBP,BR705,PENDING,10.13,NORTH,SAVINGS
TXN0002009,CUST5215,ACC241144,2024-05-08,PAYMENT,-34345.93,USD,BR506,FAILED,1.93,WEST,CREDIT
TXN0002010,CUST4050,ACC869070,2024-09-30,DEBIT,13619.02,USD,BR206,COMPLETED,49.11,CENTRAL,CHECKING
TXN0002011,CUST1230,ACC292362,2024-09-21,CREDIT,-13123.52,GBP,BR884,COMPLETED,98.05,EAST,CHECKING
TXN0002012,CUST6523,ACC858862,2024-11-23,TRANSFER,66931.67,EUR,BR283,COMPLETED,26.43,NORTH,CREDIT
TXN0002013,CUST5833,ACC903162,2024-07-17,PAYMENT,-32496.36,USD,BR531,COMPLETED,33.17,SOUTH,CHECKING
TXN0002014,CUST4164,ACC718196,2024-01-31,CREDIT,53673.48,USD,BR443,COMPLETED,11.4,SOUTH,MORTGAGE
TXN0002015,CUST3875,ACC959943,2024-01-04,CREDIT,-30021.12,AUD,BR151,COMPLETED,91.93,NORTH,SAVINGS
TXN0002016,CUST7643,ACC634117,2024-10-01,DEBIT,6159.86,EUR,BR640,COMPLETED,65.62,CENTRAL,SAVINGS
TXN0002017,CUST8007,ACC187859,2024-01-08,CREDIT,53457.02,USD,BR648,COMPLETED,66.35,WEST,LOAN
TXN0002018,CUST9442,ACC259652,2024-02-25,WITHDRAWAL,-11686.11,USD,BR828,COMPLETED,27.36,CENTRAL,SAVINGS
TXN0002019,CUST6372,ACC108161,2024-08-30,CREDIT,53355.28,USD,BR723,COMPLETED,9.85,EAST,SAVINGS
TXN0002020,CUST2421,ACC722385,2024-10-28,DEBIT,1505.29,EUR,BR719,COMPLETED,6.98,NORTH,CREDIT
TXN0002021,CUST7567,ACC721856,2024-09-21,PAYMENT,95843.84,USD,BR598,FAILED,44.53,WEST,SAVINGS
TXN0002022,CUST2562,ACC487840,2024-07-21,PAYMENT,12340.35,EUR,BR468,COMPLETED,90.76,NORTH,CREDIT
TXN0002023,CUST4027,ACC806642,2024-09-03,CREDIT,10172.73,USD,BR443,COMPLETED,63.67,NORTH,CHECKING
TXN0002024,CUST3303,ACC780950,2024-12-30,DEBIT,69956.65,USD,BR617,COMPLETED,71.45,NORTH,MORTGAGE
TXN0002025,CUST8822,ACC575557,2024-09-10,TRANSFER,29226.86,GBP,BR933,COMPLETED,99.02,NORTH,SAVINGS
TXN0002026,CUST6301,ACC497803,2024-10-13,PAYMENT,12938.52,USD,BR427,COMPLETED,70.23,NORTH,MORTGAGE
TXN0002027,CUST5064,ACC436002,2024-03-06,PAYMENT,83034.13,USD,BR299,COMPLETED,61.85,EAST,SAVINGS
TXN0002028,CUST1111,ACC559891,2024-04-10,DEBIT,-20756.26,USD,BR584,COMPLETED,88.12,CENTRAL,CHECKING
TXN0002029,CUST5272,ACC285306,2024-02-10,TRANSFER,18905.51,GBP,BR704,PENDING,15.65,NORTH,CHECKING
TXN0002030,CUST7284,ACC633376,2024-03-29,DEBIT,-7503.14,EUR,BR715,PENDING,38.22,NORTH,CREDIT
TXN0002031,CUST4858,ACC857630,2024-10-22,DEBIT,-10048.32,GBP,BR782,PENDING,89.28,CENTRAL,MORTGAGE
TXN0002032,,ACC716647,2024-10-31,DEBIT,4460.47,USD,BR588,COMPLETED,38.88,WEST,CHECKING
TXN0002033,CUST5374,ACC392866,2024-07-02,DEBIT,57490.26,USD,BR651,COMPLETED,56.38,WEST,SAVINGS
TXN0002034,CUST6400,ACC910555,2024-08-15,TRANSFER,61029.48,EUR,BR623,PENDING,25.54,SOUTH,SAVINGS
TXN0002035,CUST5947,ACC201605,2024-01-07,DEBIT,82604.32,USD,BR959,COMPLETED,61.2,NORTH,CREDIT
TXN0002036,CUST1187,ACC343545,2024-05-19,DEBIT,91494.33,USD,BR183,COMPLETED,53.41,SOUTH,CREDIT
TXN0002037,CUST5285,ACC411792,2024-08-16,CREDIT,-19492.13,EUR,BR536,COMPLETED,3.1,EAST,SAVINGS
TXN0002038,,ACC617255,2024-03-10,DEBIT,80689.42,EUR,BR828,COMPLETED,75.63,NORTH,
TXN0002039,CUST4871,ACC457687,2024-07-28,DEBIT,90102.3,EUR,BR529,COMPLETED,15.48,SOUTH,SAVINGS
TXN0002040,CUST2017,ACC150633,2024-05-14,CREDIT,-37392.09,USD,BR627,COMPLETED,98.01,CENTRAL,SAVINGS
TXN0002041,CUST2936,ACC691534,2024-03-25,DEBIT,-34212.06,EUR,BR750,COMPLETED,39.17,NORTH,CHECKING
TXN0002042,CUST8625,ACC642824,2024-11-22,PAYMENT,930.09,USD,BR144,FAILED,94.42,NORTH,CHECKING
TXN0002043,,ACC650705,2024-08-05,CREDIT,83411.29,USD,BR738,REVERSED,85.07,CENTRAL,CHECKING
TXN0002044,CUST3616,ACC707993,2024-02-08,CREDIT,-10253.5,USD,BR514,REVERSED,1.74,EAST,MORTGAGE
TXN0002045,CUST7642,ACC632915,2024-03-16,CREDIT,98744.0,GBP,BR437,COMPLETED,92.64,SOUTH,MORTGAGE
TXN0002046,CUST9233,ACC985066,2024-02-26,DEBIT,-132.53,USD,BR179,FAILED,4.6,EAST,CREDIT
TXN0002047,CUST6095,ACC547416,2024-03-25,PAYMENT,46231.75,EUR,BR207,COMPLETED,49.72,EAST,LOAN
TXN0002048,CUST2923,ACC399113,2024-01-28,DEBIT,-24994.91,USD,BR688,COMPLETED,23.9,CENTRAL,LOAN
TXN0002049,CUST5833,ACC438480,2024-04-14,PAYMENT,71942.68,USD,BR662,COMPLETED,71.55,SOUTH,SAVINGS
TXN0002050,CUST7021,ACC502724,2024-09-27,DEBIT,44766.47,GBP,BR868,COMPLETED,70.15,NORTH,CHECKING
TXN0002051,CUST4618,ACC434053,2024-05-08,TRANSFER,29721.79,USD,BR619,COMPLETED,74.16,EAST,SAVINGS
TXN0002052,CUST4590,ACC894086,2024-04-27,TRANSFER,-5107.61,USD,BR666,REVERSED,36.01,SOUTH,CHECKING
TXN0002053,CUST3188,ACC287082,2024-09-02,TRANSFER,78444.02,USD,BR556,COMPLETED,49.86,CENTRAL,SAVINGS
TXN0002054,CUST8834,ACC250152,2024-06-24,WITHDRAWAL,65241.31,USD,BR392,COMPLETED,89.52,SOUTH,CREDIT
TXN0002055,CUST3509,ACC143971,2024-04-26,DEBIT,6784.81,EUR,BR759,COMPLETED,31.05,EAST,CHECKING
TXN0002056,CUST8454,ACC953527,2024-08-08,DEBIT,25850.06,USD,BR410,COMPLETED,32.45,EAST,MORTGAGE
TXN0002057,CUST7121,ACC870310,2024-06-26,DEBIT,84884.71,USD,BR822,COMPLETED,55.55,WEST,CHECKING
TXN0002058,CUST7813,ACC866493,2024-12-22,CREDIT,-38810.85,USD,BR586,PENDING,11.9,SOUTH,MORTGAGE
TXN0002059,CUST9998,ACC320914,2024-10-28,DEBIT,43606.07,GBP,BR298,COMPLETED,81.76,NORTH,CHECKING
TXN0002060,CUST8714,ACC551451,2024-07-16,CREDIT,-31547.54,USD,BR910,PENDING,,CENTRAL,CHECKING
TXN0002061,CUST9806,ACC644352,2024-09-29,CREDIT,86477.5,USD,BR285,COMPLETED,38.49,SOUTH,CHECKING
TXN0002062,CUST4578,ACC391772,2024-01-25,CREDIT,-9033.39,USD,BR185,COMPLETED,21.59,CENTRAL,MORTGAGE
TXN0002063,CUST5054,ACC703075,2024-08-24,PAYMENT,23667.88,USD,BR586,COMPLETED,52.2,WEST,SAVINGS
TXN0002064,CUST2341,ACC745374,2024-10-10,PAYMENT,41567.62,USD,BR755,COMPLETED,71.91,WEST,SAVINGS
TXN0002065,CUST9609,ACC429638,2024-06-28,TRANSFER,85311.32,USD,BR563,COMPLETED,44.75,NORTH,MORTGAGE
TXN0002066,CUST8319,ACC204298,2024-11-21,PAYMENT,49094.13,EUR,BR621,COMPLETED,94.12,NORTH,CHECKING
TXN0002067,CUST9653,ACC464218,2024-03-27,DEBIT,-6758.99,EUR,BR883,COMPLETED,89.98,,SAVINGS
TXN0002068,CUST6927,ACC398624,2024-07-07,DEBIT,37995.38,USD,BR430,PENDING,57.11,EAST,LOAN
TXN0002069,CUST2279,ACC273636,2024-05-15,TRANSFER,81766.33,USD,BR400,COMPLETED,30.13,SOUTH,CREDIT
TXN0002070,CUST2838,ACC224309,2024-09-20,PAYMENT,98604.58,EUR,BR425,,85.67,WEST,CHECKING
TXN0002071,CUST2011,ACC401825,2024-03-30,CREDIT,-23970.58,,BR572,COMPLETED,71.06,EAST,CREDIT
TXN0002072,CUST9972,ACC387150,2024-06-07,DEBIT,16139.07,AUD,BR392,COMPLETED,26.3,SOUTH,CHECKING
TXN0002073,CUST9281,ACC610274,2024-03-06,PAYMENT,-19355.38,USD,BR588,COMPLETED,64.27,CENTRAL,CHECKING
TXN0002074,CUST4312,ACC560237,2024-03-04,CREDIT,-17838.85,GBP,BR798,COMPLETED,98.4,NORTH,LOAN
TXN0002075,CUST9792,ACC334496,2024-12-09,DEBIT,86112.25,USD,BR573,PENDING,82.31,EAST,CHECKING
TXN0002076,CUST3455,ACC277545,2024-10-12,DEBIT,42748.17,USD,BR123,FAILED,12.82,CENTRAL,LOAN
TXN0002077,CUST3695,ACC402491,2024-12-21,DEBIT,82322.87,EUR,BR506,COMPLETED,50.54,,CREDIT
TXN0002078,CUST6375,ACC372031,2024-04-29,DEBIT,,USD,BR140,REVERSED,78.53,NORTH,CHECKING
TXN0002079,CUST9525,ACC735615,2024-09-14,TRANSFER,46772.09,USD,BR633,COMPLETED,29.98,SOUTH,LOAN
TXN0002080,CUST8239,ACC890069,2024-06-15,DEBIT,71797.32,EUR,BR888,,54.21,SOUTH,MORTGAGE
TXN0002081,CUST2904,ACC211274,2024-05-09,CREDIT,4020.04,EUR,BR753,COMPLETED,94.38,SOUTH,CREDIT
TXN0002082,CUST4365,ACC342928,2024-07-04,DEBIT,78110.07,EUR,BR913,PENDING,18.45,EAST,SAVINGS
TXN0002083,CUST9008,ACC798806,2024-05-17,WITHDRAWAL,-40826.71,USD,BR450,FAILED,43.61,WEST,CHECKING
TXN0002084,CUST2489,ACC392163,2024-01-25,DEBIT,-2587.34,EUR,BR855,COMPLETED,20.03,NORTH,CREDIT
TXN0002085,CUST9361,ACC247852,2024-01-17,CREDIT,-32115.59,EUR,BR447,COMPLETED,16.78,SOUTH,CREDIT
TXN0002086,CUST8298,ACC200638,2024-12-12,DEBIT,5287.59,USD,BR665,COMPLETED,87.42,CENTRAL,CREDIT
TXN0002087,CUST1911,ACC316890,2024-08-07,DEBIT,91580.47,GBP,BR838,COMPLETED,28.97,EAST,LOAN
TXN0002088,CUST8429,ACC678985,2024-05-10,CREDIT,-38705.84,USD,BR619,COMPLETED,5.89,CENTRAL,CHECKING
TXN0002089,CUST3161,ACC979535,2024-06-05,PAYMENT,29354.84,AUD,BR785,COMPLETED,39.46,NORTH,SAVINGS
TXN0002090,CUST9409,ACC633408,2024-11-30,WITHDRAWAL,78494.82,USD,BR295,COMPLETED,,NORTH,CREDIT
TXN0002091,CUST7806,ACC891533,2024-07-07,DEBIT,22016.05,USD,BR419,PENDING,49.43,NORTH,CREDIT
TXN0002092,CUST8484,ACC277054,2024-05-26,WITHDRAWAL,35325.4,USD,BR653,COMPLETED,12.62,CENTRAL,SAVINGS
TXN0002093,CUST1945,ACC128678,2024-11-29,DEBIT,87610.2,USD,BR910,PENDING,99.89,WEST,LOAN
TXN0002094,CUST8575,ACC727459,2024-08-27,DEBIT,84652.72,EUR,BR482,COMPLETED,94.38,SOUTH,SAVINGS
TXN0002095,,ACC141675,2024-06-22,CREDIT,-42692.5,USD,BR982,COMPLETED,92.7,WEST,LOAN
TXN0002096,CUST1356,ACC666052,2024-03-15,DEBIT,93679.1,USD,BR524,COMPLETED,57.8,WEST,SAVINGS
TXN0002097,CUST7487,ACC664045,2024-04-10,TRANSFER,71915.05,USD,BR390,COMPLETED,23.13,NORTH,SAVINGS
TXN0002098,CUST5169,ACC937803,2024-02-09,TRANSFER,33655.77,AUD,BR870,COMPLETED,55.82,NORTH,SAVINGS
TXN0002099,CUST1049,ACC304611,2024-02-27,PAYMENT,-10988.69,AUD,BR836,COMPLETED,17.82,EAST,CHECKING
TXN0002100,CUST4570,ACC106988,2024-03-12,DEBIT,61022.54,USD,BR337,COMPLETED,2.47,CENTRAL,CHECKING
TXN0002101,CUST2196,ACC612088,2024-04-09,PAYMENT,99646.32,USD,BR270,FAILED,95.1,CENTRAL,
TXN0002102,CUST1742,ACC972944,2024-03-19,CREDIT,-46143.34,EUR,BR974,COMPLETED,15.78,CENTRAL,MORTGAGE
TXN0002103,CUST7941,ACC962347,2024-12-31,TRANSFER,25475.82,USD,BR577,REVERSED,35.25,EAST,
TXN0002104,CUST6644,ACC127029,2024-08-17,TRANSFER,-28952.89,GBP,BR822,PENDING,7.53,EAST,SAVINGS
TXN0002105,CUST2044,ACC487491,2024-05-26,DEBIT,10675.29,USD,BR473,PENDING,49.12,WEST,CHECKING
TXN0002106,CUST9866,ACC313008,2024-10-02,TRANSFER,-5020.99,USD,BR415,COMPLETED,95.36,SOUTH,LOAN
TXN0002107,CUST1987,ACC395528,2024-11-10,CREDIT,92521.29,EUR,BR184,REVERSED,79.36,SOUTH,MORTGAGE
TXN0002108,CUST2130,ACC698910,2024-09-08,CREDIT,61417.97,USD,BR172,PENDING,44.48,WEST,LOAN
TXN0002109,CUST8734,ACC547220,2024-12-15,TRANSFER,30260.9,EUR,BR843,PENDING,65.54,NORTH,CHECKING
TXN0002110,CUST1519,ACC867651,2024-11-13,CREDIT,52083.17,USD,BR944,REVERSED,39.26,,LOAN
TXN0002111,CUST5703,ACC566432,2024-02-13,CREDIT,96771.85,USD,BR429,COMPLETED,52.65,,SAVINGS
TXN0002112,CUST7698,ACC646196,2024-08-18,TRANSFER,90965.46,EUR,BR536,COMPLETED,61.38,SOUTH,MORTGAGE
TXN0002113,CUST3948,ACC232307,2024-08-12,PAYMENT,-3719.22,USD,BR472,COMPLETED,16.58,EAST,CHECKING
TXN0002114,CUST3218,ACC971406,2024-07-22,DEBIT,61716.57,USD,BR253,COMPLETED,51.52,SOUTH,SAVINGS
TXN0002115,CUST7887,ACC575895,2024-04-15,CREDIT,98167.9,USD,BR584,COMPLETED,20.75,CENTRAL,CHECKING
TXN0002116,CUST7135,ACC409268,2024-05-04,DEBIT,45353.39,USD,BR564,COMPLETED,58.63,CENTRAL,SAVINGS
TXN0002117,CUST7266,ACC214939,2024-12-06,PAYMENT,88137.43,,BR152,COMPLETED,47.6,WEST,SAVINGS
TXN0002118,CUST8348,ACC851043,2024-05-30,CREDIT,44785.65,USD,BR186,COMPLETED,20.76,EAST,SAVINGS
TXN0002119,CUST7184,ACC840632,2024-11-26,CREDIT,-48013.06,EUR,BR757,FAILED,19.41,WEST,CHECKING
TXN0002120,CUST7154,ACC985778,2024-11-24,CREDIT,13107.75,USD,BR452,PENDING,37.89,SOUTH,SAVINGS
TXN0002121,CUST2314,ACC225766,2024-12-13,CREDIT,61516.9,USD,BR936,COMPLETED,32.16,CENTRAL,CHECKING
TXN0002122,CUST9835,ACC565992,2024-03-26,DEBIT,8388.47,EUR,BR492,COMPLETED,54.84,SOUTH,LOAN
TXN0002123,CUST3178,ACC553263,2024-09-07,CREDIT,58809.07,USD,BR265,COMPLETED,48.52,EAST,CHECKING
TXN0002124,CUST6697,ACC617215,2024-03-27,CREDIT,6642.98,USD,BR499,COMPLETED,14.87,CENTRAL,CREDIT
TXN0002125,CUST2943,ACC375834,2024-01-16,CREDIT,79737.83,USD,BR510,PENDING,45.34,WEST,CREDIT
TXN0002126,CUST3924,ACC191083,2024-04-08,TRANSFER,43998.33,USD,BR874,PENDING,53.62,CENTRAL,SAVINGS
TXN0002127,CUST9802,ACC243464,2024-10-11,DEBIT,-13648.16,GBP,BR738,COMPLETED,68.37,WEST,SAVINGS
TXN0002128,CUST7439,ACC391979,2024-10-02,TRANSFER,16881.09,GBP,BR678,COMPLETED,75.51,NORTH,SAVINGS
TXN0002129,CUST9664,ACC867173,2024-07-13,CREDIT,-3573.27,USD,BR650,COMPLETED,88.68,EAST,SAVINGS
TXN0002130,CUST3086,ACC801199,2024-12-16,CREDIT,-34634.02,USD,BR183,COMPLETED,67.1,WEST,SAVINGS
TXN0002131,CUST4648,ACC222119,2024-03-27,CREDIT,71807.61,GBP,BR652,COMPLETED,,SOUTH,SAVINGS
TXN0002132,CUST1056,ACC470903,2024-02-07,DEBIT,,USD,BR158,COMPLETED,90.65,EAST,LOAN
TXN0002133,CUST1372,ACC942678,2024-08-31,DEBIT,69370.19,USD,BR941,COMPLETED,70.63,EAST,LOAN
TXN0002134,CUST5888,ACC182907,2024-06-30,DEBIT,27830.91,USD,BR476,COMPLETED,63.71,EAST,SAVINGS
TXN0002135,CUST8585,ACC880431,2024-12-31,CREDIT,23662.68,USD,BR228,COMPLETED,99.98,EAST,SAVINGS
TXN0002136,CUST9920,ACC931856,2024-01-07,DEBIT,93362.82,USD,BR561,COMPLETED,20.9,CENTRAL,MORTGAGE
TXN0002137,CUST7948,ACC333247,2024-12-01,CREDIT,44323.9,USD,BR927,COMPLETED,9.97,SOUTH,CREDIT
TXN0002138,CUST9715,ACC862693,2024-10-04,DEBIT,7863.62,USD,BR701,COMPLETED,70.27,WEST,SAVINGS
TXN0002139,CUST7214,ACC177961,2024-02-01,DEBIT,-48656.87,USD,BR253,COMPLETED,46.91,NORTH,MORTGAGE
TXN0002140,CUST4762,ACC443005,2024-02-04,TRANSFER,-38371.01,EUR,BR127,FAILED,23.3,SOUTH,MORTGAGE
TXN0002141,CUST5055,ACC264340,2024-11-06,DEBIT,65911.49,USD,BR146,REVERSED,6.42,WEST,CHECKING
TXN0002142,CUST8546,ACC631691,2024-07-17,CREDIT,15665.6,GBP,BR671,COMPLETED,,WEST,CHECKING
TXN0002143,CUST6671,ACC451626,2024-05-06,CREDIT,2499.44,USD,BR433,PENDING,12.88,SOUTH,SAVINGS
TXN0002144,CUST3541,ACC389520,2024-01-22,PAYMENT,-48651.69,USD,BR360,COMPLETED,52.07,,SAVINGS
TXN0002145,CUST5516,ACC575491,2024-05-10,CREDIT,-33877.84,USD,BR507,PENDING,9.54,EAST,CHECKING
TXN0002146,CUST4088,ACC761257,2024-06-17,CREDIT,-25296.51,EUR,BR343,COMPLETED,42.9,NORTH,SAVINGS
TXN0002147,CUST2848,ACC871250,2024-12-31,DEBIT,-49666.18,USD,BR936,PENDING,54.93,EAST,CHECKING
TXN0002148,CUST1527,ACC637756,2024-11-21,DEBIT,59072.08,GBP,BR204,COMPLETED,82.76,NORTH,LOAN
TXN0002149,CUST7868,ACC804728,2024-04-09,CREDIT,-21348.38,USD,BR532,COMPLETED,64.16,WEST,SAVINGS
TXN0002150,CUST1256,ACC914791,2024-01-17,TRANSFER,12297.23,EUR,BR836,COMPLETED,54.37,WEST,CHECKING
TXN0002151,CUST4943,ACC177687,2024-07-16,PAYMENT,-49752.84,USD,BR879,COMPLETED,99.02,EAST,SAVINGS
TXN0002152,CUST4376,ACC841143,2024-11-07,TRANSFER,-11852.09,GBP,BR888,COMPLETED,10.8,CENTRAL,SAVINGS
TXN0002153,CUST2102,ACC821354,2024-04-27,PAYMENT,-42094.52,USD,BR384,COMPLETED,15.95,WEST,SAVINGS
TXN0002154,CUST2653,ACC430102,2024-06-15,TRANSFER,86554.67,USD,BR830,COMPLETED,24.0,SOUTH,CHECKING
TXN0002155,CUST1550,ACC140220,2024-10-06,DEBIT,22089.67,USD,BR518,,16.56,NORTH,CHECKING
TXN0002156,CUST8314,ACC554429,2024-09-14,DEBIT,33688.28,GBP,BR140,COMPLETED,89.96,EAST,CREDIT
TXN0002157,CUST1797,ACC205317,2024-03-15,TRANSFER,71703.29,USD,BR509,COMPLETED,52.55,SOUTH,SAVINGS
TXN0002158,CUST5009,ACC839354,2024-05-16,CREDIT,,USD,BR802,PENDING,13.87,WEST,LOAN
TXN0002159,CUST1724,ACC932776,2024-11-15,CREDIT,68380.38,USD,BR511,COMPLETED,71.99,NORTH,SAVINGS
TXN0002160,CUST7590,ACC646619,2024-04-27,CREDIT,94336.02,USD,BR749,COMPLETED,56.3,CENTRAL,SAVINGS
TXN0002161,CUST8191,ACC432951,2024-06-18,DEBIT,26715.62,USD,BR416,COMPLETED,56.52,SOUTH,CHECKING
TXN0002162,CUST4839,ACC299647,2024-04-27,WITHDRAWAL,-15974.65,USD,BR677,COMPLETED,38.43,EAST,SAVINGS
TXN0002163,CUST9843,ACC982304,2024-06-05,WITHDRAWAL,-29950.36,AUD,BR897,COMPLETED,57.73,NORTH,CHECKING
TXN0002164,CUST4559,ACC685283,2024-01-07,DEBIT,88825.48,EUR,BR305,COMPLETED,93.74,SOUTH,SAVINGS
TXN0002165,CUST1924,ACC793245,2024-01-19,DEBIT,-40988.31,AUD,BR982,COMPLETED,15.89,WEST,CHECKING
TXN0002166,CUST3295,ACC978323,2024-12-24,TRANSFER,8666.61,GBP,BR264,,71.99,NORTH,CHECKING
TXN0002167,CUST9255,ACC756493,2024-11-20,DEBIT,-38007.75,USD,BR344,COMPLETED,7.15,CENTRAL,CREDIT
TXN0002168,CUST5739,ACC137367,2024-02-23,CREDIT,62129.93,USD,BR596,PENDING,66.79,CENTRAL,CREDIT
TXN0002169,CUST4836,ACC765318,2024-09-20,DEBIT,42564.89,USD,BR442,COMPLETED,21.34,WEST,MORTGAGE
TXN0002170,CUST6224,ACC757756,2024-02-05,PAYMENT,-5696.48,USD,BR436,COMPLETED,4.62,NORTH,LOAN
TXN0002171,CUST6253,ACC108357,2024-07-21,DEBIT,5788.85,USD,BR811,COMPLETED,13.03,WEST,SAVINGS
TXN0002172,CUST4881,ACC357859,2024-08-13,PAYMENT,77570.04,USD,BR940,COMPLETED,84.23,WEST,CREDIT
TXN0002173,CUST5944,ACC243523,2024-08-30,CREDIT,42771.58,GBP,BR651,COMPLETED,65.8,CENTRAL,SAVINGS
TXN0002174,CUST3347,ACC714825,2024-09-15,DEBIT,64428.99,USD,BR315,COMPLETED,22.06,CENTRAL,CHECKING
TXN0002175,CUST9540,ACC494483,2024-05-26,TRANSFER,42682.97,USD,BR627,COMPLETED,13.06,EAST,CHECKING
TXN0002176,CUST4621,ACC330906,2024-09-20,TRANSFER,72162.1,EUR,BR633,,2.77,WEST,LOAN
TXN0002177,CUST7775,ACC806056,2024-02-04,DEBIT,62867.81,USD,BR306,COMPLETED,96.06,NORTH,SAVINGS
TXN0002178,CUST5923,ACC305183,2024-08-05,PAYMENT,17898.79,USD,BR843,COMPLETED,17.66,SOUTH,SAVINGS
TXN0002179,CUST5508,ACC378172,2024-06-25,CREDIT,81264.46,GBP,BR921,COMPLETED,54.73,EAST,CREDIT
TXN0002180,CUST1998,ACC592951,2024-03-29,CREDIT,-25411.0,USD,BR330,COMPLETED,82.34,NORTH,CREDIT
TXN0002181,CUST3869,ACC258789,2024-05-22,DEBIT,89715.28,USD,BR332,COMPLETED,46.73,NORTH,CHECKING
TXN0002182,CUST7999,ACC608042,2024-05-10,DEBIT,47099.7,USD,BR769,COMPLETED,67.93,WEST,LOAN
TXN0002183,CUST9120,ACC953403,2024-05-10,PAYMENT,-7112.36,GBP,BR191,COMPLETED,80.52,CENTRAL,LOAN
TXN0002184,CUST1768,ACC296193,2024-12-09,TRANSFER,-8260.32,USD,BR369,COMPLETED,10.94,CENTRAL,MORTGAGE
TXN0002185,CUST6642,ACC869194,2024-07-03,DEBIT,-9547.03,USD,BR695,COMPLETED,22.32,EAST,CHECKING
TXN0002186,CUST7244,ACC620855,2024-05-13,TRANSFER,-11391.77,EUR,BR354,COMPLETED,93.22,CENTRAL,LOAN
TXN0002187,CUST9592,ACC396327,2024-05-14,DEBIT,-47923.93,USD,BR766,COMPLETED,93.46,NORTH,MORTGAGE
TXN0002188,CUST6222,ACC238193,2024-08-06,DEBIT,21352.85,USD,BR258,COMPLETED,51.6,SOUTH,SAVINGS
TXN0002189,CUST7821,ACC308218,2024-01-28,TRANSFER,76328.28,USD,BR466,COMPLETED,53.77,EAST,LOAN
TXN0002190,CUST7688,ACC765607,2024-09-29,DEBIT,-24563.01,USD,BR971,COMPLETED,,WEST,CREDIT
TXN0002191,CUST3444,ACC193020,2024-04-17,DEBIT,55833.49,USD,BR392,,,NORTH,CREDIT
TXN0002192,CUST5913,ACC641386,2024-09-30,TRANSFER,29989.02,AUD,BR623,COMPLETED,79.49,SOUTH,SAVINGS
TXN0002193,CUST7167,ACC998794,2024-07-04,DEBIT,13470.7,USD,BR432,PENDING,84.09,NORTH,LOAN
TXN0002194,CUST4012,ACC858417,2024-12-18,DEBIT,57760.43,USD,BR691,COMPLETED,95.82,CENTRAL,CHECKING
TXN0002195,CUST9813,ACC885851,2024-02-03,CREDIT,3094.72,GBP,BR802,COMPLETED,40.97,SOUTH,LOAN
TXN0002196,CUST8758,ACC324593,2024-08-31,PAYMENT,5232.11,GBP,BR268,FAILED,99.49,EAST,CREDIT
TXN0002197,CUST4948,ACC103353,2024-11-04,TRANSFER,27822.85,EUR,BR613,PENDING,41.98,WEST,CHECKING
TXN0002198,CUST4692,ACC555416,2024-11-13,PAYMENT,88991.04,GBP,BR920,COMPLETED,99.63,WEST,CREDIT
TXN0002199,CUST5927,ACC170528,2024-04-21,CREDIT,-1691.39,EUR,BR745,PENDING,53.42,NORTH,CREDIT
TXN0002200,CUST3365,ACC614526,2024-08-18,PAYMENT,39846.15,USD,BR278,PENDING,76.89,SOUTH,SAVINGS
TXN0002201,CUST8586,ACC684829,2024-12-26,CREDIT,80071.05,GBP,BR863,PENDING,35.78,NORTH,MORTGAGE
TXN0002202,CUST1944,ACC740907,2024-10-09,CREDIT,-9010.92,AUD,BR108,COMPLETED,95.58,NORTH,SAVINGS
TXN0002203,CUST7761,ACC318677,2024-02-24,CREDIT,96292.9,USD,BR926,COMPLETED,97.01,SOUTH,SAVINGS
TXN0002204,CUST7824,ACC844479,2024-01-08,PAYMENT,48954.72,USD,BR503,COMPLETED,13.51,NORTH,CHECKING
TXN0002205,CUST9683,ACC286767,2024-11-24,CREDIT,54629.37,USD,BR539,COMPLETED,63.28,NORTH,SAVINGS
TXN0002206,CUST3196,ACC140698,2024-12-17,CREDIT,-17998.99,GBP,BR545,COMPLETED,39.42,SOUTH,CHECKING
TXN0002207,CUST7363,ACC538471,2024-11-29,DEBIT,63028.25,USD,BR429,COMPLETED,36.84,NORTH,CREDIT
TXN0002208,CUST4978,ACC821401,2024-12-08,TRANSFER,23466.65,EUR,BR312,COMPLETED,6.99,NORTH,LOAN
TXN0002209,CUST5177,ACC375852,2024-06-13,DEBIT,64733.08,EUR,BR364,COMPLETED,44.1,CENTRAL,MORTGAGE
TXN0002210,CUST4331,ACC743173,2024-05-03,DEBIT,25576.45,GBP,BR611,COMPLETED,75.65,CENTRAL,LOAN
TXN0002211,CUST6411,ACC498763,2024-11-25,DEBIT,38955.01,USD,BR725,COMPLETED,28.15,SOUTH,MORTGAGE
TXN0002212,CUST2295,ACC761679,2024-11-01,CREDIT,-45692.79,USD,BR559,COMPLETED,43.04,,LOAN
TXN0002213,CUST8369,ACC712262,2024-03-04,CREDIT,-2841.26,EUR,BR814,FAILED,28.25,NORTH,SAVINGS
TXN0002214,CUST7079,ACC346117,2024-03-16,WITHDRAWAL,21679.07,AUD,BR887,FAILED,65.71,WEST,SAVINGS
TXN0002215,CUST2514,ACC768692,2024-10-01,DEBIT,20384.33,USD,BR189,COMPLETED,63.26,CENTRAL,CHECKING
TXN0002216,CUST9775,ACC465642,2024-08-21,PAYMENT,73119.19,USD,BR135,FAILED,79.88,NORTH,CHECKING
TXN0002217,CUST4120,ACC607755,2024-09-14,CREDIT,46196.86,USD,BR681,FAILED,,NORTH,SAVINGS
TXN0002218,CUST1844,ACC656228,2024-09-19,DEBIT,77292.65,USD,BR121,COMPLETED,1.91,SOUTH,SAVINGS
TXN0002219,CUST5398,ACC788852,2024-12-04,DEBIT,-18653.67,USD,BR121,COMPLETED,77.75,EAST,CREDIT
TXN0002220,CUST7179,ACC288811,2024-05-10,TRANSFER,16536.71,USD,BR255,COMPLETED,99.65,EAST,LOAN
TXN0002221,CUST1647,ACC414678,2024-10-02,CREDIT,-47619.64,USD,BR964,COMPLETED,69.14,,CHECKING
TXN0002222,CUST2192,ACC981529,2024-07-16,DEBIT,-3217.55,GBP,BR649,COMPLETED,96.16,CENTRAL,CHECKING
TXN0002223,CUST4082,ACC343157,2024-11-14,CREDIT,43860.2,EUR,BR184,COMPLETED,62.44,WEST,CREDIT
TXN0002224,CUST4555,ACC406305,2024-10-17,CREDIT,-43945.82,USD,BR100,COMPLETED,24.64,CENTRAL,SAVINGS
TXN0002225,CUST8854,ACC800423,2024-10-23,TRANSFER,37994.51,GBP,BR140,FAILED,83.46,NORTH,LOAN
TXN0002226,CUST4422,ACC608622,2024-08-05,TRANSFER,40786.63,USD,BR120,COMPLETED,50.11,EAST,CHECKING
TXN0002227,CUST6455,ACC614034,2024-10-27,CREDIT,59464.49,USD,BR310,REVERSED,66.55,EAST,CHECKING
TXN0002228,CUST5967,ACC935448,2024-09-27,TRANSFER,30322.81,EUR,BR271,FAILED,82.93,CENTRAL,LOAN
TXN0002229,CUST1251,ACC760631,2024-09-20,DEBIT,-2531.15,USD,BR865,FAILED,62.21,CENTRAL,SAVINGS
TXN0002230,CUST4470,ACC511262,2024-03-20,DEBIT,65782.11,USD,BR528,PENDING,23.29,NORTH,CHECKING
TXN0002231,CUST4113,ACC726882,2024-12-19,DEBIT,72596.19,EUR,BR508,COMPLETED,81.7,SOUTH,MORTGAGE
TXN0002232,CUST2922,ACC474475,2024-11-02,DEBIT,-15517.18,USD,BR519,COMPLETED,62.48,SOUTH,LOAN
TXN0002233,CUST8846,ACC669810,2024-02-01,TRANSFER,-41648.78,USD,BR969,FAILED,25.97,WEST,LOAN
TXN0002234,CUST4974,ACC604322,2024-06-05,CREDIT,-14542.71,AUD,BR192,COMPLETED,33.63,WEST,LOAN
TXN0002235,CUST4350,ACC409767,2024-06-10,DEBIT,95962.68,EUR,BR577,COMPLETED,37.66,CENTRAL,CHECKING
TXN0002236,CUST7498,ACC201222,2024-09-03,DEBIT,15047.6,EUR,BR674,COMPLETED,25.51,NORTH,CREDIT
TXN0002237,CUST4921,ACC329565,2024-10-23,CREDIT,-46187.5,USD,BR113,COMPLETED,59.82,CENTRAL,SAVINGS
TXN0002238,CUST6269,ACC217825,2024-12-25,PAYMENT,-29994.82,USD,BR620,REVERSED,6.94,NORTH,LOAN
TXN0002239,,ACC891634,2024-03-09,PAYMENT,3334.7,EUR,BR834,FAILED,22.04,WEST,CREDIT
TXN0002240,,ACC901045,2024-09-02,TRANSFER,32730.8,USD,BR623,REVERSED,11.77,EAST,SAVINGS
TXN0002241,CUST8639,ACC401225,2024-02-23,DEBIT,11472.23,USD,BR944,COMPLETED,81.45,NORTH,LOAN
TXN0002242,CUST9743,ACC539976,2024-05-20,CREDIT,44908.75,USD,BR515,COMPLETED,66.68,WEST,LOAN
TXN0002243,CUST6886,ACC568894,2024-08-18,PAYMENT,7460.03,EUR,BR915,PENDING,99.45,NORTH,SAVINGS
TXN0002244,CUST6053,ACC441203,2024-12-14,DEBIT,57503.09,USD,BR362,COMPLETED,61.38,CENTRAL,CHECKING
TXN0002245,CUST5285,ACC359413,2024-03-11,CREDIT,78189.2,USD,BR415,COMPLETED,86.98,SOUTH,LOAN
TXN0002246,CUST6892,ACC794595,2024-05-09,CREDIT,12871.57,USD,BR810,COMPLETED,93.67,EAST,LOAN
TXN0002247,CUST9401,ACC545503,2024-07-11,CREDIT,3583.95,USD,BR739,PENDING,54.89,EAST,SAVINGS
TXN0002248,CUST9147,ACC221445,2024-04-29,DEBIT,51476.99,USD,BR821,COMPLETED,6.61,WEST,LOAN
TXN0002249,CUST8635,ACC284753,2024-01-19,CREDIT,,USD,BR694,FAILED,65.46,WEST,MORTGAGE
TXN0002250,CUST2615,ACC587310,2024-02-15,CREDIT,8919.37,EUR,BR171,COMPLETED,96.24,CENTRAL,CREDIT
TXN0002251,CUST8692,ACC434397,2024-11-02,CREDIT,86013.15,EUR,BR500,PENDING,8.78,CENTRAL,SAVINGS
TXN0002252,CUST6246,ACC792702,2024-10-03,TRANSFER,-1001.99,USD,BR247,COMPLETED,91.67,EAST,MORTGAGE
TXN0002253,CUST4328,ACC219051,2024-07-14,CREDIT,-37716.86,EUR,BR606,PENDING,76.45,EAST,CHECKING
TXN0002254,CUST7073,ACC464462,2024-12-29,TRANSFER,-24288.03,AUD,BR811,PENDING,12.81,WEST,SAVINGS
TXN0002255,CUST6126,ACC830824,2024-05-09,CREDIT,-41458.93,GBP,BR597,COMPLETED,27.38,CENTRAL,SAVINGS
TXN0002256,CUST7781,ACC517426,2024-03-30,TRANSFER,25061.31,AUD,BR896,COMPLETED,64.01,EAST,CHECKING
TXN0002257,CUST1749,ACC839056,2024-05-17,TRANSFER,-30570.41,USD,BR523,COMPLETED,81.74,SOUTH,LOAN
TXN0002258,CUST4625,ACC234278,2024-03-08,TRANSFER,-25220.81,GBP,BR453,FAILED,90.18,SOUTH,CHECKING
TXN0002259,CUST3390,ACC911264,2024-04-14,CREDIT,-29483.31,EUR,BR103,COMPLETED,46.23,WEST,LOAN
TXN0002260,CUST1265,ACC607236,2024-10-12,TRANSFER,-3379.78,AUD,BR251,FAILED,93.15,WEST,CHECKING
TXN0002261,CUST5272,ACC980930,2024-11-28,DEBIT,48310.04,EUR,BR984,COMPLETED,43.91,CENTRAL,CHECKING
TXN0002262,CUST7841,ACC943811,2024-04-25,CREDIT,87231.45,USD,BR849,COMPLETED,99.7,EAST,LOAN
TXN0002263,CUST5836,ACC612936,2024-10-30,TRANSFER,28959.55,USD,BR723,COMPLETED,55.71,EAST,SAVINGS
TXN0002264,CUST3497,ACC730255,2024-08-18,DEBIT,81467.37,USD,BR881,COMPLETED,44.13,EAST,LOAN
TXN0002265,CUST4214,ACC532016,2024-03-24,DEBIT,-30401.64,,BR402,REVERSED,26.37,NORTH,CHECKING
TXN0002266,CUST6404,ACC820604,2024-09-23,CREDIT,-8386.54,USD,BR882,COMPLETED,27.65,SOUTH,CREDIT
TXN0002267,CUST4768,ACC346268,2024-04-30,DEBIT,37364.17,USD,BR265,PENDING,88.85,EAST,CHECKING
TXN0002268,CUST7223,ACC130369,2024-05-01,TRANSFER,-40867.21,EUR,BR462,PENDING,8.34,CENTRAL,LOAN
TXN0002269,CUST5026,ACC405062,2024-10-17,TRANSFER,2355.98,EUR,BR163,COMPLETED,89.65,EAST,LOAN
TXN0002270,CUST9180,ACC380938,2024-02-22,DEBIT,67926.7,AUD,BR876,FAILED,1.12,WEST,CREDIT
TXN0002271,CUST6530,ACC632139,2024-03-18,TRANSFER,44980.37,USD,BR187,COMPLETED,62.69,NORTH,LOAN
TXN0002272,CUST5216,ACC325555,2024-02-27,WITHDRAWAL,-1752.45,AUD,BR257,COMPLETED,97.0,NORTH,SAVINGS
TXN0002273,CUST9005,ACC992325,2024-11-26,TRANSFER,6025.15,USD,BR236,COMPLETED,,EAST,SAVINGS
TXN0002274,CUST9037,ACC920854,2024-12-03,DEBIT,454.92,EUR,BR932,COMPLETED,36.87,NORTH,SAVINGS
TXN0002275,CUST8550,ACC528873,2024-10-08,DEBIT,70165.48,GBP,BR997,PENDING,55.58,CENTRAL,CHECKING
TXN0002276,CUST3756,ACC163756,2024-09-12,DEBIT,46136.46,USD,BR687,PENDING,11.1,WEST,SAVINGS
TXN0002277,CUST6770,ACC689569,2024-01-16,TRANSFER,20594.42,AUD,BR219,COMPLETED,4.53,EAST,LOAN
TXN0002278,CUST3773,ACC909289,2024-07-19,DEBIT,17973.52,EUR,BR470,COMPLETED,91.19,SOUTH,SAVINGS
TXN0002279,CUST3293,ACC438891,2024-03-21,DEBIT,59484.42,EUR,BR306,FAILED,29.14,NORTH,MORTGAGE
TXN0002280,CUST9954,ACC374312,2024-10-17,CREDIT,38606.46,GBP,BR477,COMPLETED,97.45,NORTH,LOAN
TXN0002281,CUST9000,ACC807777,2024-04-17,CREDIT,-44289.9,USD,BR307,COMPLETED,0.11,WEST,CHECKING
TXN0002282,CUST4015,ACC433046,2024-03-29,DEBIT,17089.34,USD,BR567,COMPLETED,7.35,EAST,CHECKING
TXN0002283,CUST9882,ACC531204,2024-09-21,CREDIT,84176.42,EUR,BR435,COMPLETED,7.14,NORTH,LOAN
TXN0002284,CUST1962,ACC510389,2024-09-20,TRANSFER,88172.21,USD,BR699,FAILED,,SOUTH,CREDIT
TXN0002285,CUST9584,ACC948330,2024-01-26,CREDIT,88980.43,GBP,BR260,COMPLETED,93.05,NORTH,CHECKING
TXN0002286,CUST1554,ACC563419,2024-12-30,CREDIT,66016.16,AUD,BR592,,52.76,CENTRAL,SAVINGS
TXN0002287,CUST2217,ACC545853,2024-10-22,DEBIT,-1588.43,USD,BR174,COMPLETED,93.3,WEST,SAVINGS
TXN0002288,CUST1794,ACC518045,2024-10-12,CREDIT,84407.71,USD,BR706,COMPLETED,74.15,EAST,SAVINGS
TXN0002289,CUST1104,ACC373363,2024-04-18,CREDIT,22876.11,USD,BR575,COMPLETED,62.45,CENTRAL,CHECKING
TXN0002290,CUST7756,ACC157287,2024-03-26,CREDIT,78957.11,USD,BR985,COMPLETED,17.41,NORTH,SAVINGS
TXN0002291,CUST3252,ACC381351,2024-03-15,DEBIT,34019.62,USD,BR504,REVERSED,24.1,WEST,LOAN
TXN0002292,CUST4791,ACC609089,2024-03-03,PAYMENT,62422.68,USD,BR863,REVERSED,91.47,EAST,LOAN
TXN0002293,CUST2113,ACC863559,2024-01-23,CREDIT,59012.05,EUR,BR503,FAILED,90.23,SOUTH,LOAN
TXN0002294,CUST3474,ACC329583,2024-02-29,TRANSFER,59113.06,USD,BR219,,1.22,EAST,CHECKING
TXN0002295,CUST1149,ACC456349,2024-01-08,DEBIT,62486.8,AUD,BR484,COMPLETED,17.02,SOUTH,MORTGAGE
TXN0002296,CUST4583,ACC767173,2024-04-04,DEBIT,-461.3,USD,BR271,REVERSED,16.3,,SAVINGS
TXN0002297,CUST9285,ACC958285,2024-04-27,CREDIT,-24430.49,USD,BR395,COMPLETED,0.84,SOUTH,LOAN
TXN0002298,CUST8471,ACC147844,2024-03-30,CREDIT,91475.12,EUR,BR239,COMPLETED,13.8,WEST,SAVINGS
TXN0002299,CUST7114,ACC423496,2024-01-02,CREDIT,90731.7,EUR,BR720,PENDING,48.32,CENTRAL,SAVINGS
TXN0002300,CUST1990,ACC569380,2024-01-09,DEBIT,61670.55,EUR,BR870,PENDING,52.8,CENTRAL,CHECKING
TXN0002301,CUST8916,ACC529718,2024-02-02,TRANSFER,74417.46,USD,BR905,COMPLETED,40.1,EAST,MORTGAGE
TXN0002302,CUST8993,ACC332060,2024-12-20,PAYMENT,,USD,BR294,COMPLETED,59.2,SOUTH,CHECKING
TXN0002303,CUST1257,ACC700315,2024-09-24,DEBIT,68966.41,EUR,BR317,PENDING,73.84,NORTH,MORTGAGE
TXN0002304,CUST1108,ACC274624,2024-07-16,CREDIT,76855.3,USD,BR643,FAILED,69.08,EAST,CHECKING
TXN0002305,CUST9719,ACC662050,2024-08-24,CREDIT,-42293.23,AUD,BR125,COMPLETED,63.61,SOUTH,CREDIT
TXN0002306,CUST7739,ACC316217,2024-08-10,DEBIT,48950.74,USD,BR212,COMPLETED,59.19,SOUTH,SAVINGS
TXN0002307,CUST1194,ACC917419,2024-07-13,DEBIT,70815.21,GBP,BR939,COMPLETED,17.49,EAST,MORTGAGE
TXN0002308,CUST1274,ACC755660,2024-02-28,WITHDRAWAL,65928.74,,BR785,PENDING,70.73,SOUTH,SAVINGS
TXN0002309,CUST9673,ACC215674,2024-01-24,DEBIT,77815.02,EUR,BR149,FAILED,82.74,CENTRAL,CREDIT
TXN0002310,CUST5501,ACC743095,2024-01-16,DEBIT,77787.69,EUR,BR882,FAILED,89.75,EAST,LOAN
TXN0002311,CUST9777,ACC740419,2024-09-17,DEBIT,38348.27,EUR,BR869,COMPLETED,96.99,CENTRAL,SAVINGS
TXN0002312,CUST5697,ACC445698,2024-11-19,DEBIT,45180.43,USD,BR585,COMPLETED,83.72,CENTRAL,CHECKING
TXN0002313,CUST1280,ACC235492,2024-11-01,DEBIT,-23726.62,USD,BR798,PENDING,77.38,SOUTH,SAVINGS
TXN0002314,CUST9228,ACC734347,2024-12-09,CREDIT,-8937.34,USD,BR145,FAILED,72.17,EAST,CHECKING
TXN0002315,CUST8054,ACC665987,2024-10-12,CREDIT,52847.87,EUR,BR218,COMPLETED,13.24,EAST,CREDIT
TXN0002316,CUST3937,ACC120887,2024-12-12,DEBIT,77125.8,USD,BR549,COMPLETED,82.03,NORTH,CHECKING
TXN0002317,CUST2753,ACC857311,2024-09-03,CREDIT,14215.71,EUR,BR572,COMPLETED,16.12,SOUTH,CREDIT
TXN0002318,CUST2578,ACC122143,2024-07-16,DEBIT,81605.54,USD,BR872,COMPLETED,33.14,SOUTH,CREDIT
TXN0002319,CUST9591,ACC941390,2024-03-03,TRANSFER,-18646.16,AUD,BR400,COMPLETED,18.93,NORTH,CHECKING
TXN0002320,CUST3439,ACC497607,2024-01-06,PAYMENT,43625.96,GBP,BR415,COMPLETED,28.96,WEST,CHECKING
TXN0002321,CUST4948,ACC194636,2024-10-07,TRANSFER,24452.65,AUD,BR505,COMPLETED,26.65,SOUTH,SAVINGS
TXN0002322,CUST4144,ACC918343,2024-02-12,TRANSFER,51796.54,USD,BR120,COMPLETED,18.64,NORTH,MORTGAGE
TXN0002323,CUST9625,ACC838963,2024-05-31,DEBIT,37720.11,EUR,BR652,COMPLETED,75.34,EAST,SAVINGS
TXN0002324,CUST5135,ACC449477,2024-04-06,TRANSFER,90335.53,EUR,BR326,PENDING,92.9,WEST,SAVINGS
TXN0002325,CUST6807,ACC469833,2024-07-09,PAYMENT,42484.09,USD,BR403,COMPLETED,34.42,NORTH,CHECKING
TXN0002326,CUST5379,ACC904092,2024-07-15,CREDIT,-28668.63,USD,BR672,COMPLETED,14.26,SOUTH,CREDIT
TXN0002327,CUST7502,ACC903222,2024-02-17,DEBIT,72989.9,USD,BR484,COMPLETED,,CENTRAL,SAVINGS
TXN0002328,CUST2294,ACC679751,2024-05-27,CREDIT,49716.02,GBP,BR371,FAILED,33.18,CENTRAL,CHECKING
TXN0002329,CUST7112,ACC166547,2024-02-01,TRANSFER,912.86,USD,BR688,COMPLETED,96.03,NORTH,CHECKING
TXN0002330,CUST7652,ACC786745,2024-04-30,TRANSFER,-44292.88,GBP,BR219,FAILED,98.8,NORTH,LOAN
TXN0002331,CUST8520,ACC151605,2024-10-10,DEBIT,-49861.78,USD,BR599,COMPLETED,76.08,SOUTH,MORTGAGE
TXN0002332,CUST4984,ACC643842,2024-05-28,TRANSFER,34040.6,EUR,BR861,FAILED,93.65,CENTRAL,
TXN0002333,CUST4700,ACC320686,2024-06-12,DEBIT,63941.22,USD,BR431,COMPLETED,60.87,NORTH,LOAN
TXN0002334,CUST5914,ACC479687,2024-11-28,WITHDRAWAL,1373.3,,BR109,COMPLETED,93.97,SOUTH,CHECKING
TXN0002335,CUST2320,ACC661483,2024-05-04,DEBIT,57174.8,EUR,BR566,COMPLETED,84.08,NORTH,SAVINGS
TXN0002336,CUST1519,ACC308079,2024-11-24,DEBIT,91201.73,,BR660,FAILED,45.12,WEST,LOAN
TXN0002337,CUST2531,ACC264618,2024-02-13,DEBIT,-7569.72,USD,BR877,COMPLETED,55.85,SOUTH,CHECKING
TXN0002338,CUST7640,ACC978862,2024-10-28,CREDIT,12227.6,EUR,BR976,COMPLETED,11.81,EAST,LOAN
TXN0002339,CUST7213,ACC661720,2024-09-18,PAYMENT,60969.35,USD,BR307,COMPLETED,13.57,CENTRAL,SAVINGS
TXN0002340,CUST7179,ACC514739,2024-01-25,DEBIT,20467.83,EUR,BR197,COMPLETED,93.67,NORTH,LOAN
TXN0002341,CUST8798,ACC852689,2024-09-04,TRANSFER,-1975.47,USD,BR235,COMPLETED,18.33,WEST,CHECKING
TXN0002342,CUST1919,ACC340474,2024-05-21,PAYMENT,75573.49,GBP,BR309,,22.33,SOUTH,SAVINGS
TXN0002343,CUST1154,ACC404283,2024-08-03,CREDIT,31503.67,USD,BR327,COMPLETED,76.71,SOUTH,SAVINGS
TXN0002344,CUST3807,ACC940208,2024-10-08,TRANSFER,-39621.4,USD,BR218,COMPLETED,6.76,EAST,CHECKING
TXN0002345,CUST2354,ACC269244,2024-11-24,CREDIT,98978.57,EUR,BR977,COMPLETED,21.74,SOUTH,LOAN
TXN0002346,CUST9189,ACC492041,2024-03-11,TRANSFER,51357.24,USD,BR426,COMPLETED,97.36,SOUTH,
TXN0002347,CUST8109,ACC447605,2024-04-09,TRANSFER,41240.77,USD,BR974,COMPLETED,61.51,SOUTH,CHECKING
TXN0002348,CUST6427,ACC533476,2024-06-10,WITHDRAWAL,22311.15,GBP,BR798,COMPLETED,77.24,EAST,CHECKING
TXN0002349,CUST2562,ACC326088,2024-06-07,TRANSFER,55814.93,USD,BR331,COMPLETED,77.76,SOUTH,LOAN
TXN0002350,CUST9653,ACC679811,2024-07-28,WITHDRAWAL,56.41,AUD,BR379,COMPLETED,65.6,WEST,CHECKING
TXN0002351,CUST1697,ACC868956,2024-10-28,DEBIT,42254.05,USD,BR712,REVERSED,16.64,NORTH,LOAN
TXN0002352,CUST4764,ACC360784,2024-06-10,TRANSFER,12584.59,USD,BR610,COMPLETED,20.17,EAST,SAVINGS
TXN0002353,CUST4463,ACC114303,2024-12-12,PAYMENT,-3156.06,GBP,BR486,REVERSED,51.05,WEST,LOAN
TXN0002354,CUST8790,ACC137827,2024-02-20,CREDIT,58452.42,,BR277,REVERSED,64.5,CENTRAL,CREDIT
TXN0002355,CUST5441,ACC986552,2024-01-18,DEBIT,62175.56,EUR,BR205,REVERSED,72.42,WEST,SAVINGS
TXN0002356,CUST1762,ACC121001,2024-01-02,TRANSFER,-46735.17,USD,BR957,COMPLETED,63.23,SOUTH,LOAN
TXN0002357,,ACC891802,2024-04-11,CREDIT,-41067.38,USD,BR601,PENDING,47.53,CENTRAL,SAVINGS
TXN0002358,CUST5593,ACC652133,2024-01-09,WITHDRAWAL,3125.06,EUR,BR393,COMPLETED,66.02,SOUTH,LOAN
TXN0002359,CUST9897,ACC207500,2024-08-22,CREDIT,-46636.7,AUD,BR173,COMPLETED,60.97,EAST,
TXN0002360,CUST1539,ACC625860,2024-07-25,PAYMENT,68590.52,EUR,BR753,PENDING,4.19,SOUTH,CHECKING
TXN0002361,CUST3938,ACC517267,2024-04-03,DEBIT,-19326.03,AUD,BR130,COMPLETED,90.09,CENTRAL,LOAN
TXN0002362,CUST6152,ACC929783,2024-01-02,CREDIT,82771.59,EUR,BR959,COMPLETED,0.88,SOUTH,CHECKING
TXN0002363,CUST1256,ACC608454,2024-07-08,CREDIT,-38565.56,,BR871,REVERSED,70.89,CENTRAL,CHECKING
TXN0002364,CUST4394,ACC144339,2024-05-22,DEBIT,29081.51,USD,BR752,PENDING,45.58,NORTH,LOAN
TXN0002365,CUST3362,ACC264569,2024-06-17,CREDIT,24727.01,GBP,BR326,PENDING,79.52,EAST,CHECKING
TXN0002366,CUST7525,ACC396841,2024-10-28,CREDIT,24403.94,EUR,BR563,COMPLETED,10.26,NORTH,LOAN
TXN0002367,CUST2260,ACC416110,2024-07-13,DEBIT,17323.53,EUR,BR456,COMPLETED,95.62,NORTH,LOAN
TXN0002368,CUST5903,ACC125422,2024-08-12,CREDIT,28191.91,AUD,BR207,PENDING,,WEST,SAVINGS
TXN0002369,CUST3661,ACC341177,2024-02-08,DEBIT,47606.05,USD,BR405,COMPLETED,2.87,SOUTH,SAVINGS
TXN0002370,CUST4939,ACC762233,2024-06-18,DEBIT,85290.11,EUR,BR209,FAILED,19.06,NORTH,CREDIT
TXN0002371,CUST7375,ACC909932,2024-01-11,DEBIT,99490.0,,BR488,COMPLETED,,SOUTH,CHECKING
TXN0002372,CUST9856,ACC821493,2024-12-18,PAYMENT,83965.22,USD,BR386,FAILED,23.25,NORTH,SAVINGS
TXN0002373,CUST6435,ACC359322,2024-01-24,DEBIT,-21710.92,USD,BR674,COMPLETED,98.36,NORTH,SAVINGS
TXN0002374,CUST7288,ACC135418,2024-08-11,DEBIT,-17223.19,USD,BR850,COMPLETED,0.85,NORTH,LOAN
TXN0002375,CUST3292,ACC385693,2024-08-09,PAYMENT,26138.32,GBP,BR854,COMPLETED,58.76,EAST,CREDIT
TXN0002376,CUST2284,ACC886343,2024-12-08,DEBIT,-6971.69,USD,BR518,COMPLETED,10.94,EAST,SAVINGS
TXN0002377,CUST9204,ACC229648,2024-07-18,DEBIT,56784.76,USD,BR811,COMPLETED,5.05,NORTH,CREDIT
TXN0002378,CUST6666,ACC952487,2024-08-04,WITHDRAWAL,41945.66,,BR493,COMPLETED,81.86,SOUTH,CREDIT
TXN0002379,CUST1879,ACC922139,2024-05-17,DEBIT,22144.47,EUR,BR640,COMPLETED,11.24,CENTRAL,MORTGAGE
TXN0002380,CUST2600,ACC496211,2024-02-17,DEBIT,70667.25,USD,BR801,PENDING,0.37,NORTH,CHECKING
TXN0002381,CUST8161,ACC787106,2024-02-07,DEBIT,70809.98,USD,BR691,COMPLETED,54.39,WEST,CHECKING
TXN0002382,CUST4803,ACC520217,2024-01-07,CREDIT,-42759.54,EUR,BR673,COMPLETED,48.11,CENTRAL,SAVINGS
TXN0002383,CUST2245,ACC237566,2024-11-27,DEBIT,-13218.67,USD,BR291,COMPLETED,11.45,EAST,LOAN
TXN0002384,CUST6580,ACC958045,2024-07-20,DEBIT,97812.36,USD,BR294,REVERSED,46.55,WEST,CREDIT
TXN0002385,CUST7499,ACC876497,2024-07-08,WITHDRAWAL,60697.76,EUR,BR724,FAILED,16.06,CENTRAL,CHECKING
TXN0002386,CUST6347,ACC383114,2024-06-02,CREDIT,51606.22,GBP,BR835,FAILED,97.61,SOUTH,CHECKING
TXN0002387,CUST1485,ACC189041,2024-02-14,CREDIT,-40826.7,EUR,BR564,COMPLETED,87.28,EAST,SAVINGS
TXN0002388,CUST5478,ACC180244,2024-12-28,CREDIT,72280.29,EUR,BR790,PENDING,17.62,SOUTH,CHECKING
TXN0002389,CUST8381,ACC177479,2024-02-16,TRANSFER,-6218.68,EUR,BR993,COMPLETED,13.95,NORTH,MORTGAGE
TXN0002390,CUST9038,ACC629016,2024-12-26,WITHDRAWAL,-36974.42,USD,BR999,FAILED,67.59,SOUTH,CREDIT
TXN0002391,CUST4737,ACC857190,2024-04-25,CREDIT,47515.75,AUD,BR297,FAILED,91.63,NORTH,LOAN
TXN0002392,CUST6829,ACC837661,2024-05-24,TRANSFER,-12529.85,USD,BR763,COMPLETED,4.94,EAST,CHECKING
TXN0002393,CUST7150,ACC899419,2024-01-01,TRANSFER,47903.73,USD,BR233,COMPLETED,58.11,WEST,LOAN
TXN0002394,CUST8075,ACC868227,2024-08-16,CREDIT,79752.85,USD,BR555,COMPLETED,30.26,WEST,CHECKING
TXN0002395,CUST4043,ACC535557,2024-10-04,DEBIT,-41866.77,EUR,BR641,COMPLETED,17.5,NORTH,CREDIT
TXN0002396,CUST7227,ACC121133,2024-06-14,WITHDRAWAL,-22889.85,USD,BR502,COMPLETED,85.99,EAST,CHECKING
TXN0002397,CUST2404,ACC115457,2024-02-21,TRANSFER,-47616.04,EUR,BR132,COMPLETED,66.2,NORTH,CREDIT
TXN0002398,CUST5839,ACC878727,2024-07-23,CREDIT,40733.74,USD,BR263,COMPLETED,70.87,CENTRAL,SAVINGS
TXN0002399,CUST5037,ACC970581,2024-11-10,WITHDRAWAL,-20117.52,EUR,BR931,FAILED,6.26,CENTRAL,CREDIT
TXN0002400,CUST2204,ACC668011,2024-10-29,WITHDRAWAL,-16622.28,GBP,BR638,REVERSED,53.01,WEST,MORTGAGE
TXN0002401,CUST2344,ACC734254,2024-05-17,DEBIT,86589.11,USD,BR396,COMPLETED,31.2,NORTH,CHECKING
TXN0002402,CUST5390,ACC259223,2024-11-12,TRANSFER,31043.1,USD,BR812,COMPLETED,40.52,SOUTH,CHECKING
TXN0002403,CUST3526,ACC200198,2024-08-28,CREDIT,59674.19,USD,BR739,COMPLETED,84.41,SOUTH,SAVINGS
TXN0002404,CUST7225,ACC871619,2024-01-22,WITHDRAWAL,52623.02,GBP,BR963,PENDING,92.34,SOUTH,SAVINGS
TXN0002405,CUST3527,ACC716767,2024-09-24,DEBIT,-39977.89,,BR896,COMPLETED,5.81,CENTRAL,MORTGAGE
TXN0002406,CUST7383,ACC931122,2024-11-10,DEBIT,37052.78,USD,BR523,COMPLETED,59.9,EAST,SAVINGS
TXN0002407,CUST6188,ACC510123,2024-01-08,CREDIT,89469.96,,BR320,COMPLETED,15.38,EAST,CHECKING
TXN0002408,CUST6909,ACC303721,2024-07-07,CREDIT,22828.43,AUD,BR468,,83.75,EAST,CHECKING
TXN0002409,CUST2745,ACC971861,2024-10-14,CREDIT,96466.13,USD,BR475,COMPLETED,,SOUTH,SAVINGS
TXN0002410,CUST2499,ACC735113,2024-04-09,DEBIT,89770.26,USD,BR464,FAILED,29.19,SOUTH,CHECKING
TXN0002411,CUST1085,ACC427354,2024-08-08,WITHDRAWAL,24800.61,AUD,BR771,PENDING,9.79,CENTRAL,SAVINGS
TXN0002412,CUST6050,ACC922892,2024-08-02,CREDIT,18652.78,USD,BR782,COMPLETED,6.76,WEST,CHECKING
TXN0002413,CUST8286,ACC439452,2024-10-07,CREDIT,19566.59,EUR,BR117,COMPLETED,60.35,CENTRAL,LOAN
TXN0002414,CUST6896,ACC545804,2024-04-13,DEBIT,-13974.78,USD,BR169,COMPLETED,73.74,CENTRAL,SAVINGS
TXN0002415,CUST5419,ACC637243,2024-05-30,CREDIT,12405.67,,BR244,COMPLETED,4.5,SOUTH,SAVINGS
TXN0002416,CUST2674,ACC879598,2024-10-10,DEBIT,64786.7,EUR,BR167,PENDING,1.1,EAST,SAVINGS
TXN0002417,CUST3170,ACC124570,2024-03-13,CREDIT,18421.04,USD,BR773,FAILED,94.88,EAST,SAVINGS
TXN0002418,CUST2430,ACC416831,2024-07-12,CREDIT,-3327.21,USD,BR714,COMPLETED,61.6,,CHECKING
TXN0002419,CUST4070,ACC387361,2024-09-30,CREDIT,2289.09,,BR786,COMPLETED,3.13,SOUTH,CHECKING
TXN0002420,CUST8061,ACC581197,2024-10-17,CREDIT,-376.37,USD,BR921,PENDING,1.33,EAST,LOAN
TXN0002421,CUST8353,ACC312511,2024-10-16,CREDIT,82843.78,EUR,BR680,COMPLETED,17.5,NORTH,MORTGAGE
TXN0002422,CUST9395,ACC204521,2024-11-14,TRANSFER,-18795.9,USD,BR928,REVERSED,34.99,EAST,SAVINGS
TXN0002423,CUST7685,ACC377107,2024-07-26,TRANSFER,84927.15,USD,BR182,COMPLETED,35.6,SOUTH,LOAN
TXN0002424,CUST2692,ACC787919,2024-03-22,WITHDRAWAL,25639.64,EUR,BR368,COMPLETED,75.86,SOUTH,CHECKING
TXN0002425,CUST1430,ACC704190,2024-07-17,TRANSFER,42007.09,EUR,BR792,COMPLETED,12.3,NORTH,MORTGAGE
TXN0002426,CUST2468,ACC594299,2024-11-06,PAYMENT,70888.4,GBP,BR706,PENDING,82.07,SOUTH,LOAN
TXN0002427,CUST6798,ACC494873,2024-08-23,DEBIT,54371.46,USD,BR832,,68.51,EAST,LOAN
TXN0002428,CUST2524,ACC405385,2024-01-08,TRANSFER,-19693.65,USD,BR703,COMPLETED,11.24,NORTH,CHECKING
TXN0002429,CUST6315,ACC550399,2024-09-27,DEBIT,65727.69,USD,BR456,COMPLETED,27.94,EAST,CREDIT
TXN0002430,CUST7311,ACC197582,2024-04-29,TRANSFER,58287.52,EUR,BR232,COMPLETED,24.1,WEST,LOAN
TXN0002431,CUST1202,ACC333049,2024-10-03,PAYMENT,-33818.2,AUD,BR429,FAILED,57.53,SOUTH,MORTGAGE
TXN0002432,CUST5781,ACC526068,2024-08-09,DEBIT,-42421.71,USD,BR295,COMPLETED,46.43,NORTH,SAVINGS
TXN0002433,,ACC688247,2024-10-12,CREDIT,7272.8,USD,BR444,COMPLETED,71.61,NORTH,SAVINGS
TXN0002434,CUST7353,ACC392089,2024-10-11,DEBIT,-19352.19,USD,BR690,PENDING,10.57,NORTH,CREDIT
TXN0002435,CUST2387,ACC606828,2024-09-23,PAYMENT,-2729.88,USD,BR474,PENDING,89.55,CENTRAL,
TXN0002436,CUST4977,ACC398239,2024-11-21,DEBIT,-19186.47,EUR,BR342,COMPLETED,14.95,SOUTH,CHECKING
TXN0002437,CUST9537,ACC837022,2024-10-16,DEBIT,73387.79,USD,BR107,COMPLETED,38.69,EAST,SAVINGS
TXN0002438,CUST3778,ACC659104,2024-03-01,DEBIT,30603.43,USD,BR185,FAILED,83.51,WEST,CHECKING
TXN0002439,CUST7237,ACC631201,2024-08-29,DEBIT,59737.52,USD,BR892,COMPLETED,10.23,EAST,SAVINGS
TXN0002440,CUST3777,ACC356496,2024-09-27,WITHDRAWAL,-29705.88,USD,BR686,COMPLETED,55.53,SOUTH,CREDIT
TXN0002441,CUST3274,ACC500984,2024-12-15,CREDIT,53672.12,USD,BR496,FAILED,80.85,EAST,CHECKING
TXN0002442,CUST5405,ACC118048,2024-12-04,DEBIT,-21711.16,EUR,BR473,PENDING,39.39,SOUTH,SAVINGS
TXN0002443,CUST5933,ACC621178,2024-11-24,CREDIT,91929.5,USD,BR378,COMPLETED,63.29,EAST,CHECKING
TXN0002444,CUST5397,ACC862899,2024-09-05,DEBIT,-37663.25,USD,BR682,COMPLETED,57.52,NORTH,LOAN
TXN0002445,CUST9079,ACC512766,2024-11-10,DEBIT,4783.52,USD,BR847,COMPLETED,97.22,SOUTH,MORTGAGE
TXN0002446,CUST3390,ACC490843,2024-02-07,DEBIT,61781.06,USD,BR599,COMPLETED,70.24,SOUTH,CREDIT
TXN0002447,CUST2036,ACC899749,2024-07-05,DEBIT,-39525.05,USD,BR159,COMPLETED,56.49,NORTH,CHECKING
TXN0002448,CUST3739,ACC673132,2024-01-16,DEBIT,96070.71,USD,BR444,COMPLETED,36.05,NORTH,CHECKING
TXN0002449,CUST8121,ACC849290,2024-07-08,CREDIT,28003.23,GBP,BR910,FAILED,72.53,EAST,CREDIT
TXN0002450,CUST5521,ACC213565,2024-10-29,DEBIT,454.18,USD,BR738,COMPLETED,33.5,CENTRAL,SAVINGS
TXN0002451,CUST7899,ACC574239,2024-08-07,TRANSFER,67819.88,USD,BR980,COMPLETED,77.91,NORTH,CHECKING
TXN0002452,CUST5911,ACC334944,2024-04-02,WITHDRAWAL,19676.51,USD,BR396,COMPLETED,68.6,WEST,LOAN
TXN0002453,CUST8933,ACC705950,2024-07-04,PAYMENT,-28511.57,EUR,BR362,COMPLETED,18.21,WEST,CHECKING
TXN0002454,CUST2260,ACC126101,2024-08-20,CREDIT,-12440.14,USD,BR469,COMPLETED,,CENTRAL,CREDIT
TXN0002455,CUST6916,ACC516650,2024-02-09,CREDIT,14824.7,USD,BR794,FAILED,86.13,WEST,SAVINGS
TXN0002456,CUST5123,ACC908667,2024-10-18,CREDIT,70042.1,USD,BR778,COMPLETED,82.47,SOUTH,SAVINGS
TXN0002457,CUST5040,ACC343390,2024-08-20,PAYMENT,13387.93,EUR,BR701,COMPLETED,87.19,NORTH,LOAN
TXN0002458,CUST9123,ACC568802,2024-07-12,PAYMENT,7826.08,USD,BR681,COMPLETED,55.37,CENTRAL,CREDIT
TXN0002459,CUST4203,ACC487786,2024-01-12,PAYMENT,-7783.88,USD,BR202,COMPLETED,83.91,EAST,CREDIT
TXN0002460,CUST8501,ACC599967,2024-12-20,DEBIT,-34081.46,GBP,BR366,COMPLETED,77.86,CENTRAL,CHECKING
TXN0002461,CUST2752,ACC690509,2024-10-31,PAYMENT,44836.3,USD,BR420,COMPLETED,86.54,SOUTH,SAVINGS
TXN0002462,CUST3219,ACC214240,2024-05-01,CREDIT,-31505.59,USD,BR251,COMPLETED,3.8,SOUTH,SAVINGS
TXN0002463,CUST5991,ACC774044,2024-03-05,DEBIT,73734.83,USD,BR889,COMPLETED,49.29,NORTH,MORTGAGE
TXN0002464,CUST1110,ACC425698,2024-01-12,PAYMENT,-4143.55,USD,BR172,,58.39,CENTRAL,CHECKING
TXN0002465,CUST7483,ACC448583,2024-02-14,CREDIT,26056.75,USD,BR104,COMPLETED,38.54,SOUTH,LOAN
TXN0002466,CUST6443,ACC250755,2024-03-08,DEBIT,15546.92,GBP,BR240,COMPLETED,52.06,SOUTH,CHECKING
TXN0002467,CUST7224,ACC949011,2024-08-08,WITHDRAWAL,-33895.64,USD,BR138,COMPLETED,29.15,CENTRAL,LOAN
TXN0002468,CUST6399,ACC760512,2024-12-25,PAYMENT,90439.17,EUR,BR755,COMPLETED,82.73,SOUTH,CHECKING
TXN0002469,CUST8212,ACC187697,2024-07-02,DEBIT,96787.01,EUR,BR879,COMPLETED,93.69,EAST,CHECKING
TXN0002470,CUST6484,ACC200022,2024-08-20,CREDIT,93877.56,EUR,BR309,COMPLETED,89.95,EAST,LOAN
TXN0002471,CUST8055,ACC688130,2024-11-19,PAYMENT,34373.06,EUR,BR616,COMPLETED,34.29,WEST,SAVINGS
TXN0002472,CUST3230,ACC277477,2024-09-24,DEBIT,-13297.48,EUR,BR658,PENDING,15.53,NORTH,CREDIT
TXN0002473,CUST5922,ACC317770,2024-10-22,DEBIT,98311.86,EUR,BR782,COMPLETED,55.61,NORTH,CHECKING
TXN0002474,CUST6253,ACC613604,2024-10-13,DEBIT,49135.38,USD,BR587,PENDING,57.05,CENTRAL,CREDIT
TXN0002475,CUST4290,ACC722234,2024-04-05,DEBIT,17974.89,USD,BR101,COMPLETED,16.16,WEST,CHECKING
TXN0002476,CUST8848,ACC362111,2024-07-13,DEBIT,81812.54,GBP,BR746,PENDING,99.89,SOUTH,SAVINGS
TXN0002477,CUST6147,ACC187963,2024-01-08,DEBIT,83721.65,USD,BR562,COMPLETED,55.69,NORTH,SAVINGS
TXN0002478,CUST3910,ACC248195,2024-06-03,CREDIT,18041.75,EUR,BR174,COMPLETED,70.39,EAST,SAVINGS
TXN0002479,CUST7524,ACC522780,2027-01-01,DEBIT,-41820.23,USD,BR352,COMPLETED,22.08,WEST,SAVINGS
TXN0002480,CUST6228,ACC746435,2024-10-10,PAYMENT,37469.84,USD,BR957,COMPLETED,80.27,SOUTH,SAVINGS
TXN0002481,CUST5775,ACC978780,2024-01-03,DEBIT,-41947.99,USD,BR863,COMPLETED,72.84,SOUTH,LOAN
TXN0002482,CUST9044,ACC596516,2024-10-19,TRANSFER,35017.83,USD,BR750,COMPLETED,35.61,EAST,
TXN0002483,CUST4971,ACC648830,2024-07-07,DEBIT,73757.94,USD,BR539,COMPLETED,30.27,NORTH,CHECKING
TXN0002484,CUST6339,ACC858154,2024-03-12,DEBIT,87734.0,GBP,BR122,,66.19,NORTH,CHECKING
TXN0002485,CUST7161,ACC980436,2024-02-07,DEBIT,1731.49,USD,BR968,COMPLETED,7.59,NORTH,SAVINGS
TXN0002486,CUST5592,ACC694164,2024-08-24,DEBIT,50004.44,USD,BR394,COMPLETED,77.0,WEST,CHECKING
TXN0002487,CUST7437,ACC897527,2024-07-03,WITHDRAWAL,-26347.53,USD,BR234,COMPLETED,60.64,EAST,CREDIT
TXN0002488,CUST6980,ACC343720,2024-06-20,CREDIT,61079.05,USD,BR168,COMPLETED,92.15,NORTH,CREDIT
TXN0002489,CUST2865,ACC161795,2024-09-18,CREDIT,66247.49,AUD,BR244,COMPLETED,7.86,SOUTH,CHECKING
TXN0002490,CUST4273,ACC904686,2024-06-09,TRANSFER,4183.67,EUR,BR201,PENDING,44.76,NORTH,SAVINGS
TXN0002491,CUST9939,ACC617386,2024-03-01,DEBIT,43000.6,EUR,BR923,COMPLETED,24.62,SOUTH,LOAN
TXN0002492,CUST3947,ACC364266,2024-08-23,CREDIT,18092.6,AUD,BR999,COMPLETED,45.19,SOUTH,SAVINGS
TXN0002493,CUST1440,ACC531865,2024-09-06,CREDIT,65261.56,USD,BR106,FAILED,36.74,NORTH,LOAN
TXN0002494,CUST8563,ACC426584,2024-08-21,WITHDRAWAL,-25878.8,USD,BR134,COMPLETED,92.02,SOUTH,SAVINGS
TXN0002495,CUST4434,ACC876482,2024-05-28,DEBIT,31929.7,AUD,BR393,COMPLETED,73.74,EAST,SAVINGS
TXN0002496,CUST8183,ACC454280,2024-12-27,TRANSFER,30551.94,USD,BR517,COMPLETED,,NORTH,CHECKING
TXN0002497,CUST5773,ACC974851,2024-02-16,TRANSFER,29608.26,USD,BR654,COMPLETED,68.62,EAST,CREDIT
TXN0002498,CUST2133,ACC257928,2024-12-09,CREDIT,64976.58,USD,BR596,COMPLETED,73.02,WEST,LOAN
TXN0002499,CUST7703,ACC138283,2024-03-11,CREDIT,40387.9,USD,BR723,COMPLETED,89.77,WEST,MORTGAGE
TXN0002500,CUST9180,ACC437057,2024-09-06,WITHDRAWAL,-37305.15,USD,BR582,COMPLETED,42.37,EAST,CREDIT
TXN0002501,CUST3280,ACC822466,2024-05-31,CREDIT,50484.54,USD,BR462,PENDING,81.54,NORTH,LOAN
TXN0002502,CUST5961,ACC692772,2024-07-16,WITHDRAWAL,74087.38,GBP,BR247,PENDING,66.69,WEST,CHECKING
TXN0002503,CUST4965,ACC727814,2024-11-04,PAYMENT,38420.31,USD,BR182,COMPLETED,35.45,NORTH,LOAN
TXN0002504,CUST5139,ACC526282,2024-04-04,CREDIT,94129.34,USD,BR141,COMPLETED,54.57,CENTRAL,SAVINGS
TXN0002505,CUST3525,ACC105842,2024-02-08,DEBIT,74522.7,GBP,BR161,COMPLETED,11.77,EAST,CREDIT
TXN0002506,CUST7932,ACC381170,2024-02-19,PAYMENT,3735.47,USD,BR638,COMPLETED,76.0,NORTH,SAVINGS
TXN0002507,CUST7176,ACC823934,2024-10-04,DEBIT,-37617.48,USD,BR391,,95.89,EAST,CHECKING
TXN0002508,CUST2211,ACC319387,2024-12-10,DEBIT,51804.75,USD,BR664,COMPLETED,53.04,CENTRAL,MORTGAGE
TXN0002509,CUST8357,ACC891714,2024-11-26,TRANSFER,72.02,EUR,BR541,PENDING,9.24,WEST,SAVINGS
TXN0002510,CUST8851,ACC689729,2024-10-09,CREDIT,37356.61,USD,BR421,COMPLETED,75.12,WEST,SAVINGS
TXN0002511,CUST7566,ACC933298,2024-03-15,TRANSFER,62371.01,EUR,BR406,COMPLETED,1.78,EAST,CHECKING
TXN0002512,CUST9755,ACC612467,2024-05-23,PAYMENT,55058.64,AUD,BR279,COMPLETED,1.49,NORTH,MORTGAGE
TXN0002513,CUST9300,ACC672091,2024-02-17,CREDIT,-8555.22,USD,BR455,COMPLETED,34.67,SOUTH,SAVINGS
TXN0002514,CUST7853,ACC624094,2024-11-07,TRANSFER,75431.63,EUR,BR793,REVERSED,6.06,CENTRAL,CREDIT
TXN0002515,CUST9907,ACC428221,2024-12-30,DEBIT,9037.56,GBP,BR439,COMPLETED,53.72,SOUTH,CREDIT
TXN0002516,CUST1602,ACC783680,2024-10-30,TRANSFER,99965.96,USD,BR824,PENDING,6.07,CENTRAL,CREDIT
TXN0002517,CUST6890,ACC347190,2024-07-25,DEBIT,99765.52,USD,BR543,PENDING,10.45,SOUTH,SAVINGS
TXN0002518,CUST9796,ACC437471,2024-03-11,TRANSFER,14883.85,EUR,BR821,REVERSED,8.84,EAST,SAVINGS
TXN0002519,CUST2392,ACC583783,2024-08-11,DEBIT,65118.29,,BR629,COMPLETED,30.89,NORTH,LOAN
TXN0002520,CUST2791,ACC843302,2024-05-16,DEBIT,-28343.05,USD,BR492,COMPLETED,98.41,EAST,SAVINGS
TXN0002521,CUST5067,ACC606458,2024-03-31,DEBIT,73699.96,USD,BR932,COMPLETED,7.71,NORTH,CHECKING
TXN0002522,CUST6816,ACC639420,2024-03-24,WITHDRAWAL,-49114.24,AUD,BR245,COMPLETED,41.88,NORTH,CHECKING
TXN0002523,CUST3725,ACC681757,2024-03-13,PAYMENT,-11325.87,GBP,BR287,COMPLETED,43.11,EAST,LOAN
TXN0002524,CUST1725,ACC875615,2024-11-04,TRANSFER,95280.21,USD,BR269,PENDING,43.41,WEST,SAVINGS
TXN0002525,CUST7547,ACC868678,2024-09-01,PAYMENT,-24518.75,USD,BR732,COMPLETED,70.29,EAST,LOAN
TXN0002526,CUST6432,ACC185390,2024-06-20,DEBIT,80953.36,USD,BR156,COMPLETED,52.39,SOUTH,SAVINGS
TXN0002527,CUST8052,ACC210146,2024-09-19,PAYMENT,96743.98,USD,BR864,FAILED,35.13,SOUTH,CREDIT
TXN0002528,CUST2735,ACC546380,2024-10-27,CREDIT,81828.57,AUD,BR758,COMPLETED,89.38,SOUTH,SAVINGS
TXN0002529,CUST1172,ACC833222,2024-02-08,PAYMENT,60612.08,USD,BR429,PENDING,96.95,EAST,SAVINGS
TXN0002530,CUST2615,ACC181269,2024-08-18,WITHDRAWAL,6352.13,USD,BR926,COMPLETED,39.43,WEST,
TXN0002531,CUST5239,ACC493935,2024-01-28,CREDIT,30751.74,USD,BR372,COMPLETED,33.92,CENTRAL,LOAN
TXN0002532,CUST4637,ACC233465,2024-12-28,DEBIT,-464.94,USD,BR390,,99.13,EAST,CHECKING
TXN0002533,CUST9366,ACC893653,2024-05-15,CREDIT,24056.58,,BR925,PENDING,81.12,SOUTH,SAVINGS
TXN0002534,CUST9499,ACC114286,2024-07-06,DEBIT,-48599.68,EUR,BR196,PENDING,75.3,CENTRAL,MORTGAGE
TXN0002535,CUST4621,ACC269966,2024-05-16,WITHDRAWAL,-39631.03,USD,BR571,COMPLETED,47.41,SOUTH,MORTGAGE
TXN0002536,CUST8303,ACC645195,2024-03-08,DEBIT,38188.37,USD,BR190,PENDING,5.89,SOUTH,LOAN
TXN0002537,CUST7129,ACC884490,2024-02-23,DEBIT,64313.87,USD,BR118,COMPLETED,37.64,WEST,LOAN
TXN0002538,CUST7408,ACC227378,2024-10-10,CREDIT,39867.45,USD,BR455,COMPLETED,33.67,NORTH,CHECKING
TXN0002539,CUST8586,ACC274270,2024-06-26,PAYMENT,1997.48,EUR,BR982,PENDING,68.03,WEST,LOAN
TXN0002540,CUST9199,ACC306954,2024-12-14,TRANSFER,-43242.21,EUR,BR491,COMPLETED,25.63,EAST,SAVINGS
TXN0002541,CUST3469,ACC558858,2024-05-30,CREDIT,83993.54,,BR609,COMPLETED,76.37,,CREDIT
TXN0002542,CUST6651,ACC219185,2024-07-09,DEBIT,-4810.83,USD,BR319,COMPLETED,22.11,WEST,LOAN
TXN0002543,CUST1402,ACC140959,2024-09-05,PAYMENT,17714.04,USD,BR714,COMPLETED,83.9,SOUTH,CREDIT
TXN0002544,CUST8909,ACC544787,2024-01-24,DEBIT,-43476.8,USD,BR849,COMPLETED,,WEST,SAVINGS
TXN0002545,CUST2712,ACC619238,2024-06-12,PAYMENT,89997.78,USD,BR247,COMPLETED,35.09,CENTRAL,LOAN
TXN0002546,CUST5840,ACC279015,2024-08-10,PAYMENT,51860.51,USD,BR734,PENDING,86.69,WEST,SAVINGS
TXN0002547,CUST7815,ACC756581,2024-09-15,PAYMENT,-15723.51,USD,BR321,PENDING,75.37,CENTRAL,CHECKING
TXN0002548,CUST2406,ACC942167,2024-03-05,PAYMENT,23513.88,GBP,BR814,COMPLETED,0.33,SOUTH,CHECKING
TXN0002549,CUST2901,ACC650071,2024-01-02,PAYMENT,63815.56,USD,BR988,COMPLETED,37.87,WEST,MORTGAGE
TXN0002550,CUST3321,ACC610859,2024-10-22,PAYMENT,92958.29,USD,BR927,FAILED,74.86,NORTH,LOAN
TXN0002551,CUST6707,ACC246659,2024-03-13,PAYMENT,85554.65,EUR,BR760,FAILED,54.79,NORTH,SAVINGS
TXN0002552,CUST6110,ACC885376,2024-03-05,CREDIT,61435.56,EUR,BR521,FAILED,23.03,,LOAN
TXN0002553,CUST6620,ACC673660,2024-07-06,TRANSFER,86138.0,USD,BR872,COMPLETED,59.24,SOUTH,CHECKING
TXN0002554,CUST8460,ACC538459,2024-09-11,CREDIT,54651.82,USD,BR687,COMPLETED,50.88,EAST,LOAN
TXN0002555,CUST4389,ACC518807,2024-01-01,CREDIT,-41405.64,EUR,BR955,PENDING,54.18,NORTH,CREDIT
TXN0002556,CUST9537,ACC109708,2024-12-29,PAYMENT,53678.84,GBP,BR133,FAILED,26.53,WEST,MORTGAGE
TXN0002557,CUST8912,ACC411166,2024-10-21,CREDIT,49904.7,USD,BR576,COMPLETED,77.54,CENTRAL,MORTGAGE
TXN0002558,CUST6706,ACC223295,2024-01-10,DEBIT,19213.93,EUR,BR109,COMPLETED,87.22,NORTH,CHECKING
TXN0002559,CUST8801,ACC556633,2024-01-26,CREDIT,85046.35,USD,BR953,COMPLETED,48.3,WEST,CREDIT
TXN0002560,CUST2599,ACC408515,2024-02-02,DEBIT,-45132.21,EUR,BR489,PENDING,14.78,EAST,CREDIT
TXN0002561,CUST8178,ACC854914,2024-11-19,DEBIT,45286.86,USD,BR357,COMPLETED,11.1,NORTH,LOAN
TXN0002562,CUST8412,ACC809553,2024-07-23,CREDIT,-13802.98,EUR,BR795,COMPLETED,58.41,EAST,SAVINGS
TXN0002563,CUST6225,ACC384276,2024-04-22,CREDIT,55158.02,AUD,BR628,PENDING,76.55,WEST,SAVINGS
TXN0002564,CUST2100,ACC647860,2024-12-26,TRANSFER,13503.65,AUD,BR761,PENDING,19.66,WEST,CHECKING
TXN0002565,CUST5919,ACC438046,2024-06-24,CREDIT,50938.12,USD,BR604,PENDING,,CENTRAL,CHECKING
TXN0002566,CUST1732,ACC744979,2024-07-28,CREDIT,-34123.12,EUR,BR245,COMPLETED,89.14,NORTH,MORTGAGE
TXN0002567,CUST2885,ACC489684,2024-05-20,DEBIT,-35338.38,USD,BR832,COMPLETED,2.15,SOUTH,CHECKING
TXN0002568,CUST1370,ACC691198,2024-01-28,CREDIT,49543.39,USD,BR346,PENDING,11.34,CENTRAL,CHECKING
TXN0002569,CUST6620,ACC781805,2024-08-23,CREDIT,-48113.47,USD,BR442,COMPLETED,35.18,CENTRAL,MORTGAGE
TXN0002570,CUST2791,ACC274006,2024-03-28,CREDIT,23099.09,AUD,BR876,COMPLETED,15.24,NORTH,LOAN
TXN0002571,CUST3692,ACC248391,2024-04-18,PAYMENT,42712.43,USD,BR637,COMPLETED,58.51,SOUTH,CREDIT
TXN0002572,CUST4996,ACC404293,2024-03-10,PAYMENT,70283.73,USD,BR896,COMPLETED,11.02,NORTH,LOAN
TXN0002573,CUST9454,ACC648668,2024-05-22,DEBIT,61863.39,EUR,BR896,COMPLETED,33.54,EAST,SAVINGS
TXN0002574,CUST3858,ACC818299,2024-08-28,DEBIT,7801.18,USD,BR876,COMPLETED,1.32,SOUTH,CREDIT
TXN0002575,CUST3623,ACC314393,2024-03-31,TRANSFER,-9770.81,USD,BR846,COMPLETED,18.65,CENTRAL,CREDIT
TXN0002576,CUST6422,ACC941811,2024-09-14,TRANSFER,22214.72,AUD,BR292,COMPLETED,28.07,EAST,CHECKING
TXN0002577,CUST7985,ACC743825,2024-03-24,DEBIT,76454.75,USD,BR675,COMPLETED,89.07,NORTH,SAVINGS
TXN0002578,CUST8570,ACC849181,2024-10-13,TRANSFER,23169.36,USD,BR747,COMPLETED,69.91,EAST,CREDIT
TXN0002579,CUST4798,ACC489287,2024-11-08,DEBIT,-6712.81,AUD,BR689,COMPLETED,49.0,WEST,SAVINGS
TXN0002580,CUST7636,ACC644609,2024-06-16,TRANSFER,-23122.67,USD,BR782,COMPLETED,17.92,,SAVINGS
TXN0002581,CUST4022,ACC733882,2024-05-23,DEBIT,25425.69,AUD,BR775,COMPLETED,12.29,NORTH,SAVINGS
TXN0002582,CUST4053,ACC363443,2024-01-03,TRANSFER,,AUD,BR441,COMPLETED,24.96,EAST,CHECKING
TXN0002583,CUST8080,ACC595043,2024-01-30,DEBIT,81096.05,EUR,BR184,COMPLETED,87.95,SOUTH,LOAN
TXN0002584,CUST7481,ACC585365,2024-02-15,CREDIT,80380.6,AUD,BR573,FAILED,71.96,SOUTH,CHECKING
TXN0002585,CUST1478,ACC320848,2024-09-05,CREDIT,64042.11,USD,BR997,,33.04,EAST,LOAN
TXN0002586,CUST4232,ACC446215,2024-09-23,TRANSFER,63166.47,EUR,BR473,COMPLETED,62.09,CENTRAL,SAVINGS
TXN0002587,CUST8365,ACC883039,2024-11-29,DEBIT,23482.88,EUR,BR750,COMPLETED,90.0,NORTH,CHECKING
TXN0002588,CUST8037,ACC855111,2024-09-21,TRANSFER,84866.96,USD,BR242,COMPLETED,64.05,EAST,SAVINGS
TXN0002589,CUST7370,ACC993802,2024-04-03,DEBIT,767.54,USD,BR155,COMPLETED,41.69,SOUTH,LOAN
TXN0002590,CUST1072,ACC241913,2024-03-23,CREDIT,-36453.54,USD,BR411,COMPLETED,55.03,CENTRAL,LOAN
TXN0002591,CUST4519,ACC272216,2024-12-18,CREDIT,3258.53,USD,BR575,COMPLETED,39.22,SOUTH,CHECKING
TXN0002592,CUST4371,ACC649850,2024-05-14,DEBIT,-42165.59,USD,BR594,COMPLETED,85.97,NORTH,LOAN
TXN0002593,CUST5560,ACC849817,2024-08-19,TRANSFER,86090.45,AUD,BR123,PENDING,57.8,NORTH,MORTGAGE
TXN0002594,CUST2025,ACC969697,2024-05-03,CREDIT,8689.23,USD,BR140,COMPLETED,,,SAVINGS
TXN0002595,,ACC596889,2024-02-16,TRANSFER,90330.54,EUR,BR413,COMPLETED,,EAST,SAVINGS
TXN0002596,CUST9796,ACC110298,2024-03-10,TRANSFER,-39464.54,USD,BR633,COMPLETED,3.86,CENTRAL,CREDIT
TXN0002597,CUST4063,ACC433120,2024-08-02,CREDIT,3786.08,EUR,BR300,COMPLETED,48.1,NORTH,CREDIT
TXN0002598,CUST6993,ACC536525,2024-02-07,DEBIT,20214.4,USD,BR814,PENDING,41.52,SOUTH,SAVINGS
TXN0002599,CUST6340,ACC287931,2024-07-18,CREDIT,53885.3,USD,BR107,COMPLETED,44.93,SOUTH,CHECKING
TXN0002600,CUST4228,ACC257652,2024-10-04,PAYMENT,4720.85,USD,BR803,COMPLETED,23.43,SOUTH,SAVINGS
TXN0002601,CUST8496,ACC593348,2024-07-10,CREDIT,12381.98,USD,BR557,,13.06,EAST,SAVINGS
TXN0002602,CUST2867,ACC170304,2024-01-04,DEBIT,12460.01,USD,BR500,COMPLETED,27.36,WEST,CHECKING
TXN0002603,CUST5298,ACC105874,2024-09-03,CREDIT,78940.63,EUR,BR232,COMPLETED,23.53,WEST,LOAN
TXN0002604,CUST9019,ACC426988,2024-02-03,DEBIT,12187.45,USD,BR573,COMPLETED,,CENTRAL,SAVINGS
TXN0002605,CUST9646,ACC835538,2024-01-31,CREDIT,97864.55,EUR,BR996,COMPLETED,9.01,CENTRAL,MORTGAGE
TXN0002606,CUST6134,ACC296790,2024-06-28,TRANSFER,83722.98,USD,BR354,COMPLETED,13.32,EAST,SAVINGS
TXN0002607,CUST7367,ACC308947,2024-10-14,CREDIT,97053.05,USD,BR998,FAILED,34.68,WEST,LOAN
TXN0002608,CUST7431,ACC827759,2024-11-24,TRANSFER,34850.97,EUR,BR274,COMPLETED,19.31,WEST,LOAN
TXN0002609,CUST2871,ACC198406,2024-12-23,TRANSFER,13086.67,USD,BR470,COMPLETED,28.51,WEST,CREDIT
TXN0002610,CUST6700,ACC663852,2024-01-31,WITHDRAWAL,61940.34,USD,BR451,COMPLETED,56.93,CENTRAL,MORTGAGE
TXN0002611,CUST6766,ACC580870,2024-02-16,TRANSFER,8201.44,USD,BR318,COMPLETED,42.52,NORTH,SAVINGS
TXN0002612,CUST8501,ACC447115,2024-02-29,CREDIT,11099.83,AUD,BR659,PENDING,73.1,CENTRAL,SAVINGS
TXN0002613,CUST3826,ACC199315,2024-10-21,CREDIT,-47877.35,,BR261,COMPLETED,52.8,SOUTH,MORTGAGE
TXN0002614,CUST5873,ACC164076,2024-07-09,CREDIT,35301.14,USD,BR571,FAILED,92.0,WEST,CHECKING
TXN0002615,CUST2388,ACC755331,2024-01-01,CREDIT,5574.37,EUR,BR962,COMPLETED,64.18,SOUTH,SAVINGS
TXN0002616,CUST3194,ACC591461,2024-11-08,PAYMENT,-32087.22,EUR,BR847,COMPLETED,39.48,,SAVINGS
TXN0002617,CUST6131,ACC723330,2024-04-01,CREDIT,11998.1,USD,BR414,COMPLETED,24.14,NORTH,CREDIT
TXN0002618,CUST2931,ACC264052,2024-08-25,TRANSFER,79542.79,USD,BR321,COMPLETED,40.27,WEST,SAVINGS
TXN0002619,CUST4908,ACC170015,2024-02-25,DEBIT,-39237.3,USD,BR671,COMPLETED,14.25,EAST,MORTGAGE
TXN0002620,,ACC467476,2024-12-02,TRANSFER,-18942.47,EUR,BR339,COMPLETED,19.27,SOUTH,LOAN
TXN0002621,CUST2916,ACC767254,2024-02-14,TRANSFER,133.18,GBP,BR259,COMPLETED,47.4,WEST,MORTGAGE
TXN0002622,CUST3999,ACC686317,2024-06-10,PAYMENT,97623.34,USD,BR813,COMPLETED,60.12,WEST,SAVINGS
TXN0002623,CUST7116,ACC337009,2024-04-05,CREDIT,-21895.17,USD,BR938,COMPLETED,35.74,NORTH,SAVINGS
TXN0002624,CUST3316,ACC461714,2024-08-06,TRANSFER,-10880.13,,BR504,PENDING,,SOUTH,LOAN
TXN0002625,CUST9369,ACC759367,2024-02-11,CREDIT,5717.52,USD,BR880,PENDING,66.0,CENTRAL,SAVINGS
TXN0002626,CUST7364,ACC114815,2024-01-23,TRANSFER,-38804.05,USD,BR916,COMPLETED,1.5,NORTH,LOAN
TXN0002627,CUST7852,ACC301998,2024-07-04,DEBIT,-27711.4,EUR,BR265,COMPLETED,30.98,CENTRAL,SAVINGS
TXN0002628,CUST3258,ACC387918,2024-04-26,DEBIT,9238.98,USD,BR986,COMPLETED,21.53,SOUTH,SAVINGS
TXN0002629,CUST7286,ACC397992,2024-08-13,CREDIT,10613.63,EUR,BR230,COMPLETED,28.21,SOUTH,CHECKING
TXN0002630,CUST7931,ACC960623,2024-01-28,PAYMENT,39018.84,USD,BR445,COMPLETED,97.87,EAST,CHECKING
TXN0002631,CUST4043,ACC546867,2024-10-18,CREDIT,-37771.37,USD,BR159,PENDING,68.84,CENTRAL,CHECKING
TXN0002632,CUST8973,ACC712859,2024-03-10,TRANSFER,-28201.35,GBP,BR535,COMPLETED,84.91,SOUTH,SAVINGS
TXN0002633,CUST9804,ACC864750,2024-04-12,CREDIT,56353.41,USD,BR992,PENDING,95.31,NORTH,CREDIT
TXN0002634,CUST3838,ACC420602,2024-01-23,CREDIT,85531.11,USD,BR903,FAILED,7.44,WEST,SAVINGS
TXN0002635,CUST3733,ACC485115,2024-01-17,TRANSFER,17657.42,USD,BR313,COMPLETED,51.26,WEST,SAVINGS
TXN0002636,CUST9022,ACC754836,2024-08-24,DEBIT,60861.35,USD,BR411,COMPLETED,61.82,CENTRAL,CHECKING
TXN0002637,CUST5732,ACC904246,2024-02-06,PAYMENT,-3216.49,USD,BR642,COMPLETED,89.29,WEST,SAVINGS
TXN0002638,CUST3298,ACC522857,2024-08-08,CREDIT,75925.99,USD,BR315,COMPLETED,17.95,EAST,SAVINGS
TXN0002639,CUST4065,ACC367124,2024-10-30,WITHDRAWAL,54957.83,USD,BR566,COMPLETED,62.2,CENTRAL,LOAN
TXN0002640,CUST6154,ACC688368,2024-06-09,CREDIT,8174.91,USD,BR341,COMPLETED,94.46,SOUTH,CHECKING
TXN0002641,CUST8389,ACC667297,2024-12-14,TRANSFER,22912.61,USD,BR864,PENDING,84.5,SOUTH,CHECKING
TXN0002642,CUST1878,ACC772765,2024-01-08,CREDIT,-4374.12,USD,BR796,COMPLETED,60.64,NORTH,MORTGAGE
TXN0002643,CUST6882,ACC791397,2024-01-03,PAYMENT,22260.23,EUR,BR857,COMPLETED,14.25,SOUTH,CHECKING
TXN0002644,CUST1157,ACC312429,2024-09-04,DEBIT,63049.64,USD,BR240,COMPLETED,89.69,SOUTH,CREDIT
TXN0002645,CUST8939,ACC181239,2024-05-11,TRANSFER,26120.16,GBP,BR337,COMPLETED,3.74,NORTH,CHECKING
TXN0002646,CUST3236,ACC721427,2024-12-24,DEBIT,40977.54,USD,BR977,COMPLETED,88.11,WEST,CHECKING
TXN0002647,CUST4196,ACC259825,2024-11-30,DEBIT,11252.88,GBP,BR102,COMPLETED,10.21,CENTRAL,CHECKING
TXN0002648,CUST7290,ACC207978,2024-02-14,TRANSFER,-20270.46,USD,BR173,FAILED,49.85,WEST,SAVINGS
TXN0002649,CUST9281,ACC866150,2024-09-15,WITHDRAWAL,35748.03,AUD,BR366,,21.87,CENTRAL,MORTGAGE
TXN0002650,CUST9109,ACC326955,2024-10-20,CREDIT,89457.13,USD,BR520,COMPLETED,28.86,EAST,LOAN
TXN0002651,CUST7703,ACC393586,2024-06-08,TRANSFER,-41231.73,USD,BR362,COMPLETED,,EAST,SAVINGS
TXN0002652,CUST9056,ACC286987,2024-10-14,DEBIT,-25694.55,USD,BR534,COMPLETED,56.02,WEST,CREDIT
TXN0002653,CUST7809,ACC375710,2024-12-30,CREDIT,44046.17,USD,BR594,COMPLETED,,CENTRAL,CREDIT
TXN0002654,CUST8272,ACC691040,2024-06-16,DEBIT,-11019.38,AUD,BR472,COMPLETED,43.74,NORTH,CHECKING
TXN0002655,CUST9006,ACC207292,2024-12-23,WITHDRAWAL,-19270.15,USD,BR897,COMPLETED,91.34,WEST,CREDIT
TXN0002656,CUST3740,ACC232858,2024-05-30,CREDIT,35605.53,USD,BR130,PENDING,29.47,NORTH,SAVINGS
TXN0002657,CUST2354,ACC935593,2024-04-26,PAYMENT,74616.72,USD,BR354,COMPLETED,78.45,SOUTH,LOAN
TXN0002658,CUST1505,ACC647689,2024-11-26,CREDIT,-22519.63,USD,BR642,FAILED,12.94,NORTH,LOAN
TXN0002659,CUST4613,ACC715846,2024-03-13,DEBIT,64287.67,EUR,BR157,FAILED,33.65,NORTH,CREDIT
TXN0002660,CUST5785,ACC776153,2024-10-17,DEBIT,72055.54,EUR,BR913,COMPLETED,81.87,WEST,LOAN
TXN0002661,CUST1535,ACC903266,2024-09-24,DEBIT,59766.2,EUR,BR716,COMPLETED,45.37,SOUTH,CHECKING
TXN0002662,CUST5503,ACC501548,2024-08-27,DEBIT,13293.44,EUR,BR434,COMPLETED,58.75,NORTH,CREDIT
TXN0002663,CUST4683,ACC446198,2024-07-30,CREDIT,-30027.93,USD,BR857,COMPLETED,31.95,SOUTH,MORTGAGE
TXN0002664,CUST9808,ACC703618,2024-10-30,CREDIT,-49351.34,USD,BR402,COMPLETED,58.36,CENTRAL,LOAN
TXN0002665,CUST5729,ACC909478,2024-10-11,CREDIT,-31924.79,USD,BR187,COMPLETED,42.6,WEST,CHECKING
TXN0002666,CUST3755,ACC994854,2024-10-20,DEBIT,22401.53,USD,BR654,PENDING,56.17,EAST,SAVINGS
TXN0002667,CUST8492,ACC720935,2024-04-19,DEBIT,10804.98,USD,BR422,COMPLETED,76.16,SOUTH,SAVINGS
TXN0002668,CUST9115,ACC734152,2024-07-30,DEBIT,87507.15,EUR,BR811,PENDING,97.85,SOUTH,SAVINGS
TXN0002669,CUST9369,ACC390704,2024-06-25,DEBIT,64922.66,USD,BR269,COMPLETED,15.61,WEST,SAVINGS
TXN0002670,CUST2854,ACC946514,2024-03-08,CREDIT,-33410.56,USD,BR163,COMPLETED,42.74,CENTRAL,MORTGAGE
TXN0002671,CUST2871,ACC873078,2024-10-31,DEBIT,8567.97,USD,BR317,COMPLETED,63.69,SOUTH,SAVINGS
TXN0002672,,ACC745804,2024-05-11,CREDIT,95953.99,GBP,BR698,COMPLETED,69.52,SOUTH,MORTGAGE
TXN0002673,CUST9898,ACC800969,2024-05-22,PAYMENT,62971.87,EUR,BR606,FAILED,5.64,NORTH,SAVINGS
TXN0002674,CUST7010,ACC596403,2024-08-29,CREDIT,-36428.48,EUR,BR207,COMPLETED,26.22,WEST,SAVINGS
TXN0002675,CUST9880,ACC319473,2024-02-29,PAYMENT,73824.3,EUR,BR965,COMPLETED,76.96,NORTH,LOAN
TXN0002676,CUST1681,ACC276264,2024-07-30,TRANSFER,79338.8,USD,BR144,COMPLETED,88.89,NORTH,CHECKING
TXN0002677,CUST8231,ACC102800,2024-02-15,PAYMENT,-13442.45,USD,BR933,COMPLETED,84.54,NORTH,SAVINGS
TXN0002678,CUST9951,ACC921417,2024-11-15,CREDIT,99429.29,USD,BR223,,93.98,SOUTH,LOAN
TXN0002679,CUST4580,ACC343092,2024-09-20,DEBIT,47737.84,USD,BR808,COMPLETED,84.37,WEST,SAVINGS
TXN0002680,CUST7965,ACC326957,2024-03-13,DEBIT,75528.23,USD,BR120,COMPLETED,97.97,CENTRAL,MORTGAGE
TXN0002681,CUST2677,ACC195775,2024-08-30,DEBIT,4423.11,USD,BR382,REVERSED,0.15,NORTH,SAVINGS
TXN0002682,CUST5055,ACC942377,2024-04-13,CREDIT,1884.78,USD,BR873,COMPLETED,44.44,EAST,CREDIT
TXN0002683,CUST5877,ACC744794,2024-06-08,TRANSFER,71845.59,USD,BR376,COMPLETED,46.75,WEST,CHECKING
TXN0002684,CUST1528,ACC253607,2024-10-02,DEBIT,-49335.35,USD,BR321,PENDING,56.86,SOUTH,SAVINGS
TXN0002685,CUST8368,ACC250295,2024-02-12,CREDIT,68217.52,USD,BR323,COMPLETED,32.66,WEST,LOAN
TXN0002686,CUST5305,ACC272824,2024-04-19,DEBIT,-23933.49,GBP,BR136,COMPLETED,2.46,EAST,SAVINGS
TXN0002687,CUST6711,ACC598560,2024-02-06,CREDIT,-48189.37,USD,BR472,COMPLETED,90.19,NORTH,SAVINGS
TXN0002688,CUST2425,ACC100258,2024-01-19,DEBIT,-21715.53,USD,BR881,COMPLETED,66.46,CENTRAL,CREDIT
TXN0002689,CUST8193,ACC439044,2024-05-12,TRANSFER,12576.81,AUD,BR144,COMPLETED,52.08,NORTH,CHECKING
TXN0002690,CUST2923,ACC181566,2024-06-19,DEBIT,-19087.24,USD,BR697,PENDING,84.25,SOUTH,CHECKING
TXN0002691,CUST4882,ACC154724,2024-01-24,TRANSFER,60536.12,USD,BR652,PENDING,52.36,WEST,SAVINGS
TXN0002692,CUST4438,ACC243628,2024-03-19,WITHDRAWAL,23549.82,USD,BR154,COMPLETED,6.59,WEST,LOAN
TXN0002693,CUST6744,ACC636561,2024-06-29,DEBIT,6057.02,USD,BR937,COMPLETED,38.36,NORTH,LOAN
TXN0002694,CUST8015,ACC946446,2024-10-14,TRANSFER,43051.26,GBP,BR694,REVERSED,39.26,CENTRAL,LOAN
TXN0002695,CUST3719,ACC561047,2024-12-05,DEBIT,-6600.31,EUR,BR701,COMPLETED,71.39,EAST,SAVINGS
TXN0002696,CUST3281,ACC546070,2024-11-08,CREDIT,64952.67,USD,BR921,REVERSED,6.7,EAST,SAVINGS
TXN0002697,CUST4385,ACC797137,2024-07-25,DEBIT,28125.59,GBP,BR347,COMPLETED,4.99,SOUTH,SAVINGS
TXN0002698,CUST4390,ACC594601,2024-04-23,CREDIT,70058.15,USD,BR939,COMPLETED,50.07,EAST,SAVINGS
TXN0002699,CUST1972,ACC442978,2024-12-16,CREDIT,-49719.92,USD,BR360,COMPLETED,,SOUTH,CHECKING
TXN0002700,CUST6747,ACC417255,2024-04-03,PAYMENT,-5304.71,USD,BR142,PENDING,62.8,NORTH,CHECKING
TXN0002701,CUST9720,ACC624681,2024-02-05,DEBIT,-48740.03,EUR,BR779,PENDING,51.91,CENTRAL,SAVINGS
TXN0002702,CUST5605,ACC896925,2024-08-27,DEBIT,96151.44,AUD,BR693,COMPLETED,62.54,EAST,CREDIT
TXN0002703,CUST9827,ACC222994,2024-05-31,TRANSFER,-44699.79,EUR,BR958,COMPLETED,64.26,WEST,SAVINGS
TXN0002704,CUST3758,ACC352468,2024-04-19,DEBIT,78271.75,USD,BR518,COMPLETED,48.95,SOUTH,SAVINGS
TXN0002705,CUST6302,ACC687354,2024-07-03,CREDIT,-26097.91,EUR,BR813,COMPLETED,89.86,SOUTH,SAVINGS
TXN0002706,CUST5794,ACC512349,2024-08-12,DEBIT,-19514.09,USD,BR120,COMPLETED,3.21,CENTRAL,SAVINGS
TXN0002707,CUST5740,ACC495637,2024-05-11,CREDIT,-17299.76,EUR,BR156,COMPLETED,8.81,CENTRAL,SAVINGS
TXN0002708,CUST5380,ACC911513,2024-09-25,TRANSFER,-30880.85,USD,BR846,COMPLETED,48.68,NORTH,CHECKING
TXN0002709,CUST9428,ACC504257,2024-05-03,CREDIT,65048.42,USD,BR641,COMPLETED,77.39,,SAVINGS
TXN0002710,CUST2560,ACC840551,2024-06-21,TRANSFER,-23882.79,USD,BR592,COMPLETED,,CENTRAL,LOAN
TXN0002711,CUST3221,ACC597526,2024-03-18,PAYMENT,16673.39,USD,BR998,REVERSED,93.53,CENTRAL,LOAN
TXN0002712,CUST7743,ACC472235,2024-08-03,CREDIT,,AUD,BR513,PENDING,39.55,SOUTH,CHECKING
TXN0002713,CUST1971,ACC426905,2024-09-28,DEBIT,98043.75,USD,BR615,REVERSED,54.86,WEST,SAVINGS
TXN0002714,CUST5543,ACC979387,2024-01-31,TRANSFER,-18947.19,,BR398,COMPLETED,49.0,EAST,SAVINGS
TXN0002715,CUST3078,ACC647341,2024-07-26,DEBIT,69070.46,EUR,BR782,REVERSED,98.12,SOUTH,MORTGAGE
TXN0002716,CUST3174,ACC432369,2024-05-19,CREDIT,-30901.29,EUR,BR639,REVERSED,78.09,CENTRAL,LOAN
TXN0002717,CUST5090,ACC656464,2024-10-06,DEBIT,58694.13,EUR,BR501,COMPLETED,81.05,EAST,CHECKING
TXN0002718,CUST3396,ACC181998,2024-08-10,CREDIT,68056.98,USD,BR482,PENDING,56.01,EAST,CREDIT
TXN0002719,CUST6277,ACC734787,2024-01-20,CREDIT,75857.92,USD,BR435,COMPLETED,36.29,CENTRAL,LOAN
TXN0002720,CUST5055,ACC983101,2024-08-07,DEBIT,-37870.46,GBP,BR633,COMPLETED,54.1,SOUTH,CHECKING
TXN0002721,CUST7434,ACC324289,2024-08-17,DEBIT,33518.4,USD,BR786,COMPLETED,57.85,EAST,CREDIT
TXN0002722,CUST9019,ACC274185,2024-04-09,WITHDRAWAL,53575.28,USD,BR410,COMPLETED,9.04,NORTH,LOAN
TXN0002723,CUST3329,ACC764555,2024-10-28,CREDIT,-27312.97,USD,BR259,COMPLETED,6.43,EAST,SAVINGS
TXN0002724,CUST5402,ACC974098,2024-10-07,DEBIT,94801.26,EUR,BR266,COMPLETED,5.5,CENTRAL,SAVINGS
TXN0002725,CUST7786,ACC391228,2024-04-22,CREDIT,75220.69,USD,BR459,COMPLETED,84.35,CENTRAL,CHECKING
TXN0002726,CUST7146,ACC845902,2024-05-08,WITHDRAWAL,31006.42,EUR,BR289,COMPLETED,58.97,NORTH,MORTGAGE
TXN0002727,CUST8405,ACC249824,2024-06-02,DEBIT,53009.85,USD,BR969,COMPLETED,81.3,NORTH,LOAN
TXN0002728,CUST2237,ACC980673,2024-10-04,DEBIT,14390.12,USD,BR575,COMPLETED,47.42,WEST,MORTGAGE
TXN0002729,CUST2525,ACC558482,2024-09-14,DEBIT,73641.7,USD,BR550,PENDING,66.92,SOUTH,SAVINGS
TXN0002730,CUST7600,ACC687712,2024-04-09,TRANSFER,55535.29,USD,BR499,PENDING,50.99,CENTRAL,
TXN0002731,CUST9447,ACC563100,2024-10-07,DEBIT,37403.75,USD,BR635,COMPLETED,59.59,SOUTH,CHECKING
TXN0002732,CUST5558,ACC613900,2024-06-04,TRANSFER,25836.37,USD,BR460,COMPLETED,22.6,CENTRAL,CHECKING
TXN0002733,CUST7046,ACC828864,2024-03-31,DEBIT,97745.23,USD,BR578,COMPLETED,37.39,EAST,CHECKING
TXN0002734,CUST8449,ACC927289,2024-06-11,CREDIT,94987.54,USD,BR443,COMPLETED,66.71,EAST,SAVINGS
TXN0002735,CUST8996,ACC362709,2024-04-26,CREDIT,49197.45,USD,BR475,FAILED,82.04,CENTRAL,SAVINGS
TXN0002736,CUST6362,ACC818660,2024-07-14,TRANSFER,34327.3,USD,BR809,COMPLETED,63.2,WEST,SAVINGS
TXN0002737,CUST1040,ACC226080,2024-11-18,CREDIT,-20019.39,EUR,BR545,COMPLETED,,SOUTH,CHECKING
TXN0002738,CUST2526,ACC685005,2024-06-01,WITHDRAWAL,47415.68,AUD,BR961,COMPLETED,33.01,CENTRAL,CHECKING
TXN0002739,CUST8511,ACC556564,2024-07-26,WITHDRAWAL,49693.87,USD,BR886,FAILED,,NORTH,CHECKING
TXN0002740,CUST6869,ACC783768,2024-03-11,DEBIT,-40388.76,USD,BR400,PENDING,10.89,EAST,SAVINGS
TXN0002741,CUST2037,ACC465093,2024-10-03,DEBIT,-34553.79,USD,BR419,PENDING,72.32,WEST,CHECKING
TXN0002742,CUST9756,ACC286659,2024-01-25,DEBIT,48379.19,USD,BR244,COMPLETED,68.85,CENTRAL,SAVINGS
TXN0002743,CUST7516,ACC126524,2024-06-18,CREDIT,-25463.12,USD,BR695,COMPLETED,40.97,WEST,CHECKING
TXN0002744,CUST4568,ACC483450,2024-06-20,PAYMENT,64316.28,USD,BR279,COMPLETED,88.92,EAST,SAVINGS
TXN0002745,CUST8039,ACC996922,2024-01-28,CREDIT,19994.91,GBP,BR606,COMPLETED,77.32,CENTRAL,CHECKING
TXN0002746,CUST4470,ACC588715,2024-08-16,PAYMENT,69275.32,USD,BR605,REVERSED,25.44,EAST,CHECKING
TXN0002747,CUST9105,ACC908184,2024-08-15,CREDIT,-45497.0,USD,BR449,COMPLETED,66.17,NORTH,CHECKING
TXN0002748,CUST5399,ACC802586,2024-05-21,TRANSFER,90888.49,EUR,BR123,COMPLETED,73.0,CENTRAL,SAVINGS
TXN0002749,CUST6289,ACC462798,2024-12-26,DEBIT,45632.18,USD,BR188,COMPLETED,57.86,CENTRAL,SAVINGS
TXN0002750,CUST5646,ACC863878,2024-01-26,PAYMENT,13584.81,USD,BR717,COMPLETED,43.32,EAST,LOAN
TXN0002751,CUST6533,ACC544677,2024-07-20,DEBIT,8986.59,USD,BR315,FAILED,83.06,EAST,LOAN
TXN0002752,CUST9967,ACC324164,2024-07-03,DEBIT,8842.44,USD,BR249,COMPLETED,21.78,WEST,LOAN
TXN0002753,CUST3139,ACC746944,2024-08-17,DEBIT,58006.3,USD,BR923,PENDING,15.8,EAST,
TXN0002754,CUST8951,ACC686986,2024-11-13,CREDIT,42501.48,USD,BR468,COMPLETED,,EAST,CHECKING
TXN0002755,CUST6631,ACC300261,2024-06-20,WITHDRAWAL,22024.21,EUR,BR233,COMPLETED,85.81,WEST,CHECKING
TXN0002756,CUST1793,ACC501035,2024-06-29,DEBIT,26067.74,USD,BR824,PENDING,61.43,NORTH,SAVINGS
TXN0002757,CUST1752,ACC492383,2024-02-10,DEBIT,47506.6,GBP,BR517,COMPLETED,56.57,WEST,SAVINGS
TXN0002758,CUST2631,ACC287700,2024-07-05,CREDIT,-26245.19,USD,BR944,COMPLETED,37.09,CENTRAL,SAVINGS
TXN0002759,CUST8529,ACC883945,2024-07-22,DEBIT,92748.55,USD,BR551,COMPLETED,17.33,CENTRAL,LOAN
TXN0002760,CUST1266,ACC111190,2024-03-22,PAYMENT,-1044.61,EUR,BR419,COMPLETED,75.96,EAST,LOAN
TXN0002761,CUST3035,ACC305349,2024-04-15,DEBIT,27313.24,USD,BR724,COMPLETED,14.17,WEST,CHECKING
TXN0002762,CUST3588,ACC563555,2024-10-16,WITHDRAWAL,443.1,USD,BR386,COMPLETED,2.78,NORTH,SAVINGS
TXN0002763,CUST8230,ACC478526,2024-04-03,CREDIT,-21125.8,GBP,BR240,PENDING,63.33,WEST,CHECKING
TXN0002764,CUST8479,ACC651553,2024-01-05,CREDIT,96576.66,GBP,BR978,COMPLETED,39.81,NORTH,MORTGAGE
TXN0002765,CUST1011,ACC304355,2024-10-31,DEBIT,23700.34,USD,BR291,COMPLETED,48.13,WEST,CHECKING
TXN0002766,CUST8009,ACC105887,2024-01-18,PAYMENT,-42612.75,USD,BR881,COMPLETED,27.62,SOUTH,CHECKING
TXN0002767,CUST4314,ACC714663,2024-10-03,DEBIT,-24045.11,USD,BR967,PENDING,30.87,NORTH,SAVINGS
TXN0002768,CUST3161,ACC425468,2024-06-19,DEBIT,49603.15,USD,BR277,COMPLETED,39.41,EAST,CHECKING
TXN0002769,CUST5945,ACC444406,2024-06-15,CREDIT,-8288.1,USD,BR192,PENDING,84.57,CENTRAL,CHECKING
TXN0002770,CUST3604,ACC198679,2024-02-24,CREDIT,98976.16,USD,BR534,REVERSED,5.99,EAST,LOAN
TXN0002771,CUST5489,ACC486785,2024-01-22,DEBIT,74890.45,USD,BR494,,48.39,CENTRAL,SAVINGS
TXN0002772,CUST2529,ACC366086,2024-09-09,CREDIT,23585.18,USD,BR159,COMPLETED,56.89,WEST,SAVINGS
TXN0002773,CUST6905,ACC627217,2024-11-18,CREDIT,-17193.85,USD,BR727,PENDING,29.38,NORTH,LOAN
TXN0002774,CUST5102,ACC113625,2024-12-24,DEBIT,44941.27,USD,BR463,COMPLETED,27.81,NORTH,SAVINGS
TXN0002775,CUST2350,ACC736249,2024-06-07,DEBIT,-20309.69,AUD,BR278,FAILED,5.56,CENTRAL,CHECKING
TXN0002776,CUST7092,ACC386290,2024-01-15,CREDIT,61339.91,USD,BR295,PENDING,12.04,,SAVINGS
TXN0002777,CUST3711,ACC135156,2024-12-07,DEBIT,49022.55,GBP,BR621,COMPLETED,81.93,NORTH,MORTGAGE
TXN0002778,CUST1848,ACC778657,2024-11-03,WITHDRAWAL,-26704.94,USD,BR911,PENDING,17.42,SOUTH,SAVINGS
TXN0002779,CUST7493,ACC388307,2024-02-22,CREDIT,-12359.97,USD,BR204,COMPLETED,89.18,CENTRAL,SAVINGS
TXN0002780,CUST6005,ACC772844,2024-04-29,CREDIT,1442.49,USD,BR381,COMPLETED,88.13,SOUTH,MORTGAGE
TXN0002781,CUST4836,ACC601989,2024-02-21,CREDIT,76813.61,USD,BR723,COMPLETED,22.84,SOUTH,CREDIT
TXN0002782,CUST8032,ACC517641,2024-02-12,TRANSFER,17232.06,EUR,BR660,PENDING,97.63,,CREDIT
TXN0002783,CUST2494,ACC146050,2024-02-21,DEBIT,53299.42,EUR,BR560,COMPLETED,25.19,SOUTH,LOAN
TXN0002784,CUST2559,ACC829283,2024-08-24,TRANSFER,12182.64,EUR,BR177,COMPLETED,41.53,WEST,SAVINGS
TXN0002785,,ACC838474,2024-09-16,DEBIT,74570.1,USD,BR805,COMPLETED,73.32,EAST,LOAN
TXN0002786,CUST4496,ACC365329,2024-07-17,DEBIT,37307.12,USD,BR394,COMPLETED,16.49,NORTH,CHECKING
TXN0002787,CUST8812,ACC387492,2024-02-18,DEBIT,1345.54,USD,BR285,,58.26,SOUTH,CREDIT
TXN0002788,CUST2276,ACC755643,2024-11-03,DEBIT,71993.74,USD,BR864,PENDING,91.02,SOUTH,SAVINGS
TXN0002789,CUST3174,ACC160006,2024-12-17,DEBIT,74249.97,USD,BR122,COMPLETED,22.32,CENTRAL,CREDIT
TXN0002790,CUST4705,ACC699975,2024-01-10,DEBIT,59737.24,USD,BR848,PENDING,95.32,SOUTH,CREDIT
TXN0002791,CUST9510,ACC963319,2024-03-13,DEBIT,-41822.81,USD,BR817,FAILED,37.5,NORTH,LOAN
TXN0002792,CUST8291,ACC131904,2024-06-17,CREDIT,10421.25,USD,BR327,FAILED,47.5,,CHECKING
TXN0002793,CUST1152,ACC852908,2024-05-31,TRANSFER,18216.22,GBP,BR780,COMPLETED,59.91,EAST,SAVINGS
TXN0002794,CUST1132,ACC593679,2024-12-26,PAYMENT,-40761.85,USD,BR425,FAILED,49.16,EAST,CHECKING
TXN0002795,CUST6629,ACC737058,2024-08-15,CREDIT,68452.96,USD,BR567,COMPLETED,60.91,NORTH,CREDIT
TXN0002796,CUST2975,ACC762951,2024-12-15,PAYMENT,-31129.75,USD,BR610,COMPLETED,72.67,SOUTH,LOAN
TXN0002797,CUST7919,ACC576557,2024-07-18,PAYMENT,78718.53,USD,BR560,COMPLETED,12.39,NORTH,LOAN
TXN0002798,CUST3165,ACC614117,2024-01-28,DEBIT,9702.55,USD,BR737,PENDING,18.71,WEST,SAVINGS
TXN0002799,CUST8826,ACC282212,2024-12-17,CREDIT,-27235.59,EUR,BR325,COMPLETED,52.95,SOUTH,CHECKING
TXN0002800,CUST2160,ACC596446,2024-12-25,CREDIT,77382.29,USD,BR223,COMPLETED,91.98,NORTH,SAVINGS
TXN0002801,CUST4751,ACC886364,2024-03-31,DEBIT,43387.8,USD,BR281,PENDING,49.2,EAST,CHECKING
TXN0002802,CUST7276,ACC779003,2024-03-27,CREDIT,69322.48,,BR359,COMPLETED,10.49,NORTH,CREDIT
TXN0002803,CUST2463,ACC887046,2024-11-20,CREDIT,40544.87,EUR,BR151,FAILED,75.53,EAST,LOAN
TXN0002804,CUST2678,ACC672089,2024-01-13,TRANSFER,25074.6,EUR,BR396,COMPLETED,19.6,EAST,CHECKING
TXN0002805,CUST2690,ACC946652,2024-07-26,TRANSFER,-26003.96,EUR,BR703,COMPLETED,30.25,NORTH,CREDIT
TXN0002806,CUST6133,ACC208933,2024-11-13,CREDIT,58484.18,GBP,BR351,FAILED,71.87,SOUTH,SAVINGS
TXN0002807,CUST7022,ACC140048,2024-07-08,WITHDRAWAL,93430.04,AUD,BR629,COMPLETED,8.78,SOUTH,LOAN
TXN0002808,CUST5902,ACC487484,2024-04-29,TRANSFER,-14306.17,USD,BR492,,99.13,NORTH,CREDIT
TXN0002809,CUST3246,ACC130237,2024-06-10,WITHDRAWAL,25417.74,USD,BR828,COMPLETED,30.37,EAST,SAVINGS
TXN0002810,CUST7270,ACC742693,2024-05-17,CREDIT,-24612.75,USD,BR318,COMPLETED,25.85,WEST,SAVINGS
TXN0002811,CUST3181,ACC847960,2024-12-23,DEBIT,-49403.34,USD,BR484,COMPLETED,76.75,SOUTH,CHECKING
TXN0002812,CUST3340,ACC260633,2024-02-12,PAYMENT,56956.3,GBP,BR250,PENDING,25.86,NORTH,CREDIT
TXN0002813,CUST2120,ACC839916,2024-12-15,DEBIT,-799.08,EUR,BR872,REVERSED,33.56,SOUTH,LOAN
TXN0002814,CUST9691,ACC871957,2024-03-31,TRANSFER,-8519.43,USD,BR334,COMPLETED,16.59,NORTH,SAVINGS
TXN0002815,CUST1138,ACC285501,2024-01-01,CREDIT,20020.75,EUR,BR169,COMPLETED,31.44,NORTH,CHECKING
TXN0002816,CUST3688,ACC992278,2024-02-12,DEBIT,24497.76,EUR,BR602,,88.13,CENTRAL,CHECKING
TXN0002817,CUST8210,ACC238043,2024-12-07,DEBIT,-9762.99,USD,BR446,COMPLETED,74.88,WEST,CREDIT
TXN0002818,CUST6753,ACC186847,2024-03-10,DEBIT,-36611.95,USD,BR754,COMPLETED,1.85,NORTH,SAVINGS
TXN0002819,CUST4490,ACC539953,2024-04-03,WITHDRAWAL,9993.81,USD,BR459,PENDING,3.56,EAST,CHECKING
TXN0002820,CUST3480,ACC974579,2024-08-12,TRANSFER,-37265.26,GBP,BR308,COMPLETED,99.01,SOUTH,SAVINGS
TXN0002821,CUST7745,ACC986888,2024-06-09,DEBIT,78567.76,EUR,BR323,COMPLETED,51.29,CENTRAL,CREDIT
TXN0002822,CUST8248,ACC225228,2024-10-16,TRANSFER,16069.52,EUR,BR848,COMPLETED,89.03,WEST,CREDIT
TXN0002823,CUST4559,ACC158770,2024-07-01,CREDIT,75871.75,EUR,BR578,COMPLETED,70.88,WEST,CREDIT
TXN0002824,CUST2420,ACC564915,2024-01-31,PAYMENT,-29350.09,USD,BR304,COMPLETED,42.88,NORTH,SAVINGS
TXN0002825,CUST2646,ACC768444,2024-01-06,TRANSFER,85333.91,USD,BR746,REVERSED,92.84,SOUTH,CREDIT
TXN0002826,CUST3293,ACC845108,2024-03-21,CREDIT,-25021.48,USD,BR404,COMPLETED,19.82,NORTH,SAVINGS
TXN0002827,CUST3017,ACC165352,2024-08-01,TRANSFER,-29918.35,USD,BR594,COMPLETED,50.7,SOUTH,CREDIT
TXN0002828,CUST7291,ACC429500,2024-12-24,WITHDRAWAL,92002.19,EUR,BR579,COMPLETED,61.65,NORTH,CREDIT
TXN0002829,CUST6759,ACC202210,2024-01-26,DEBIT,62631.08,USD,BR765,COMPLETED,67.66,CENTRAL,SAVINGS
TXN0002830,CUST8035,ACC999563,2024-02-10,PAYMENT,-33721.87,USD,BR542,COMPLETED,99.63,EAST,CHECKING
TXN0002831,CUST6152,ACC670512,2024-06-12,WITHDRAWAL,35124.53,,BR322,COMPLETED,94.11,SOUTH,SAVINGS
TXN0002832,CUST3290,ACC390956,2024-02-26,DEBIT,-831.57,USD,BR163,COMPLETED,96.92,SOUTH,SAVINGS
TXN0002833,CUST5059,ACC993990,2024-06-21,DEBIT,-9665.96,USD,BR994,COMPLETED,53.8,SOUTH,SAVINGS
TXN0002834,CUST5537,ACC303614,2024-04-19,PAYMENT,89344.72,EUR,BR892,COMPLETED,85.6,WEST,CHECKING
TXN0002835,CUST2380,ACC786927,2024-04-03,WITHDRAWAL,49961.48,USD,BR834,PENDING,59.6,NORTH,MORTGAGE
TXN0002836,CUST5065,ACC743829,2024-06-26,CREDIT,-46445.31,USD,BR544,COMPLETED,50.59,SOUTH,SAVINGS
TXN0002837,,ACC873276,2024-12-01,TRANSFER,78612.7,USD,BR427,FAILED,70.48,CENTRAL,SAVINGS
TXN0002838,CUST1439,ACC117484,2024-12-17,CREDIT,-30343.96,USD,BR649,COMPLETED,,NORTH,CHECKING
TXN0002839,CUST5942,ACC448824,2024-12-17,DEBIT,-4261.81,USD,BR464,COMPLETED,78.74,EAST,SAVINGS
TXN0002840,CUST4366,ACC977944,2024-10-28,DEBIT,78377.77,EUR,BR621,PENDING,85.59,CENTRAL,CREDIT
TXN0002841,CUST9482,ACC804633,2024-05-12,PAYMENT,37060.18,USD,BR246,PENDING,26.9,CENTRAL,LOAN
TXN0002842,CUST9348,ACC989433,2024-08-13,DEBIT,-5524.61,USD,BR564,PENDING,29.18,CENTRAL,SAVINGS
TXN0002843,CUST4090,ACC431853,2024-11-20,WITHDRAWAL,50635.44,USD,BR923,COMPLETED,69.5,WEST,SAVINGS
TXN0002844,CUST7418,ACC843764,2024-11-12,DEBIT,61702.11,EUR,BR541,REVERSED,20.59,WEST,SAVINGS
TXN0002845,CUST5842,ACC277433,2024-06-22,DEBIT,-11596.22,USD,BR464,PENDING,81.9,EAST,SAVINGS
TXN0002846,CUST1894,ACC715354,2024-01-17,CREDIT,78756.17,USD,BR407,COMPLETED,17.84,CENTRAL,CHECKING
TXN0002847,CUST4921,ACC857213,2024-08-12,TRANSFER,18702.76,USD,BR930,PENDING,60.95,SOUTH,CHECKING
TXN0002848,,ACC484047,2024-05-24,PAYMENT,75048.36,EUR,BR744,COMPLETED,72.27,WEST,CHECKING
TXN0002849,CUST7322,ACC641422,2024-01-23,PAYMENT,98012.83,EUR,BR914,COMPLETED,46.35,CENTRAL,CHECKING
TXN0002850,CUST2847,ACC114859,2024-09-09,TRANSFER,79516.18,USD,BR497,COMPLETED,61.42,CENTRAL,SAVINGS
TXN0002851,CUST4949,ACC796773,2024-02-21,DEBIT,-38476.37,GBP,BR976,COMPLETED,11.57,NORTH,SAVINGS
TXN0002852,CUST9185,ACC522757,2024-08-14,DEBIT,82211.59,USD,BR736,COMPLETED,1.39,SOUTH,CREDIT
TXN0002853,,ACC536604,2024-12-26,TRANSFER,87783.54,USD,BR700,COMPLETED,40.95,EAST,LOAN
TXN0002854,CUST9655,ACC978409,2024-04-07,DEBIT,30408.36,USD,BR169,REVERSED,87.54,WEST,CREDIT
TXN0002855,CUST1197,ACC800157,2024-03-07,PAYMENT,15539.41,USD,BR453,COMPLETED,54.56,NORTH,SAVINGS
TXN0002856,CUST6916,ACC802169,2024-08-25,PAYMENT,43800.09,USD,BR792,COMPLETED,87.58,WEST,LOAN
TXN0002857,CUST6185,ACC164470,2024-10-31,CREDIT,-47531.63,EUR,BR752,COMPLETED,60.3,CENTRAL,SAVINGS
TXN0002858,CUST3162,ACC168110,2024-10-08,WITHDRAWAL,60520.14,USD,BR667,COMPLETED,11.76,CENTRAL,MORTGAGE
TXN0002859,CUST7337,ACC302312,2024-01-26,PAYMENT,82238.69,USD,BR683,FAILED,29.96,NORTH,CREDIT
TXN0002860,CUST7895,ACC965125,2024-06-30,DEBIT,-44905.66,GBP,BR601,COMPLETED,26.62,WEST,LOAN
TXN0002861,CUST6986,ACC898273,2024-12-28,WITHDRAWAL,84218.93,USD,BR324,COMPLETED,29.63,CENTRAL,LOAN
TXN0002862,CUST9951,ACC625887,2024-10-29,TRANSFER,77622.29,USD,BR750,COMPLETED,78.39,SOUTH,LOAN
TXN0002863,CUST3830,ACC254679,2024-12-11,CREDIT,54615.93,USD,BR129,COMPLETED,81.57,EAST,CHECKING
TXN0002864,CUST8717,ACC864366,2024-07-06,DEBIT,39150.69,EUR,BR755,FAILED,90.77,NORTH,LOAN
TXN0002865,CUST2195,ACC379588,2024-11-25,TRANSFER,58039.44,EUR,BR350,COMPLETED,76.84,EAST,SAVINGS
TXN0002866,CUST1273,ACC188047,2024-01-15,DEBIT,61722.14,USD,BR829,PENDING,93.4,WEST,MORTGAGE
TXN0002867,CUST2106,ACC280968,2024-04-28,TRANSFER,27335.25,USD,BR603,FAILED,42.48,NORTH,SAVINGS
TXN0002868,CUST1225,ACC564937,2024-12-07,TRANSFER,-28752.94,USD,BR871,PENDING,6.07,NORTH,SAVINGS
TXN0002869,CUST5295,ACC146670,2024-02-03,PAYMENT,-18756.94,USD,BR622,COMPLETED,3.92,EAST,SAVINGS
TXN0002870,CUST4534,ACC388909,2024-01-25,DEBIT,54544.9,USD,BR428,COMPLETED,1.68,SOUTH,CHECKING
TXN0002871,CUST1652,ACC738088,2024-01-05,WITHDRAWAL,95946.1,USD,BR640,PENDING,13.44,WEST,CHECKING
TXN0002872,CUST1990,ACC308334,2024-07-20,CREDIT,67645.56,USD,BR205,COMPLETED,98.66,CENTRAL,SAVINGS
TXN0002873,CUST7520,ACC822171,2024-05-27,DEBIT,4689.04,USD,BR374,COMPLETED,58.5,WEST,CREDIT
TXN0002874,CUST9300,ACC630019,2024-12-12,TRANSFER,90372.98,USD,BR785,COMPLETED,87.89,EAST,CHECKING
TXN0002875,CUST5693,ACC529131,2024-11-14,DEBIT,38672.91,EUR,BR892,COMPLETED,44.45,SOUTH,LOAN
TXN0002876,CUST9209,ACC281370,2024-04-20,CREDIT,-21759.59,AUD,BR792,COMPLETED,40.57,NORTH,CHECKING
TXN0002877,CUST7806,ACC766160,2024-06-04,CREDIT,71059.98,GBP,BR810,FAILED,25.37,WEST,LOAN
TXN0002878,CUST7939,ACC883106,2024-01-07,TRANSFER,88552.37,USD,BR997,COMPLETED,89.05,EAST,CREDIT
TXN0002879,CUST7590,ACC983031,2024-04-14,PAYMENT,36876.02,USD,BR757,PENDING,67.8,SOUTH,CHECKING
TXN0002880,CUST2350,ACC978559,2024-12-19,PAYMENT,-7283.45,USD,BR419,COMPLETED,46.99,EAST,SAVINGS
TXN0002881,CUST9791,ACC103381,2024-10-23,TRANSFER,-26864.86,USD,BR752,COMPLETED,64.59,SOUTH,CHECKING
TXN0002882,CUST9808,ACC426279,2024-03-01,CREDIT,18951.19,USD,BR984,COMPLETED,41.67,NORTH,SAVINGS
TXN0002883,CUST3501,ACC387061,2024-01-02,DEBIT,12260.26,AUD,BR229,COMPLETED,80.75,CENTRAL,LOAN
TXN0002884,CUST5546,ACC687789,2024-05-22,CREDIT,-34088.64,USD,BR680,PENDING,70.88,WEST,LOAN
TXN0002885,CUST2369,ACC467719,2024-06-27,TRANSFER,66250.18,USD,BR636,COMPLETED,56.07,NORTH,SAVINGS
TXN0002886,CUST6077,ACC223432,2024-03-05,CREDIT,50703.21,USD,BR974,COMPLETED,30.69,CENTRAL,SAVINGS
TXN0002887,CUST2294,ACC458038,2024-01-17,TRANSFER,11464.39,USD,BR827,COMPLETED,62.9,SOUTH,CHECKING
TXN0002888,CUST9377,ACC588900,2024-04-19,PAYMENT,55820.99,USD,BR304,FAILED,67.28,CENTRAL,SAVINGS
TXN0002889,CUST4329,ACC695772,2024-08-07,CREDIT,23908.39,USD,BR518,COMPLETED,4.18,NORTH,CHECKING
TXN0002890,CUST3545,ACC976720,2024-01-24,DEBIT,-43761.78,USD,BR644,COMPLETED,5.11,WEST,LOAN
TXN0002891,CUST9788,ACC830115,2024-09-16,DEBIT,90408.15,USD,BR578,COMPLETED,44.4,EAST,MORTGAGE
TXN0002892,CUST6353,ACC190277,2024-11-09,DEBIT,-29628.18,GBP,BR519,FAILED,3.38,SOUTH,CHECKING
TXN0002893,CUST7401,ACC693692,2024-12-23,WITHDRAWAL,50341.19,EUR,BR217,FAILED,86.8,NORTH,LOAN
TXN0002894,CUST2083,ACC585496,2024-05-25,DEBIT,-45639.83,EUR,BR739,COMPLETED,20.86,CENTRAL,SAVINGS
TXN0002895,CUST6081,ACC192444,2024-02-02,CREDIT,78687.44,USD,BR121,COMPLETED,28.02,WEST,SAVINGS
TXN0002896,CUST8167,ACC221909,2024-02-06,TRANSFER,-16475.8,EUR,BR571,COMPLETED,80.81,NORTH,MORTGAGE
TXN0002897,CUST4909,ACC194960,2024-10-04,DEBIT,45083.0,USD,BR420,COMPLETED,,NORTH,CHECKING
TXN0002898,CUST1948,ACC291366,2024-06-02,DEBIT,-17800.38,USD,BR124,COMPLETED,65.0,NORTH,
TXN0002899,CUST5005,ACC864989,2024-11-16,DEBIT,90972.78,USD,BR424,COMPLETED,94.67,SOUTH,SAVINGS
TXN0002900,CUST2412,ACC190615,2024-11-10,PAYMENT,-34970.32,USD,BR505,COMPLETED,7.44,CENTRAL,CHECKING
TXN0002901,CUST8118,ACC294677,2024-02-18,PAYMENT,-39996.28,AUD,BR180,COMPLETED,43.12,WEST,CHECKING
TXN0002902,CUST2900,ACC432924,2024-04-23,DEBIT,-48289.02,USD,BR201,COMPLETED,85.41,WEST,CREDIT
TXN0002903,CUST8428,ACC719864,2024-11-30,DEBIT,86943.46,EUR,BR833,COMPLETED,69.58,EAST,SAVINGS
TXN0002904,CUST1901,ACC757063,2024-06-21,DEBIT,42670.82,,BR455,PENDING,67.31,NORTH,CREDIT
TXN0002905,CUST6067,ACC121084,2024-11-11,DEBIT,9402.7,AUD,BR890,FAILED,62.32,CENTRAL,LOAN
TXN0002906,CUST3877,ACC903966,2024-11-11,PAYMENT,21510.36,USD,BR461,COMPLETED,83.53,EAST,CREDIT
TXN0002907,CUST2956,ACC277561,2024-03-30,DEBIT,96775.24,USD,BR472,COMPLETED,35.5,SOUTH,SAVINGS
TXN0002908,CUST1207,ACC927050,2024-10-06,DEBIT,16431.31,USD,BR922,COMPLETED,3.06,NORTH,CREDIT
TXN0002909,CUST3248,ACC110945,2024-07-02,CREDIT,91638.72,USD,BR199,FAILED,84.23,NORTH,MORTGAGE
TXN0002910,CUST1185,ACC328092,2024-06-26,CREDIT,-20098.84,USD,BR144,COMPLETED,83.79,EAST,CHECKING
TXN0002911,CUST3684,ACC768934,2024-05-04,DEBIT,16569.74,AUD,BR605,COMPLETED,20.02,SOUTH,CHECKING
TXN0002912,CUST9133,ACC492722,2024-07-10,CREDIT,,USD,BR406,COMPLETED,11.44,EAST,SAVINGS
TXN0002913,CUST6680,ACC582711,2024-12-17,TRANSFER,-12466.88,AUD,BR925,COMPLETED,,WEST,SAVINGS
TXN0002914,CUST9568,ACC185222,2024-10-17,CREDIT,-16431.68,USD,BR709,COMPLETED,13.45,SOUTH,
TXN0002915,CUST9474,ACC859459,2024-06-23,DEBIT,84372.59,USD,BR740,COMPLETED,16.72,CENTRAL,SAVINGS
TXN0002916,CUST5247,ACC358717,2024-03-16,DEBIT,4239.59,GBP,BR658,COMPLETED,88.95,EAST,LOAN
TXN0002917,CUST3735,ACC422733,2024-01-24,TRANSFER,22451.97,USD,BR225,COMPLETED,79.61,,LOAN
TXN0002918,CUST7092,ACC977981,2024-07-04,DEBIT,19000.09,USD,BR675,COMPLETED,77.95,EAST,CREDIT
TXN0002919,CUST3079,ACC813965,2024-07-17,TRANSFER,-34903.93,USD,BR633,,85.64,WEST,CREDIT
TXN0002920,CUST5403,ACC773518,2024-02-06,CREDIT,44338.98,USD,BR511,COMPLETED,71.13,SOUTH,CHECKING
TXN0002921,CUST2934,ACC300368,2024-01-18,CREDIT,-49623.45,USD,BR914,COMPLETED,90.41,WEST,CREDIT
TXN0002922,CUST1480,ACC883714,2024-01-31,CREDIT,10844.78,USD,BR873,REVERSED,16.23,EAST,LOAN
TXN0002923,CUST6488,ACC892547,2024-07-27,WITHDRAWAL,78567.3,EUR,BR720,COMPLETED,90.25,CENTRAL,SAVINGS
TXN0002924,CUST8034,ACC873964,2024-09-06,CREDIT,23557.54,USD,BR993,COMPLETED,79.91,WEST,CHECKING
TXN0002925,CUST5456,ACC239182,2024-10-18,DEBIT,-6949.64,AUD,BR490,FAILED,29.01,EAST,CREDIT
TXN0002926,CUST9582,ACC425569,2024-10-22,TRANSFER,79297.64,USD,BR206,COMPLETED,87.03,NORTH,LOAN
TXN0002927,CUST2046,ACC155926,2024-01-07,CREDIT,-20931.99,USD,BR188,COMPLETED,91.91,WEST,LOAN
TXN0002928,CUST5308,ACC497735,2024-11-25,TRANSFER,11205.76,EUR,BR481,COMPLETED,,SOUTH,MORTGAGE
TXN0002929,CUST2262,ACC840204,2024-01-10,TRANSFER,,GBP,BR668,PENDING,33.19,NORTH,SAVINGS
TXN0002930,CUST9128,ACC401021,2024-07-22,CREDIT,-2352.99,USD,BR640,COMPLETED,93.68,EAST,CREDIT
TXN0002931,CUST8457,ACC286650,2024-10-19,PAYMENT,8664.02,EUR,BR722,COMPLETED,21.12,WEST,CREDIT
TXN0002932,CUST9368,ACC392514,2024-08-07,PAYMENT,17588.71,USD,BR128,COMPLETED,57.61,WEST,CHECKING
TXN0002933,CUST6900,ACC247247,2024-10-07,PAYMENT,40155.5,EUR,BR165,COMPLETED,10.55,WEST,MORTGAGE
TXN0002934,CUST1908,ACC692487,2024-01-31,DEBIT,-38615.8,GBP,BR599,PENDING,74.27,,LOAN
TXN0002935,CUST9185,ACC430868,2024-02-07,PAYMENT,-12311.36,USD,BR173,PENDING,14.28,NORTH,MORTGAGE
TXN0002936,CUST3734,ACC534092,2024-10-06,DEBIT,39548.85,USD,BR851,PENDING,66.26,CENTRAL,SAVINGS
TXN0002937,CUST7024,ACC336936,2024-07-17,PAYMENT,38551.54,USD,BR614,COMPLETED,80.98,NORTH,LOAN
TXN0002938,CUST3577,ACC975849,2024-08-12,CREDIT,61404.3,USD,BR548,COMPLETED,89.01,EAST,SAVINGS
TXN0002939,CUST5179,ACC297389,2024-09-01,DEBIT,1257.9,AUD,BR953,COMPLETED,17.67,SOUTH,LOAN
TXN0002940,CUST2685,ACC386050,2024-05-14,CREDIT,98160.01,EUR,BR229,COMPLETED,51.41,NORTH,SAVINGS
TXN0002941,CUST2889,ACC308902,2024-01-23,CREDIT,84139.83,USD,BR706,COMPLETED,69.15,WEST,LOAN
TXN0002942,CUST4742,ACC285715,2024-12-22,DEBIT,48070.37,GBP,BR567,,52.54,EAST,LOAN
TXN0002943,CUST9336,ACC409258,2024-05-03,DEBIT,24273.14,USD,BR108,COMPLETED,69.6,CENTRAL,CREDIT
TXN0002944,CUST1042,ACC371952,2024-09-02,TRANSFER,95038.11,USD,BR943,PENDING,85.35,NORTH,SAVINGS
TXN0002945,,ACC831442,2024-09-13,DEBIT,57802.26,USD,BR181,COMPLETED,78.45,SOUTH,LOAN
TXN0002946,CUST1201,ACC560952,2024-05-16,PAYMENT,-42488.26,USD,BR846,COMPLETED,50.36,NORTH,CHECKING
TXN0002947,CUST5006,ACC377395,2024-12-21,DEBIT,3068.02,USD,BR290,COMPLETED,54.94,SOUTH,CHECKING
TXN0002948,CUST1753,ACC196901,2024-12-14,PAYMENT,95215.96,EUR,BR524,REVERSED,34.54,NORTH,SAVINGS
TXN0002949,CUST8729,ACC613682,2024-03-05,DEBIT,14313.25,AUD,BR619,COMPLETED,46.79,SOUTH,CHECKING
TXN0002950,CUST6963,ACC472405,2024-04-21,DEBIT,-31323.21,USD,BR318,COMPLETED,84.55,EAST,CHECKING
TXN0002951,CUST7274,ACC706806,2024-12-05,TRANSFER,77475.23,USD,BR757,COMPLETED,17.79,WEST,CHECKING
TXN0002952,CUST3458,ACC481276,2024-04-09,WITHDRAWAL,-422.62,USD,BR219,COMPLETED,43.85,CENTRAL,CHECKING
TXN0002953,CUST3932,ACC465805,2024-10-18,PAYMENT,97153.07,USD,BR464,FAILED,28.37,NORTH,LOAN
TXN0002954,CUST1579,ACC909889,2024-05-27,DEBIT,-29510.24,AUD,BR876,COMPLETED,40.23,NORTH,SAVINGS
TXN0002955,CUST7870,ACC773003,2024-06-06,TRANSFER,38469.54,USD,BR515,COMPLETED,80.73,NORTH,LOAN
TXN0002956,CUST4678,ACC648450,2024-10-24,TRANSFER,-23585.39,USD,BR272,PENDING,5.87,EAST,LOAN
TXN0002957,CUST6272,ACC571516,2024-12-23,WITHDRAWAL,75868.03,USD,BR763,COMPLETED,52.24,CENTRAL,MORTGAGE
TXN0002958,CUST5067,ACC969793,2024-07-10,PAYMENT,12935.97,USD,BR994,PENDING,68.45,WEST,CHECKING
TXN0002959,CUST7819,ACC761679,2024-04-25,TRANSFER,-2564.51,USD,BR367,COMPLETED,42.73,SOUTH,LOAN
TXN0002960,CUST6241,ACC820413,2024-01-11,CREDIT,97665.81,AUD,BR290,COMPLETED,62.92,SOUTH,CREDIT
TXN0002961,CUST5444,ACC972132,2024-01-02,DEBIT,66603.26,USD,BR161,COMPLETED,74.41,CENTRAL,CHECKING
TXN0002962,CUST2276,ACC278755,2024-07-20,CREDIT,84187.93,EUR,BR499,PENDING,14.48,EAST,CREDIT
TXN0002963,CUST7108,ACC138515,2024-09-08,TRANSFER,52963.1,USD,BR149,PENDING,13.67,CENTRAL,SAVINGS
TXN0002964,CUST2956,ACC975271,2024-08-22,TRANSFER,34532.59,USD,BR483,REVERSED,88.78,SOUTH,SAVINGS
TXN0002965,CUST9225,ACC713650,2024-07-12,PAYMENT,27352.09,USD,BR754,COMPLETED,79.75,CENTRAL,CHECKING
TXN0002966,CUST1862,ACC504415,2024-03-21,PAYMENT,-4121.74,GBP,BR997,COMPLETED,23.64,WEST,LOAN
TXN0002967,CUST3938,ACC263267,2024-06-20,WITHDRAWAL,77412.41,EUR,BR170,COMPLETED,31.14,NORTH,CREDIT
TXN0002968,CUST4656,ACC664080,2024-06-16,TRANSFER,66937.08,EUR,BR896,COMPLETED,28.52,WEST,LOAN
TXN0002969,CUST9450,ACC696337,2024-01-05,DEBIT,7915.81,USD,BR198,PENDING,69.47,NORTH,CHECKING
TXN0002970,CUST1752,ACC320895,2024-04-21,DEBIT,74797.42,AUD,BR513,COMPLETED,64.66,EAST,SAVINGS
TXN0002971,CUST7568,ACC836296,2024-03-23,DEBIT,41259.46,AUD,BR739,FAILED,50.6,CENTRAL,SAVINGS
TXN0002972,CUST2129,ACC554928,2024-11-20,CREDIT,20026.86,EUR,BR886,COMPLETED,16.69,EAST,CHECKING
TXN0002973,CUST8620,ACC463773,2024-06-27,CREDIT,59997.34,USD,BR593,COMPLETED,56.26,NORTH,SAVINGS
TXN0002974,CUST5625,ACC777388,2024-01-06,CREDIT,-43867.2,USD,BR527,FAILED,66.08,EAST,CHECKING
TXN0002975,CUST6090,ACC950299,2024-02-07,WITHDRAWAL,-39449.06,USD,BR724,COMPLETED,70.63,WEST,CHECKING
TXN0002976,CUST6362,ACC815147,2024-09-09,DEBIT,36986.05,USD,BR110,COMPLETED,9.14,NORTH,CHECKING
TXN0002977,CUST2415,ACC934951,2024-04-18,DEBIT,-41660.66,EUR,BR451,COMPLETED,26.73,EAST,LOAN
TXN0002978,CUST8483,ACC402712,2024-07-13,CREDIT,83345.53,USD,BR372,COMPLETED,10.6,WEST,SAVINGS
TXN0002979,CUST1130,ACC317523,2024-06-09,DEBIT,-44761.68,AUD,BR352,COMPLETED,31.67,CENTRAL,CREDIT
TXN0002980,CUST7044,ACC458802,2024-05-10,DEBIT,-18554.77,USD,BR441,COMPLETED,56.77,NORTH,MORTGAGE
TXN0002981,CUST4287,ACC833640,2024-03-07,CREDIT,25970.19,USD,BR882,FAILED,86.25,EAST,MORTGAGE
TXN0002982,CUST5777,ACC628236,2024-07-19,CREDIT,-1966.1,USD,BR255,FAILED,26.59,NORTH,SAVINGS
TXN0002983,CUST5979,ACC678406,2024-04-04,TRANSFER,8873.24,AUD,BR974,COMPLETED,34.31,SOUTH,CREDIT
TXN0002984,CUST4974,ACC970168,2024-05-26,TRANSFER,87651.22,USD,BR515,COMPLETED,56.6,EAST,LOAN
TXN0002985,CUST8600,ACC879230,2024-02-24,TRANSFER,56364.09,USD,BR997,REVERSED,11.04,WEST,LOAN
TXN0002986,CUST7033,ACC932878,2024-08-23,CREDIT,44620.62,USD,BR664,COMPLETED,83.0,NORTH,CHECKING
TXN0002987,CUST9083,ACC382014,2024-10-02,DEBIT,59269.62,USD,BR906,PENDING,48.59,SOUTH,CHECKING
TXN0002988,CUST4201,ACC195166,2024-05-10,CREDIT,-7541.41,USD,BR228,COMPLETED,66.9,CENTRAL,LOAN
TXN0002989,CUST9954,ACC638205,2024-04-04,CREDIT,76682.4,USD,BR852,PENDING,10.91,NORTH,SAVINGS
TXN0002990,CUST5016,ACC910978,2024-10-25,TRANSFER,62985.62,USD,BR894,COMPLETED,57.23,EAST,CREDIT
TXN0002991,CUST3466,ACC320958,2024-02-01,DEBIT,-15203.43,EUR,BR168,FAILED,29.51,,LOAN
TXN0002992,CUST1104,ACC370756,2024-11-17,CREDIT,36060.62,EUR,BR719,COMPLETED,7.91,EAST,SAVINGS
TXN0002993,CUST7718,ACC328856,2024-04-05,CREDIT,95412.52,USD,BR939,COMPLETED,77.09,EAST,LOAN
TXN0002994,CUST1391,ACC590406,2024-12-04,DEBIT,33170.84,USD,BR404,FAILED,50.04,NORTH,SAVINGS
TXN0002995,CUST4817,ACC373516,2024-10-20,DEBIT,-8555.84,EUR,BR827,COMPLETED,30.59,SOUTH,CHECKING
TXN0002996,CUST9872,ACC132975,2024-12-25,TRANSFER,-18399.82,USD,BR558,COMPLETED,91.97,SOUTH,SAVINGS
TXN0002997,CUST6675,ACC220898,2024-03-17,CREDIT,36156.56,USD,BR185,COMPLETED,80.38,SOUTH,CHECKING
TXN0002998,CUST1157,ACC642145,2024-04-22,TRANSFER,-2306.47,USD,BR695,PENDING,70.3,EAST,LOAN
TXN0002999,CUST6488,ACC790311,2024-04-23,TRANSFER,36286.06,USD,BR851,COMPLETED,22.01,SOUTH,MORTGAGE
TXN0003000,CUST1023,ACC761770,2024-06-06,DEBIT,24671.63,AUD,BR101,COMPLETED,51.26,WEST,CREDIT
TXN0003001,CUST7164,ACC295481,2024-06-18,DEBIT,28551.37,USD,BR809,COMPLETED,58.26,NORTH,SAVINGS
TXN0003002,CUST6038,ACC598293,2024-02-18,WITHDRAWAL,-28482.26,USD,BR234,REVERSED,0.31,NORTH,SAVINGS
TXN0003003,CUST2703,ACC246606,2024-02-05,DEBIT,-19830.82,EUR,BR782,,98.74,EAST,SAVINGS
TXN0003004,CUST4361,ACC589943,2024-01-08,TRANSFER,-48009.15,USD,BR353,COMPLETED,9.92,WEST,MORTGAGE
TXN0003005,CUST9680,ACC715326,2024-01-17,DEBIT,-5931.04,EUR,BR277,COMPLETED,64.27,SOUTH,LOAN
TXN0003006,CUST4902,ACC438680,2024-10-19,DEBIT,89877.2,USD,BR608,COMPLETED,30.55,SOUTH,LOAN
TXN0003007,CUST7878,ACC490366,2024-01-21,CREDIT,31234.61,USD,BR823,COMPLETED,61.18,CENTRAL,SAVINGS
TXN0003008,CUST9061,ACC691155,2024-11-25,CREDIT,-12032.13,USD,BR207,COMPLETED,61.75,EAST,CREDIT
TXN0003009,CUST1981,ACC496267,2027-01-01,TRANSFER,68942.56,USD,BR132,FAILED,19.51,EAST,SAVINGS
TXN0003010,CUST3332,ACC790282,2024-12-12,WITHDRAWAL,-23728.49,USD,BR935,PENDING,16.79,SOUTH,CREDIT
TXN0003011,CUST5584,ACC716972,2024-01-24,DEBIT,44538.81,USD,BR813,PENDING,36.66,WEST,CHECKING
TXN0003012,CUST2524,ACC135494,2024-07-01,CREDIT,-34465.31,GBP,BR585,COMPLETED,55.37,CENTRAL,CREDIT
TXN0003013,CUST1719,ACC438031,2024-05-05,TRANSFER,94971.26,USD,BR900,COMPLETED,79.45,SOUTH,CREDIT
TXN0003014,CUST4792,ACC835354,2024-01-03,PAYMENT,37438.69,USD,BR352,PENDING,59.24,,SAVINGS
TXN0003015,CUST9515,ACC209694,2024-11-22,TRANSFER,-43722.56,EUR,BR229,REVERSED,43.15,EAST,CREDIT
TXN0003016,CUST7767,ACC760049,2024-10-03,PAYMENT,63354.42,EUR,BR448,COMPLETED,74.36,CENTRAL,CHECKING
TXN0003017,CUST7102,ACC476317,2024-10-11,CREDIT,40174.56,EUR,BR562,PENDING,82.75,NORTH,CHECKING
TXN0003018,CUST8511,ACC108281,2024-07-30,DEBIT,78972.83,USD,BR474,COMPLETED,4.8,WEST,LOAN
TXN0003019,CUST2391,ACC266461,2024-09-18,PAYMENT,-47839.93,USD,BR738,COMPLETED,78.55,SOUTH,LOAN
TXN0003020,CUST2565,ACC541878,2024-05-09,DEBIT,-5928.97,USD,BR951,COMPLETED,65.19,SOUTH,CREDIT
TXN0003021,CUST9280,ACC598593,2024-05-04,CREDIT,49274.73,USD,BR243,COMPLETED,59.51,NORTH,CHECKING
TXN0003022,CUST3187,ACC450971,2024-01-08,CREDIT,-7596.93,AUD,BR223,COMPLETED,45.7,NORTH,CHECKING
TXN0003023,CUST7461,ACC453026,2024-03-18,CREDIT,73853.74,GBP,BR285,COMPLETED,15.79,NORTH,LOAN
TXN0003024,CUST2226,ACC779352,2024-02-29,DEBIT,-2972.97,EUR,BR345,REVERSED,7.93,NORTH,SAVINGS
TXN0003025,CUST2020,ACC205075,2024-02-15,WITHDRAWAL,17272.11,EUR,BR931,COMPLETED,88.0,,SAVINGS
TXN0003026,CUST8126,ACC296200,2024-07-15,TRANSFER,43728.31,,BR136,COMPLETED,2.48,EAST,LOAN
TXN0003027,CUST3141,ACC475394,2024-07-20,PAYMENT,73065.27,USD,BR926,PENDING,12.78,EAST,
TXN0003028,CUST4879,ACC421153,2024-08-15,CREDIT,-44547.29,USD,BR307,COMPLETED,30.61,WEST,SAVINGS
TXN0003029,CUST5778,ACC270651,2024-04-22,DEBIT,52486.21,EUR,BR981,COMPLETED,79.83,EAST,CHECKING
TXN0003030,CUST5276,ACC589518,2024-03-10,TRANSFER,64049.9,EUR,BR406,COMPLETED,91.4,EAST,SAVINGS
TXN0003031,CUST6161,ACC673338,2024-11-11,DEBIT,-29071.68,USD,BR620,REVERSED,71.81,WEST,LOAN
TXN0003032,CUST7438,ACC295203,2024-01-04,DEBIT,33673.31,USD,BR727,COMPLETED,1.72,EAST,LOAN
TXN0003033,CUST6345,ACC888576,2024-05-24,DEBIT,56456.58,GBP,BR677,COMPLETED,19.6,NORTH,MORTGAGE
TXN0003034,CUST6211,ACC122806,2024-12-13,DEBIT,51907.2,USD,BR881,COMPLETED,79.65,SOUTH,MORTGAGE
TXN0003035,CUST8417,ACC560333,2024-06-20,CREDIT,98088.52,EUR,BR943,COMPLETED,38.9,EAST,SAVINGS
TXN0003036,CUST5455,ACC948530,2024-08-21,DEBIT,8378.33,USD,BR751,FAILED,59.77,CENTRAL,CREDIT
TXN0003037,CUST4827,ACC746564,2024-06-20,TRANSFER,,GBP,BR162,PENDING,51.49,SOUTH,SAVINGS
TXN0003038,CUST2223,ACC578617,2024-10-15,DEBIT,99061.67,USD,BR432,PENDING,42.61,NORTH,SAVINGS
TXN0003039,CUST4321,ACC722408,2024-10-11,CREDIT,8086.38,USD,BR519,PENDING,48.26,SOUTH,MORTGAGE
TXN0003040,CUST3230,ACC703943,2024-10-05,WITHDRAWAL,-25202.2,USD,BR829,COMPLETED,27.58,CENTRAL,LOAN
TXN0003041,CUST2785,ACC828234,2024-08-18,TRANSFER,59186.93,GBP,BR357,REVERSED,86.93,SOUTH,CREDIT
TXN0003042,CUST3546,ACC556097,2024-06-14,CREDIT,36585.79,USD,BR918,COMPLETED,90.23,NORTH,MORTGAGE
TXN0003043,CUST2731,ACC866461,2024-10-16,DEBIT,-1972.82,AUD,BR309,COMPLETED,81.23,,MORTGAGE
TXN0003044,CUST3693,ACC518731,2024-04-05,DEBIT,99303.02,GBP,BR996,PENDING,89.55,WEST,LOAN
TXN0003045,CUST8365,ACC596576,2024-02-14,DEBIT,-39344.95,,BR183,COMPLETED,1.44,EAST,CHECKING
TXN0003046,CUST8635,ACC974613,2024-03-28,DEBIT,-19698.12,USD,BR553,COMPLETED,91.23,EAST,SAVINGS
TXN0003047,,ACC355421,2024-10-30,WITHDRAWAL,92348.08,EUR,BR240,COMPLETED,40.07,EAST,CHECKING
TXN0003048,CUST7660,ACC364843,2024-10-30,DEBIT,-3538.65,EUR,BR893,COMPLETED,41.95,SOUTH,CREDIT
TXN0003049,CUST2978,ACC858510,2024-08-04,TRANSFER,47149.85,,BR180,COMPLETED,75.89,SOUTH,MORTGAGE
TXN0003050,CUST9780,ACC491344,2024-06-08,DEBIT,34626.25,GBP,BR854,COMPLETED,89.29,CENTRAL,CHECKING
TXN0003051,CUST6870,ACC730133,2024-03-26,DEBIT,72715.93,USD,BR158,COMPLETED,73.32,WEST,CHECKING
TXN0003052,CUST4401,ACC454291,2024-07-21,CREDIT,20557.69,USD,BR761,COMPLETED,75.13,WEST,SAVINGS
TXN0003053,CUST8404,ACC605998,2024-01-24,TRANSFER,-17319.88,GBP,BR769,,38.08,SOUTH,MORTGAGE
TXN0003054,CUST6051,ACC811517,2024-04-28,TRANSFER,19170.33,USD,BR386,COMPLETED,30.25,NORTH,LOAN
TXN0003055,CUST8591,ACC520639,2024-05-03,DEBIT,-6470.51,USD,BR960,FAILED,71.56,EAST,CHECKING
TXN0003056,CUST5341,ACC414754,2024-08-02,TRANSFER,54958.22,USD,BR504,COMPLETED,,WEST,LOAN
TXN0003057,CUST2964,ACC142078,2024-12-09,PAYMENT,-20836.34,USD,BR314,COMPLETED,61.54,CENTRAL,CREDIT
TXN0003058,CUST2481,ACC345684,2024-04-01,PAYMENT,29207.11,USD,BR889,COMPLETED,95.13,CENTRAL,SAVINGS
TXN0003059,CUST3582,ACC900244,2024-01-05,DEBIT,26580.02,EUR,BR932,COMPLETED,86.4,EAST,CHECKING
TXN0003060,CUST5984,ACC631586,2024-12-21,CREDIT,11120.06,EUR,BR168,COMPLETED,40.98,NORTH,SAVINGS
TXN0003061,CUST1660,ACC213094,2024-03-13,DEBIT,-25838.01,USD,BR909,COMPLETED,62.67,SOUTH,SAVINGS
TXN0003062,CUST4522,ACC541435,2024-08-22,TRANSFER,63434.11,USD,BR172,COMPLETED,9.39,EAST,SAVINGS
TXN0003063,CUST6370,ACC546582,2024-07-08,TRANSFER,49676.39,USD,BR637,COMPLETED,46.11,NORTH,SAVINGS
TXN0003064,CUST3430,ACC911673,2024-06-30,DEBIT,45045.86,EUR,BR808,COMPLETED,1.98,SOUTH,SAVINGS
TXN0003065,CUST2494,ACC382445,2024-09-23,DEBIT,80889.65,EUR,BR495,COMPLETED,27.7,NORTH,CHECKING
TXN0003066,CUST5066,ACC705540,2024-04-05,DEBIT,72841.73,USD,BR880,COMPLETED,76.0,NORTH,CREDIT
TXN0003067,CUST6828,ACC520216,2024-02-09,DEBIT,55846.6,USD,BR847,,80.34,SOUTH,CHECKING
TXN0003068,CUST7492,ACC721885,2024-05-10,DEBIT,-22945.92,USD,BR565,COMPLETED,57.69,EAST,CREDIT
TXN0003069,CUST9412,ACC129942,2024-08-24,DEBIT,62816.58,USD,BR992,COMPLETED,14.09,SOUTH,MORTGAGE
TXN0003070,CUST1802,ACC271993,2024-08-25,CREDIT,-13646.62,EUR,BR116,COMPLETED,99.68,NORTH,LOAN
TXN0003071,CUST5896,ACC637085,2024-01-13,CREDIT,-24973.38,USD,BR767,COMPLETED,72.82,SOUTH,
TXN0003072,CUST5262,ACC274467,2024-12-21,CREDIT,-49337.77,USD,BR168,COMPLETED,61.61,CENTRAL,LOAN
TXN0003073,CUST3848,ACC415183,2024-11-01,CREDIT,-31638.75,EUR,BR679,COMPLETED,57.14,CENTRAL,LOAN
TXN0003074,CUST1509,ACC725843,2024-03-05,TRANSFER,90010.73,USD,BR650,COMPLETED,91.52,NORTH,CREDIT
TXN0003075,CUST7625,ACC831519,2024-01-01,DEBIT,33886.07,USD,BR606,PENDING,49.37,CENTRAL,CREDIT
TXN0003076,CUST8408,ACC649543,2024-08-15,CREDIT,32639.71,USD,BR647,COMPLETED,32.61,CENTRAL,SAVINGS
TXN0003077,CUST5093,ACC308102,2024-02-28,DEBIT,-32417.04,USD,BR971,COMPLETED,94.95,EAST,LOAN
TXN0003078,,ACC695578,2024-02-16,CREDIT,-16510.56,USD,BR314,REVERSED,10.96,WEST,SAVINGS
TXN0003079,CUST8570,ACC888371,2024-06-25,CREDIT,80068.29,GBP,BR458,COMPLETED,51.13,SOUTH,CHECKING
TXN0003080,CUST2669,ACC246327,2024-03-23,CREDIT,-38348.14,EUR,BR120,COMPLETED,90.56,SOUTH,LOAN
TXN0003081,CUST3290,ACC236200,2024-04-25,DEBIT,20485.6,AUD,BR798,COMPLETED,35.72,EAST,SAVINGS
TXN0003082,CUST2989,ACC795632,2024-12-31,CREDIT,12244.2,USD,BR427,FAILED,41.34,CENTRAL,LOAN
TXN0003083,CUST1195,ACC449330,2024-10-08,DEBIT,1168.03,USD,BR408,REVERSED,84.06,CENTRAL,SAVINGS
TXN0003084,CUST2010,ACC926874,2024-01-04,CREDIT,74381.25,USD,BR402,FAILED,15.86,WEST,CHECKING
TXN0003085,CUST4641,ACC156413,2024-04-02,CREDIT,10898.75,USD,BR470,REVERSED,61.05,WEST,SAVINGS
TXN0003086,CUST3141,ACC194789,2024-04-06,CREDIT,17847.94,GBP,BR734,FAILED,,WEST,SAVINGS
TXN0003087,CUST4246,ACC424296,2024-08-08,DEBIT,-39278.61,AUD,BR294,COMPLETED,95.39,CENTRAL,MORTGAGE
TXN0003088,CUST7563,ACC931377,2024-12-24,CREDIT,-29510.72,USD,BR211,REVERSED,70.73,SOUTH,CREDIT
TXN0003089,CUST7098,ACC903023,2024-03-27,CREDIT,55651.81,USD,BR660,COMPLETED,48.36,CENTRAL,SAVINGS
TXN0003090,CUST2376,ACC248332,2024-02-20,DEBIT,81078.06,USD,BR209,COMPLETED,28.52,SOUTH,CREDIT
TXN0003091,CUST5240,ACC940422,2024-11-27,CREDIT,49733.94,USD,BR327,COMPLETED,92.65,WEST,CHECKING
TXN0003092,CUST2228,ACC462914,2024-11-07,DEBIT,32900.76,USD,BR197,PENDING,12.37,NORTH,SAVINGS
TXN0003093,CUST1357,ACC580995,2024-12-04,DEBIT,-29783.94,USD,BR252,,44.56,SOUTH,CHECKING
TXN0003094,CUST2056,ACC515229,2024-03-28,CREDIT,-44994.58,AUD,BR467,PENDING,53.73,WEST,CHECKING
TXN0003095,CUST4239,ACC273373,2024-02-04,DEBIT,-15849.67,USD,BR399,COMPLETED,20.16,EAST,CREDIT
TXN0003096,CUST8265,ACC582961,2024-06-29,PAYMENT,88280.1,USD,BR553,COMPLETED,93.25,WEST,CHECKING
TXN0003097,,ACC100884,2024-09-25,CREDIT,29599.91,GBP,BR103,COMPLETED,88.18,EAST,LOAN
TXN0003098,CUST2506,ACC790601,2024-03-04,TRANSFER,97384.89,AUD,BR691,COMPLETED,35.76,CENTRAL,SAVINGS
TXN0003099,CUST6432,ACC254655,2024-09-24,DEBIT,16586.65,GBP,BR694,COMPLETED,82.85,WEST,CHECKING
TXN0003100,CUST3007,ACC310141,2024-10-20,CREDIT,70574.07,USD,BR611,COMPLETED,77.59,EAST,CHECKING
TXN0003101,CUST1699,ACC280426,2024-09-07,DEBIT,-9527.59,USD,BR297,COMPLETED,69.02,SOUTH,CREDIT
TXN0003102,CUST8552,ACC415917,2024-01-03,PAYMENT,3628.26,USD,BR362,COMPLETED,8.97,SOUTH,SAVINGS
TXN0003103,CUST1829,ACC422465,2024-12-17,PAYMENT,43636.86,USD,BR942,FAILED,,WEST,MORTGAGE
TXN0003104,CUST3752,ACC184279,2024-07-06,CREDIT,86221.97,,BR205,COMPLETED,28.45,WEST,MORTGAGE
TXN0003105,CUST8096,ACC293560,2024-10-16,DEBIT,-14265.94,USD,BR341,FAILED,87.73,EAST,CREDIT
TXN0003106,CUST7471,ACC347656,2024-02-18,CREDIT,75394.09,USD,BR466,COMPLETED,6.54,CENTRAL,LOAN
TXN0003107,CUST9128,ACC999428,2024-08-10,CREDIT,-18617.87,EUR,BR766,COMPLETED,6.13,EAST,CHECKING
TXN0003108,CUST1483,ACC313198,2024-02-24,WITHDRAWAL,-48056.06,GBP,BR966,COMPLETED,2.71,EAST,SAVINGS
TXN0003109,CUST7270,ACC557754,2024-02-27,TRANSFER,15685.93,USD,BR920,COMPLETED,38.83,SOUTH,SAVINGS
TXN0003110,CUST7990,ACC194546,2024-09-14,TRANSFER,29479.67,USD,BR121,PENDING,70.99,WEST,CREDIT
TXN0003111,CUST3831,ACC859309,2024-08-11,PAYMENT,-33385.37,GBP,BR450,PENDING,88.26,EAST,CREDIT
TXN0003112,CUST6799,ACC356620,2024-04-18,CREDIT,80787.04,USD,BR384,COMPLETED,41.58,SOUTH,CHECKING
TXN0003113,,ACC261625,2024-10-01,DEBIT,-24537.85,GBP,BR809,COMPLETED,41.43,WEST,CHECKING
TXN0003114,CUST4066,ACC817974,2024-07-09,DEBIT,63943.42,USD,BR106,COMPLETED,,SOUTH,SAVINGS
TXN0003115,CUST5505,ACC682324,2024-06-19,PAYMENT,20822.34,GBP,BR560,COMPLETED,87.15,CENTRAL,CREDIT
TXN0003116,CUST5585,ACC986747,2024-10-08,WITHDRAWAL,89322.32,USD,BR974,PENDING,98.06,CENTRAL,CHECKING
TXN0003117,CUST8307,ACC913284,2024-10-08,DEBIT,6700.76,USD,BR521,PENDING,70.72,CENTRAL,SAVINGS
TXN0003118,CUST3435,ACC492437,2024-02-11,TRANSFER,1240.55,EUR,BR360,COMPLETED,84.74,WEST,LOAN
TXN0003119,CUST1567,ACC105184,2024-10-28,TRANSFER,82066.69,USD,BR869,COMPLETED,10.5,EAST,LOAN
TXN0003120,CUST5026,ACC600531,2024-06-09,PAYMENT,-40378.35,AUD,BR594,COMPLETED,95.35,EAST,CHECKING
TXN0003121,CUST5835,ACC267069,2024-10-18,DEBIT,88514.29,USD,BR212,COMPLETED,53.9,WEST,SAVINGS
TXN0003122,CUST9173,ACC461456,2024-08-25,WITHDRAWAL,-7729.41,USD,BR765,COMPLETED,95.22,CENTRAL,SAVINGS
TXN0003123,CUST7750,ACC204766,2024-12-19,PAYMENT,76229.14,USD,BR669,COMPLETED,53.44,WEST,CREDIT
TXN0003124,CUST8848,ACC593670,2024-08-28,DEBIT,21493.73,USD,BR956,COMPLETED,6.04,EAST,CHECKING
TXN0003125,CUST1999,ACC676537,2024-03-26,CREDIT,-11185.46,USD,BR798,COMPLETED,12.87,NORTH,SAVINGS
TXN0003126,CUST2437,ACC820147,2024-12-26,CREDIT,4523.25,GBP,BR493,COMPLETED,6.27,SOUTH,CHECKING
TXN0003127,CUST5583,ACC513188,2024-12-19,CREDIT,54157.6,USD,BR808,COMPLETED,69.0,WEST,SAVINGS
TXN0003128,CUST7275,ACC832723,2024-02-18,DEBIT,-3623.76,USD,BR233,COMPLETED,79.77,EAST,SAVINGS
TXN0003129,CUST3248,ACC322813,2024-07-14,DEBIT,-15668.08,EUR,BR745,COMPLETED,50.04,WEST,CHECKING
TXN0003130,CUST7868,ACC595248,2024-10-11,CREDIT,3459.88,EUR,BR701,COMPLETED,37.15,EAST,SAVINGS
TXN0003131,CUST4267,ACC800906,2024-09-21,CREDIT,-23345.29,EUR,BR376,FAILED,41.51,WEST,SAVINGS
TXN0003132,CUST9614,ACC494570,2024-01-23,DEBIT,16510.36,USD,BR296,,48.46,CENTRAL,SAVINGS
TXN0003133,CUST5082,ACC971730,2024-12-28,CREDIT,-4932.74,USD,BR518,FAILED,66.02,WEST,SAVINGS
TXN0003134,CUST9907,ACC585998,2024-01-26,PAYMENT,71014.31,USD,BR661,PENDING,,WEST,MORTGAGE
TXN0003135,CUST1319,ACC840529,2024-06-22,WITHDRAWAL,51688.42,USD,BR806,COMPLETED,30.08,WEST,SAVINGS
TXN0003136,CUST7266,ACC354533,2024-05-01,TRANSFER,92370.19,USD,BR213,COMPLETED,91.04,CENTRAL,SAVINGS
TXN0003137,CUST6883,ACC900122,2024-09-02,DEBIT,27731.2,GBP,BR294,COMPLETED,74.9,NORTH,SAVINGS
TXN0003138,,ACC200479,2024-09-30,CREDIT,-28067.51,USD,BR190,FAILED,89.62,NORTH,SAVINGS
TXN0003139,CUST9921,ACC506400,2024-12-24,CREDIT,78410.37,USD,BR402,PENDING,35.78,NORTH,SAVINGS
TXN0003140,CUST8940,ACC234744,2024-11-05,DEBIT,-29075.61,USD,BR998,COMPLETED,96.32,SOUTH,CHECKING
TXN0003141,CUST6636,ACC433821,2024-04-20,DEBIT,12889.15,USD,BR441,COMPLETED,31.67,CENTRAL,LOAN
TXN0003142,CUST9231,ACC900109,2024-02-04,DEBIT,76545.06,GBP,BR339,COMPLETED,13.88,NORTH,LOAN
TXN0003143,CUST6269,ACC240012,2024-10-07,DEBIT,40531.56,USD,BR871,COMPLETED,97.96,CENTRAL,CHECKING
TXN0003144,CUST7363,ACC519308,2024-07-11,TRANSFER,95071.19,GBP,BR730,COMPLETED,41.16,EAST,SAVINGS
TXN0003145,CUST5430,ACC910822,2024-11-07,DEBIT,56079.42,USD,BR388,COMPLETED,78.82,WEST,CREDIT
TXN0003146,CUST3946,ACC443001,2024-03-20,DEBIT,72455.8,USD,BR666,COMPLETED,89.89,CENTRAL,SAVINGS
TXN0003147,,ACC396951,2024-09-17,DEBIT,4795.05,USD,BR765,COMPLETED,42.72,WEST,LOAN
TXN0003148,CUST6224,ACC959613,2024-10-24,DEBIT,-34365.73,EUR,BR108,PENDING,81.58,EAST,CHECKING
TXN0003149,CUST4588,ACC807526,2024-09-02,DEBIT,88823.77,EUR,BR897,COMPLETED,46.74,WEST,CHECKING
TXN0003150,CUST1480,ACC865850,2024-03-29,PAYMENT,72840.19,,BR579,COMPLETED,80.58,EAST,SAVINGS
TXN0003151,CUST5602,ACC545217,2024-09-17,DEBIT,-2798.85,EUR,BR950,COMPLETED,82.18,WEST,LOAN
TXN0003152,CUST1959,ACC725935,2024-05-21,TRANSFER,14917.09,EUR,BR236,COMPLETED,,WEST,SAVINGS
TXN0003153,CUST8728,ACC512982,2024-06-18,TRANSFER,83973.21,GBP,BR899,COMPLETED,24.38,CENTRAL,SAVINGS
TXN0003154,CUST9674,ACC660060,2024-06-08,WITHDRAWAL,68101.97,USD,BR123,REVERSED,70.9,NORTH,CHECKING
TXN0003155,CUST6856,ACC175137,2024-01-28,PAYMENT,31516.92,USD,BR938,COMPLETED,67.04,CENTRAL,CHECKING
TXN0003156,CUST4813,ACC463716,2024-12-02,WITHDRAWAL,1647.83,GBP,BR947,,56.56,EAST,CREDIT
TXN0003157,,ACC612029,2024-02-19,DEBIT,-2034.95,EUR,BR551,COMPLETED,48.11,SOUTH,CHECKING
TXN0003158,CUST2640,ACC802416,2024-09-20,DEBIT,14173.74,USD,BR882,COMPLETED,23.49,CENTRAL,CREDIT
TXN0003159,CUST5060,ACC876396,2024-03-11,DEBIT,60404.29,USD,BR644,COMPLETED,23.84,CENTRAL,SAVINGS
TXN0003160,CUST4951,ACC714915,2024-03-27,DEBIT,24166.82,EUR,BR970,COMPLETED,7.27,WEST,CREDIT
TXN0003161,CUST5366,ACC128202,2024-09-01,PAYMENT,-44438.42,USD,BR356,FAILED,75.23,WEST,LOAN
TXN0003162,CUST9743,ACC332463,2024-03-24,PAYMENT,5240.4,USD,BR846,COMPLETED,5.43,EAST,SAVINGS
TXN0003163,CUST1916,ACC738081,2024-01-01,DEBIT,49152.81,USD,BR455,COMPLETED,1.23,EAST,CREDIT
TXN0003164,CUST4594,ACC286814,2024-01-28,DEBIT,62635.95,AUD,BR782,COMPLETED,47.23,EAST,CHECKING
TXN0003165,CUST7363,ACC905142,2024-03-31,DEBIT,76963.11,USD,BR630,REVERSED,91.83,CENTRAL,CHECKING
TXN0003166,CUST6813,ACC346580,2024-10-09,CREDIT,29808.64,EUR,BR383,COMPLETED,75.02,NORTH,SAVINGS
TXN0003167,CUST3846,ACC487063,2024-04-19,CREDIT,95583.27,USD,BR437,,37.7,SOUTH,SAVINGS
TXN0003168,CUST3885,ACC479878,2024-11-10,PAYMENT,31689.42,USD,BR648,COMPLETED,70.54,CENTRAL,CREDIT
TXN0003169,CUST4875,ACC456359,2024-05-30,DEBIT,25600.73,EUR,BR408,FAILED,23.11,NORTH,CREDIT
TXN0003170,CUST6210,ACC625814,2024-10-01,DEBIT,-18572.2,USD,BR155,COMPLETED,11.93,WEST,CHECKING
TXN0003171,CUST6878,ACC963227,2024-03-06,TRANSFER,-39843.36,EUR,BR281,FAILED,4.41,NORTH,CHECKING
TXN0003172,CUST1462,ACC101668,2024-11-16,DEBIT,37433.9,EUR,BR235,COMPLETED,79.43,NORTH,LOAN
TXN0003173,CUST6761,ACC740225,2024-04-27,DEBIT,-11123.47,USD,BR265,COMPLETED,57.01,WEST,SAVINGS
TXN0003174,CUST3328,ACC728275,2024-03-10,TRANSFER,-1458.36,USD,BR554,COMPLETED,64.95,NORTH,SAVINGS
TXN0003175,CUST4084,ACC888198,2024-12-05,CREDIT,-40920.14,EUR,BR837,COMPLETED,24.66,EAST,LOAN
TXN0003176,CUST9064,ACC517522,2024-03-20,CREDIT,63910.33,EUR,BR595,COMPLETED,23.31,EAST,LOAN
TXN0003177,CUST9882,ACC181023,2024-01-31,CREDIT,-1994.26,AUD,BR487,PENDING,56.0,,CHECKING
TXN0003178,CUST6063,ACC776936,2024-05-09,DEBIT,92960.64,EUR,BR802,FAILED,25.19,WEST,CHECKING
TXN0003179,CUST3876,ACC341249,2024-02-15,PAYMENT,-42256.9,USD,BR105,FAILED,46.69,WEST,CHECKING
TXN0003180,CUST9035,ACC244787,2024-05-22,PAYMENT,88260.98,EUR,BR232,PENDING,79.64,EAST,LOAN
TXN0003181,CUST1621,ACC624235,2024-05-22,CREDIT,-5120.72,GBP,BR198,,91.0,SOUTH,CREDIT
TXN0003182,CUST2478,ACC297101,2024-09-06,CREDIT,61831.84,USD,BR667,,31.34,WEST,SAVINGS
TXN0003183,CUST1920,ACC146397,2024-05-22,DEBIT,1615.39,USD,BR155,COMPLETED,79.42,WEST,CREDIT
TXN0003184,CUST4811,ACC321493,2024-12-01,PAYMENT,-19587.42,EUR,BR533,COMPLETED,82.31,WEST,CREDIT
TXN0003185,CUST4584,ACC416604,2024-04-18,DEBIT,-13843.27,USD,BR875,COMPLETED,32.21,SOUTH,LOAN
TXN0003186,CUST1326,ACC556550,2024-03-08,CREDIT,-19014.69,EUR,BR544,COMPLETED,98.15,SOUTH,SAVINGS
TXN0003187,CUST9625,ACC197360,2024-09-25,TRANSFER,31072.02,USD,BR995,COMPLETED,67.22,EAST,CHECKING
TXN0003188,CUST8831,ACC456082,2024-02-26,PAYMENT,-27390.52,EUR,BR596,,44.77,NORTH,CHECKING
TXN0003189,CUST1011,ACC502722,2024-02-03,DEBIT,-4902.0,USD,BR229,,41.01,EAST,CHECKING
TXN0003190,CUST6435,ACC785815,2024-08-03,TRANSFER,95735.32,,BR443,COMPLETED,14.7,EAST,CREDIT
TXN0003191,CUST4300,ACC288613,2024-07-03,CREDIT,3934.83,EUR,BR281,COMPLETED,73.09,NORTH,SAVINGS
TXN0003192,CUST3137,ACC546390,2024-10-22,TRANSFER,-8165.53,USD,BR559,COMPLETED,81.91,NORTH,MORTGAGE
TXN0003193,CUST6582,ACC258070,2024-11-04,CREDIT,-1846.5,USD,BR704,PENDING,26.25,WEST,SAVINGS
TXN0003194,CUST3907,ACC398806,2024-12-29,DEBIT,-41960.52,USD,BR296,PENDING,59.28,EAST,LOAN
TXN0003195,CUST6301,ACC426203,2024-04-10,WITHDRAWAL,-38430.45,EUR,BR869,COMPLETED,68.61,WEST,CHECKING
TXN0003196,CUST1975,ACC505605,2024-12-24,CREDIT,79536.31,USD,BR844,COMPLETED,59.61,SOUTH,SAVINGS
TXN0003197,CUST1359,ACC808074,2024-01-06,DEBIT,81068.46,USD,BR847,PENDING,2.49,CENTRAL,SAVINGS
TXN0003198,CUST3420,ACC961169,2024-12-10,CREDIT,58370.1,EUR,BR937,COMPLETED,23.2,WEST,CHECKING
TXN0003199,CUST3320,ACC604000,2024-03-05,PAYMENT,77984.49,EUR,BR390,,58.44,WEST,SAVINGS
TXN0003200,CUST2817,ACC136518,2024-11-17,CREDIT,90785.07,EUR,BR360,,40.51,SOUTH,LOAN
TXN0003201,CUST9622,ACC373698,2024-01-07,WITHDRAWAL,45695.19,USD,BR377,COMPLETED,92.98,EAST,CHECKING
TXN0003202,CUST6978,ACC542223,2024-03-06,CREDIT,10364.28,USD,BR459,COMPLETED,90.1,NORTH,SAVINGS
TXN0003203,CUST2188,ACC288238,2024-01-19,DEBIT,30312.17,USD,BR225,COMPLETED,83.68,CENTRAL,CHECKING
TXN0003204,CUST7120,ACC271487,2024-11-20,CREDIT,-48866.56,GBP,BR829,COMPLETED,63.16,WEST,MORTGAGE
TXN0003205,CUST7481,ACC517559,2024-04-16,CREDIT,45975.43,,BR923,COMPLETED,9.05,WEST,SAVINGS
TXN0003206,CUST2655,ACC815485,2024-01-26,PAYMENT,70614.75,USD,BR702,COMPLETED,33.66,SOUTH,LOAN
TXN0003207,CUST6514,ACC642479,2024-05-21,DEBIT,94227.14,USD,BR139,COMPLETED,55.4,EAST,
TXN0003208,CUST5944,ACC974756,2024-12-31,CREDIT,99305.53,EUR,BR515,COMPLETED,71.65,,SAVINGS
TXN0003209,CUST6285,ACC211600,2024-12-22,CREDIT,60847.84,USD,BR550,COMPLETED,17.97,SOUTH,SAVINGS
TXN0003210,CUST3235,ACC587506,2024-03-17,CREDIT,86199.55,GBP,BR600,COMPLETED,72.22,NORTH,CHECKING
TXN0003211,CUST3580,ACC945392,2024-04-22,CREDIT,19598.09,USD,BR404,COMPLETED,56.08,NORTH,SAVINGS
TXN0003212,CUST8157,ACC186654,2024-03-08,CREDIT,6630.41,GBP,BR756,COMPLETED,31.83,WEST,MORTGAGE
TXN0003213,CUST8982,ACC463108,2024-03-07,PAYMENT,49763.88,USD,BR247,COMPLETED,84.52,EAST,LOAN
TXN0003214,CUST6198,ACC819391,2024-08-12,CREDIT,62116.16,AUD,BR166,FAILED,5.56,SOUTH,CREDIT
TXN0003215,CUST3854,ACC868260,2024-09-11,DEBIT,8452.56,USD,BR850,PENDING,34.59,SOUTH,CHECKING
TXN0003216,CUST6846,ACC206330,2024-07-02,DEBIT,-25894.28,USD,BR954,COMPLETED,9.39,CENTRAL,SAVINGS
TXN0003217,CUST4657,ACC787728,2024-03-06,TRANSFER,89450.94,EUR,BR107,FAILED,93.26,NORTH,SAVINGS
TXN0003218,CUST3872,ACC524121,2024-12-22,CREDIT,26687.34,USD,BR971,FAILED,41.53,CENTRAL,CHECKING
TXN0003219,CUST7199,ACC942583,2024-02-22,CREDIT,44790.58,GBP,BR876,COMPLETED,19.69,SOUTH,CHECKING
TXN0003220,CUST6026,ACC946112,2024-05-04,WITHDRAWAL,37000.84,,BR670,COMPLETED,51.09,CENTRAL,SAVINGS
TXN0003221,CUST5825,ACC112818,2024-07-09,TRANSFER,19403.96,EUR,BR296,COMPLETED,27.45,NORTH,CREDIT
TXN0003222,CUST3086,ACC268698,2024-04-09,DEBIT,60375.48,USD,BR115,COMPLETED,92.5,WEST,SAVINGS
TXN0003223,CUST3911,ACC434522,2024-01-22,DEBIT,22210.23,USD,BR525,COMPLETED,4.74,NORTH,SAVINGS
TXN0003224,CUST1029,ACC234993,2024-03-07,TRANSFER,58500.86,USD,BR313,COMPLETED,3.32,EAST,LOAN
TXN0003225,CUST7415,ACC702597,2024-09-14,DEBIT,-23020.51,AUD,BR841,COMPLETED,54.68,SOUTH,CREDIT
TXN0003226,CUST1530,ACC631597,2024-02-17,DEBIT,83840.11,GBP,BR383,PENDING,31.68,CENTRAL,CHECKING
TXN0003227,CUST3983,ACC502642,2024-08-01,TRANSFER,-17660.01,EUR,BR402,COMPLETED,67.78,WEST,SAVINGS
TXN0003228,CUST6213,ACC819636,2024-06-20,TRANSFER,20408.94,GBP,BR304,COMPLETED,7.63,SOUTH,LOAN
TXN0003229,CUST4619,ACC576779,2024-01-25,CREDIT,-18632.33,USD,BR954,COMPLETED,50.57,NORTH,SAVINGS
TXN0003230,CUST2705,ACC112151,2024-07-27,PAYMENT,33476.39,USD,BR843,COMPLETED,35.46,CENTRAL,CHECKING
TXN0003231,CUST9129,ACC609754,2024-05-09,DEBIT,47717.88,USD,BR601,COMPLETED,28.5,WEST,CREDIT
TXN0003232,CUST3304,ACC785577,2024-07-21,PAYMENT,-8133.62,EUR,BR205,COMPLETED,29.86,CENTRAL,CHECKING
TXN0003233,CUST6425,ACC802750,2024-04-10,CREDIT,34039.96,AUD,BR119,COMPLETED,91.62,NORTH,CREDIT
TXN0003234,CUST2274,ACC521216,2024-01-02,DEBIT,16585.06,AUD,BR799,COMPLETED,52.86,SOUTH,SAVINGS
TXN0003235,CUST4899,ACC542978,2024-12-15,WITHDRAWAL,80539.14,GBP,BR786,COMPLETED,59.52,WEST,CREDIT
TXN0003236,CUST6682,ACC908829,2024-01-30,DEBIT,-22186.87,USD,BR631,COMPLETED,46.69,SOUTH,SAVINGS
TXN0003237,CUST6234,ACC157159,2024-06-25,CREDIT,28991.41,USD,BR362,COMPLETED,,SOUTH,CHECKING
TXN0003238,CUST3750,ACC417670,2024-10-31,DEBIT,35619.64,USD,BR271,COMPLETED,88.98,SOUTH,CHECKING
TXN0003239,CUST2453,ACC545625,2024-04-28,DEBIT,80172.14,USD,BR439,PENDING,92.7,SOUTH,SAVINGS
TXN0003240,CUST6500,ACC371213,2024-08-13,PAYMENT,87701.0,USD,BR555,FAILED,70.36,SOUTH,CHECKING
TXN0003241,CUST8317,ACC878111,2024-08-21,CREDIT,69478.82,AUD,BR996,COMPLETED,98.51,SOUTH,CREDIT
TXN0003242,CUST1186,ACC764920,2024-08-23,CREDIT,-26747.45,USD,BR844,COMPLETED,42.73,SOUTH,LOAN
TXN0003243,CUST5345,ACC221591,2024-07-01,DEBIT,58585.6,EUR,BR454,COMPLETED,44.11,NORTH,MORTGAGE
TXN0003244,CUST4435,ACC732958,2024-07-22,TRANSFER,92713.37,USD,BR376,PENDING,,NORTH,SAVINGS
TXN0003245,CUST5088,ACC946331,2024-10-26,WITHDRAWAL,-36458.54,USD,BR289,COMPLETED,21.49,EAST,CHECKING
TXN0003246,CUST2110,ACC941396,2024-02-19,PAYMENT,69127.84,GBP,BR930,FAILED,14.73,CENTRAL,LOAN
TXN0003247,CUST6742,ACC572142,2024-11-08,PAYMENT,94451.79,EUR,BR334,COMPLETED,,CENTRAL,SAVINGS
TXN0003248,CUST5205,ACC626449,2024-10-02,CREDIT,89973.88,USD,BR571,COMPLETED,36.1,CENTRAL,LOAN
TXN0003249,CUST2770,ACC490935,2024-04-24,WITHDRAWAL,55254.67,USD,BR344,COMPLETED,10.51,CENTRAL,CREDIT
TXN0003250,CUST1020,ACC918941,2024-03-08,PAYMENT,,USD,BR445,COMPLETED,64.56,NORTH,LOAN
TXN0003251,CUST1788,ACC596550,2024-02-06,TRANSFER,63050.18,USD,BR315,,68.42,NORTH,CREDIT
TXN0003252,CUST7323,ACC846610,2024-12-16,WITHDRAWAL,-49853.54,USD,BR804,FAILED,54.78,SOUTH,CREDIT
TXN0003253,CUST8179,ACC451339,2024-01-12,DEBIT,90855.56,USD,BR364,COMPLETED,54.37,EAST,LOAN
TXN0003254,CUST7875,ACC985174,2024-11-29,DEBIT,99828.33,USD,BR679,PENDING,10.11,WEST,MORTGAGE
TXN0003255,CUST3725,ACC661013,2024-03-23,CREDIT,8763.63,AUD,BR973,COMPLETED,51.2,,SAVINGS
TXN0003256,CUST7783,ACC482585,2024-11-02,PAYMENT,2277.63,GBP,BR567,COMPLETED,52.96,CENTRAL,LOAN
TXN0003257,CUST9078,ACC217096,2024-02-15,PAYMENT,52780.47,EUR,BR228,PENDING,32.13,WEST,CHECKING
TXN0003258,CUST7204,ACC923650,2024-07-31,PAYMENT,-12394.12,AUD,BR418,COMPLETED,10.21,SOUTH,MORTGAGE
TXN0003259,CUST6754,ACC287526,2024-12-15,TRANSFER,59851.68,USD,BR634,COMPLETED,9.47,WEST,SAVINGS
TXN0003260,CUST9946,ACC544664,2024-12-17,DEBIT,86715.4,EUR,BR529,COMPLETED,57.6,NORTH,SAVINGS
TXN0003261,CUST7149,ACC657540,2024-02-07,CREDIT,4079.62,GBP,BR632,REVERSED,88.38,SOUTH,MORTGAGE
TXN0003262,CUST2661,ACC896509,2024-08-28,CREDIT,1258.9,USD,BR733,COMPLETED,23.25,NORTH,SAVINGS
TXN0003263,CUST8855,ACC502099,2024-06-01,PAYMENT,-8269.29,AUD,BR621,COMPLETED,14.89,WEST,MORTGAGE
TXN0003264,,ACC807494,2024-07-12,CREDIT,76496.86,USD,BR959,COMPLETED,80.24,NORTH,CHECKING
TXN0003265,CUST3664,ACC183895,2024-11-07,DEBIT,41937.42,USD,BR766,FAILED,9.11,CENTRAL,SAVINGS
TXN0003266,CUST8393,ACC257692,2024-01-21,DEBIT,-2255.36,GBP,BR765,COMPLETED,26.29,EAST,LOAN
TXN0003267,CUST2207,ACC107294,2024-03-22,DEBIT,84631.15,GBP,BR866,COMPLETED,54.22,CENTRAL,SAVINGS
TXN0003268,CUST1547,ACC453491,2024-10-25,CREDIT,83172.55,EUR,BR298,COMPLETED,22.16,NORTH,SAVINGS
TXN0003269,CUST5831,ACC841935,2024-09-28,TRANSFER,87450.68,USD,BR269,COMPLETED,3.66,NORTH,MORTGAGE
TXN0003270,CUST1328,ACC718820,2024-04-21,DEBIT,-37169.27,EUR,BR265,PENDING,4.52,SOUTH,CHECKING
TXN0003271,CUST6221,ACC370361,2024-03-02,DEBIT,64873.39,AUD,BR440,PENDING,29.38,SOUTH,CHECKING
TXN0003272,CUST5278,ACC307212,2024-01-15,WITHDRAWAL,-42325.11,USD,BR969,COMPLETED,43.62,WEST,SAVINGS
TXN0003273,CUST2715,ACC639907,2024-05-14,DEBIT,-15163.64,AUD,BR967,FAILED,10.91,SOUTH,SAVINGS
TXN0003274,CUST2215,ACC952319,2024-05-06,TRANSFER,10350.56,USD,BR989,COMPLETED,56.45,SOUTH,CHECKING
TXN0003275,CUST6600,ACC744371,2024-10-04,DEBIT,-45801.49,,BR899,PENDING,95.67,EAST,SAVINGS
TXN0003276,CUST3787,ACC862974,2024-05-21,DEBIT,85686.84,USD,BR326,REVERSED,97.84,EAST,CHECKING
TXN0003277,CUST7151,ACC577090,2024-02-04,TRANSFER,-26222.99,USD,BR444,PENDING,69.45,EAST,SAVINGS
TXN0003278,CUST3636,ACC556013,2024-11-13,WITHDRAWAL,-27400.61,USD,BR126,COMPLETED,50.86,WEST,CREDIT
TXN0003279,CUST2228,ACC150901,2024-07-17,CREDIT,21226.52,USD,BR288,COMPLETED,8.55,WEST,CHECKING
TXN0003280,CUST9962,ACC587339,2024-07-19,CREDIT,-1042.48,USD,BR286,COMPLETED,60.96,WEST,CHECKING
TXN0003281,CUST2525,ACC395398,2024-03-24,CREDIT,-4585.31,USD,BR558,COMPLETED,48.91,EAST,LOAN
TXN0003282,CUST6536,ACC141779,2024-03-18,DEBIT,41855.98,USD,BR556,COMPLETED,8.59,EAST,LOAN
TXN0003283,CUST8909,ACC227455,2024-10-17,WITHDRAWAL,-3747.25,EUR,BR367,COMPLETED,70.34,CENTRAL,SAVINGS
TXN0003284,CUST1507,ACC613405,2024-02-11,CREDIT,17016.58,EUR,BR766,COMPLETED,20.11,EAST,CHECKING
TXN0003285,CUST8066,ACC582607,2024-04-13,CREDIT,71998.63,USD,BR505,COMPLETED,21.11,CENTRAL,CHECKING
TXN0003286,CUST3703,ACC484936,2024-03-01,DEBIT,31999.54,USD,BR755,COMPLETED,34.55,NORTH,CHECKING
TXN0003287,CUST8113,ACC152505,2024-08-02,CREDIT,7045.5,USD,BR693,FAILED,92.23,EAST,SAVINGS
TXN0003288,CUST3573,ACC728441,2024-09-06,TRANSFER,16454.33,USD,BR107,COMPLETED,77.1,CENTRAL,MORTGAGE
TXN0003289,CUST1877,ACC819729,2024-01-08,DEBIT,13994.85,USD,BR297,COMPLETED,35.58,NORTH,CHECKING
TXN0003290,CUST2659,ACC487235,2024-09-13,WITHDRAWAL,68980.87,USD,BR335,COMPLETED,13.89,EAST,CHECKING
TXN0003291,CUST6424,ACC364583,2024-01-29,WITHDRAWAL,37632.0,GBP,BR630,COMPLETED,15.39,,SAVINGS
TXN0003292,CUST4367,ACC546381,2024-07-06,DEBIT,15502.94,USD,BR360,COMPLETED,84.01,CENTRAL,MORTGAGE
TXN0003293,CUST4112,ACC453854,2024-07-26,CREDIT,-29107.74,USD,BR603,REVERSED,9.93,WEST,CHECKING
TXN0003294,CUST7705,ACC807784,2024-10-12,CREDIT,-20795.16,EUR,BR995,PENDING,95.08,WEST,LOAN
TXN0003295,CUST9849,ACC410529,2024-07-07,DEBIT,66919.1,GBP,BR213,COMPLETED,,NORTH,SAVINGS
TXN0003296,CUST5346,ACC904083,2024-08-01,CREDIT,69063.43,USD,BR324,FAILED,17.22,EAST,SAVINGS
TXN0003297,CUST5612,ACC958961,2024-07-20,CREDIT,-41047.61,USD,BR588,COMPLETED,34.44,EAST,SAVINGS
TXN0003298,CUST5872,ACC124673,2024-08-23,CREDIT,12673.94,USD,BR109,COMPLETED,85.31,SOUTH,LOAN
TXN0003299,CUST4891,ACC669113,2024-01-21,CREDIT,77565.1,USD,BR447,REVERSED,45.28,NORTH,SAVINGS
TXN0003300,CUST2571,ACC380216,2024-07-15,DEBIT,11167.45,USD,BR640,COMPLETED,27.09,WEST,SAVINGS
TXN0003301,CUST1813,ACC287410,2024-04-29,DEBIT,30437.02,AUD,BR605,FAILED,59.64,NORTH,CREDIT
TXN0003302,CUST7437,ACC407484,2024-12-24,PAYMENT,7890.2,USD,BR803,FAILED,70.44,WEST,MORTGAGE
TXN0003303,CUST9043,ACC474221,2024-07-20,DEBIT,94062.34,USD,BR829,COMPLETED,56.34,SOUTH,CHECKING
TXN0003304,CUST3516,ACC537319,2024-03-19,DEBIT,-18450.94,GBP,BR602,COMPLETED,55.07,CENTRAL,CREDIT
TXN0003305,CUST1893,ACC118369,2024-02-13,TRANSFER,15738.09,EUR,BR845,FAILED,3.37,WEST,LOAN
TXN0003306,CUST6911,ACC568472,2024-10-19,CREDIT,-42419.17,USD,BR443,COMPLETED,32.41,EAST,SAVINGS
TXN0003307,CUST1062,ACC440401,2024-09-19,CREDIT,52012.5,EUR,BR243,COMPLETED,25.41,EAST,MORTGAGE
TXN0003308,CUST8005,ACC412143,2024-07-20,DEBIT,73600.83,GBP,BR266,COMPLETED,38.63,SOUTH,CHECKING
TXN0003309,CUST2435,ACC766876,2024-07-04,CREDIT,91473.38,EUR,BR286,COMPLETED,39.64,EAST,LOAN
TXN0003310,CUST5825,ACC137345,2024-07-04,DEBIT,-23774.15,GBP,BR907,PENDING,91.13,SOUTH,LOAN
TXN0003311,CUST8869,ACC724719,2024-01-31,CREDIT,-46957.29,USD,BR184,COMPLETED,1.08,EAST,CREDIT
TXN0003312,,ACC217108,2024-06-04,DEBIT,-24500.23,USD,BR969,FAILED,61.04,EAST,CHECKING
TXN0003313,CUST2589,ACC474597,2024-10-24,PAYMENT,4225.09,EUR,BR799,PENDING,80.33,EAST,SAVINGS
TXN0003314,CUST1421,ACC867457,2024-05-26,PAYMENT,15904.33,GBP,BR741,COMPLETED,49.95,NORTH,LOAN
TXN0003315,CUST4390,ACC138390,2024-05-10,DEBIT,28099.79,EUR,BR783,COMPLETED,93.37,EAST,SAVINGS
TXN0003316,CUST3798,ACC657075,2024-06-02,WITHDRAWAL,68713.65,USD,BR264,FAILED,,WEST,SAVINGS
TXN0003317,CUST5781,ACC874562,2024-12-01,PAYMENT,45980.57,USD,BR840,COMPLETED,70.3,SOUTH,CREDIT
TXN0003318,CUST2342,ACC515461,2024-01-19,PAYMENT,9259.04,USD,BR146,COMPLETED,41.3,NORTH,CREDIT
TXN0003319,CUST8758,ACC360704,2024-08-13,CREDIT,89936.29,USD,BR134,COMPLETED,53.67,WEST,CHECKING
TXN0003320,CUST2892,ACC283745,2024-08-08,WITHDRAWAL,49656.95,USD,BR851,,76.8,CENTRAL,LOAN
TXN0003321,CUST6052,ACC188129,2024-07-19,PAYMENT,8939.75,USD,BR412,PENDING,34.57,NORTH,SAVINGS
TXN0003322,CUST7512,ACC660972,2024-04-10,WITHDRAWAL,-38294.88,USD,BR112,COMPLETED,31.98,SOUTH,CREDIT
TXN0003323,CUST8715,ACC199166,2024-12-16,DEBIT,-19646.39,AUD,BR749,REVERSED,12.93,CENTRAL,CHECKING
TXN0003324,CUST9013,ACC232177,2024-06-05,PAYMENT,-47533.06,USD,BR253,COMPLETED,26.57,NORTH,CHECKING
TXN0003325,CUST5341,ACC862091,2024-11-05,CREDIT,33116.37,EUR,BR319,COMPLETED,15.38,CENTRAL,CHECKING
TXN0003326,CUST2493,ACC251670,2024-04-06,DEBIT,8116.74,USD,BR777,COMPLETED,26.49,EAST,SAVINGS
TXN0003327,CUST9914,ACC763664,2024-04-25,CREDIT,-34530.83,USD,BR387,FAILED,29.55,NORTH,SAVINGS
TXN0003328,CUST7349,ACC617420,2024-10-17,WITHDRAWAL,-26345.39,USD,BR236,COMPLETED,71.18,NORTH,LOAN
TXN0003329,CUST4029,ACC552041,2024-08-01,CREDIT,9119.73,USD,BR148,COMPLETED,77.41,EAST,CHECKING
TXN0003330,CUST7078,ACC388039,2024-06-25,CREDIT,83824.11,USD,BR292,PENDING,81.5,NORTH,SAVINGS
TXN0003331,CUST7249,ACC462163,2024-01-05,TRANSFER,27122.43,USD,BR331,COMPLETED,99.72,EAST,SAVINGS
TXN0003332,CUST7052,ACC580280,2024-06-03,PAYMENT,-47857.78,USD,BR794,COMPLETED,87.56,EAST,LOAN
TXN0003333,CUST4056,ACC822460,2024-11-27,PAYMENT,91702.32,AUD,BR947,PENDING,44.79,EAST,CREDIT
TXN0003334,CUST8303,ACC747224,2024-11-05,CREDIT,55149.81,USD,BR658,FAILED,79.84,EAST,SAVINGS
TXN0003335,CUST1731,ACC355958,2024-07-11,WITHDRAWAL,10783.85,USD,BR590,COMPLETED,85.33,CENTRAL,LOAN
TXN0003336,CUST5313,ACC965674,2024-03-26,DEBIT,41299.76,EUR,BR755,COMPLETED,82.59,EAST,SAVINGS
TXN0003337,CUST8204,ACC975474,2024-08-20,WITHDRAWAL,27335.0,EUR,BR315,COMPLETED,64.29,SOUTH,SAVINGS
TXN0003338,CUST8619,ACC868278,2024-04-07,WITHDRAWAL,71491.19,,BR666,COMPLETED,99.52,WEST,CREDIT
TXN0003339,CUST5315,ACC960341,2024-03-07,CREDIT,67433.42,EUR,BR408,PENDING,77.35,CENTRAL,SAVINGS
TXN0003340,CUST4706,ACC648991,2024-03-27,DEBIT,50123.55,,BR481,COMPLETED,86.42,EAST,SAVINGS
TXN0003341,CUST5400,ACC696711,2024-07-16,CREDIT,-7806.85,USD,BR886,COMPLETED,22.2,WEST,CREDIT
TXN0003342,CUST2009,ACC580687,2024-03-09,CREDIT,-37889.58,USD,BR963,COMPLETED,3.61,WEST,CHECKING
TXN0003343,CUST3476,ACC142615,2024-08-10,DEBIT,-36454.27,USD,BR315,COMPLETED,52.88,SOUTH,MORTGAGE
TXN0003344,CUST2584,ACC180253,2024-03-01,TRANSFER,71052.16,EUR,BR467,COMPLETED,97.72,CENTRAL,LOAN
TXN0003345,CUST2404,ACC442452,2024-02-15,DEBIT,-14068.66,EUR,BR955,COMPLETED,17.21,EAST,CHECKING
TXN0003346,CUST6632,ACC490904,2024-05-31,DEBIT,77985.02,USD,BR133,PENDING,92.25,SOUTH,SAVINGS
TXN0003347,CUST9871,ACC140147,2024-03-16,WITHDRAWAL,56104.66,,BR912,COMPLETED,65.88,SOUTH,SAVINGS
TXN0003348,CUST7782,ACC253878,2024-05-10,CREDIT,78767.14,USD,BR155,,97.37,WEST,SAVINGS
TXN0003349,CUST4727,ACC738953,2024-04-20,CREDIT,51971.82,GBP,BR228,COMPLETED,31.74,WEST,SAVINGS
TXN0003350,CUST1999,ACC858970,2024-07-29,PAYMENT,-15689.3,EUR,BR199,PENDING,64.04,WEST,CHECKING
TXN0003351,CUST7342,ACC768796,2024-12-06,DEBIT,-35747.41,USD,BR421,,23.69,NORTH,
TXN0003352,,ACC951943,2024-03-11,PAYMENT,56999.44,EUR,BR779,COMPLETED,37.59,SOUTH,CHECKING
TXN0003353,CUST7858,ACC206034,2024-06-24,DEBIT,53451.04,EUR,BR845,COMPLETED,99.15,EAST,CHECKING
TXN0003354,CUST9773,ACC500464,2024-12-01,CREDIT,8228.38,GBP,BR521,COMPLETED,46.78,EAST,MORTGAGE
TXN0003355,CUST8779,ACC637533,2024-10-11,DEBIT,-14769.73,GBP,BR345,COMPLETED,87.44,WEST,CHECKING
TXN0003356,CUST4860,ACC860636,2024-12-22,DEBIT,6301.82,USD,BR656,COMPLETED,72.82,NORTH,LOAN
TXN0003357,CUST8803,ACC182590,2024-06-13,DEBIT,-23161.44,AUD,BR303,COMPLETED,96.24,SOUTH,CHECKING
TXN0003358,CUST5896,ACC454180,2024-05-16,DEBIT,62760.65,EUR,BR512,REVERSED,97.82,CENTRAL,CREDIT
TXN0003359,CUST2293,ACC767671,2024-12-10,TRANSFER,-28448.4,AUD,BR486,COMPLETED,29.08,CENTRAL,SAVINGS
TXN0003360,,ACC885663,2024-03-18,DEBIT,-8881.77,USD,BR525,PENDING,,NORTH,SAVINGS
TXN0003361,CUST1568,ACC416655,2024-02-21,DEBIT,75562.86,USD,BR679,COMPLETED,75.15,CENTRAL,SAVINGS
TXN0003362,CUST9226,ACC543054,2024-12-13,WITHDRAWAL,-4095.94,USD,BR386,REVERSED,34.95,EAST,CHECKING
TXN0003363,CUST9467,ACC520205,2024-09-20,WITHDRAWAL,-6484.36,USD,BR755,FAILED,69.26,SOUTH,MORTGAGE
TXN0003364,CUST3415,ACC123470,2024-09-19,DEBIT,-49600.92,USD,BR873,COMPLETED,13.68,,SAVINGS
TXN0003365,CUST2970,ACC292864,2024-11-21,CREDIT,45349.15,USD,BR293,COMPLETED,,WEST,SAVINGS
TXN0003366,CUST8357,ACC883041,2024-01-21,CREDIT,18057.22,EUR,BR516,COMPLETED,51.11,NORTH,LOAN
TXN0003367,CUST3832,ACC369335,2024-09-30,TRANSFER,87068.21,USD,BR992,,97.58,EAST,SAVINGS
TXN0003368,CUST3738,ACC856646,2024-09-09,CREDIT,78030.48,AUD,BR446,COMPLETED,71.24,CENTRAL,MORTGAGE
TXN0003369,CUST4471,ACC784610,2024-10-31,DEBIT,6754.37,USD,BR619,COMPLETED,32.92,SOUTH,LOAN
TXN0003370,CUST4157,ACC878761,2024-12-17,PAYMENT,-25573.8,AUD,BR484,COMPLETED,77.01,NORTH,CREDIT
TXN0003371,CUST3067,ACC183134,2024-11-12,CREDIT,36240.58,USD,BR848,REVERSED,27.97,WEST,CREDIT
TXN0003372,CUST1699,ACC977504,2024-02-20,DEBIT,,EUR,BR737,COMPLETED,81.99,EAST,CHECKING
TXN0003373,CUST7936,ACC554489,2024-11-14,PAYMENT,75630.21,USD,BR411,COMPLETED,72.45,NORTH,SAVINGS
TXN0003374,CUST2283,ACC222080,2024-07-27,WITHDRAWAL,45078.23,USD,BR731,COMPLETED,83.84,CENTRAL,CHECKING
TXN0003375,CUST8133,ACC932196,2024-03-16,TRANSFER,26717.52,USD,BR172,FAILED,88.4,SOUTH,SAVINGS
TXN0003376,CUST4308,ACC300952,2024-11-23,PAYMENT,29057.31,AUD,BR720,COMPLETED,43.53,NORTH,CHECKING
TXN0003377,CUST3422,ACC698626,2024-05-02,DEBIT,-38030.18,AUD,BR690,,85.11,CENTRAL,LOAN
TXN0003378,CUST5225,ACC373652,2024-06-08,CREDIT,7397.46,USD,BR591,COMPLETED,99.2,SOUTH,MORTGAGE
TXN0003379,CUST6238,ACC417929,2024-12-30,CREDIT,97364.35,USD,BR655,COMPLETED,75.77,EAST,CREDIT
TXN0003380,CUST2097,ACC745483,2024-02-13,PAYMENT,12185.8,USD,BR811,COMPLETED,55.08,NORTH,CREDIT
TXN0003381,CUST2425,ACC639009,2024-12-02,CREDIT,-43436.08,USD,BR996,COMPLETED,17.06,CENTRAL,SAVINGS
TXN0003382,CUST7358,ACC665347,2024-11-03,TRANSFER,48973.65,EUR,BR428,COMPLETED,19.64,EAST,CHECKING
TXN0003383,,ACC995739,2024-10-19,PAYMENT,-40979.87,USD,BR972,COMPLETED,49.46,CENTRAL,SAVINGS
TXN0003384,CUST6343,ACC932279,2024-12-15,CREDIT,79945.76,USD,BR810,COMPLETED,78.25,NORTH,MORTGAGE
TXN0003385,CUST5525,ACC355592,2024-07-13,DEBIT,83651.53,EUR,BR216,PENDING,54.73,WEST,LOAN
TXN0003386,CUST9514,ACC827981,2024-05-14,CREDIT,-5570.86,AUD,BR959,PENDING,,SOUTH,CHECKING
TXN0003387,CUST8506,ACC937764,2024-04-22,DEBIT,38670.67,USD,BR325,COMPLETED,,CENTRAL,LOAN
TXN0003388,CUST1202,ACC151203,2024-04-12,CREDIT,45571.34,USD,BR826,FAILED,21.68,WEST,LOAN
TXN0003389,CUST9561,ACC492415,2024-10-13,CREDIT,16329.63,AUD,BR758,COMPLETED,39.32,SOUTH,SAVINGS
TXN0003390,,ACC701186,2024-06-22,TRANSFER,41872.48,USD,BR417,,82.04,NORTH,SAVINGS
TXN0003391,CUST2843,ACC595890,2024-05-02,CREDIT,325.07,USD,BR400,COMPLETED,72.52,WEST,SAVINGS
TXN0003392,CUST7790,ACC325663,2024-03-09,WITHDRAWAL,26666.85,AUD,BR920,COMPLETED,84.35,WEST,LOAN
TXN0003393,CUST3451,ACC897671,2024-05-24,DEBIT,45130.39,USD,BR422,PENDING,49.35,SOUTH,CHECKING
TXN0003394,CUST3428,ACC558170,2024-08-23,WITHDRAWAL,-34107.16,EUR,BR843,COMPLETED,27.6,SOUTH,LOAN
TXN0003395,CUST2641,ACC388134,2024-04-05,DEBIT,73423.97,USD,BR428,COMPLETED,26.24,NORTH,CHECKING
TXN0003396,CUST2730,ACC883149,2024-07-06,CREDIT,6960.23,USD,BR353,COMPLETED,68.3,EAST,MORTGAGE
TXN0003397,CUST2654,ACC822325,2024-12-07,CREDIT,73097.16,AUD,BR812,COMPLETED,92.01,EAST,CHECKING
TXN0003398,CUST5687,ACC916116,2024-01-30,TRANSFER,85228.7,AUD,BR265,COMPLETED,26.34,EAST,CHECKING
TXN0003399,CUST9775,ACC294734,2024-07-05,CREDIT,-8381.56,USD,BR710,PENDING,82.38,SOUTH,LOAN
TXN0003400,CUST6633,ACC390302,2024-09-29,CREDIT,94660.57,USD,BR499,COMPLETED,90.97,CENTRAL,SAVINGS
TXN0003401,CUST7732,ACC625927,2024-04-30,TRANSFER,12461.98,USD,BR609,COMPLETED,55.26,EAST,SAVINGS
TXN0003402,CUST5327,ACC804055,2024-04-25,CREDIT,43972.97,USD,BR609,COMPLETED,67.86,SOUTH,CHECKING
TXN0003403,CUST7275,ACC147964,2024-05-05,DEBIT,31853.34,USD,BR294,COMPLETED,30.73,NORTH,CHECKING
TXN0003404,CUST8955,ACC733992,2024-05-13,DEBIT,-6816.46,USD,BR603,COMPLETED,55.89,SOUTH,LOAN
TXN0003405,CUST8750,ACC518036,2024-04-13,CREDIT,98012.68,USD,BR973,PENDING,96.08,NORTH,LOAN
TXN0003406,CUST1613,ACC290065,2024-01-18,DEBIT,81046.06,USD,BR422,COMPLETED,38.71,SOUTH,LOAN
TXN0003407,CUST3821,ACC811152,2024-12-19,DEBIT,-16872.67,USD,BR695,COMPLETED,55.13,NORTH,SAVINGS
TXN0003408,CUST5512,ACC398752,2024-05-03,CREDIT,74156.65,USD,BR419,COMPLETED,88.0,SOUTH,LOAN
TXN0003409,CUST7602,ACC385925,2024-02-09,CREDIT,86376.64,EUR,BR992,COMPLETED,93.94,SOUTH,CREDIT
TXN0003410,CUST3356,ACC105296,2024-02-10,DEBIT,14586.02,USD,BR259,FAILED,57.8,NORTH,CHECKING
TXN0003411,CUST7581,ACC526962,2024-12-27,CREDIT,-41603.25,EUR,BR654,,96.52,EAST,LOAN
TXN0003412,CUST1635,ACC317198,2024-07-06,TRANSFER,-23345.02,EUR,BR314,COMPLETED,0.31,NORTH,CREDIT
TXN0003413,CUST7484,ACC119628,2024-12-08,DEBIT,52494.21,USD,BR190,COMPLETED,68.06,EAST,SAVINGS
TXN0003414,CUST6431,ACC920039,2024-09-27,DEBIT,-27068.56,USD,BR615,FAILED,9.33,EAST,CREDIT
TXN0003415,CUST4892,ACC534451,2024-09-12,PAYMENT,-18281.1,USD,BR762,COMPLETED,21.98,SOUTH,CREDIT
TXN0003416,CUST1807,ACC789137,2024-07-26,DEBIT,28724.78,EUR,BR656,,64.79,SOUTH,LOAN
TXN0003417,CUST8785,ACC236070,2024-01-15,CREDIT,-20743.68,USD,BR637,COMPLETED,21.3,SOUTH,SAVINGS
TXN0003418,CUST5400,ACC388115,2024-07-10,TRANSFER,-10088.49,USD,BR773,PENDING,18.38,CENTRAL,CHECKING
TXN0003419,CUST7102,ACC380025,2024-05-16,DEBIT,-11863.42,EUR,BR503,COMPLETED,74.45,EAST,CHECKING
TXN0003420,CUST1331,ACC584904,2024-07-08,CREDIT,75318.78,GBP,BR211,COMPLETED,27.66,WEST,CHECKING
TXN0003421,CUST6535,ACC728180,2024-08-27,DEBIT,19137.25,AUD,BR507,COMPLETED,38.67,EAST,CHECKING
TXN0003422,CUST5965,ACC928645,2024-07-18,PAYMENT,70037.93,GBP,BR528,COMPLETED,32.22,NORTH,CHECKING
TXN0003423,CUST6094,ACC765695,2024-12-19,TRANSFER,46335.87,USD,BR509,COMPLETED,88.24,SOUTH,CREDIT
TXN0003424,CUST5593,ACC433614,2024-10-15,DEBIT,-47703.25,USD,BR335,COMPLETED,66.4,EAST,CHECKING
TXN0003425,CUST9054,ACC201866,2024-12-11,DEBIT,19608.21,USD,BR349,COMPLETED,69.8,EAST,LOAN
TXN0003426,CUST2609,ACC332074,2024-05-17,TRANSFER,-24269.54,EUR,BR933,COMPLETED,,SOUTH,LOAN
TXN0003427,CUST4734,ACC335745,2024-09-12,DEBIT,27371.47,USD,BR406,PENDING,49.41,WEST,MORTGAGE
TXN0003428,CUST3201,ACC118950,2024-06-18,TRANSFER,-46403.27,USD,BR289,COMPLETED,27.97,EAST,SAVINGS
TXN0003429,CUST5923,ACC843449,2024-08-20,DEBIT,-13417.57,EUR,BR911,COMPLETED,7.95,CENTRAL,CREDIT
TXN0003430,CUST8259,ACC440377,2027-01-01,TRANSFER,48816.95,EUR,BR624,COMPLETED,73.03,EAST,LOAN
TXN0003431,CUST6257,ACC331795,2024-10-27,DEBIT,98570.43,USD,BR929,COMPLETED,11.19,CENTRAL,CREDIT
TXN0003432,CUST5414,ACC166817,2024-12-30,CREDIT,45804.1,,BR135,PENDING,46.03,CENTRAL,MORTGAGE
TXN0003433,CUST7828,ACC741084,2024-05-17,TRANSFER,62354.36,USD,BR717,PENDING,70.66,WEST,SAVINGS
TXN0003434,,ACC401813,2024-11-21,WITHDRAWAL,76080.03,,BR183,COMPLETED,82.47,EAST,SAVINGS
TXN0003435,CUST4079,ACC863535,2024-06-20,DEBIT,15058.17,GBP,BR199,PENDING,76.79,EAST,SAVINGS
TXN0003436,CUST8237,ACC846621,2024-04-12,CREDIT,-35857.11,USD,BR447,COMPLETED,62.48,NORTH,SAVINGS
TXN0003437,CUST4463,ACC738914,2024-07-03,PAYMENT,31133.24,USD,BR365,COMPLETED,55.68,,CHECKING
TXN0003438,CUST7671,ACC967146,2024-05-02,DEBIT,-14902.25,USD,BR849,COMPLETED,16.58,WEST,SAVINGS
TXN0003439,CUST8937,ACC583020,2024-08-11,CREDIT,-16643.7,USD,BR215,COMPLETED,27.73,NORTH,LOAN
TXN0003440,CUST9462,ACC716472,2024-07-08,DEBIT,-20119.93,EUR,BR488,COMPLETED,22.29,SOUTH,CHECKING
TXN0003441,CUST7126,ACC541203,2024-10-15,CREDIT,-31691.18,AUD,BR622,COMPLETED,36.81,NORTH,SAVINGS
TXN0003442,CUST1920,ACC765607,2024-08-29,TRANSFER,64593.9,EUR,BR276,COMPLETED,35.14,EAST,LOAN
TXN0003443,CUST9442,ACC724144,2024-05-18,DEBIT,-11791.33,GBP,BR402,COMPLETED,8.23,EAST,CREDIT
TXN0003444,CUST3604,ACC444721,2024-07-20,CREDIT,36236.65,USD,BR720,REVERSED,30.71,NORTH,SAVINGS
TXN0003445,CUST2075,ACC667759,2024-07-16,DEBIT,-2481.59,GBP,BR912,COMPLETED,34.1,CENTRAL,MORTGAGE
TXN0003446,CUST6097,ACC507937,2024-10-31,CREDIT,-11679.85,USD,BR575,PENDING,,CENTRAL,SAVINGS
TXN0003447,CUST9303,ACC598705,2024-09-14,PAYMENT,71556.75,EUR,BR567,COMPLETED,73.06,EAST,MORTGAGE
TXN0003448,CUST7609,ACC684745,2024-07-14,DEBIT,-24394.31,AUD,BR105,COMPLETED,74.03,WEST,CHECKING
TXN0003449,CUST3222,ACC113177,2024-02-02,DEBIT,87866.53,USD,BR874,COMPLETED,66.22,EAST,SAVINGS
TXN0003450,CUST9589,ACC459609,2024-08-08,TRANSFER,79954.93,USD,BR464,FAILED,43.86,CENTRAL,CHECKING
TXN0003451,CUST1474,ACC457140,2024-04-16,TRANSFER,54250.04,AUD,BR793,COMPLETED,8.53,EAST,SAVINGS
TXN0003452,CUST3846,ACC435169,2024-05-23,PAYMENT,-6093.98,USD,BR365,COMPLETED,31.55,EAST,SAVINGS
TXN0003453,CUST4158,ACC463191,2024-03-05,DEBIT,63765.53,EUR,BR782,COMPLETED,,SOUTH,CHECKING
TXN0003454,CUST4288,ACC962588,2024-02-10,DEBIT,-23334.03,USD,BR687,FAILED,52.2,NORTH,CHECKING
TXN0003455,CUST1944,ACC565969,2024-03-31,DEBIT,-49132.02,GBP,BR216,COMPLETED,59.55,NORTH,CREDIT
TXN0003456,CUST5087,ACC259151,2024-06-24,CREDIT,67450.42,EUR,BR172,COMPLETED,44.12,EAST,CREDIT
TXN0003457,CUST1541,ACC584387,2024-05-26,WITHDRAWAL,26146.8,USD,BR790,PENDING,11.75,WEST,
TXN0003458,CUST8478,ACC995857,2024-07-08,CREDIT,50721.04,GBP,BR791,COMPLETED,27.87,EAST,CHECKING
TXN0003459,CUST1828,ACC878642,2024-01-12,PAYMENT,32331.13,USD,BR366,COMPLETED,2.99,EAST,LOAN
TXN0003460,CUST6904,ACC623212,2024-10-01,CREDIT,3480.69,USD,BR132,COMPLETED,50.44,SOUTH,CHECKING
TXN0003461,CUST4262,ACC320869,2024-12-23,WITHDRAWAL,48036.32,EUR,BR992,COMPLETED,93.73,NORTH,CREDIT
TXN0003462,CUST5488,ACC658094,2024-01-05,TRANSFER,-42866.2,USD,BR538,COMPLETED,4.39,CENTRAL,SAVINGS
TXN0003463,CUST7035,ACC831618,2024-10-20,DEBIT,37976.48,GBP,BR480,COMPLETED,86.49,SOUTH,LOAN
TXN0003464,CUST8605,ACC278271,2024-06-19,PAYMENT,99911.18,USD,BR758,FAILED,81.9,EAST,CREDIT
TXN0003465,CUST9275,ACC805676,2024-11-12,DEBIT,3132.27,USD,BR376,COMPLETED,14.41,CENTRAL,LOAN
TXN0003466,CUST7503,ACC509008,2024-06-05,CREDIT,-33400.6,USD,BR605,COMPLETED,1.56,WEST,CREDIT
TXN0003467,CUST3029,ACC368113,2024-09-17,CREDIT,16073.11,GBP,BR506,COMPLETED,77.74,NORTH,CREDIT
TXN0003468,CUST1500,ACC522511,2024-02-14,DEBIT,8871.4,AUD,BR461,COMPLETED,13.13,NORTH,CREDIT
TXN0003469,CUST4963,ACC133833,2024-06-23,CREDIT,-49462.19,USD,BR197,COMPLETED,26.9,SOUTH,MORTGAGE
TXN0003470,CUST7102,ACC792792,2024-04-04,DEBIT,95828.4,USD,BR285,PENDING,97.79,CENTRAL,CREDIT
TXN0003471,CUST9008,ACC993692,2024-07-23,PAYMENT,-26311.6,GBP,BR534,COMPLETED,32.1,CENTRAL,CHECKING
TXN0003472,CUST8308,ACC699065,2024-11-01,TRANSFER,41091.6,USD,BR594,PENDING,78.98,CENTRAL,CHECKING
TXN0003473,CUST3909,ACC182427,2024-03-14,TRANSFER,-25063.32,USD,BR800,COMPLETED,7.74,WEST,
TXN0003474,CUST8775,ACC762054,2024-06-14,DEBIT,94729.08,USD,BR755,PENDING,83.49,NORTH,SAVINGS
TXN0003475,CUST6730,ACC610172,2024-07-09,CREDIT,77655.63,USD,BR922,COMPLETED,61.62,NORTH,SAVINGS
TXN0003476,CUST6640,ACC688592,2024-10-21,DEBIT,63886.53,USD,BR764,COMPLETED,13.97,CENTRAL,LOAN
TXN0003477,CUST3679,ACC462072,2024-07-14,DEBIT,21583.97,USD,BR836,COMPLETED,80.34,SOUTH,MORTGAGE
TXN0003478,,ACC187128,2024-07-22,CREDIT,-15804.04,USD,BR380,COMPLETED,93.35,EAST,MORTGAGE
TXN0003479,CUST2480,ACC317633,2024-06-03,TRANSFER,56868.31,USD,BR711,COMPLETED,70.17,SOUTH,CHECKING
TXN0003480,CUST5670,ACC884346,2024-08-16,WITHDRAWAL,-8216.38,USD,BR117,COMPLETED,20.66,CENTRAL,MORTGAGE
TXN0003481,CUST1449,ACC655317,2024-04-03,CREDIT,87705.81,USD,BR569,COMPLETED,5.74,NORTH,SAVINGS
TXN0003482,CUST7333,ACC487125,2024-02-27,TRANSFER,-40496.7,EUR,BR465,COMPLETED,41.43,WEST,LOAN
TXN0003483,CUST1813,ACC418801,2024-05-02,TRANSFER,83110.17,USD,BR922,COMPLETED,86.2,NORTH,SAVINGS
TXN0003484,CUST3669,ACC405998,2024-01-07,CREDIT,-5698.05,USD,BR331,COMPLETED,59.98,WEST,LOAN
TXN0003485,CUST4511,ACC887331,2024-08-20,DEBIT,-41873.46,USD,BR456,COMPLETED,47.97,CENTRAL,LOAN
TXN0003486,CUST4626,ACC430655,2024-05-21,TRANSFER,72750.36,EUR,BR203,COMPLETED,97.45,EAST,SAVINGS
TXN0003487,CUST4688,ACC573431,2024-03-10,WITHDRAWAL,53199.88,USD,BR305,PENDING,30.6,WEST,CREDIT
TXN0003488,CUST4387,ACC807265,2024-05-02,CREDIT,-24685.15,USD,BR625,COMPLETED,90.83,SOUTH,LOAN
TXN0003489,CUST5408,ACC590083,2024-07-07,DEBIT,-43125.88,EUR,BR354,COMPLETED,94.74,SOUTH,CREDIT
TXN0003490,CUST7709,ACC131000,2024-10-28,TRANSFER,63349.94,USD,BR366,COMPLETED,96.27,CENTRAL,CHECKING
TXN0003491,CUST9409,ACC263473,2024-03-01,PAYMENT,22951.59,EUR,BR474,COMPLETED,65.82,WEST,SAVINGS
TXN0003492,CUST1328,ACC755216,2024-05-16,TRANSFER,40053.11,USD,BR523,COMPLETED,32.2,CENTRAL,LOAN
TXN0003493,CUST1145,ACC713350,2024-04-02,TRANSFER,72112.57,USD,BR268,FAILED,76.21,EAST,CREDIT
TXN0003494,CUST8767,ACC274833,2024-07-16,DEBIT,68249.07,USD,BR941,FAILED,36.04,SOUTH,LOAN
TXN0003495,CUST3167,ACC754589,2024-03-03,DEBIT,-14043.72,EUR,BR678,COMPLETED,62.0,WEST,CREDIT
TXN0003496,CUST3837,ACC468706,2024-05-26,DEBIT,-15446.93,,BR321,COMPLETED,56.89,EAST,MORTGAGE
TXN0003497,CUST1138,ACC692332,2024-01-27,CREDIT,94042.42,USD,BR326,COMPLETED,53.29,EAST,
TXN0003498,CUST4666,ACC552492,2024-12-07,DEBIT,-5646.83,USD,BR409,COMPLETED,94.49,CENTRAL,MORTGAGE
TXN0003499,CUST5135,ACC535571,2024-05-15,TRANSFER,63802.39,GBP,BR782,PENDING,62.17,CENTRAL,CHECKING
TXN0003500,CUST6004,ACC902097,2024-11-29,CREDIT,89742.66,USD,BR715,COMPLETED,28.04,WEST,LOAN
TXN0003501,CUST5511,ACC124545,2024-10-05,DEBIT,95936.62,AUD,BR433,COMPLETED,25.13,EAST,CHECKING
TXN0003502,CUST7943,ACC887887,2024-10-25,DEBIT,51875.55,USD,BR532,PENDING,91.94,CENTRAL,CREDIT
TXN0003503,CUST7168,ACC397677,2024-04-10,DEBIT,-15204.72,EUR,BR966,COMPLETED,8.11,WEST,LOAN
TXN0003504,CUST6713,ACC683469,2024-05-06,CREDIT,46353.78,USD,BR438,COMPLETED,58.52,CENTRAL,SAVINGS
TXN0003505,CUST8520,ACC880195,2024-03-21,DEBIT,3217.01,USD,BR211,COMPLETED,52.24,,SAVINGS
TXN0003506,CUST5128,ACC614595,2024-07-31,DEBIT,-18426.99,GBP,BR442,COMPLETED,89.9,CENTRAL,CHECKING
TXN0003507,CUST4575,ACC346120,2024-02-29,DEBIT,37604.8,USD,BR809,PENDING,38.54,CENTRAL,CREDIT
TXN0003508,CUST8646,ACC493514,2024-06-03,WITHDRAWAL,-10097.42,EUR,BR644,PENDING,67.83,NORTH,CHECKING
TXN0003509,CUST5950,ACC663706,2024-06-11,CREDIT,76446.51,USD,BR257,PENDING,,SOUTH,MORTGAGE
TXN0003510,CUST9530,ACC238094,2024-06-07,PAYMENT,34321.34,USD,BR258,COMPLETED,86.23,SOUTH,LOAN
TXN0003511,CUST7506,ACC496811,2024-04-19,DEBIT,3454.36,USD,BR821,REVERSED,14.14,NORTH,CHECKING
TXN0003512,CUST2676,ACC736613,2024-01-29,CREDIT,28681.77,USD,BR318,REVERSED,12.6,EAST,SAVINGS
TXN0003513,CUST1120,ACC990941,2024-08-19,TRANSFER,-21338.4,GBP,BR966,COMPLETED,48.36,NORTH,CHECKING
TXN0003514,CUST9380,ACC229492,2024-10-17,PAYMENT,97800.97,USD,BR153,COMPLETED,88.19,EAST,CREDIT
TXN0003515,CUST7131,ACC201690,2024-07-30,CREDIT,28410.53,USD,BR708,COMPLETED,38.52,WEST,SAVINGS
TXN0003516,CUST5631,ACC514973,2024-04-22,CREDIT,46084.85,EUR,BR942,COMPLETED,26.21,NORTH,LOAN
TXN0003517,CUST5890,ACC328909,2024-12-02,TRANSFER,73169.66,EUR,BR406,COMPLETED,69.09,CENTRAL,LOAN
TXN0003518,CUST2771,ACC321569,2024-08-22,PAYMENT,-6877.67,USD,BR598,FAILED,82.69,SOUTH,SAVINGS
TXN0003519,CUST8892,ACC216006,2024-04-25,CREDIT,11719.7,USD,BR510,COMPLETED,36.35,WEST,SAVINGS
TXN0003520,CUST2045,ACC698469,2024-02-23,TRANSFER,-13131.2,USD,BR137,COMPLETED,6.66,NORTH,CHECKING
TXN0003521,CUST6509,ACC403404,2024-12-14,DEBIT,-30793.75,USD,BR450,COMPLETED,30.24,CENTRAL,SAVINGS
TXN0003522,CUST5529,ACC287299,2024-01-10,TRANSFER,47327.43,USD,BR681,COMPLETED,22.78,WEST,SAVINGS
TXN0003523,CUST6327,ACC266846,2024-01-16,CREDIT,27301.35,USD,BR537,COMPLETED,74.57,WEST,SAVINGS
TXN0003524,CUST5536,ACC904126,2024-09-30,WITHDRAWAL,71820.74,USD,BR558,COMPLETED,99.05,CENTRAL,LOAN
TXN0003525,CUST5278,ACC915293,2024-11-26,CREDIT,-95.01,GBP,BR518,COMPLETED,37.15,SOUTH,SAVINGS
TXN0003526,CUST5895,ACC870137,2024-12-17,DEBIT,-41416.08,AUD,BR857,COMPLETED,11.08,NORTH,CHECKING
TXN0003527,CUST4086,ACC520601,2024-03-03,TRANSFER,74481.05,USD,BR938,COMPLETED,82.82,NORTH,CREDIT
TXN0003528,CUST3456,ACC676790,2024-09-10,TRANSFER,90603.08,GBP,BR472,COMPLETED,12.92,NORTH,SAVINGS
TXN0003529,CUST9475,ACC528360,2024-09-28,CREDIT,26673.63,AUD,BR786,PENDING,64.46,WEST,CHECKING
TXN0003530,CUST4937,ACC469124,2024-07-01,TRANSFER,24336.63,USD,BR881,COMPLETED,11.33,WEST,LOAN
TXN0003531,CUST1930,ACC887775,2024-03-26,DEBIT,-34128.85,EUR,BR543,COMPLETED,5.12,WEST,CREDIT
TXN0003532,CUST7620,ACC328330,2024-03-13,DEBIT,37682.7,USD,BR185,COMPLETED,95.53,WEST,LOAN
TXN0003533,CUST6236,ACC538493,2024-03-02,DEBIT,75440.16,USD,BR271,PENDING,92.94,SOUTH,CHECKING
TXN0003534,CUST3292,ACC728357,2024-02-10,CREDIT,-32312.23,USD,BR379,FAILED,68.84,SOUTH,MORTGAGE
TXN0003535,CUST1417,ACC392426,2024-07-07,DEBIT,-31211.4,USD,BR678,FAILED,65.52,EAST,SAVINGS
TXN0003536,CUST9148,ACC434918,2024-10-08,TRANSFER,-18289.45,USD,BR661,COMPLETED,,NORTH,CREDIT
TXN0003537,CUST5843,ACC907927,2024-08-16,DEBIT,23233.99,EUR,BR799,PENDING,31.33,CENTRAL,MORTGAGE
TXN0003538,CUST5250,ACC480816,2024-02-17,TRANSFER,-34284.1,USD,BR323,COMPLETED,95.0,,CHECKING
TXN0003539,CUST7857,ACC760891,2024-10-12,WITHDRAWAL,42143.35,USD,BR335,PENDING,10.51,SOUTH,CREDIT
TXN0003540,CUST7628,ACC210770,2024-05-23,PAYMENT,22495.38,EUR,BR892,PENDING,32.52,EAST,SAVINGS
TXN0003541,CUST7361,ACC796500,2024-06-11,PAYMENT,-6658.96,USD,BR405,COMPLETED,8.5,WEST,SAVINGS
TXN0003542,CUST1578,ACC820208,2024-03-21,WITHDRAWAL,20578.04,USD,BR364,PENDING,77.7,WEST,CHECKING
TXN0003543,CUST4111,ACC763877,2024-04-17,CREDIT,53630.87,USD,BR199,COMPLETED,4.02,WEST,LOAN
TXN0003544,CUST6622,ACC898756,2024-07-04,TRANSFER,35200.01,EUR,BR419,COMPLETED,94.31,WEST,LOAN
TXN0003545,CUST4643,ACC767117,2024-12-02,CREDIT,53772.25,USD,BR491,COMPLETED,56.4,SOUTH,SAVINGS
TXN0003546,CUST9759,ACC433211,2024-05-23,DEBIT,20749.83,USD,BR597,PENDING,58.05,,SAVINGS
TXN0003547,CUST8794,ACC626704,2024-03-31,CREDIT,22663.77,USD,BR917,REVERSED,92.91,EAST,MORTGAGE
TXN0003548,CUST6873,ACC661645,2024-08-09,PAYMENT,-12286.34,USD,BR693,COMPLETED,18.23,CENTRAL,CHECKING
TXN0003549,CUST9311,ACC658375,2024-09-15,DEBIT,57138.48,USD,BR963,COMPLETED,86.56,CENTRAL,SAVINGS
TXN0003550,CUST5918,ACC511223,2024-08-23,CREDIT,-45565.6,EUR,BR493,COMPLETED,77.88,WEST,LOAN
TXN0003551,CUST3785,ACC336033,2024-05-12,TRANSFER,56503.78,USD,BR695,PENDING,1.11,CENTRAL,MORTGAGE
TXN0003552,CUST3967,ACC523589,2024-05-16,DEBIT,3481.72,USD,BR849,COMPLETED,95.05,NORTH,LOAN
TXN0003553,CUST5813,ACC618870,2024-12-14,PAYMENT,29181.0,USD,BR856,COMPLETED,83.35,WEST,SAVINGS
TXN0003554,CUST2599,ACC893591,2024-11-29,DEBIT,83449.67,GBP,BR894,COMPLETED,92.08,CENTRAL,LOAN
TXN0003555,CUST8713,ACC586449,2024-12-13,WITHDRAWAL,53170.88,EUR,BR309,COMPLETED,0.86,WEST,SAVINGS
TXN0003556,CUST3096,ACC400189,2024-09-12,DEBIT,87303.5,AUD,BR621,COMPLETED,36.44,WEST,CHECKING
TXN0003557,CUST5237,ACC966268,2024-01-25,WITHDRAWAL,29493.59,USD,BR701,COMPLETED,95.46,NORTH,CREDIT
TXN0003558,CUST3999,ACC571288,2024-02-27,DEBIT,-566.91,GBP,BR253,COMPLETED,66.39,NORTH,CREDIT
TXN0003559,CUST6499,ACC264592,2024-09-11,CREDIT,90014.71,EUR,BR480,REVERSED,64.33,WEST,LOAN
TXN0003560,CUST2463,ACC286255,2024-04-09,PAYMENT,63146.81,USD,BR788,COMPLETED,21.2,WEST,CREDIT
TXN0003561,CUST4641,ACC519487,2024-11-25,DEBIT,21829.42,AUD,BR268,FAILED,49.27,CENTRAL,LOAN
TXN0003562,CUST6820,ACC402417,2024-03-24,DEBIT,67109.95,USD,BR968,COMPLETED,28.38,WEST,SAVINGS
TXN0003563,CUST4659,ACC103499,2024-11-27,PAYMENT,39831.33,USD,BR729,COMPLETED,50.56,SOUTH,SAVINGS
TXN0003564,CUST6031,ACC658540,2024-12-12,CREDIT,10729.2,GBP,BR203,COMPLETED,45.4,CENTRAL,CHECKING
TXN0003565,CUST7889,ACC970177,2024-01-13,PAYMENT,91844.31,GBP,BR926,COMPLETED,69.94,WEST,SAVINGS
TXN0003566,CUST6428,ACC450281,2024-12-20,DEBIT,16372.5,USD,BR393,COMPLETED,58.01,NORTH,SAVINGS
TXN0003567,CUST7089,ACC899995,2024-09-27,CREDIT,-17131.71,USD,BR758,COMPLETED,40.53,CENTRAL,CREDIT
TXN0003568,CUST5269,ACC586561,2024-07-29,TRANSFER,6766.83,USD,BR709,COMPLETED,73.13,EAST,LOAN
TXN0003569,CUST5817,ACC788065,2024-06-23,WITHDRAWAL,-41292.35,USD,BR329,PENDING,66.66,SOUTH,LOAN
TXN0003570,CUST8598,ACC280638,2024-03-16,DEBIT,-6172.33,USD,BR584,COMPLETED,39.3,WEST,SAVINGS
TXN0003571,CUST2929,ACC816546,2024-04-23,CREDIT,82246.91,AUD,BR318,COMPLETED,18.42,CENTRAL,CHECKING
TXN0003572,CUST8709,ACC203099,2024-08-15,CREDIT,20494.52,USD,BR871,PENDING,66.67,CENTRAL,LOAN
TXN0003573,CUST1879,ACC501975,2024-08-24,DEBIT,-34469.46,USD,BR446,COMPLETED,51.29,NORTH,SAVINGS
TXN0003574,CUST2166,ACC708339,2024-08-19,TRANSFER,-48997.99,USD,BR754,COMPLETED,96.51,CENTRAL,MORTGAGE
TXN0003575,CUST8736,ACC784829,2024-03-08,DEBIT,-34156.43,AUD,BR767,COMPLETED,64.15,SOUTH,CHECKING
TXN0003576,CUST4187,ACC538409,2024-10-22,TRANSFER,-49764.18,USD,BR773,PENDING,38.21,EAST,CREDIT
TXN0003577,CUST9199,ACC538587,2024-08-08,TRANSFER,15453.46,EUR,BR263,COMPLETED,14.94,WEST,LOAN
TXN0003578,CUST2963,ACC530224,2024-07-23,DEBIT,39131.81,EUR,BR727,PENDING,63.84,NORTH,CHECKING
TXN0003579,CUST7253,ACC298049,2024-12-15,CREDIT,25160.6,EUR,BR148,COMPLETED,31.87,CENTRAL,SAVINGS
TXN0003580,,ACC767331,2024-06-14,DEBIT,-26922.43,USD,BR631,COMPLETED,88.8,SOUTH,CHECKING
TXN0003581,CUST5888,ACC130451,2024-07-27,CREDIT,76029.1,AUD,BR330,PENDING,42.61,EAST,CREDIT
TXN0003582,CUST7768,ACC748938,2024-04-06,DEBIT,-30086.19,USD,BR186,COMPLETED,78.34,WEST,MORTGAGE
TXN0003583,CUST1885,ACC335082,2024-04-09,WITHDRAWAL,30021.76,USD,BR878,FAILED,51.01,CENTRAL,SAVINGS
TXN0003584,CUST3470,ACC245303,2024-08-27,DEBIT,91617.55,AUD,BR851,REVERSED,17.3,,CREDIT
TXN0003585,CUST3250,ACC739323,2024-01-02,TRANSFER,43772.48,USD,BR182,PENDING,34.61,SOUTH,CREDIT
TXN0003586,CUST4281,ACC750033,2024-02-27,WITHDRAWAL,-49287.93,AUD,BR818,COMPLETED,11.24,WEST,SAVINGS
TXN0003587,CUST6614,ACC627812,2024-05-22,CREDIT,-17608.25,EUR,BR500,FAILED,19.7,CENTRAL,CHECKING
TXN0003588,CUST7704,ACC184416,2024-02-01,DEBIT,-12940.0,USD,BR804,COMPLETED,87.64,NORTH,CHECKING
TXN0003589,CUST8496,ACC728692,2024-11-26,TRANSFER,4752.35,AUD,BR775,COMPLETED,66.95,NORTH,LOAN
TXN0003590,CUST3346,ACC698301,2024-01-24,CREDIT,10323.07,EUR,BR627,COMPLETED,46.74,CENTRAL,LOAN
TXN0003591,CUST6183,ACC867712,2024-11-18,CREDIT,-29490.15,EUR,BR531,COMPLETED,79.95,SOUTH,SAVINGS
TXN0003592,CUST3954,ACC528631,2024-12-24,PAYMENT,41155.06,USD,BR558,COMPLETED,19.02,WEST,LOAN
TXN0003593,CUST2324,ACC123942,2024-07-01,DEBIT,56282.74,GBP,BR806,COMPLETED,92.69,CENTRAL,SAVINGS
TXN0003594,CUST8988,ACC440808,2024-03-19,DEBIT,22472.68,USD,BR370,PENDING,27.87,WEST,SAVINGS
TXN0003595,CUST6449,ACC739434,2024-08-12,PAYMENT,16173.54,USD,BR945,PENDING,94.55,SOUTH,SAVINGS
TXN0003596,CUST3897,ACC362081,2024-10-01,TRANSFER,-30140.2,EUR,BR369,COMPLETED,9.34,WEST,CHECKING
TXN0003597,CUST6134,ACC274544,2024-02-02,PAYMENT,87704.68,USD,BR897,COMPLETED,17.33,WEST,SAVINGS
TXN0003598,CUST1950,ACC696960,2024-01-13,CREDIT,12810.35,USD,BR939,PENDING,99.4,CENTRAL,SAVINGS
TXN0003599,CUST1077,ACC755879,2024-07-07,CREDIT,-6549.64,EUR,BR558,PENDING,73.91,EAST,CHECKING
TXN0003600,CUST8406,ACC594837,2024-06-15,CREDIT,33837.93,EUR,BR636,FAILED,63.09,SOUTH,LOAN
TXN0003601,CUST5481,ACC817606,2024-11-28,DEBIT,-42302.04,AUD,BR547,FAILED,,EAST,CHECKING
TXN0003602,CUST4430,ACC195385,2027-01-01,DEBIT,49965.91,USD,BR953,COMPLETED,60.96,CENTRAL,CREDIT
TXN0003603,CUST3762,ACC488283,2024-12-03,DEBIT,-35202.93,GBP,BR638,COMPLETED,,SOUTH,LOAN
TXN0003604,CUST3595,ACC123823,2024-01-24,CREDIT,-20555.21,USD,BR561,COMPLETED,14.98,SOUTH,CHECKING
TXN0003605,CUST9021,ACC879055,2024-01-19,PAYMENT,20482.06,USD,BR304,FAILED,85.24,NORTH,SAVINGS
TXN0003606,CUST2442,ACC730553,2024-01-13,DEBIT,-39575.37,EUR,BR234,COMPLETED,67.85,CENTRAL,LOAN
TXN0003607,CUST3120,ACC928249,2024-03-18,DEBIT,-2735.16,USD,BR103,PENDING,64.94,NORTH,LOAN
TXN0003608,CUST8105,ACC785890,2024-09-04,CREDIT,-10756.27,AUD,BR568,PENDING,19.37,CENTRAL,LOAN
TXN0003609,CUST8035,ACC508251,2024-12-15,DEBIT,47128.8,USD,BR164,,52.16,SOUTH,CHECKING
TXN0003610,CUST7609,ACC678874,2024-04-01,DEBIT,-39941.62,USD,BR644,REVERSED,53.8,EAST,SAVINGS
TXN0003611,CUST8029,ACC636174,2024-03-06,DEBIT,745.45,USD,BR188,COMPLETED,14.64,NORTH,MORTGAGE
TXN0003612,CUST8821,ACC302408,2024-02-03,CREDIT,23122.71,USD,BR199,COMPLETED,86.85,SOUTH,SAVINGS
TXN0003613,CUST7280,ACC991613,2024-06-07,TRANSFER,82960.91,EUR,BR513,COMPLETED,,EAST,CREDIT
TXN0003614,CUST1076,ACC269218,2024-04-05,CREDIT,-26490.19,USD,BR731,COMPLETED,9.55,EAST,LOAN
TXN0003615,CUST1618,ACC580005,2024-06-12,DEBIT,74494.62,USD,BR359,COMPLETED,11.0,SOUTH,LOAN
TXN0003616,CUST9745,ACC486991,2024-08-25,TRANSFER,92021.79,USD,BR357,COMPLETED,16.84,NORTH,SAVINGS
TXN0003617,CUST4267,ACC858183,2024-12-05,CREDIT,-15494.38,USD,BR957,COMPLETED,60.49,WEST,MORTGAGE
TXN0003618,CUST7112,ACC350940,2024-04-09,DEBIT,41991.47,USD,BR217,COMPLETED,36.86,WEST,SAVINGS
TXN0003619,CUST1230,ACC283722,2024-03-02,DEBIT,-48286.39,GBP,BR779,,40.44,SOUTH,LOAN
TXN0003620,CUST6279,ACC595104,2024-08-05,TRANSFER,93447.77,USD,BR661,COMPLETED,7.72,SOUTH,CREDIT
TXN0003621,CUST9700,ACC847417,2024-01-14,PAYMENT,64430.94,EUR,BR246,COMPLETED,92.36,CENTRAL,LOAN
TXN0003622,CUST4122,ACC309490,2024-11-05,TRANSFER,3684.43,EUR,BR503,COMPLETED,55.12,NORTH,LOAN
TXN0003623,CUST1293,ACC438400,2024-06-03,WITHDRAWAL,39912.34,USD,BR870,,,CENTRAL,SAVINGS
TXN0003624,CUST1067,ACC239093,2024-04-26,DEBIT,-29652.61,USD,BR717,COMPLETED,11.25,NORTH,CREDIT
TXN0003625,,ACC407213,2024-10-20,CREDIT,54728.03,USD,BR610,COMPLETED,97.33,SOUTH,CHECKING
TXN0003626,CUST4707,ACC167961,2024-12-20,DEBIT,77389.66,USD,BR785,FAILED,21.2,WEST,
TXN0003627,CUST6641,ACC132390,2024-03-04,DEBIT,-43735.0,EUR,BR184,COMPLETED,,NORTH,SAVINGS
TXN0003628,CUST6113,ACC317062,2024-04-21,CREDIT,48019.51,USD,BR616,FAILED,37.77,SOUTH,CHECKING
TXN0003629,CUST3112,ACC705659,2024-07-22,TRANSFER,97252.69,USD,BR832,PENDING,12.28,CENTRAL,SAVINGS
TXN0003630,CUST2682,ACC583581,2024-09-27,CREDIT,-21769.1,EUR,BR880,COMPLETED,80.52,NORTH,LOAN
TXN0003631,CUST7284,ACC581498,2024-11-17,CREDIT,40013.21,GBP,BR578,COMPLETED,8.26,EAST,LOAN
TXN0003632,CUST9246,ACC356950,2024-12-21,DEBIT,33828.1,USD,BR802,COMPLETED,80.44,NORTH,CREDIT
TXN0003633,CUST6015,ACC816881,2024-02-14,TRANSFER,20198.3,USD,BR158,PENDING,62.04,EAST,SAVINGS
TXN0003634,CUST3736,ACC732552,2024-09-10,DEBIT,-14489.03,EUR,BR830,COMPLETED,51.32,SOUTH,SAVINGS
TXN0003635,CUST2069,ACC565204,2024-03-25,TRANSFER,55722.41,,BR216,COMPLETED,0.11,SOUTH,SAVINGS
TXN0003636,CUST1749,ACC353633,2024-01-18,DEBIT,-45470.72,USD,BR451,FAILED,,WEST,CREDIT
TXN0003637,CUST5885,ACC935456,2024-04-11,CREDIT,-37386.92,USD,BR333,PENDING,13.31,EAST,SAVINGS
TXN0003638,CUST5764,ACC285469,2024-03-03,DEBIT,42910.19,USD,BR837,COMPLETED,13.08,EAST,CREDIT
TXN0003639,CUST8469,ACC583819,2024-04-11,DEBIT,40361.59,EUR,BR685,COMPLETED,58.5,CENTRAL,MORTGAGE
TXN0003640,CUST9524,ACC624513,2024-07-12,TRANSFER,75365.13,USD,BR669,COMPLETED,58.38,EAST,CREDIT
TXN0003641,CUST9587,ACC772534,2024-11-14,CREDIT,-4312.94,EUR,BR789,COMPLETED,43.02,CENTRAL,CHECKING
TXN0003642,CUST6535,ACC216556,2024-06-26,TRANSFER,96741.16,AUD,BR573,COMPLETED,,NORTH,SAVINGS
TXN0003643,CUST8105,ACC942726,2024-06-28,DEBIT,-9149.81,USD,BR374,PENDING,19.7,WEST,CHECKING
TXN0003644,CUST3192,ACC733347,2024-12-29,DEBIT,23416.62,EUR,BR938,COMPLETED,82.95,NORTH,CHECKING
TXN0003645,,ACC978576,2024-03-19,CREDIT,50794.34,USD,BR121,COMPLETED,37.4,SOUTH,LOAN
TXN0003646,CUST9031,ACC447350,2024-09-22,DEBIT,48130.52,USD,BR459,PENDING,59.13,NORTH,LOAN
TXN0003647,CUST6885,ACC267003,2024-07-19,DEBIT,78432.07,USD,BR869,REVERSED,98.28,WEST,MORTGAGE
TXN0003648,CUST4087,ACC356757,2024-03-31,TRANSFER,-44458.86,USD,BR378,COMPLETED,64.9,WEST,CREDIT
TXN0003649,CUST3701,ACC584664,2024-01-14,DEBIT,64127.66,GBP,BR179,COMPLETED,83.68,EAST,MORTGAGE
TXN0003650,CUST7609,ACC857120,2024-11-03,CREDIT,92914.65,USD,BR691,FAILED,14.28,WEST,SAVINGS
TXN0003651,CUST1313,ACC173234,2024-11-26,CREDIT,-44022.32,USD,BR166,FAILED,99.5,SOUTH,CREDIT
TXN0003652,CUST4742,ACC107217,2024-04-05,DEBIT,97439.58,AUD,BR696,COMPLETED,23.05,NORTH,CHECKING
TXN0003653,CUST4675,ACC884972,2024-10-21,TRANSFER,18823.15,EUR,BR925,COMPLETED,34.43,EAST,CREDIT
TXN0003654,CUST3149,ACC133892,2024-11-19,CREDIT,-39822.18,GBP,BR976,PENDING,18.95,EAST,SAVINGS
TXN0003655,CUST4460,ACC815153,2024-09-05,TRANSFER,-3495.48,USD,BR880,COMPLETED,85.54,CENTRAL,SAVINGS
TXN0003656,CUST1359,ACC809752,2024-05-06,CREDIT,73432.09,GBP,BR699,COMPLETED,59.21,SOUTH,MORTGAGE
TXN0003657,,ACC526085,2024-06-25,PAYMENT,8403.88,GBP,BR697,COMPLETED,60.79,SOUTH,SAVINGS
TXN0003658,CUST3768,ACC645015,2024-03-06,CREDIT,79028.15,GBP,BR406,COMPLETED,36.07,NORTH,CHECKING
TXN0003659,CUST3017,ACC593050,2024-07-10,TRANSFER,36244.62,USD,BR835,PENDING,59.43,SOUTH,SAVINGS
TXN0003660,CUST7006,ACC504032,2024-11-11,DEBIT,91871.19,USD,BR815,COMPLETED,93.0,SOUTH,LOAN
TXN0003661,CUST1612,ACC173783,2024-06-29,TRANSFER,-15047.84,USD,BR716,COMPLETED,94.89,NORTH,CREDIT
TXN0003662,CUST7147,ACC921079,2024-12-03,CREDIT,7741.91,EUR,BR647,COMPLETED,91.14,NORTH,CHECKING
TXN0003663,CUST5190,ACC537350,2024-12-15,PAYMENT,66969.28,USD,BR748,FAILED,23.59,EAST,CREDIT
TXN0003664,,ACC372660,2024-04-19,PAYMENT,-45302.14,EUR,BR426,COMPLETED,70.64,EAST,SAVINGS
TXN0003665,CUST1796,ACC850755,2024-04-30,CREDIT,-19914.41,USD,BR772,COMPLETED,22.27,WEST,CREDIT
TXN0003666,CUST1785,ACC663443,2024-03-16,CREDIT,53075.12,USD,BR907,COMPLETED,26.59,EAST,SAVINGS
TXN0003667,CUST2771,ACC226858,2024-03-27,CREDIT,-46814.45,USD,BR224,PENDING,69.81,SOUTH,LOAN
TXN0003668,CUST1323,ACC850565,2024-03-18,DEBIT,20521.3,USD,BR966,COMPLETED,57.39,NORTH,
TXN0003669,CUST1790,ACC914320,2024-11-23,TRANSFER,86278.55,EUR,BR225,COMPLETED,5.37,EAST,MORTGAGE
TXN0003670,CUST2897,ACC736461,2024-12-20,PAYMENT,10219.87,USD,BR592,COMPLETED,71.34,WEST,LOAN
TXN0003671,CUST7828,ACC778522,2024-08-14,CREDIT,85590.76,EUR,BR395,COMPLETED,96.77,CENTRAL,CHECKING
TXN0003672,CUST8279,ACC660118,2024-04-26,DEBIT,59395.17,USD,BR272,FAILED,67.26,SOUTH,SAVINGS
TXN0003673,CUST7230,ACC849484,2024-12-24,WITHDRAWAL,-35514.35,GBP,BR499,COMPLETED,80.33,NORTH,CREDIT
TXN0003674,CUST3024,ACC124872,2024-11-11,CREDIT,-42323.23,USD,BR181,REVERSED,73.28,WEST,SAVINGS
TXN0003675,CUST9966,ACC559822,2024-04-07,PAYMENT,79785.67,USD,BR418,COMPLETED,47.46,CENTRAL,SAVINGS
TXN0003676,CUST5140,ACC604163,2024-09-24,DEBIT,-46973.22,USD,BR234,PENDING,75.6,SOUTH,CHECKING
TXN0003677,CUST8772,ACC967962,2024-11-04,DEBIT,71553.7,EUR,BR245,COMPLETED,25.91,EAST,SAVINGS
TXN0003678,CUST3508,ACC861299,2024-11-07,DEBIT,55864.25,USD,BR554,FAILED,21.91,EAST,MORTGAGE
TXN0003679,CUST4366,ACC162690,2024-03-30,CREDIT,24536.92,GBP,BR417,COMPLETED,63.6,NORTH,SAVINGS
TXN0003680,CUST1152,ACC407194,2024-01-01,CREDIT,82548.5,USD,BR129,COMPLETED,49.34,EAST,SAVINGS
TXN0003681,CUST5933,ACC951089,2024-05-27,CREDIT,14397.19,AUD,BR403,PENDING,98.31,CENTRAL,SAVINGS
TXN0003682,CUST7895,ACC517749,2024-07-05,CREDIT,45869.08,AUD,BR466,COMPLETED,82.75,,CHECKING
TXN0003683,CUST2654,ACC968543,2024-08-30,DEBIT,83561.07,EUR,BR183,COMPLETED,76.96,CENTRAL,CHECKING
TXN0003684,CUST9524,ACC962260,2024-12-19,CREDIT,-45245.45,EUR,BR271,COMPLETED,51.44,CENTRAL,CREDIT
TXN0003685,CUST5423,ACC860375,2024-12-21,DEBIT,78323.06,EUR,BR954,FAILED,82.0,NORTH,CHECKING
TXN0003686,CUST3247,ACC906104,2024-04-23,CREDIT,86786.14,USD,BR270,FAILED,53.99,CENTRAL,SAVINGS
TXN0003687,CUST7862,ACC141844,2024-06-30,CREDIT,70767.52,USD,BR636,COMPLETED,95.2,,CHECKING
TXN0003688,CUST2718,ACC481024,2024-04-25,WITHDRAWAL,84676.4,EUR,BR796,PENDING,34.03,SOUTH,SAVINGS
TXN0003689,CUST9381,ACC518832,2024-03-07,CREDIT,25428.98,USD,BR436,COMPLETED,62.6,CENTRAL,
TXN0003690,CUST2928,ACC851435,2024-04-26,CREDIT,68948.77,EUR,BR972,COMPLETED,17.11,WEST,SAVINGS
TXN0003691,CUST5631,ACC636409,2024-08-04,PAYMENT,18447.31,EUR,BR962,COMPLETED,87.05,CENTRAL,CHECKING
TXN0003692,CUST2867,ACC759835,2024-08-06,CREDIT,18088.5,AUD,BR966,COMPLETED,74.72,EAST,CREDIT
TXN0003693,,ACC781186,2024-02-14,DEBIT,-39746.83,EUR,BR921,COMPLETED,42.13,NORTH,CREDIT
TXN0003694,CUST9154,ACC561421,2024-09-16,CREDIT,57836.34,AUD,BR613,COMPLETED,61.77,EAST,CREDIT
TXN0003695,CUST4254,ACC549407,2024-06-28,DEBIT,92933.14,USD,BR679,COMPLETED,54.99,SOUTH,CHECKING
TXN0003696,CUST4272,ACC925673,2024-01-18,DEBIT,36426.01,USD,BR758,REVERSED,14.71,NORTH,LOAN
TXN0003697,CUST5308,ACC230083,2024-08-28,WITHDRAWAL,-34869.85,GBP,BR895,COMPLETED,32.82,CENTRAL,CHECKING
TXN0003698,CUST9571,ACC208656,2024-07-22,DEBIT,-1958.8,GBP,BR323,COMPLETED,,WEST,CHECKING
TXN0003699,CUST4304,ACC253075,2024-02-16,CREDIT,19389.08,USD,BR765,PENDING,33.66,NORTH,SAVINGS
TXN0003700,CUST6864,ACC988217,2024-01-26,CREDIT,-15260.12,GBP,BR571,COMPLETED,15.61,NORTH,SAVINGS
TXN0003701,CUST7713,ACC375250,2024-10-09,CREDIT,-12912.94,USD,BR130,COMPLETED,79.02,WEST,CHECKING
TXN0003702,CUST5839,ACC894758,2024-08-23,WITHDRAWAL,64479.63,GBP,BR673,COMPLETED,84.11,NORTH,CREDIT
TXN0003703,CUST3627,ACC965314,2024-01-24,DEBIT,-32192.79,EUR,BR218,COMPLETED,33.84,SOUTH,CHECKING
TXN0003704,CUST1645,ACC707976,2024-09-18,DEBIT,-10446.46,GBP,BR150,REVERSED,66.22,NORTH,CREDIT
TXN0003705,CUST9980,ACC890183,2024-04-05,DEBIT,78851.73,EUR,BR861,FAILED,3.51,CENTRAL,LOAN
TXN0003706,CUST9132,ACC930072,2024-07-18,DEBIT,15948.06,USD,BR341,COMPLETED,54.44,NORTH,LOAN
TXN0003707,CUST4402,ACC217213,2024-11-06,DEBIT,33389.76,AUD,BR453,COMPLETED,4.2,EAST,SAVINGS
TXN0003708,CUST8875,ACC857065,2024-09-11,DEBIT,57081.45,USD,BR563,COMPLETED,78.3,WEST,SAVINGS
TXN0003709,,ACC277160,2024-03-02,DEBIT,17388.07,AUD,BR799,PENDING,12.5,CENTRAL,LOAN
TXN0003710,CUST4842,ACC484265,2024-09-15,DEBIT,86936.51,USD,BR382,COMPLETED,10.13,SOUTH,SAVINGS
TXN0003711,CUST1044,ACC532949,2024-03-22,CREDIT,91133.39,EUR,BR329,COMPLETED,57.91,SOUTH,SAVINGS
TXN0003712,CUST1208,ACC788428,2024-04-12,CREDIT,7755.27,USD,BR189,PENDING,50.48,NORTH,CHECKING
TXN0003713,CUST2458,ACC456342,2024-07-14,DEBIT,71382.53,EUR,BR669,COMPLETED,,CENTRAL,LOAN
TXN0003714,CUST2809,ACC248845,2024-01-20,DEBIT,54135.84,EUR,BR680,COMPLETED,55.86,CENTRAL,CREDIT
TXN0003715,CUST9095,ACC354875,2024-02-20,DEBIT,32382.51,GBP,BR219,PENDING,91.69,WEST,CREDIT
TXN0003716,CUST3443,ACC934197,2024-01-08,PAYMENT,-39998.62,USD,BR137,COMPLETED,54.71,EAST,SAVINGS
TXN0003717,CUST2475,ACC606033,2024-09-08,TRANSFER,95319.86,AUD,BR130,FAILED,10.03,WEST,SAVINGS
TXN0003718,CUST9383,ACC320290,2024-03-04,DEBIT,76152.48,USD,BR418,COMPLETED,22.13,EAST,LOAN
TXN0003719,CUST2229,ACC377356,2024-03-20,WITHDRAWAL,38026.98,AUD,BR761,COMPLETED,23.16,EAST,
TXN0003720,CUST2659,ACC201843,2024-07-21,DEBIT,-32349.74,USD,BR989,PENDING,,,LOAN
TXN0003721,CUST5192,ACC446057,2024-02-21,TRANSFER,77424.43,USD,BR696,REVERSED,19.12,WEST,CHECKING
TXN0003722,CUST4787,ACC773223,2024-06-30,DEBIT,63720.98,USD,BR283,COMPLETED,56.34,EAST,CHECKING
TXN0003723,CUST8483,ACC827414,2024-11-26,DEBIT,43568.91,USD,BR361,COMPLETED,7.16,,CHECKING
TXN0003724,CUST5850,ACC177667,2024-10-10,WITHDRAWAL,77179.8,USD,BR511,COMPLETED,58.17,SOUTH,SAVINGS
TXN0003725,CUST5327,ACC580501,2024-04-23,CREDIT,26333.68,USD,BR137,PENDING,,EAST,SAVINGS
TXN0003726,CUST8606,ACC843527,2024-10-12,DEBIT,86769.43,USD,BR954,COMPLETED,72.48,EAST,LOAN
TXN0003727,CUST1820,ACC615455,2024-12-13,CREDIT,-25309.27,EUR,BR876,COMPLETED,47.02,WEST,SAVINGS
TXN0003728,CUST2635,ACC889056,2024-10-13,TRANSFER,36617.81,EUR,BR223,FAILED,28.68,CENTRAL,CREDIT
TXN0003729,CUST3862,ACC356616,2024-11-19,PAYMENT,51065.55,EUR,BR982,REVERSED,81.46,WEST,LOAN
TXN0003730,CUST1646,ACC893751,2024-04-03,TRANSFER,-40402.8,USD,BR254,COMPLETED,60.7,NORTH,SAVINGS
TXN0003731,CUST5760,ACC372629,2024-12-27,CREDIT,81877.86,EUR,BR655,COMPLETED,11.3,SOUTH,LOAN
TXN0003732,CUST6901,ACC459077,2024-02-15,DEBIT,-46125.05,USD,BR741,,7.93,SOUTH,MORTGAGE
TXN0003733,CUST6123,ACC409636,2024-09-09,TRANSFER,29474.23,EUR,BR467,COMPLETED,44.27,NORTH,SAVINGS
TXN0003734,CUST7979,ACC822672,2024-12-07,DEBIT,-35011.91,USD,BR365,PENDING,63.74,WEST,CHECKING
TXN0003735,CUST2898,ACC566272,2024-11-18,CREDIT,54353.27,USD,BR783,COMPLETED,50.47,EAST,SAVINGS
TXN0003736,CUST2556,ACC446723,2024-08-10,TRANSFER,51608.09,USD,BR770,COMPLETED,27.06,NORTH,SAVINGS
TXN0003737,CUST1751,ACC925621,2024-12-28,TRANSFER,34038.9,USD,BR683,FAILED,0.21,SOUTH,SAVINGS
TXN0003738,CUST1158,ACC572253,2024-05-14,WITHDRAWAL,210.18,EUR,BR688,FAILED,57.51,NORTH,CHECKING
TXN0003739,CUST3267,ACC833543,2024-09-30,DEBIT,5186.48,USD,BR843,COMPLETED,60.45,WEST,LOAN
TXN0003740,CUST3793,ACC370450,2024-05-12,CREDIT,19779.9,USD,BR916,COMPLETED,17.06,NORTH,SAVINGS
TXN0003741,CUST6384,ACC695833,2024-07-25,CREDIT,-15963.54,EUR,BR755,REVERSED,69.24,NORTH,SAVINGS
TXN0003742,CUST6857,ACC388671,2024-09-01,CREDIT,55923.59,EUR,BR568,FAILED,6.01,,SAVINGS
TXN0003743,CUST8171,ACC723303,2024-04-12,DEBIT,-8284.96,USD,BR282,PENDING,21.04,CENTRAL,CREDIT
TXN0003744,CUST5395,ACC137480,2024-06-15,DEBIT,18359.97,USD,BR509,PENDING,98.43,WEST,CREDIT
TXN0003745,CUST2522,ACC898304,2024-08-14,WITHDRAWAL,12449.08,AUD,BR893,PENDING,85.34,EAST,CREDIT
TXN0003746,CUST7105,ACC246822,2024-05-14,DEBIT,-31403.21,EUR,BR992,FAILED,56.69,CENTRAL,LOAN
TXN0003747,CUST6615,ACC255214,2024-03-08,CREDIT,-1870.26,USD,BR333,COMPLETED,3.4,WEST,LOAN
TXN0003748,CUST3996,ACC647125,2024-03-15,TRANSFER,34822.82,GBP,BR202,PENDING,4.67,CENTRAL,SAVINGS
TXN0003749,CUST2865,ACC402441,2024-04-17,DEBIT,95641.42,EUR,BR767,COMPLETED,90.39,CENTRAL,LOAN
TXN0003750,CUST7566,ACC127200,2024-04-20,DEBIT,-46730.22,USD,BR442,COMPLETED,9.84,NORTH,SAVINGS
TXN0003751,CUST7557,ACC331757,2024-12-19,TRANSFER,73237.07,EUR,BR153,COMPLETED,62.63,SOUTH,SAVINGS
TXN0003752,CUST8479,ACC488865,2024-03-19,PAYMENT,15281.08,AUD,BR624,COMPLETED,2.78,EAST,CREDIT
TXN0003753,CUST5453,ACC690913,2027-01-01,TRANSFER,43338.04,USD,BR173,COMPLETED,10.51,WEST,LOAN
TXN0003754,CUST7319,ACC480343,2024-03-23,WITHDRAWAL,-11682.32,USD,BR108,COMPLETED,5.72,WEST,CREDIT
TXN0003755,CUST8835,ACC848476,2024-12-30,CREDIT,32115.49,USD,BR666,COMPLETED,94.5,SOUTH,CHECKING
TXN0003756,CUST7909,ACC405364,2024-09-17,DEBIT,88294.9,USD,BR545,COMPLETED,76.05,NORTH,LOAN
TXN0003757,CUST3732,ACC421559,2024-01-09,DEBIT,-35678.29,USD,BR547,,68.23,WEST,CREDIT
TXN0003758,,ACC850609,2024-11-20,DEBIT,62460.16,USD,BR552,PENDING,24.61,CENTRAL,
TXN0003759,CUST3171,ACC265992,2024-02-24,CREDIT,-49660.02,EUR,BR960,COMPLETED,21.04,EAST,CHECKING
TXN0003760,CUST1960,ACC695213,2024-11-07,TRANSFER,-41133.52,EUR,BR154,COMPLETED,34.78,CENTRAL,LOAN
TXN0003761,CUST3611,ACC764686,2024-05-29,DEBIT,60135.24,USD,BR374,REVERSED,60.72,NORTH,CHECKING
TXN0003762,CUST2699,ACC419544,2024-05-09,CREDIT,-44568.61,USD,BR792,COMPLETED,54.97,SOUTH,CREDIT
TXN0003763,CUST7816,ACC598372,2024-03-19,TRANSFER,16684.41,EUR,BR892,,82.54,CENTRAL,CREDIT
TXN0003764,CUST8908,ACC847717,2024-06-26,DEBIT,11544.62,EUR,BR232,COMPLETED,56.74,WEST,LOAN
TXN0003765,CUST8178,ACC561229,2024-10-13,CREDIT,-27650.42,USD,BR855,COMPLETED,51.61,WEST,CHECKING
TXN0003766,CUST3969,ACC805983,2024-12-09,CREDIT,66133.81,GBP,BR692,COMPLETED,39.86,WEST,LOAN
TXN0003767,CUST7221,ACC409203,2024-10-16,DEBIT,99227.96,EUR,BR467,PENDING,29.45,EAST,SAVINGS
TXN0003768,CUST6875,ACC261943,2024-03-19,DEBIT,-42362.58,EUR,BR945,COMPLETED,65.45,CENTRAL,SAVINGS
TXN0003769,CUST1472,ACC879860,2024-12-06,CREDIT,13421.31,USD,BR803,PENDING,25.43,WEST,SAVINGS
TXN0003770,CUST3140,ACC944311,2024-12-16,DEBIT,95348.7,AUD,BR559,COMPLETED,22.3,WEST,SAVINGS
TXN0003771,CUST8914,ACC828846,2024-11-19,DEBIT,-43947.47,EUR,BR713,COMPLETED,55.15,SOUTH,CHECKING
TXN0003772,CUST8997,ACC234797,2024-04-04,CREDIT,65309.66,GBP,BR118,PENDING,64.87,SOUTH,CREDIT
TXN0003773,CUST2850,ACC253643,2024-04-01,PAYMENT,41090.07,USD,BR318,PENDING,42.59,WEST,SAVINGS
TXN0003774,CUST7738,ACC736956,2024-06-30,TRANSFER,-26163.96,USD,BR429,COMPLETED,95.44,SOUTH,LOAN
TXN0003775,CUST8220,ACC406533,2024-07-26,DEBIT,11668.61,EUR,BR385,COMPLETED,14.21,NORTH,SAVINGS
TXN0003776,CUST1753,ACC502890,2024-01-30,CREDIT,61087.64,USD,BR786,COMPLETED,12.95,CENTRAL,CREDIT
TXN0003777,CUST2037,ACC369804,2024-07-12,DEBIT,-23530.26,USD,BR147,PENDING,7.96,,LOAN
TXN0003778,CUST5286,ACC767693,2024-04-03,DEBIT,34272.42,USD,BR950,COMPLETED,83.49,CENTRAL,LOAN
TXN0003779,CUST6148,ACC338989,2024-11-12,DEBIT,49258.47,USD,BR954,COMPLETED,,EAST,CHECKING
TXN0003780,CUST1202,ACC129365,2024-06-21,DEBIT,-471.54,AUD,BR496,COMPLETED,53.16,WEST,MORTGAGE
TXN0003781,CUST9598,ACC992253,2024-04-18,DEBIT,68804.39,USD,BR377,COMPLETED,95.96,WEST,MORTGAGE
TXN0003782,CUST4669,ACC321943,2024-07-09,DEBIT,-26919.68,USD,BR253,COMPLETED,76.03,NORTH,CHECKING
TXN0003783,CUST6542,ACC711561,2024-12-01,DEBIT,88589.66,EUR,BR863,PENDING,11.18,WEST,CHECKING
TXN0003784,CUST9504,ACC417672,2024-01-26,WITHDRAWAL,61396.1,USD,BR768,COMPLETED,92.62,CENTRAL,CHECKING
TXN0003785,CUST9570,ACC255570,2024-07-18,DEBIT,-11206.53,USD,BR640,COMPLETED,20.94,EAST,CHECKING
TXN0003786,CUST2560,ACC712614,2024-05-04,TRANSFER,38303.56,USD,BR262,COMPLETED,94.61,SOUTH,LOAN
TXN0003787,,ACC112652,2024-11-21,DEBIT,22813.51,USD,BR327,COMPLETED,5.67,NORTH,MORTGAGE
TXN0003788,CUST5072,ACC372022,2024-09-02,TRANSFER,73424.99,USD,BR972,FAILED,73.7,NORTH,SAVINGS
TXN0003789,CUST8895,ACC481851,2024-05-05,CREDIT,39881.18,USD,BR468,PENDING,27.53,NORTH,LOAN
TXN0003790,CUST6664,ACC856169,2024-02-04,TRANSFER,84419.42,USD,BR682,COMPLETED,86.58,WEST,SAVINGS
TXN0003791,CUST7305,ACC633296,2024-11-27,DEBIT,6225.09,USD,BR968,COMPLETED,44.28,EAST,MORTGAGE
TXN0003792,CUST3435,ACC881668,2024-02-28,TRANSFER,69544.34,AUD,BR612,COMPLETED,45.24,NORTH,SAVINGS
TXN0003793,CUST1894,ACC641922,2024-09-29,TRANSFER,46311.48,USD,BR386,FAILED,92.1,CENTRAL,CHECKING
TXN0003794,CUST1190,ACC525558,2024-01-29,TRANSFER,39483.68,USD,BR927,FAILED,51.16,CENTRAL,LOAN
TXN0003795,CUST3571,ACC600143,2024-05-19,WITHDRAWAL,53448.02,USD,BR645,COMPLETED,92.83,CENTRAL,SAVINGS
TXN0003796,CUST9283,ACC748502,2024-07-22,DEBIT,71867.17,USD,BR614,COMPLETED,,SOUTH,LOAN
TXN0003797,CUST8688,ACC278687,2024-12-16,DEBIT,11179.82,USD,BR596,COMPLETED,14.14,CENTRAL,CHECKING
TXN0003798,CUST9123,ACC460934,2024-09-08,CREDIT,73601.47,EUR,BR507,COMPLETED,12.85,NORTH,CHECKING
TXN0003799,CUST3709,ACC775127,2024-05-21,WITHDRAWAL,-1744.57,USD,BR737,PENDING,2.6,EAST,CHECKING
TXN0003800,CUST2226,ACC263448,2024-02-23,TRANSFER,-8621.11,EUR,BR778,FAILED,26.6,CENTRAL,CREDIT
TXN0003801,CUST9055,ACC715656,2024-04-30,DEBIT,59914.61,AUD,BR180,COMPLETED,50.8,WEST,SAVINGS
TXN0003802,CUST6253,ACC994026,2024-01-04,CREDIT,4933.78,EUR,BR650,COMPLETED,12.64,CENTRAL,CREDIT
TXN0003803,CUST4946,ACC625436,2024-09-05,PAYMENT,85200.4,GBP,BR835,COMPLETED,46.81,WEST,CHECKING
TXN0003804,CUST6421,ACC429563,2024-12-08,TRANSFER,19216.28,USD,BR919,FAILED,47.38,SOUTH,SAVINGS
TXN0003805,CUST5557,ACC648759,2024-06-10,TRANSFER,34043.83,USD,BR528,COMPLETED,41.09,SOUTH,MORTGAGE
TXN0003806,CUST1824,ACC492547,2024-04-27,DEBIT,96756.13,EUR,BR389,COMPLETED,71.14,EAST,MORTGAGE
TXN0003807,CUST9305,ACC496339,2024-10-13,CREDIT,50049.42,USD,BR883,PENDING,20.24,EAST,LOAN
TXN0003808,CUST4648,ACC608817,2024-06-05,CREDIT,59055.8,USD,BR630,COMPLETED,82.49,WEST,CHECKING
TXN0003809,CUST7203,ACC779872,2024-03-03,CREDIT,93212.45,USD,BR810,COMPLETED,17.33,EAST,LOAN
TXN0003810,CUST7607,ACC277336,2024-11-30,DEBIT,22647.24,USD,BR389,PENDING,8.28,EAST,MORTGAGE
TXN0003811,CUST4850,ACC650750,2024-10-14,CREDIT,-39960.98,USD,BR177,PENDING,68.83,WEST,CHECKING
TXN0003812,CUST2291,ACC605468,2024-06-14,TRANSFER,-41024.27,USD,BR279,COMPLETED,,EAST,SAVINGS
TXN0003813,CUST8521,ACC283906,2024-03-17,WITHDRAWAL,55127.74,EUR,BR182,COMPLETED,10.1,NORTH,SAVINGS
TXN0003814,CUST8277,ACC607509,2024-01-07,CREDIT,-21872.87,GBP,BR252,COMPLETED,77.33,CENTRAL,CREDIT
TXN0003815,CUST8341,ACC498325,2024-12-03,DEBIT,38045.38,USD,BR343,REVERSED,46.83,NORTH,LOAN
TXN0003816,CUST2442,ACC114923,2024-02-06,CREDIT,54378.69,AUD,BR388,COMPLETED,15.16,EAST,SAVINGS
TXN0003817,CUST9166,ACC801229,2024-04-22,CREDIT,3190.93,USD,BR683,COMPLETED,12.37,CENTRAL,CHECKING
TXN0003818,CUST8324,ACC167898,2024-07-16,CREDIT,57092.05,USD,BR488,FAILED,76.22,EAST,SAVINGS
TXN0003819,CUST6178,ACC458997,2024-03-30,CREDIT,-41728.49,USD,BR135,PENDING,92.98,NORTH,LOAN
TXN0003820,CUST2944,ACC335746,2024-07-24,CREDIT,14524.64,USD,BR458,COMPLETED,82.82,EAST,CREDIT
TXN0003821,CUST9148,ACC424333,2024-12-04,DEBIT,70987.65,EUR,BR716,COMPLETED,87.76,EAST,CREDIT
TXN0003822,CUST1291,ACC316456,2024-01-30,PAYMENT,18938.59,USD,BR758,PENDING,54.76,,LOAN
TXN0003823,CUST2681,ACC335206,2024-09-17,CREDIT,33736.79,EUR,BR309,COMPLETED,84.02,CENTRAL,CHECKING
TXN0003824,CUST7609,ACC257379,2024-05-26,DEBIT,-20744.07,USD,BR875,COMPLETED,47.25,EAST,LOAN
TXN0003825,CUST7755,ACC391835,2024-12-05,WITHDRAWAL,10195.32,USD,BR611,COMPLETED,85.62,WEST,CREDIT
TXN0003826,CUST1587,ACC738206,2024-07-23,CREDIT,65177.6,USD,BR143,PENDING,85.13,SOUTH,
TXN0003827,CUST9996,ACC915807,2024-04-27,DEBIT,-33977.25,GBP,BR822,COMPLETED,49.86,SOUTH,CHECKING
TXN0003828,CUST1002,ACC864162,2024-10-19,TRANSFER,-6578.63,USD,BR501,COMPLETED,26.58,,SAVINGS
TXN0003829,CUST2489,ACC927614,2024-08-30,CREDIT,-16340.12,,BR249,,79.85,WEST,LOAN
TXN0003830,CUST5990,ACC225400,2024-12-02,DEBIT,-46996.91,USD,BR574,COMPLETED,67.71,SOUTH,CHECKING
TXN0003831,CUST9328,ACC781570,2024-07-06,TRANSFER,-40809.87,USD,BR246,COMPLETED,91.26,SOUTH,SAVINGS
TXN0003832,CUST4389,ACC306508,2024-07-16,DEBIT,88708.67,AUD,BR331,COMPLETED,8.04,EAST,CREDIT
TXN0003833,CUST8474,ACC473818,2024-02-02,DEBIT,2529.14,USD,BR442,PENDING,75.78,WEST,CHECKING
TXN0003834,CUST6584,ACC623019,2024-06-09,PAYMENT,93113.67,USD,BR242,COMPLETED,41.78,WEST,CREDIT
TXN0003835,CUST6953,ACC581633,2024-05-21,CREDIT,-41169.14,USD,BR500,COMPLETED,48.69,CENTRAL,CREDIT
TXN0003836,CUST1889,ACC697067,2024-08-31,TRANSFER,-5972.43,EUR,BR376,REVERSED,80.89,WEST,
TXN0003837,CUST4652,ACC769658,2024-01-24,DEBIT,-19853.28,USD,BR829,COMPLETED,71.76,SOUTH,CHECKING
TXN0003838,CUST8445,ACC112793,2024-07-04,CREDIT,-35059.61,USD,BR909,PENDING,25.25,NORTH,CHECKING
TXN0003839,CUST6439,ACC980779,2024-06-12,TRANSFER,52311.6,USD,BR314,COMPLETED,86.19,EAST,LOAN
TXN0003840,CUST8751,ACC882506,2024-05-08,PAYMENT,77008.36,USD,BR490,COMPLETED,73.6,WEST,SAVINGS
TXN0003841,CUST6952,ACC986828,2024-10-18,PAYMENT,19727.23,,BR191,COMPLETED,15.2,EAST,SAVINGS
TXN0003842,CUST8414,ACC958675,2024-02-07,CREDIT,-27851.08,AUD,BR213,COMPLETED,41.83,SOUTH,SAVINGS
TXN0003843,CUST2868,ACC921126,2024-03-30,CREDIT,66461.65,GBP,BR351,FAILED,29.68,WEST,SAVINGS
TXN0003844,CUST2596,ACC925948,2024-11-16,DEBIT,-49910.33,USD,BR966,COMPLETED,86.81,NORTH,CREDIT
TXN0003845,CUST4633,ACC649577,2024-12-03,TRANSFER,-33425.12,USD,BR630,COMPLETED,47.91,NORTH,CREDIT
TXN0003846,CUST1035,ACC339464,2024-02-04,PAYMENT,-26637.57,GBP,BR914,COMPLETED,99.78,EAST,CREDIT
TXN0003847,CUST6592,ACC877391,2024-07-07,TRANSFER,17182.08,USD,BR646,COMPLETED,97.34,SOUTH,LOAN
TXN0003848,CUST6818,ACC312368,2024-02-14,DEBIT,98932.31,,BR585,FAILED,98.97,SOUTH,LOAN
TXN0003849,CUST5783,ACC481220,2024-08-07,DEBIT,60247.29,GBP,BR159,COMPLETED,73.09,SOUTH,MORTGAGE
TXN0003850,CUST9973,ACC796510,2024-05-17,PAYMENT,20306.97,USD,BR824,COMPLETED,2.33,,CHECKING
TXN0003851,CUST9552,ACC134435,2024-02-06,DEBIT,15861.78,USD,BR428,COMPLETED,92.64,NORTH,LOAN
TXN0003852,CUST7125,ACC517848,2024-02-09,CREDIT,-18051.38,USD,BR580,COMPLETED,72.91,EAST,LOAN
TXN0003853,CUST2741,ACC756830,2024-10-16,CREDIT,93622.75,EUR,BR205,,99.06,EAST,SAVINGS
TXN0003854,CUST1750,ACC203641,2024-12-10,PAYMENT,-48609.41,USD,BR964,COMPLETED,61.46,CENTRAL,
TXN0003855,CUST3689,ACC445521,2024-06-24,CREDIT,81001.89,EUR,BR542,COMPLETED,26.1,NORTH,CREDIT
TXN0003856,CUST9067,ACC632064,2024-06-17,WITHDRAWAL,64161.35,EUR,BR265,FAILED,93.61,SOUTH,CREDIT
TXN0003857,CUST3301,ACC170461,2024-08-07,DEBIT,-23232.82,AUD,BR957,COMPLETED,13.75,WEST,SAVINGS
TXN0003858,CUST7704,ACC384660,2024-05-19,PAYMENT,54445.1,EUR,BR735,COMPLETED,5.98,EAST,SAVINGS
TXN0003859,CUST2752,ACC680160,2024-01-09,DEBIT,-26407.38,USD,BR619,COMPLETED,50.28,WEST,SAVINGS
TXN0003860,CUST5166,ACC660730,2024-10-18,DEBIT,58105.01,USD,BR386,COMPLETED,99.38,,CHECKING
TXN0003861,CUST4209,ACC987730,2024-12-09,CREDIT,87516.12,USD,BR609,PENDING,32.57,EAST,MORTGAGE
TXN0003862,CUST4072,ACC877265,2024-02-16,TRANSFER,53133.12,USD,BR850,COMPLETED,27.73,WEST,CHECKING
TXN0003863,CUST2978,ACC663849,2024-10-22,CREDIT,-18401.12,USD,BR482,COMPLETED,11.93,SOUTH,CHECKING
TXN0003864,CUST7437,ACC183306,2024-07-11,PAYMENT,32163.7,USD,BR409,COMPLETED,15.59,SOUTH,CHECKING
TXN0003865,CUST4532,ACC936677,2024-10-30,PAYMENT,-34896.23,GBP,BR615,COMPLETED,92.28,SOUTH,CHECKING
TXN0003866,CUST8488,ACC158693,2024-04-18,DEBIT,86267.08,EUR,BR604,COMPLETED,58.58,NORTH,LOAN
TXN0003867,CUST4122,ACC568328,2024-10-29,DEBIT,11080.34,USD,BR145,COMPLETED,21.85,CENTRAL,CHECKING
TXN0003868,CUST6536,ACC694230,2024-06-13,DEBIT,9645.89,AUD,BR856,PENDING,91.98,CENTRAL,MORTGAGE
TXN0003869,CUST2765,ACC648351,2024-08-18,CREDIT,89938.38,USD,BR920,COMPLETED,98.68,WEST,CHECKING
TXN0003870,CUST7790,ACC360017,2024-10-07,CREDIT,-24807.5,USD,BR153,COMPLETED,57.68,NORTH,LOAN
TXN0003871,CUST1761,ACC356578,2024-09-11,CREDIT,82574.08,USD,BR682,COMPLETED,24.3,EAST,SAVINGS
TXN0003872,CUST3018,ACC368511,2024-07-02,CREDIT,-44803.16,USD,BR540,COMPLETED,28.15,EAST,LOAN
TXN0003873,CUST8381,ACC935998,2024-04-04,PAYMENT,60736.39,USD,BR361,COMPLETED,37.32,SOUTH,CREDIT
TXN0003874,CUST8493,ACC875354,2024-01-31,CREDIT,-3198.38,USD,BR521,PENDING,60.63,CENTRAL,SAVINGS
TXN0003875,CUST9260,ACC291558,2024-09-01,DEBIT,92613.25,EUR,BR220,COMPLETED,23.87,EAST,CHECKING
TXN0003876,CUST3205,ACC823201,2024-01-01,CREDIT,9440.01,USD,BR373,REVERSED,4.37,NORTH,LOAN
TXN0003877,CUST9172,ACC782420,2024-03-11,PAYMENT,97602.86,EUR,BR484,COMPLETED,9.96,CENTRAL,CREDIT
TXN0003878,CUST1071,ACC999177,2024-01-10,PAYMENT,-15179.82,AUD,BR687,COMPLETED,1.4,WEST,MORTGAGE
TXN0003879,CUST9689,ACC356992,2024-05-09,CREDIT,-39988.18,AUD,BR724,COMPLETED,7.37,EAST,SAVINGS
TXN0003880,CUST1795,ACC339431,2024-03-27,CREDIT,26541.26,AUD,BR386,COMPLETED,2.31,EAST,CHECKING
TXN0003881,CUST8091,ACC823137,2024-08-10,DEBIT,99341.71,USD,BR626,COMPLETED,7.44,CENTRAL,SAVINGS
TXN0003882,CUST8912,ACC852227,2024-03-22,DEBIT,-9093.63,USD,BR350,COMPLETED,81.81,CENTRAL,MORTGAGE
TXN0003883,CUST9328,ACC578219,2024-12-07,DEBIT,22373.83,AUD,BR924,PENDING,56.64,,SAVINGS
TXN0003884,CUST3903,ACC286049,2024-01-08,WITHDRAWAL,319.52,USD,BR910,COMPLETED,5.41,SOUTH,SAVINGS
TXN0003885,CUST3845,ACC142187,2024-02-06,PAYMENT,-41873.16,EUR,BR624,COMPLETED,92.97,CENTRAL,SAVINGS
TXN0003886,CUST3103,ACC738727,2024-11-14,PAYMENT,-7586.04,GBP,BR991,PENDING,92.35,EAST,SAVINGS
TXN0003887,CUST2696,ACC378673,2024-11-29,PAYMENT,71034.83,USD,BR745,FAILED,1.38,EAST,CHECKING
TXN0003888,CUST7347,ACC678788,2024-09-11,DEBIT,98324.4,GBP,BR460,COMPLETED,55.56,EAST,MORTGAGE
TXN0003889,CUST6273,ACC390955,2024-02-19,TRANSFER,26855.93,USD,BR514,COMPLETED,22.79,NORTH,CREDIT
TXN0003890,CUST9259,ACC195797,2024-03-10,DEBIT,97162.41,GBP,BR839,COMPLETED,70.26,NORTH,
TXN0003891,CUST7302,ACC879207,2024-12-04,WITHDRAWAL,-43279.52,USD,BR145,COMPLETED,84.06,SOUTH,LOAN
TXN0003892,CUST7859,ACC299244,2024-02-15,DEBIT,-19375.34,USD,BR225,REVERSED,57.0,CENTRAL,MORTGAGE
TXN0003893,CUST5067,ACC868959,2024-03-17,CREDIT,43053.17,USD,BR545,COMPLETED,36.49,CENTRAL,LOAN
TXN0003894,CUST5482,ACC971044,2024-06-06,PAYMENT,8617.14,USD,BR925,COMPLETED,99.67,CENTRAL,SAVINGS
TXN0003895,CUST7518,ACC166761,2024-02-07,TRANSFER,86207.11,USD,BR532,COMPLETED,48.39,WEST,CHECKING
TXN0003896,CUST6617,ACC238987,2024-04-13,CREDIT,-1959.13,GBP,BR615,FAILED,53.78,WEST,CREDIT
TXN0003897,CUST5819,ACC647941,2024-10-19,TRANSFER,69330.88,EUR,BR446,COMPLETED,71.75,WEST,SAVINGS
TXN0003898,CUST8419,ACC417467,2024-05-04,DEBIT,2638.17,EUR,BR667,COMPLETED,28.1,NORTH,LOAN
TXN0003899,CUST3185,ACC163821,2024-08-08,CREDIT,49468.54,AUD,BR879,FAILED,59.75,CENTRAL,CHECKING
TXN0003900,CUST3263,ACC317822,2024-11-13,CREDIT,-22282.52,AUD,BR523,COMPLETED,99.06,NORTH,CHECKING
TXN0003901,CUST7762,ACC338641,2024-07-25,DEBIT,86542.95,USD,BR565,REVERSED,68.64,NORTH,LOAN
TXN0003902,CUST9393,ACC355790,2024-08-24,TRANSFER,-14366.28,AUD,BR903,COMPLETED,73.51,CENTRAL,SAVINGS
TXN0003903,CUST5897,ACC714127,2024-09-29,TRANSFER,-45573.24,AUD,BR550,COMPLETED,87.23,SOUTH,LOAN
TXN0003904,CUST9975,ACC898679,2024-10-17,TRANSFER,43574.91,EUR,BR639,COMPLETED,40.95,SOUTH,CHECKING
TXN0003905,CUST6143,ACC709506,2024-11-27,TRANSFER,98604.65,USD,BR717,COMPLETED,85.94,EAST,CREDIT
TXN0003906,CUST4560,ACC600466,2024-08-20,TRANSFER,-16034.74,USD,BR440,COMPLETED,81.51,WEST,CHECKING
TXN0003907,CUST4291,ACC586823,2024-07-26,CREDIT,79770.62,USD,BR336,PENDING,16.38,NORTH,SAVINGS
TXN0003908,CUST4435,ACC203043,2024-01-19,DEBIT,-26790.66,USD,BR850,COMPLETED,41.05,SOUTH,CREDIT
TXN0003909,CUST5760,ACC663015,2024-10-16,DEBIT,65620.26,USD,BR240,COMPLETED,92.91,CENTRAL,CREDIT
TXN0003910,CUST6657,ACC919370,2024-09-24,DEBIT,-41686.57,USD,BR414,COMPLETED,30.02,NORTH,CHECKING
TXN0003911,,ACC153564,2024-08-30,CREDIT,72091.15,EUR,BR732,COMPLETED,88.0,WEST,LOAN
TXN0003912,CUST3913,ACC434347,2024-04-20,DEBIT,14793.95,EUR,BR561,PENDING,,WEST,CHECKING
TXN0003913,CUST9255,ACC928391,2024-02-07,CREDIT,15857.89,USD,BR884,COMPLETED,39.49,WEST,SAVINGS
TXN0003914,CUST9888,ACC764698,2024-03-25,DEBIT,10891.73,USD,BR444,COMPLETED,95.46,NORTH,SAVINGS
TXN0003915,CUST6281,ACC176603,2024-08-06,DEBIT,-1554.25,USD,BR918,COMPLETED,98.58,CENTRAL,SAVINGS
TXN0003916,CUST2890,ACC305967,2024-09-08,DEBIT,48397.62,USD,BR320,COMPLETED,7.93,CENTRAL,SAVINGS
TXN0003917,CUST6771,ACC601532,2024-09-04,TRANSFER,-1351.72,USD,BR727,COMPLETED,45.06,WEST,CREDIT
TXN0003918,CUST8870,ACC222060,2024-04-28,CREDIT,60382.53,GBP,BR314,REVERSED,1.39,WEST,CHECKING
TXN0003919,CUST7839,ACC563363,2024-02-10,PAYMENT,-23186.01,USD,BR142,COMPLETED,22.87,,CHECKING
TXN0003920,CUST9747,ACC187436,2024-11-04,TRANSFER,-26484.17,USD,BR332,PENDING,51.0,EAST,CHECKING
TXN0003921,CUST5684,ACC599159,2024-04-04,DEBIT,95745.22,EUR,BR756,COMPLETED,65.49,CENTRAL,CREDIT
TXN0003922,CUST7920,ACC306984,2024-03-08,TRANSFER,-32912.1,USD,BR500,FAILED,78.67,SOUTH,CREDIT
TXN0003923,CUST1209,ACC204727,2024-08-12,DEBIT,79365.25,USD,BR177,COMPLETED,12.23,SOUTH,CREDIT
TXN0003924,CUST9564,ACC668714,2024-11-29,PAYMENT,96675.52,USD,BR995,COMPLETED,87.88,EAST,SAVINGS
TXN0003925,CUST2744,ACC718005,2024-07-18,PAYMENT,-8368.85,USD,BR726,COMPLETED,31.3,EAST,LOAN
TXN0003926,CUST1414,ACC325437,2024-12-11,WITHDRAWAL,241.01,USD,BR684,REVERSED,40.1,WEST,CREDIT
TXN0003927,CUST7240,ACC727356,2024-01-15,CREDIT,55191.28,USD,BR676,PENDING,52.31,SOUTH,CREDIT
TXN0003928,CUST3381,ACC610898,2024-08-23,TRANSFER,91757.14,EUR,BR313,COMPLETED,68.89,NORTH,CREDIT
TXN0003929,CUST1869,ACC414531,2024-06-22,CREDIT,25086.86,GBP,BR228,COMPLETED,0.19,WEST,CREDIT
TXN0003930,CUST1927,ACC696985,2024-12-22,WITHDRAWAL,15150.4,GBP,BR487,COMPLETED,61.33,SOUTH,LOAN
TXN0003931,CUST4275,ACC110068,2024-10-22,CREDIT,-39008.21,USD,BR849,COMPLETED,31.94,WEST,CHECKING
TXN0003932,CUST5374,ACC709970,2024-09-28,DEBIT,32522.46,USD,BR122,COMPLETED,23.72,SOUTH,CHECKING
TXN0003933,CUST3636,ACC550631,2024-09-30,CREDIT,-48196.02,USD,BR353,FAILED,4.72,SOUTH,MORTGAGE
TXN0003934,CUST5695,ACC216941,2024-11-14,DEBIT,33103.08,USD,BR903,COMPLETED,79.8,CENTRAL,LOAN
TXN0003935,CUST5105,ACC854955,2024-08-31,WITHDRAWAL,-39832.71,USD,BR654,REVERSED,14.96,EAST,LOAN
TXN0003936,CUST3399,ACC564143,2024-11-28,PAYMENT,96399.66,AUD,BR804,PENDING,81.47,NORTH,CHECKING
TXN0003937,CUST2016,ACC915158,2024-10-05,CREDIT,27894.08,USD,BR857,COMPLETED,34.15,SOUTH,SAVINGS
TXN0003938,CUST5835,ACC773843,2024-08-03,DEBIT,93035.7,USD,BR506,PENDING,46.83,EAST,LOAN
TXN0003939,CUST4342,ACC304261,2024-06-29,DEBIT,17962.6,GBP,BR214,COMPLETED,54.44,WEST,CHECKING
TXN0003940,CUST9866,ACC717545,2024-05-01,PAYMENT,-21981.36,USD,BR747,COMPLETED,93.13,NORTH,SAVINGS
TXN0003941,CUST1529,ACC944906,2024-11-22,CREDIT,-16463.3,EUR,BR480,COMPLETED,26.6,SOUTH,SAVINGS
TXN0003942,CUST6876,ACC765775,2024-04-16,CREDIT,66364.99,USD,BR838,COMPLETED,59.59,EAST,LOAN
TXN0003943,CUST8415,ACC744259,2024-11-19,DEBIT,16537.26,USD,BR548,COMPLETED,70.97,NORTH,SAVINGS
TXN0003944,CUST2679,ACC892244,2024-12-16,TRANSFER,33688.33,GBP,BR757,PENDING,49.17,SOUTH,MORTGAGE
TXN0003945,CUST4675,ACC578417,2024-10-19,WITHDRAWAL,90305.95,EUR,BR912,COMPLETED,33.64,WEST,CHECKING
TXN0003946,CUST7371,ACC100519,2024-12-23,DEBIT,48027.69,EUR,BR392,COMPLETED,94.15,SOUTH,LOAN
TXN0003947,CUST4892,ACC363976,2024-12-20,DEBIT,7727.43,USD,BR235,COMPLETED,82.32,,CREDIT
TXN0003948,CUST9370,ACC891213,2024-06-07,TRANSFER,3534.72,EUR,BR988,COMPLETED,88.01,WEST,SAVINGS
TXN0003949,CUST5712,ACC526947,2024-04-13,CREDIT,74823.82,GBP,BR959,FAILED,26.67,NORTH,CHECKING
TXN0003950,CUST1769,ACC730565,2024-02-29,DEBIT,-29992.54,USD,BR857,FAILED,69.78,SOUTH,SAVINGS
TXN0003951,CUST7251,ACC383894,2024-11-04,TRANSFER,-33467.97,USD,BR293,PENDING,92.23,SOUTH,LOAN
TXN0003952,CUST7349,ACC616533,2024-02-16,DEBIT,-32128.62,EUR,BR985,COMPLETED,37.8,SOUTH,SAVINGS
TXN0003953,CUST7825,ACC761785,2024-11-18,WITHDRAWAL,16070.12,USD,BR502,REVERSED,77.85,SOUTH,SAVINGS
TXN0003954,CUST6122,ACC285107,2024-07-14,CREDIT,98935.5,USD,BR647,PENDING,29.39,SOUTH,SAVINGS
TXN0003955,CUST1881,ACC444603,2024-06-17,DEBIT,2167.09,USD,BR304,COMPLETED,81.59,WEST,CHECKING
TXN0003956,CUST1212,ACC631935,2024-06-07,CREDIT,4809.48,USD,BR560,COMPLETED,4.24,CENTRAL,SAVINGS
TXN0003957,CUST5117,ACC606755,2024-04-06,DEBIT,24658.89,EUR,BR854,COMPLETED,86.67,NORTH,SAVINGS
TXN0003958,CUST4327,ACC639178,2024-01-16,CREDIT,4625.52,EUR,BR637,COMPLETED,77.86,EAST,SAVINGS
TXN0003959,CUST8259,ACC397539,2024-09-19,DEBIT,93540.99,USD,BR108,COMPLETED,81.26,EAST,SAVINGS
TXN0003960,CUST4695,ACC776624,2024-12-10,DEBIT,43434.17,EUR,BR790,COMPLETED,60.8,CENTRAL,SAVINGS
TXN0003961,,ACC414192,2024-10-23,PAYMENT,6022.23,USD,BR323,COMPLETED,63.21,CENTRAL,LOAN
TXN0003962,CUST9955,ACC377033,2024-11-22,DEBIT,34319.38,USD,BR562,FAILED,76.23,SOUTH,SAVINGS
TXN0003963,CUST4218,ACC658041,2024-06-20,CREDIT,29740.39,USD,BR181,COMPLETED,11.26,SOUTH,CHECKING
TXN0003964,CUST4170,ACC361118,2024-04-03,CREDIT,83422.55,EUR,BR578,FAILED,,SOUTH,SAVINGS
TXN0003965,CUST5819,ACC457713,2024-04-29,CREDIT,-9959.52,USD,BR174,COMPLETED,,SOUTH,MORTGAGE
TXN0003966,CUST8353,ACC388660,2024-03-04,CREDIT,-36108.52,USD,BR663,COMPLETED,53.42,CENTRAL,CREDIT
TXN0003967,CUST3906,ACC810769,2024-03-15,DEBIT,65866.03,USD,BR543,COMPLETED,64.44,NORTH,SAVINGS
TXN0003968,CUST2220,ACC688528,2024-01-24,DEBIT,1550.92,EUR,BR429,COMPLETED,68.31,NORTH,SAVINGS
TXN0003969,,ACC627499,2024-03-22,DEBIT,51044.53,USD,BR651,PENDING,61.75,NORTH,LOAN
TXN0003970,CUST3847,ACC423804,2024-03-02,TRANSFER,37380.84,EUR,BR657,COMPLETED,9.71,EAST,CREDIT
TXN0003971,CUST9418,ACC756326,2024-10-27,CREDIT,77629.83,USD,BR121,COMPLETED,59.19,SOUTH,MORTGAGE
TXN0003972,CUST2955,ACC561419,2024-02-05,DEBIT,54798.8,,BR567,COMPLETED,82.5,NORTH,SAVINGS
TXN0003973,CUST7180,ACC216884,2024-06-29,DEBIT,38398.99,GBP,BR391,COMPLETED,96.85,NORTH,CREDIT
TXN0003974,CUST1665,ACC893365,2024-01-13,CREDIT,48370.06,GBP,BR512,COMPLETED,95.84,CENTRAL,SAVINGS
TXN0003975,CUST8020,ACC291029,2024-06-27,PAYMENT,89916.63,USD,BR901,COMPLETED,61.1,SOUTH,SAVINGS
TXN0003976,CUST5572,ACC611265,2024-09-05,TRANSFER,-2305.44,USD,BR219,COMPLETED,53.0,EAST,
TXN0003977,CUST5329,ACC106833,2024-07-12,DEBIT,9571.93,EUR,BR806,COMPLETED,71.72,WEST,SAVINGS
TXN0003978,CUST3131,ACC434713,2024-05-19,CREDIT,-27429.63,GBP,BR250,COMPLETED,26.78,NORTH,CREDIT
TXN0003979,CUST3636,ACC634299,2024-05-24,DEBIT,9875.2,USD,BR140,COMPLETED,70.6,EAST,SAVINGS
TXN0003980,CUST5178,ACC593361,2024-10-15,DEBIT,-2953.77,USD,BR357,PENDING,18.54,NORTH,CREDIT
TXN0003981,CUST1092,ACC619871,2024-11-23,DEBIT,-46256.65,USD,BR956,PENDING,32.93,CENTRAL,LOAN
TXN0003982,CUST6415,ACC271055,2024-08-21,DEBIT,7431.35,USD,BR523,COMPLETED,98.56,WEST,SAVINGS
TXN0003983,CUST8640,ACC287480,2024-05-25,CREDIT,-21937.06,USD,BR445,COMPLETED,35.07,NORTH,SAVINGS
TXN0003984,CUST3536,ACC168744,2024-09-02,DEBIT,49826.81,EUR,BR409,FAILED,62.76,CENTRAL,LOAN
TXN0003985,CUST1654,ACC897376,2024-01-04,DEBIT,-40563.71,USD,BR434,COMPLETED,49.52,EAST,CHECKING
TXN0003986,CUST3518,ACC553000,2024-12-30,DEBIT,-36891.13,USD,BR486,FAILED,94.84,EAST,SAVINGS
TXN0003987,CUST6285,ACC805666,2024-01-26,PAYMENT,70050.77,USD,BR425,COMPLETED,48.55,NORTH,SAVINGS
TXN0003988,CUST1833,ACC419439,2024-01-01,TRANSFER,92721.4,USD,BR544,COMPLETED,41.52,CENTRAL,
TXN0003989,CUST5934,ACC199161,2024-03-12,DEBIT,80883.35,GBP,BR499,PENDING,,SOUTH,CHECKING
TXN0003990,CUST9037,ACC564727,2024-08-03,CREDIT,17010.39,USD,BR326,FAILED,76.09,EAST,CHECKING
TXN0003991,CUST6866,ACC459065,2024-10-14,TRANSFER,92818.24,EUR,BR806,PENDING,87.08,CENTRAL,SAVINGS
TXN0003992,CUST2194,ACC768868,2024-08-25,CREDIT,-38666.56,USD,BR494,COMPLETED,83.54,EAST,CHECKING
TXN0003993,CUST6207,ACC820328,2024-07-21,TRANSFER,37754.53,USD,BR867,COMPLETED,47.62,CENTRAL,CREDIT
TXN0003994,CUST9608,ACC664752,2024-06-05,CREDIT,21193.3,EUR,BR871,REVERSED,85.06,CENTRAL,LOAN
TXN0003995,CUST4603,ACC962514,2024-06-07,DEBIT,,GBP,BR314,REVERSED,68.65,WEST,SAVINGS
TXN0003996,CUST4012,ACC291528,2024-10-05,TRANSFER,38194.24,USD,BR500,COMPLETED,87.96,SOUTH,CHECKING
TXN0003997,CUST9529,ACC302999,2024-12-06,DEBIT,-17318.06,GBP,BR299,COMPLETED,16.63,EAST,CHECKING
TXN0003998,CUST2117,ACC916622,2024-08-10,CREDIT,75266.64,USD,BR822,COMPLETED,4.92,SOUTH,SAVINGS
TXN0003999,CUST9276,ACC213992,2024-09-11,CREDIT,-24101.26,EUR,BR665,,55.48,SOUTH,SAVINGS
TXN0004000,CUST3611,ACC899908,2024-07-24,DEBIT,70392.3,GBP,BR783,COMPLETED,73.19,CENTRAL,LOAN
TXN0004001,CUST7814,ACC343062,2024-06-01,TRANSFER,-9932.27,EUR,BR873,COMPLETED,44.18,CENTRAL,SAVINGS
TXN0004002,CUST9897,ACC323573,2024-10-20,CREDIT,80245.29,GBP,BR216,COMPLETED,88.32,CENTRAL,SAVINGS
TXN0004003,CUST9798,ACC422122,2024-08-17,WITHDRAWAL,71085.21,USD,BR313,PENDING,31.09,NORTH,SAVINGS
TXN0004004,CUST7609,ACC626154,2024-10-30,DEBIT,134.61,USD,BR733,COMPLETED,4.63,SOUTH,SAVINGS
TXN0004005,CUST2506,ACC420218,2024-08-18,CREDIT,46954.86,USD,BR246,PENDING,3.37,SOUTH,MORTGAGE
TXN0004006,CUST6724,ACC435560,2024-06-07,DEBIT,50355.69,USD,BR915,COMPLETED,57.25,CENTRAL,CREDIT
TXN0004007,CUST4624,ACC903650,2024-02-15,TRANSFER,43661.85,EUR,BR775,COMPLETED,66.47,NORTH,CHECKING
TXN0004008,CUST4495,ACC656164,2024-08-02,DEBIT,23876.96,EUR,BR930,COMPLETED,19.08,WEST,SAVINGS
TXN0004009,CUST6437,ACC594797,2024-04-13,DEBIT,53157.66,EUR,BR243,PENDING,,WEST,CREDIT
TXN0004010,CUST6424,ACC207916,2024-07-16,CREDIT,-33200.23,USD,BR280,COMPLETED,69.63,CENTRAL,SAVINGS
TXN0004011,,ACC818008,2024-06-26,WITHDRAWAL,90687.62,USD,BR315,COMPLETED,53.29,WEST,SAVINGS
TXN0004012,CUST5809,ACC414637,2024-08-06,CREDIT,12531.53,USD,BR981,PENDING,88.89,NORTH,CHECKING
TXN0004013,CUST4579,ACC739135,2024-12-19,DEBIT,-36623.05,EUR,BR159,COMPLETED,14.29,CENTRAL,SAVINGS
TXN0004014,CUST9691,ACC320507,2024-01-18,WITHDRAWAL,-8415.25,USD,BR390,FAILED,,WEST,CHECKING
TXN0004015,CUST8780,ACC698745,2024-05-11,DEBIT,6506.05,,BR873,COMPLETED,96.29,NORTH,CHECKING
TXN0004016,CUST1144,ACC804524,2024-06-18,CREDIT,-2023.46,USD,BR287,REVERSED,59.42,SOUTH,LOAN
TXN0004017,CUST2879,ACC262107,2024-01-17,WITHDRAWAL,90776.26,USD,BR199,COMPLETED,67.0,EAST,LOAN
TXN0004018,CUST6668,ACC439492,2024-01-12,WITHDRAWAL,70679.83,USD,BR158,COMPLETED,59.75,EAST,CREDIT
TXN0004019,CUST8301,ACC263984,2024-07-27,CREDIT,14729.59,USD,BR336,COMPLETED,81.4,CENTRAL,CHECKING
TXN0004020,CUST4937,ACC301225,2024-05-05,CREDIT,307.94,USD,BR603,COMPLETED,27.89,EAST,LOAN
TXN0004021,CUST4994,ACC903625,2024-06-29,PAYMENT,-27324.74,USD,BR708,COMPLETED,34.5,EAST,CHECKING
TXN0004022,CUST1653,ACC515487,2024-06-10,TRANSFER,-28829.39,USD,BR867,FAILED,18.68,NORTH,
TXN0004023,CUST6258,ACC923982,2024-12-23,TRANSFER,77027.92,USD,BR684,COMPLETED,86.0,NORTH,CREDIT
TXN0004024,CUST7248,ACC280121,2024-04-22,DEBIT,68629.8,USD,BR662,COMPLETED,,EAST,CREDIT
TXN0004025,CUST2857,ACC993761,2024-08-28,CREDIT,85442.14,GBP,BR934,COMPLETED,69.93,EAST,CREDIT
TXN0004026,CUST7322,ACC265615,2024-04-11,TRANSFER,66067.07,USD,BR290,COMPLETED,77.64,WEST,SAVINGS
TXN0004027,CUST5203,ACC739760,2024-01-20,CREDIT,-44131.08,USD,BR131,COMPLETED,58.48,EAST,SAVINGS
TXN0004028,CUST9851,ACC794776,2024-10-28,CREDIT,51476.19,GBP,BR409,COMPLETED,68.77,CENTRAL,SAVINGS
TXN0004029,CUST5633,ACC264765,2024-07-16,DEBIT,-35782.93,USD,BR758,COMPLETED,93.0,CENTRAL,CHECKING
TXN0004030,CUST1404,ACC441501,2024-05-19,WITHDRAWAL,98434.6,EUR,BR650,COMPLETED,12.99,NORTH,SAVINGS
TXN0004031,CUST9468,ACC641554,2024-10-16,CREDIT,-33918.33,USD,BR556,COMPLETED,36.08,NORTH,CREDIT
TXN0004032,CUST7143,ACC596789,2024-08-06,TRANSFER,29203.82,GBP,BR676,COMPLETED,7.9,WEST,CHECKING
TXN0004033,CUST9426,ACC785234,2024-11-11,DEBIT,-33778.93,USD,BR833,COMPLETED,62.63,WEST,LOAN
TXN0004034,CUST9335,ACC724143,2024-04-05,TRANSFER,37428.83,USD,BR854,REVERSED,52.37,SOUTH,LOAN
TXN0004035,CUST8300,ACC927062,2024-08-25,DEBIT,16409.28,EUR,BR320,COMPLETED,54.34,SOUTH,LOAN
TXN0004036,CUST8975,ACC537160,2024-08-13,CREDIT,42313.53,EUR,BR610,COMPLETED,55.98,EAST,LOAN
TXN0004037,CUST1718,ACC917632,2024-02-10,PAYMENT,30286.61,EUR,BR840,FAILED,26.67,EAST,CHECKING
TXN0004038,CUST5856,ACC861757,2024-02-26,DEBIT,-43465.97,USD,BR147,COMPLETED,73.21,NORTH,SAVINGS
TXN0004039,CUST4154,ACC382468,2024-11-21,CREDIT,76010.66,GBP,BR874,PENDING,92.35,CENTRAL,SAVINGS
TXN0004040,CUST6248,ACC339834,2024-10-16,WITHDRAWAL,40163.61,EUR,BR194,COMPLETED,8.42,EAST,MORTGAGE
TXN0004041,CUST9419,ACC375623,2024-11-28,DEBIT,95115.63,USD,BR278,COMPLETED,88.88,SOUTH,SAVINGS
TXN0004042,CUST2349,ACC594908,2024-07-02,TRANSFER,-12339.46,EUR,BR337,COMPLETED,29.81,,CREDIT
TXN0004043,CUST2572,ACC997830,2024-03-11,PAYMENT,17115.59,USD,BR305,COMPLETED,3.35,SOUTH,CREDIT
TXN0004044,CUST3742,ACC974972,2024-10-18,CREDIT,68639.09,USD,BR443,COMPLETED,33.95,WEST,CREDIT
TXN0004045,CUST9814,ACC418366,2024-12-22,PAYMENT,-4693.88,EUR,BR890,COMPLETED,28.53,CENTRAL,SAVINGS
TXN0004046,CUST9736,ACC488802,2024-07-13,DEBIT,49903.94,EUR,BR558,FAILED,,SOUTH,CREDIT
TXN0004047,CUST1120,ACC252029,2024-04-24,CREDIT,87597.13,USD,BR953,COMPLETED,92.83,WEST,MORTGAGE
TXN0004048,CUST2072,ACC421107,2024-06-13,DEBIT,47182.25,USD,BR818,COMPLETED,50.64,EAST,SAVINGS
TXN0004049,CUST4453,ACC449933,2024-04-15,CREDIT,72811.04,USD,BR682,COMPLETED,24.69,EAST,SAVINGS
TXN0004050,CUST4492,ACC862010,2024-01-26,PAYMENT,82255.8,EUR,BR931,COMPLETED,86.34,WEST,CREDIT
TXN0004051,CUST7950,ACC471126,2024-12-21,PAYMENT,71424.6,USD,BR862,COMPLETED,29.62,SOUTH,CREDIT
TXN0004052,CUST2702,ACC969512,2024-07-08,DEBIT,84136.24,EUR,BR322,,3.9,SOUTH,SAVINGS
TXN0004053,CUST4368,ACC881413,2024-10-30,DEBIT,27298.96,USD,BR857,COMPLETED,47.29,CENTRAL,LOAN
TXN0004054,CUST9810,ACC430664,2024-08-26,CREDIT,23130.03,USD,BR606,PENDING,57.97,NORTH,LOAN
TXN0004055,CUST8130,ACC571552,2024-01-05,DEBIT,88892.91,EUR,BR744,COMPLETED,22.49,SOUTH,SAVINGS
TXN0004056,CUST2181,ACC422979,2024-04-01,TRANSFER,-12539.14,USD,BR582,COMPLETED,68.06,WEST,CHECKING
TXN0004057,CUST3519,ACC545957,2024-07-07,TRANSFER,59174.23,EUR,BR825,COMPLETED,4.63,NORTH,CHECKING
TXN0004058,CUST1389,ACC690648,2024-06-28,CREDIT,28179.35,AUD,BR854,COMPLETED,48.08,SOUTH,LOAN
TXN0004059,CUST8523,ACC512658,2024-02-26,PAYMENT,-47282.4,GBP,BR455,COMPLETED,12.37,EAST,LOAN
TXN0004060,CUST6434,ACC899743,2024-03-23,TRANSFER,27247.76,GBP,BR711,COMPLETED,,EAST,SAVINGS
TXN0004061,CUST1620,ACC537385,2024-09-27,DEBIT,70964.28,USD,BR107,PENDING,87.92,EAST,LOAN
TXN0004062,CUST2433,ACC105948,2024-03-23,PAYMENT,41203.8,EUR,BR182,COMPLETED,50.85,NORTH,CHECKING
TXN0004063,CUST2200,ACC899248,2024-08-24,TRANSFER,-48212.16,AUD,BR283,COMPLETED,15.96,NORTH,SAVINGS
TXN0004064,CUST1889,ACC523709,2024-07-30,CREDIT,77914.55,USD,BR714,COMPLETED,72.4,CENTRAL,SAVINGS
TXN0004065,CUST3916,ACC157994,2024-12-11,DEBIT,86361.77,USD,BR232,COMPLETED,3.12,CENTRAL,LOAN
TXN0004066,CUST5127,ACC528645,2024-04-15,CREDIT,26180.19,GBP,BR703,COMPLETED,33.75,NORTH,CREDIT
TXN0004067,CUST2154,ACC470789,2024-08-06,DEBIT,31975.9,USD,BR952,REVERSED,90.32,NORTH,LOAN
TXN0004068,CUST4729,ACC777162,2024-06-02,DEBIT,-9834.39,USD,BR796,REVERSED,8.03,CENTRAL,CHECKING
TXN0004069,CUST5237,ACC944492,2024-04-30,WITHDRAWAL,-21111.47,USD,BR735,REVERSED,12.09,SOUTH,SAVINGS
TXN0004070,CUST7678,ACC246727,2024-02-10,DEBIT,-7607.05,EUR,BR232,PENDING,14.3,EAST,SAVINGS
TXN0004071,CUST7357,ACC579083,2024-06-09,DEBIT,75903.0,USD,BR733,COMPLETED,96.43,EAST,
TXN0004072,CUST8391,ACC904308,2024-11-10,DEBIT,987.44,USD,BR258,REVERSED,14.53,CENTRAL,CHECKING
TXN0004073,CUST7626,ACC387527,2024-05-28,WITHDRAWAL,-45000.3,GBP,BR124,REVERSED,7.03,SOUTH,CREDIT
TXN0004074,CUST8094,ACC120425,2024-09-25,DEBIT,75827.33,EUR,BR169,COMPLETED,82.77,CENTRAL,CHECKING
TXN0004075,CUST6183,ACC958294,2024-11-13,TRANSFER,-33154.11,USD,BR339,COMPLETED,54.44,NORTH,SAVINGS
TXN0004076,CUST1276,ACC838552,2024-10-13,DEBIT,58256.89,USD,BR314,COMPLETED,2.12,NORTH,SAVINGS
TXN0004077,CUST7381,ACC312035,2024-10-18,CREDIT,-42766.3,GBP,BR554,REVERSED,60.0,EAST,CHECKING
TXN0004078,CUST2938,ACC318742,2024-06-20,WITHDRAWAL,6498.24,EUR,BR114,COMPLETED,95.96,SOUTH,CHECKING
TXN0004079,CUST9762,ACC794214,2024-11-09,CREDIT,92330.78,,BR862,COMPLETED,52.19,EAST,LOAN
TXN0004080,CUST1096,ACC851485,2024-07-20,DEBIT,-16796.58,,BR392,COMPLETED,47.38,SOUTH,LOAN
TXN0004081,CUST2036,ACC368361,2024-06-27,CREDIT,93579.43,GBP,BR428,PENDING,3.06,NORTH,SAVINGS
TXN0004082,CUST1745,ACC409116,2024-05-24,CREDIT,27731.98,GBP,BR585,COMPLETED,41.27,NORTH,MORTGAGE
TXN0004083,CUST2189,ACC972993,2024-07-30,DEBIT,73540.28,USD,BR373,COMPLETED,,WEST,SAVINGS
TXN0004084,CUST6860,ACC491617,2024-12-02,DEBIT,14817.54,USD,BR830,COMPLETED,44.88,WEST,SAVINGS
TXN0004085,CUST9238,ACC124829,2024-08-10,CREDIT,70301.86,AUD,BR107,COMPLETED,26.67,WEST,CHECKING
TXN0004086,CUST2738,ACC437479,2024-05-06,DEBIT,38544.84,,BR777,COMPLETED,6.02,NORTH,SAVINGS
TXN0004087,CUST5748,ACC548264,2024-06-01,CREDIT,45214.55,EUR,BR665,COMPLETED,38.79,NORTH,LOAN
TXN0004088,CUST5937,ACC929339,2024-06-18,CREDIT,94214.57,USD,BR429,COMPLETED,80.59,CENTRAL,CREDIT
TXN0004089,CUST2417,ACC500982,2024-05-14,WITHDRAWAL,66684.01,EUR,BR150,COMPLETED,0.48,SOUTH,LOAN
TXN0004090,CUST5612,ACC441505,2024-05-29,DEBIT,99947.51,USD,BR841,COMPLETED,50.97,WEST,MORTGAGE
TXN0004091,CUST8170,ACC685176,2024-04-23,DEBIT,-35418.0,USD,BR583,COMPLETED,64.08,SOUTH,CHECKING
TXN0004092,CUST7249,ACC687173,2024-06-06,WITHDRAWAL,55248.3,EUR,BR822,COMPLETED,72.94,CENTRAL,SAVINGS
TXN0004093,CUST7473,ACC874915,2024-12-29,CREDIT,35259.35,GBP,BR403,COMPLETED,52.62,SOUTH,CREDIT
TXN0004094,CUST1504,ACC309140,2024-05-11,PAYMENT,12702.95,USD,BR716,COMPLETED,21.75,EAST,SAVINGS
TXN0004095,CUST8765,ACC936212,2024-02-07,TRANSFER,83456.25,USD,BR753,COMPLETED,76.4,NORTH,CHECKING
TXN0004096,CUST3561,ACC325422,2024-06-05,DEBIT,94120.29,EUR,BR180,REVERSED,46.94,NORTH,MORTGAGE
TXN0004097,CUST9740,ACC747554,2024-11-09,DEBIT,-38737.05,USD,BR182,COMPLETED,10.38,SOUTH,CHECKING
TXN0004098,CUST4602,ACC627374,2024-03-03,CREDIT,86888.52,USD,BR331,COMPLETED,63.2,CENTRAL,MORTGAGE
TXN0004099,CUST3234,ACC561481,2024-07-21,DEBIT,82014.7,EUR,BR718,COMPLETED,55.49,EAST,CHECKING
TXN0004100,,ACC998004,2024-10-18,DEBIT,85857.65,AUD,BR259,COMPLETED,89.02,SOUTH,SAVINGS
TXN0004101,CUST9941,ACC387271,2024-11-04,CREDIT,94418.75,EUR,BR651,COMPLETED,31.32,WEST,SAVINGS
TXN0004102,CUST5832,ACC212024,2024-10-28,DEBIT,74419.01,USD,BR237,PENDING,97.05,SOUTH,SAVINGS
TXN0004103,CUST3360,ACC178042,2024-05-05,TRANSFER,66366.96,USD,BR301,PENDING,47.88,NORTH,CHECKING
TXN0004104,CUST5883,ACC354948,2024-11-07,DEBIT,-28372.0,AUD,BR994,COMPLETED,68.53,WEST,CHECKING
TXN0004105,CUST7113,ACC268210,2024-05-04,DEBIT,-32787.22,USD,BR521,COMPLETED,70.73,NORTH,LOAN
TXN0004106,CUST1182,ACC441293,2024-12-27,TRANSFER,55847.91,EUR,BR693,COMPLETED,83.8,EAST,CHECKING
TXN0004107,CUST3316,ACC857962,2024-05-12,PAYMENT,58613.12,EUR,BR532,COMPLETED,54.79,CENTRAL,SAVINGS
TXN0004108,CUST3019,ACC602983,2024-05-21,CREDIT,2007.46,USD,BR866,FAILED,28.11,CENTRAL,CHECKING
TXN0004109,CUST1684,ACC856300,2024-10-23,CREDIT,28552.81,GBP,BR419,PENDING,96.8,EAST,SAVINGS
TXN0004110,CUST1082,ACC721742,2024-08-18,DEBIT,-21478.11,GBP,BR738,COMPLETED,82.7,EAST,LOAN
TXN0004111,CUST7456,ACC592696,2024-05-25,WITHDRAWAL,66598.86,USD,BR345,COMPLETED,96.46,EAST,SAVINGS
TXN0004112,CUST9800,ACC148234,2024-04-25,TRANSFER,-42263.82,GBP,BR659,COMPLETED,58.66,CENTRAL,MORTGAGE
TXN0004113,CUST9970,ACC919176,2024-10-21,TRANSFER,72736.96,USD,BR960,COMPLETED,23.75,WEST,CREDIT
TXN0004114,CUST2394,ACC791450,2024-05-18,DEBIT,-9878.58,USD,BR251,COMPLETED,87.94,SOUTH,SAVINGS
TXN0004115,CUST5992,ACC509010,2024-07-28,TRANSFER,26387.24,USD,BR891,COMPLETED,64.46,CENTRAL,LOAN
TXN0004116,CUST4441,ACC821211,2024-05-15,TRANSFER,33999.93,EUR,BR543,PENDING,98.67,CENTRAL,SAVINGS
TXN0004117,CUST6633,ACC840807,2024-01-09,TRANSFER,75879.34,USD,BR674,COMPLETED,85.31,NORTH,CREDIT
TXN0004118,CUST4469,ACC610699,2024-09-26,CREDIT,37718.19,USD,BR329,PENDING,55.84,CENTRAL,LOAN
TXN0004119,CUST7760,ACC361982,2024-12-12,CREDIT,53536.35,GBP,BR189,COMPLETED,88.45,NORTH,SAVINGS
TXN0004120,CUST9397,ACC393750,2024-12-02,TRANSFER,-1845.25,GBP,BR344,COMPLETED,40.95,EAST,SAVINGS
TXN0004121,CUST3333,ACC736176,2024-12-24,TRANSFER,-38772.25,EUR,BR661,COMPLETED,48.79,CENTRAL,CHECKING
TXN0004122,CUST3637,ACC714585,2024-10-14,CREDIT,-24175.52,USD,BR114,COMPLETED,27.6,NORTH,LOAN
TXN0004123,CUST4014,ACC493235,2024-03-28,CREDIT,-49325.02,USD,BR804,COMPLETED,7.82,NORTH,LOAN
TXN0004124,CUST4617,ACC162198,2024-03-15,CREDIT,36808.73,USD,BR119,PENDING,12.09,NORTH,SAVINGS
TXN0004125,CUST5140,ACC206367,2024-04-24,TRANSFER,-49926.85,EUR,BR831,COMPLETED,58.38,NORTH,SAVINGS
TXN0004126,CUST4183,ACC158840,2024-01-25,TRANSFER,-16386.21,USD,BR801,COMPLETED,60.99,WEST,SAVINGS
TXN0004127,CUST2877,ACC770699,2024-10-30,TRANSFER,58599.06,USD,BR323,COMPLETED,53.53,NORTH,LOAN
TXN0004128,CUST3971,ACC459338,2024-06-17,DEBIT,-11042.51,USD,BR355,COMPLETED,10.8,CENTRAL,LOAN
TXN0004129,CUST1891,ACC389455,2024-09-13,PAYMENT,14910.32,AUD,BR675,COMPLETED,28.78,EAST,SAVINGS
TXN0004130,CUST9992,ACC664024,2024-08-03,WITHDRAWAL,12587.95,EUR,BR302,COMPLETED,65.7,SOUTH,CREDIT
TXN0004131,CUST8557,ACC487395,2024-03-06,PAYMENT,53027.27,USD,BR950,COMPLETED,55.57,EAST,SAVINGS
TXN0004132,CUST2198,ACC559406,2024-11-05,CREDIT,24315.44,,BR340,COMPLETED,53.87,NORTH,MORTGAGE
TXN0004133,CUST5762,ACC398042,2024-09-01,PAYMENT,85225.98,EUR,BR544,COMPLETED,62.41,SOUTH,SAVINGS
TXN0004134,CUST2103,ACC216424,2024-04-21,CREDIT,-32002.51,USD,BR867,COMPLETED,79.41,NORTH,LOAN
TXN0004135,CUST5107,ACC594761,2024-10-21,CREDIT,12935.46,USD,BR566,COMPLETED,2.19,NORTH,SAVINGS
TXN0004136,CUST2608,ACC240807,2024-12-08,DEBIT,3163.43,AUD,BR865,COMPLETED,23.77,WEST,MORTGAGE
TXN0004137,CUST4234,ACC886249,2024-09-29,PAYMENT,77593.12,USD,BR885,COMPLETED,99.75,WEST,SAVINGS
TXN0004138,,ACC177582,2024-11-24,PAYMENT,87852.58,EUR,BR953,COMPLETED,14.55,WEST,SAVINGS
TXN0004139,CUST6420,ACC440310,2024-09-24,DEBIT,44757.76,EUR,BR303,REVERSED,96.72,WEST,CHECKING
TXN0004140,CUST6851,ACC912901,2024-10-25,TRANSFER,-18337.73,GBP,BR819,,86.14,CENTRAL,SAVINGS
TXN0004141,,ACC868028,2024-05-18,WITHDRAWAL,-7188.57,USD,BR514,COMPLETED,15.02,SOUTH,LOAN
TXN0004142,CUST4842,ACC533877,2024-02-21,TRANSFER,36204.92,AUD,BR171,PENDING,82.54,CENTRAL,CHECKING
TXN0004143,CUST2639,ACC964352,2024-05-07,CREDIT,1804.54,EUR,BR406,COMPLETED,12.21,EAST,SAVINGS
TXN0004144,CUST5671,ACC259145,2024-03-21,CREDIT,-41398.95,USD,BR836,REVERSED,97.19,CENTRAL,CHECKING
TXN0004145,CUST2143,ACC257726,2024-02-23,CREDIT,-14731.87,USD,BR163,PENDING,12.52,WEST,CHECKING
TXN0004146,CUST4170,ACC718458,2024-01-05,DEBIT,25196.41,USD,BR390,COMPLETED,33.11,CENTRAL,CHECKING
TXN0004147,CUST6206,ACC413372,2024-10-19,CREDIT,51311.83,USD,BR610,,43.92,NORTH,LOAN
TXN0004148,CUST8960,ACC701975,2024-08-16,DEBIT,9413.94,EUR,BR789,COMPLETED,51.49,WEST,CHECKING
TXN0004149,CUST8383,ACC309709,2024-03-07,CREDIT,47386.79,USD,BR523,COMPLETED,30.62,CENTRAL,CHECKING
TXN0004150,CUST6379,ACC689128,2024-02-01,DEBIT,9690.34,USD,BR178,COMPLETED,45.49,CENTRAL,LOAN
TXN0004151,CUST6008,ACC192280,2024-12-19,DEBIT,2756.44,EUR,BR720,COMPLETED,13.05,NORTH,CHECKING
TXN0004152,CUST3496,ACC559550,2024-03-29,TRANSFER,29254.48,EUR,BR395,COMPLETED,1.27,WEST,LOAN
TXN0004153,CUST6971,ACC357138,2024-02-28,DEBIT,-28374.8,GBP,BR473,COMPLETED,90.23,SOUTH,CHECKING
TXN0004154,CUST6182,ACC443767,2024-09-02,WITHDRAWAL,58616.5,USD,BR530,COMPLETED,57.82,WEST,SAVINGS
TXN0004155,CUST8017,ACC700554,2024-01-23,PAYMENT,89810.64,GBP,BR189,COMPLETED,45.39,WEST,CHECKING
TXN0004156,CUST3762,ACC673136,2024-09-02,TRANSFER,81626.17,USD,BR785,REVERSED,45.24,EAST,LOAN
TXN0004157,CUST1079,ACC899840,2024-06-16,CREDIT,-21495.46,USD,BR837,REVERSED,52.94,WEST,CREDIT
TXN0004158,CUST6131,ACC792784,2024-06-03,DEBIT,83153.13,EUR,BR427,COMPLETED,27.79,EAST,CREDIT
TXN0004159,CUST5033,ACC373383,2024-09-22,PAYMENT,65329.5,EUR,BR648,PENDING,72.04,NORTH,CHECKING
TXN0004160,CUST4629,ACC683715,2024-06-27,CREDIT,77052.98,GBP,BR210,PENDING,40.67,CENTRAL,SAVINGS
TXN0004161,CUST8145,ACC656822,2024-04-08,CREDIT,-46554.96,EUR,BR617,COMPLETED,95.57,CENTRAL,SAVINGS
TXN0004162,CUST5533,ACC957011,2024-05-26,WITHDRAWAL,99426.32,USD,BR213,REVERSED,11.86,WEST,CHECKING
TXN0004163,CUST6889,ACC405575,2024-11-18,DEBIT,98982.64,USD,BR760,COMPLETED,70.29,EAST,SAVINGS
TXN0004164,CUST3200,ACC823066,2024-12-29,DEBIT,84001.83,EUR,BR176,COMPLETED,71.26,NORTH,CHECKING
TXN0004165,CUST6432,ACC122913,2024-07-30,PAYMENT,96847.87,EUR,BR111,COMPLETED,61.72,WEST,LOAN
TXN0004166,CUST8863,ACC247290,2024-07-08,DEBIT,32887.6,GBP,BR507,COMPLETED,18.63,WEST,SAVINGS
TXN0004167,CUST8583,ACC909606,2024-06-21,TRANSFER,23379.62,AUD,BR816,PENDING,58.51,CENTRAL,CHECKING
TXN0004168,CUST8296,ACC907304,2024-08-29,DEBIT,-11799.03,USD,BR724,COMPLETED,77.92,NORTH,CHECKING
TXN0004169,CUST6877,ACC171307,2024-10-26,DEBIT,87528.11,USD,BR716,COMPLETED,82.37,CENTRAL,CHECKING
TXN0004170,CUST6004,ACC924076,2024-03-08,CREDIT,11983.13,USD,BR395,COMPLETED,35.24,WEST,SAVINGS
TXN0004171,CUST8978,ACC833218,2024-03-05,DEBIT,83890.06,USD,BR777,COMPLETED,42.79,NORTH,CHECKING
TXN0004172,CUST2783,ACC845959,2024-01-20,DEBIT,50425.19,EUR,BR254,COMPLETED,83.12,WEST,
TXN0004173,CUST3879,ACC874958,2024-05-05,CREDIT,35276.56,USD,BR917,PENDING,21.01,EAST,SAVINGS
TXN0004174,CUST2343,ACC429212,2024-01-06,TRANSFER,72211.49,EUR,BR912,COMPLETED,32.65,NORTH,SAVINGS
TXN0004175,CUST5597,ACC994889,2024-01-22,CREDIT,89865.5,GBP,BR692,COMPLETED,66.44,SOUTH,LOAN
TXN0004176,CUST3293,ACC478776,2024-06-03,DEBIT,4455.81,EUR,BR288,COMPLETED,3.54,CENTRAL,MORTGAGE
TXN0004177,CUST9824,ACC910237,2024-05-22,CREDIT,-12305.69,USD,BR268,FAILED,88.56,NORTH,SAVINGS
TXN0004178,CUST4218,ACC567497,2024-10-17,WITHDRAWAL,31613.2,USD,BR341,PENDING,59.83,NORTH,CREDIT
TXN0004179,CUST5312,ACC883572,2024-08-09,CREDIT,-32214.5,EUR,BR165,COMPLETED,26.32,CENTRAL,CHECKING
TXN0004180,CUST2252,ACC325247,2024-06-04,CREDIT,61880.56,USD,BR860,COMPLETED,61.94,EAST,CHECKING
TXN0004181,CUST2235,ACC293084,2024-07-14,CREDIT,53174.39,USD,BR735,COMPLETED,36.04,WEST,CHECKING
TXN0004182,CUST1305,ACC436873,2024-02-02,DEBIT,78286.08,USD,BR602,COMPLETED,49.22,EAST,SAVINGS
TXN0004183,CUST9309,ACC591075,2024-03-16,WITHDRAWAL,-19988.36,EUR,BR861,COMPLETED,40.89,CENTRAL,SAVINGS
TXN0004184,CUST1511,ACC338742,2024-11-08,DEBIT,-13189.97,EUR,BR616,FAILED,5.86,SOUTH,CHECKING
TXN0004185,CUST7637,ACC583187,2024-04-24,PAYMENT,82676.84,USD,BR693,COMPLETED,68.49,SOUTH,CHECKING
TXN0004186,CUST4485,ACC479798,2024-10-17,TRANSFER,-44579.48,USD,BR829,COMPLETED,44.27,SOUTH,LOAN
TXN0004187,CUST1600,ACC449188,2024-01-28,CREDIT,-17112.83,USD,BR991,REVERSED,93.26,SOUTH,CREDIT
TXN0004188,CUST5269,ACC308651,2024-01-15,DEBIT,-9305.71,EUR,BR451,COMPLETED,58.01,WEST,CHECKING
TXN0004189,,ACC810587,2024-03-13,TRANSFER,72336.85,USD,BR830,COMPLETED,26.94,SOUTH,CHECKING
TXN0004190,CUST9842,ACC838260,2024-07-01,TRANSFER,-8111.96,EUR,BR792,REVERSED,65.02,SOUTH,LOAN
TXN0004191,CUST8734,ACC371608,2024-02-24,CREDIT,-28886.28,GBP,BR635,COMPLETED,97.39,CENTRAL,SAVINGS
TXN0004192,CUST3435,ACC367762,2024-03-10,PAYMENT,45859.97,AUD,BR694,COMPLETED,89.5,NORTH,CHECKING
TXN0004193,CUST6993,ACC732938,2024-02-28,DEBIT,27243.73,USD,BR315,COMPLETED,68.44,CENTRAL,SAVINGS
TXN0004194,CUST7430,ACC883968,2024-04-14,PAYMENT,2930.54,USD,BR759,REVERSED,28.88,NORTH,CHECKING
TXN0004195,CUST4658,ACC124262,2024-08-24,CREDIT,31858.85,USD,BR765,COMPLETED,89.53,WEST,CREDIT
TXN0004196,,ACC247083,2024-06-19,DEBIT,26491.92,USD,BR250,COMPLETED,3.98,NORTH,SAVINGS
TXN0004197,CUST3193,ACC224980,2024-07-20,WITHDRAWAL,38426.68,GBP,BR142,COMPLETED,20.42,SOUTH,LOAN
TXN0004198,CUST8613,ACC773437,2024-07-01,TRANSFER,-47723.35,USD,BR165,PENDING,49.48,SOUTH,SAVINGS
TXN0004199,CUST9210,ACC530732,2024-09-27,DEBIT,41786.88,USD,BR913,COMPLETED,39.07,EAST,CHECKING
TXN0004200,CUST9362,ACC548088,2024-12-27,DEBIT,5933.48,EUR,BR139,COMPLETED,14.69,EAST,CREDIT
TXN0004201,CUST2483,ACC515559,2024-10-31,PAYMENT,41983.71,USD,BR796,FAILED,5.46,NORTH,SAVINGS
TXN0004202,CUST7500,ACC945220,2024-07-19,PAYMENT,-23333.01,GBP,BR672,COMPLETED,23.27,NORTH,CREDIT
TXN0004203,CUST6961,ACC609982,2024-04-07,PAYMENT,49645.61,USD,BR713,COMPLETED,80.59,NORTH,CHECKING
TXN0004204,CUST9227,ACC936865,2024-06-18,DEBIT,39685.33,USD,BR912,COMPLETED,89.66,CENTRAL,LOAN
TXN0004205,CUST1173,ACC150364,2024-10-25,DEBIT,71535.3,USD,BR630,COMPLETED,14.05,EAST,CREDIT
TXN0004206,CUST4913,ACC972073,2024-06-21,CREDIT,92780.87,USD,BR804,COMPLETED,90.25,WEST,SAVINGS
TXN0004207,CUST3717,ACC654064,2024-11-17,TRANSFER,15338.66,USD,BR176,COMPLETED,67.61,WEST,CREDIT
TXN0004208,CUST9423,ACC163214,2024-12-12,DEBIT,-25515.11,EUR,BR107,COMPLETED,6.17,WEST,SAVINGS
TXN0004209,CUST3299,ACC637145,2024-08-29,PAYMENT,-14001.1,GBP,BR592,COMPLETED,45.93,NORTH,CHECKING
TXN0004210,CUST8310,ACC491616,2024-01-02,DEBIT,30830.87,AUD,BR262,COMPLETED,69.4,SOUTH,SAVINGS
TXN0004211,CUST3608,ACC116988,2024-10-11,DEBIT,-37563.85,EUR,BR335,FAILED,58.52,NORTH,CREDIT
TXN0004212,CUST3935,ACC693194,2024-08-08,DEBIT,-23897.42,USD,BR251,COMPLETED,47.66,CENTRAL,CHECKING
TXN0004213,CUST3395,ACC558444,2024-02-10,DEBIT,1068.43,EUR,BR844,COMPLETED,75.85,WEST,SAVINGS
TXN0004214,CUST8921,ACC133642,2024-10-20,PAYMENT,85866.24,USD,BR916,COMPLETED,42.1,EAST,CHECKING
TXN0004215,CUST6878,ACC628704,2024-11-08,PAYMENT,-31585.12,EUR,BR245,COMPLETED,46.42,WEST,CHECKING
TXN0004216,CUST1662,ACC937055,2024-04-21,WITHDRAWAL,-19120.95,GBP,BR769,COMPLETED,96.86,NORTH,MORTGAGE
TXN0004217,CUST4585,ACC442957,2024-02-05,CREDIT,60929.49,USD,BR969,COMPLETED,36.94,SOUTH,MORTGAGE
TXN0004218,CUST8989,ACC928519,2024-05-13,TRANSFER,55557.64,USD,BR788,COMPLETED,53.41,EAST,LOAN
TXN0004219,CUST4796,ACC664982,2024-12-27,CREDIT,99918.16,USD,BR936,FAILED,65.34,SOUTH,SAVINGS
TXN0004220,CUST2029,ACC615909,2024-07-03,DEBIT,94787.79,EUR,BR609,REVERSED,82.3,SOUTH,LOAN
TXN0004221,CUST5331,ACC396376,2024-10-09,CREDIT,45217.11,USD,BR407,COMPLETED,20.3,NORTH,CHECKING
TXN0004222,CUST7052,ACC702737,2024-06-01,DEBIT,20544.92,EUR,BR858,COMPLETED,20.74,WEST,CREDIT
TXN0004223,CUST4834,ACC449964,2024-04-06,CREDIT,34153.55,USD,BR550,COMPLETED,74.06,SOUTH,CHECKING
TXN0004224,CUST1701,ACC765189,2024-05-12,DEBIT,62259.85,EUR,BR631,FAILED,29.31,CENTRAL,CHECKING
TXN0004225,CUST4387,ACC170369,2027-01-01,CREDIT,92644.76,GBP,BR342,PENDING,7.71,NORTH,LOAN
TXN0004226,CUST9485,ACC870109,2024-06-16,TRANSFER,-25850.12,,BR920,COMPLETED,5.8,EAST,CHECKING
TXN0004227,CUST6918,ACC179222,2024-07-22,CREDIT,94285.02,GBP,BR135,COMPLETED,34.69,NORTH,CHECKING
TXN0004228,CUST7358,ACC692767,2024-07-17,DEBIT,89246.89,EUR,BR192,PENDING,73.62,NORTH,CHECKING
TXN0004229,,ACC196619,2024-04-23,PAYMENT,77529.84,USD,BR739,PENDING,28.12,SOUTH,CHECKING
TXN0004230,CUST8448,ACC685410,2024-02-13,PAYMENT,-29869.79,USD,BR879,COMPLETED,95.01,SOUTH,MORTGAGE
TXN0004231,CUST1760,ACC918506,2024-02-07,CREDIT,27088.28,USD,BR416,PENDING,27.59,WEST,SAVINGS
TXN0004232,CUST1653,ACC217791,2024-04-24,CREDIT,-36810.42,USD,BR373,COMPLETED,30.61,EAST,CREDIT
TXN0004233,CUST6309,ACC657593,2024-10-04,CREDIT,18152.54,USD,BR226,COMPLETED,91.01,EAST,SAVINGS
TXN0004234,CUST2691,ACC265909,2024-10-08,WITHDRAWAL,-37900.14,GBP,BR106,PENDING,73.39,EAST,SAVINGS
TXN0004235,CUST9542,ACC937383,2024-07-08,CREDIT,95973.97,USD,BR621,PENDING,21.24,SOUTH,MORTGAGE
TXN0004236,CUST5480,ACC638444,2024-01-25,TRANSFER,13074.22,USD,BR648,REVERSED,61.52,SOUTH,SAVINGS
TXN0004237,CUST5314,ACC987409,2024-04-14,CREDIT,34604.26,EUR,BR308,COMPLETED,71.68,NORTH,MORTGAGE
TXN0004238,CUST9918,ACC992847,2024-05-31,DEBIT,4428.2,USD,BR414,FAILED,75.52,SOUTH,
TXN0004239,CUST3848,ACC191991,2024-04-03,CREDIT,87126.1,USD,BR879,COMPLETED,22.6,NORTH,CHECKING
TXN0004240,CUST7171,ACC701804,2024-04-07,CREDIT,-29972.07,GBP,BR375,COMPLETED,12.25,SOUTH,LOAN
TXN0004241,CUST7201,ACC591202,2024-07-27,CREDIT,7986.2,USD,BR356,PENDING,57.59,NORTH,CHECKING
TXN0004242,CUST6985,ACC739664,2024-03-21,DEBIT,63760.07,USD,BR255,COMPLETED,80.8,SOUTH,LOAN
TXN0004243,CUST2275,ACC781756,2024-12-09,TRANSFER,-7060.48,USD,BR447,COMPLETED,47.86,WEST,CREDIT
TXN0004244,CUST9465,ACC300160,2024-03-10,CREDIT,18224.7,USD,BR354,COMPLETED,39.51,EAST,CHECKING
TXN0004245,CUST5121,ACC888432,2024-01-18,PAYMENT,66541.75,USD,BR597,PENDING,66.46,NORTH,CHECKING
TXN0004246,CUST7165,ACC176633,2024-05-07,WITHDRAWAL,50041.9,USD,BR398,COMPLETED,0.39,EAST,LOAN
TXN0004247,CUST4651,ACC904378,2024-04-09,DEBIT,-8364.06,USD,BR241,COMPLETED,97.6,WEST,CHECKING
TXN0004248,CUST9460,ACC817176,2024-06-07,WITHDRAWAL,99097.12,USD,BR373,COMPLETED,9.64,WEST,SAVINGS
TXN0004249,CUST7649,ACC551880,2024-08-22,TRANSFER,75840.93,USD,BR712,COMPLETED,,EAST,CREDIT
TXN0004250,CUST6781,ACC957479,2024-05-29,TRANSFER,-7718.84,GBP,BR876,COMPLETED,36.78,EAST,CREDIT
TXN0004251,CUST6653,ACC390313,2024-04-03,CREDIT,-12993.73,GBP,BR407,PENDING,38.05,CENTRAL,LOAN
TXN0004252,CUST8976,ACC588337,2024-05-15,DEBIT,-39016.48,EUR,BR194,COMPLETED,3.11,EAST,CHECKING
TXN0004253,,ACC573210,2024-07-27,TRANSFER,61447.63,AUD,BR926,COMPLETED,76.91,NORTH,CHECKING
TXN0004254,CUST1108,ACC874831,2024-04-16,CREDIT,-22058.11,USD,BR607,COMPLETED,47.65,SOUTH,LOAN
TXN0004255,CUST9222,ACC259598,2024-12-01,DEBIT,,USD,BR613,COMPLETED,98.59,SOUTH,SAVINGS
TXN0004256,CUST3276,ACC782039,2024-02-25,PAYMENT,55033.24,USD,BR439,PENDING,90.26,WEST,SAVINGS
TXN0004257,CUST8207,ACC446480,2024-01-10,DEBIT,74047.46,USD,BR662,PENDING,69.97,CENTRAL,CHECKING
TXN0004258,CUST3713,ACC176573,2024-06-03,CREDIT,14677.55,USD,BR369,COMPLETED,94.06,EAST,SAVINGS
TXN0004259,CUST4768,ACC290498,2024-04-28,DEBIT,49446.96,USD,BR586,COMPLETED,13.61,NORTH,MORTGAGE
TXN0004260,CUST2263,ACC779309,2024-12-05,CREDIT,14042.83,AUD,BR866,COMPLETED,60.43,SOUTH,LOAN
TXN0004261,CUST9430,ACC703165,2024-08-18,DEBIT,20299.04,USD,BR611,COMPLETED,87.23,SOUTH,CREDIT
TXN0004262,CUST5600,ACC456316,2024-12-31,DEBIT,35967.78,USD,BR144,COMPLETED,,SOUTH,MORTGAGE
TXN0004263,CUST4465,ACC576102,2024-10-23,PAYMENT,-42509.42,USD,BR259,COMPLETED,15.96,WEST,CHECKING
TXN0004264,CUST3461,ACC653348,2024-07-31,CREDIT,13682.6,USD,BR320,REVERSED,7.08,NORTH,CHECKING
TXN0004265,CUST4062,ACC919056,2024-09-15,DEBIT,45959.66,AUD,BR697,COMPLETED,21.64,EAST,CREDIT
TXN0004266,CUST3578,ACC826229,2024-12-20,WITHDRAWAL,93955.3,GBP,BR233,PENDING,21.79,CENTRAL,SAVINGS
TXN0004267,CUST6934,ACC875378,2024-12-11,CREDIT,-11448.87,USD,BR619,COMPLETED,4.0,SOUTH,SAVINGS
TXN0004268,CUST2938,ACC960050,2024-12-02,PAYMENT,22310.55,USD,BR786,COMPLETED,92.18,CENTRAL,SAVINGS
TXN0004269,CUST4773,ACC553401,2024-07-21,DEBIT,45212.45,EUR,BR755,PENDING,42.03,CENTRAL,LOAN
TXN0004270,CUST7793,ACC122527,2024-10-03,CREDIT,62673.38,USD,BR294,COMPLETED,82.83,EAST,LOAN
TXN0004271,CUST6410,ACC520967,2024-01-15,DEBIT,56864.56,USD,BR183,,29.85,SOUTH,CHECKING
TXN0004272,CUST2856,ACC702656,2024-01-17,WITHDRAWAL,-35361.07,EUR,BR156,FAILED,74.07,EAST,SAVINGS
TXN0004273,CUST8889,ACC408086,2024-10-09,CREDIT,49280.12,USD,BR717,COMPLETED,17.85,WEST,CREDIT
TXN0004274,CUST8844,ACC106662,2024-11-29,CREDIT,-40772.46,GBP,BR167,COMPLETED,91.66,SOUTH,LOAN
TXN0004275,CUST8848,ACC753986,2024-06-09,DEBIT,-49769.48,USD,BR483,COMPLETED,82.45,SOUTH,SAVINGS
TXN0004276,CUST4452,ACC968454,2024-12-29,TRANSFER,-15430.83,GBP,BR549,COMPLETED,64.37,NORTH,SAVINGS
TXN0004277,CUST3641,ACC508889,2024-12-28,TRANSFER,-12451.58,USD,BR170,COMPLETED,97.86,SOUTH,CREDIT
TXN0004278,CUST7732,ACC119788,2024-03-13,TRANSFER,61251.89,EUR,BR711,COMPLETED,94.01,SOUTH,SAVINGS
TXN0004279,CUST1367,ACC108952,2024-10-18,CREDIT,76927.66,USD,BR986,REVERSED,53.76,EAST,MORTGAGE
TXN0004280,CUST4992,ACC336170,2024-05-23,DEBIT,-23987.45,EUR,BR195,COMPLETED,60.02,NORTH,SAVINGS
TXN0004281,CUST1706,ACC438044,2024-07-14,WITHDRAWAL,-47323.45,USD,BR110,COMPLETED,63.29,CENTRAL,SAVINGS
TXN0004282,CUST3095,ACC547898,2024-10-25,PAYMENT,-37260.08,GBP,BR399,COMPLETED,62.86,EAST,LOAN
TXN0004283,CUST3639,ACC257805,2027-01-01,DEBIT,31938.58,USD,BR756,COMPLETED,70.63,NORTH,LOAN
TXN0004284,CUST3207,ACC371426,2024-03-19,CREDIT,20316.33,USD,BR345,,47.06,CENTRAL,LOAN
TXN0004285,CUST9399,ACC997135,2024-11-30,CREDIT,21351.69,AUD,BR856,COMPLETED,37.48,EAST,LOAN
TXN0004286,CUST1642,ACC333717,2024-02-15,DEBIT,43130.89,USD,BR706,COMPLETED,77.88,CENTRAL,LOAN
TXN0004287,CUST3406,ACC712763,2024-11-27,TRANSFER,1868.86,AUD,BR555,PENDING,29.91,WEST,CREDIT
TXN0004288,CUST1916,ACC807304,2024-12-05,DEBIT,-16746.69,AUD,BR887,COMPLETED,30.89,WEST,SAVINGS
TXN0004289,CUST3725,ACC905074,2024-09-06,CREDIT,79972.27,GBP,BR691,COMPLETED,74.56,NORTH,MORTGAGE
TXN0004290,CUST5231,ACC442485,2024-08-12,DEBIT,62046.26,USD,BR820,COMPLETED,,EAST,SAVINGS
TXN0004291,CUST3949,ACC658224,2024-05-26,CREDIT,-7624.8,USD,BR929,REVERSED,99.34,WEST,SAVINGS
TXN0004292,CUST9464,ACC579989,2024-02-02,DEBIT,-30012.43,USD,BR279,COMPLETED,30.44,CENTRAL,SAVINGS
TXN0004293,CUST7642,ACC785362,2024-08-26,WITHDRAWAL,-18238.51,USD,BR345,FAILED,23.89,NORTH,LOAN
TXN0004294,CUST1305,ACC797724,2024-05-14,DEBIT,-16103.48,GBP,BR417,COMPLETED,42.45,WEST,LOAN
TXN0004295,CUST5644,ACC310062,2024-04-06,DEBIT,42394.79,USD,BR192,FAILED,11.28,CENTRAL,SAVINGS
TXN0004296,CUST2404,ACC907327,2024-01-20,WITHDRAWAL,-29910.14,USD,BR128,COMPLETED,90.63,EAST,CREDIT
TXN0004297,CUST4548,ACC961431,2024-06-03,DEBIT,-30777.69,USD,BR785,COMPLETED,61.19,SOUTH,CHECKING
TXN0004298,CUST8359,ACC702342,2024-04-16,CREDIT,82760.88,USD,BR865,COMPLETED,87.67,CENTRAL,CREDIT
TXN0004299,CUST8723,ACC471872,2024-06-12,CREDIT,23880.92,USD,BR985,FAILED,35.46,NORTH,
TXN0004300,CUST8891,ACC849631,2024-01-30,CREDIT,17651.81,EUR,BR256,COMPLETED,81.7,SOUTH,SAVINGS
TXN0004301,CUST3794,ACC704877,2024-03-20,DEBIT,-22781.29,EUR,BR970,REVERSED,68.4,CENTRAL,CREDIT
TXN0004302,CUST4594,ACC260017,2024-04-26,CREDIT,18428.16,USD,BR408,COMPLETED,68.49,SOUTH,LOAN
TXN0004303,CUST7730,ACC298020,2024-10-01,CREDIT,4316.8,USD,BR247,COMPLETED,0.54,NORTH,CHECKING
TXN0004304,CUST3338,ACC910540,2024-07-06,PAYMENT,51167.92,USD,BR456,COMPLETED,58.7,SOUTH,CHECKING
TXN0004305,CUST3979,ACC255486,2024-01-25,PAYMENT,-42814.78,USD,BR147,COMPLETED,20.16,SOUTH,SAVINGS
TXN0004306,CUST9369,ACC316157,2024-03-24,CREDIT,99268.54,GBP,BR429,COMPLETED,73.62,EAST,MORTGAGE
TXN0004307,CUST5333,ACC423466,2024-03-23,PAYMENT,48755.4,EUR,BR721,COMPLETED,41.96,NORTH,CHECKING
TXN0004308,CUST3747,ACC290407,2024-10-13,DEBIT,28174.87,EUR,BR803,COMPLETED,12.26,WEST,CHECKING
TXN0004309,CUST6614,ACC205797,2024-11-08,TRANSFER,81589.61,USD,BR499,FAILED,62.95,CENTRAL,CREDIT
TXN0004310,CUST8429,ACC127498,2024-05-23,DEBIT,-21994.81,USD,BR308,COMPLETED,41.62,WEST,CHECKING
TXN0004311,CUST2127,ACC659333,2024-08-04,DEBIT,-35028.87,GBP,BR208,COMPLETED,22.57,NORTH,CHECKING
TXN0004312,CUST4765,ACC731160,2024-07-19,DEBIT,88835.67,,BR157,COMPLETED,63.22,WEST,CHECKING
TXN0004313,CUST7196,ACC985730,2024-06-22,CREDIT,28949.74,EUR,BR485,COMPLETED,91.04,EAST,CHECKING
TXN0004314,CUST7315,ACC141369,2024-04-02,DEBIT,14796.39,USD,BR880,FAILED,23.87,EAST,LOAN
TXN0004315,CUST3166,ACC917326,2024-08-17,DEBIT,-44773.19,USD,BR261,PENDING,19.28,NORTH,SAVINGS
TXN0004316,CUST2778,ACC233508,2024-06-21,CREDIT,56646.32,USD,BR533,COMPLETED,3.66,EAST,CHECKING
TXN0004317,CUST1271,ACC666310,2024-03-22,PAYMENT,-21559.34,USD,BR959,COMPLETED,86.11,WEST,LOAN
TXN0004318,CUST4315,ACC465449,2024-04-11,DEBIT,-15456.06,USD,BR673,COMPLETED,35.64,SOUTH,CHECKING
TXN0004319,CUST9564,ACC172631,2024-04-12,TRANSFER,74065.69,USD,BR400,COMPLETED,86.07,CENTRAL,CREDIT
TXN0004320,CUST9263,ACC443367,2024-03-09,CREDIT,56725.62,USD,BR388,PENDING,70.34,CENTRAL,SAVINGS
TXN0004321,CUST7877,ACC430654,2024-09-23,PAYMENT,30134.54,USD,BR167,COMPLETED,73.28,SOUTH,SAVINGS
TXN0004322,CUST3450,ACC341281,2024-03-19,DEBIT,31303.01,USD,BR661,COMPLETED,86.8,CENTRAL,SAVINGS
TXN0004323,CUST2577,ACC790138,2024-11-15,PAYMENT,25824.71,USD,BR579,COMPLETED,94.06,SOUTH,LOAN
TXN0004324,CUST3906,ACC318950,2024-04-29,TRANSFER,-5340.13,USD,BR912,COMPLETED,,WEST,CREDIT
TXN0004325,CUST8796,ACC311499,2024-01-05,CREDIT,71700.3,GBP,BR902,COMPLETED,77.1,WEST,CHECKING
TXN0004326,CUST1639,ACC417644,2024-03-10,CREDIT,-47627.82,USD,BR579,PENDING,73.77,CENTRAL,CHECKING
TXN0004327,CUST9706,ACC271220,2024-01-09,DEBIT,62211.86,USD,BR906,PENDING,89.97,EAST,MORTGAGE
TXN0004328,CUST9246,ACC544893,2024-03-09,DEBIT,50072.92,EUR,BR542,COMPLETED,10.97,CENTRAL,CHECKING
TXN0004329,CUST2925,ACC384245,2024-06-18,DEBIT,19318.2,EUR,BR953,COMPLETED,53.5,NORTH,CHECKING
TXN0004330,CUST2526,ACC344296,2024-07-24,DEBIT,85032.33,USD,BR789,COMPLETED,96.3,SOUTH,LOAN
TXN0004331,CUST8901,ACC327788,2024-10-20,CREDIT,43878.15,USD,BR652,COMPLETED,60.58,,SAVINGS
TXN0004332,CUST3135,ACC909862,2024-02-25,PAYMENT,82662.24,GBP,BR725,COMPLETED,6.13,NORTH,CREDIT
TXN0004333,CUST9835,ACC472605,2024-04-20,DEBIT,65778.73,EUR,BR524,COMPLETED,50.14,CENTRAL,LOAN
TXN0004334,CUST1019,ACC128622,2024-04-14,DEBIT,-13012.38,USD,BR189,COMPLETED,27.97,WEST,LOAN
TXN0004335,CUST8069,ACC243982,2024-01-06,CREDIT,49508.03,EUR,BR806,COMPLETED,61.01,WEST,CHECKING
TXN0004336,CUST9553,ACC560996,2024-04-27,CREDIT,68739.35,USD,BR580,COMPLETED,38.45,WEST,CHECKING
TXN0004337,CUST7892,ACC229090,2024-01-12,CREDIT,-3338.99,USD,BR537,COMPLETED,54.88,EAST,MORTGAGE
TXN0004338,CUST7068,ACC974677,2024-04-22,CREDIT,62922.46,USD,BR748,COMPLETED,74.67,SOUTH,CREDIT
TXN0004339,CUST1711,ACC493335,2024-04-11,DEBIT,-41603.34,USD,BR646,REVERSED,58.35,CENTRAL,CREDIT
TXN0004340,CUST9680,ACC126658,2024-05-09,CREDIT,7497.81,USD,BR548,COMPLETED,67.2,WEST,CREDIT
TXN0004341,CUST8028,ACC565517,2024-07-28,CREDIT,55234.39,USD,BR818,PENDING,52.42,EAST,LOAN
TXN0004342,CUST4759,ACC880080,2024-08-27,DEBIT,58340.01,USD,BR291,,76.1,SOUTH,MORTGAGE
TXN0004343,CUST8899,ACC995681,2024-08-13,TRANSFER,-13333.81,USD,BR676,FAILED,33.24,EAST,MORTGAGE
TXN0004344,CUST7246,ACC875854,2024-02-04,CREDIT,38461.47,AUD,BR527,COMPLETED,91.38,SOUTH,CHECKING
TXN0004345,CUST6742,ACC318716,2024-12-20,DEBIT,28933.68,USD,BR228,PENDING,43.15,SOUTH,LOAN
TXN0004346,CUST2600,ACC498895,2024-03-03,DEBIT,-13797.95,USD,BR841,COMPLETED,4.43,WEST,MORTGAGE
TXN0004347,CUST7971,ACC151604,2024-12-09,CREDIT,46782.1,AUD,BR989,PENDING,83.22,EAST,CHECKING
TXN0004348,CUST3193,ACC568516,2024-08-07,WITHDRAWAL,-41814.43,USD,BR120,COMPLETED,59.4,NORTH,CHECKING
TXN0004349,CUST5170,ACC559849,2024-08-21,CREDIT,98617.06,EUR,BR408,COMPLETED,32.36,CENTRAL,LOAN
TXN0004350,CUST8817,ACC518568,2024-07-05,CREDIT,90056.55,EUR,BR274,FAILED,84.33,SOUTH,CREDIT
TXN0004351,CUST4809,ACC308286,2024-01-06,TRANSFER,-3427.01,EUR,BR886,COMPLETED,87.0,CENTRAL,LOAN
TXN0004352,CUST2373,ACC315621,2024-08-12,TRANSFER,-37817.93,USD,BR700,PENDING,17.67,WEST,CHECKING
TXN0004353,CUST5641,ACC908435,2024-08-06,CREDIT,12952.97,USD,BR604,COMPLETED,82.4,NORTH,CHECKING
TXN0004354,CUST9908,ACC498988,2024-03-13,PAYMENT,49774.69,USD,BR475,COMPLETED,64.23,EAST,LOAN
TXN0004355,CUST7695,ACC718887,2024-09-01,DEBIT,46810.93,USD,BR912,PENDING,31.0,CENTRAL,MORTGAGE
TXN0004356,CUST5223,ACC954064,2024-11-08,DEBIT,38807.9,USD,BR826,COMPLETED,71.39,EAST,SAVINGS
TXN0004357,CUST4096,ACC230704,2024-11-08,CREDIT,-6528.33,GBP,BR659,COMPLETED,26.07,EAST,LOAN
TXN0004358,CUST1089,ACC197362,2024-06-26,DEBIT,61919.57,USD,BR743,COMPLETED,6.2,EAST,CHECKING
TXN0004359,CUST1116,ACC283602,2024-06-10,DEBIT,16765.83,EUR,BR190,COMPLETED,13.11,SOUTH,LOAN
TXN0004360,CUST9561,ACC631316,2024-05-07,DEBIT,17838.39,USD,BR159,REVERSED,9.19,EAST,CHECKING
TXN0004361,CUST2930,ACC706395,2024-01-30,TRANSFER,49675.93,USD,BR195,COMPLETED,8.78,NORTH,CHECKING
TXN0004362,CUST9515,ACC859712,2024-03-29,TRANSFER,-39762.76,USD,BR805,COMPLETED,34.65,NORTH,
TXN0004363,CUST1117,ACC641585,2024-05-22,CREDIT,99049.62,GBP,BR416,COMPLETED,58.08,EAST,MORTGAGE
TXN0004364,CUST7144,ACC227615,2024-11-24,PAYMENT,35426.0,USD,BR164,COMPLETED,4.12,CENTRAL,LOAN
TXN0004365,,ACC270795,2024-07-08,DEBIT,68109.46,USD,BR148,FAILED,34.8,WEST,SAVINGS
TXN0004366,,ACC893359,2024-04-17,CREDIT,-17712.61,,BR839,COMPLETED,96.16,SOUTH,LOAN
TXN0004367,CUST7698,ACC319821,2024-01-29,DEBIT,12139.74,AUD,BR129,COMPLETED,28.78,CENTRAL,SAVINGS
TXN0004368,CUST6935,ACC226204,2024-02-10,TRANSFER,87926.21,,BR639,REVERSED,17.28,WEST,SAVINGS
TXN0004369,CUST2746,ACC612867,2024-03-29,CREDIT,80966.3,USD,BR844,COMPLETED,80.18,CENTRAL,SAVINGS
TXN0004370,CUST3535,ACC876619,2024-04-28,CREDIT,80459.24,USD,BR253,COMPLETED,66.55,SOUTH,LOAN
TXN0004371,CUST7980,ACC734229,2024-10-24,CREDIT,-1164.78,USD,BR452,PENDING,30.92,EAST,CREDIT
TXN0004372,CUST5155,ACC475799,2024-10-11,TRANSFER,57797.01,USD,BR706,COMPLETED,14.9,SOUTH,CHECKING
TXN0004373,CUST5281,ACC886099,2024-05-12,DEBIT,67040.2,EUR,BR750,REVERSED,8.91,CENTRAL,SAVINGS
TXN0004374,CUST9783,ACC432272,2024-09-06,CREDIT,-795.57,USD,BR283,COMPLETED,31.06,CENTRAL,SAVINGS
TXN0004375,,ACC535293,2024-03-28,CREDIT,67777.63,USD,BR316,COMPLETED,56.1,NORTH,
TXN0004376,CUST6990,ACC300258,2024-04-30,CREDIT,-29739.83,USD,BR148,COMPLETED,56.45,SOUTH,CHECKING
TXN0004377,CUST5514,ACC320544,2024-01-15,PAYMENT,95854.19,AUD,BR496,COMPLETED,40.73,EAST,CREDIT
TXN0004378,CUST7511,ACC195201,2024-04-20,DEBIT,-32785.09,GBP,BR452,COMPLETED,46.1,CENTRAL,LOAN
TXN0004379,CUST4337,ACC938641,2024-05-18,DEBIT,34041.27,AUD,BR199,COMPLETED,66.28,EAST,SAVINGS
TXN0004380,CUST7770,ACC631533,2024-03-08,PAYMENT,62248.38,USD,BR218,FAILED,76.26,NORTH,SAVINGS
TXN0004381,CUST8904,ACC477338,2024-01-24,DEBIT,-24062.52,USD,BR590,COMPLETED,71.2,SOUTH,SAVINGS
TXN0004382,CUST3928,ACC601197,2024-03-06,TRANSFER,92928.13,USD,BR523,PENDING,60.57,NORTH,SAVINGS
TXN0004383,CUST7065,ACC367685,2024-10-03,WITHDRAWAL,-171.73,USD,BR670,COMPLETED,16.24,EAST,SAVINGS
TXN0004384,CUST8925,ACC633447,2024-05-31,PAYMENT,44554.69,USD,BR264,REVERSED,43.33,SOUTH,SAVINGS
TXN0004385,CUST5157,ACC217432,2024-08-22,CREDIT,-36892.31,USD,BR965,COMPLETED,36.68,CENTRAL,LOAN
TXN0004386,CUST6024,ACC579150,2024-02-04,DEBIT,-7882.31,AUD,BR959,COMPLETED,44.11,WEST,SAVINGS
TXN0004387,CUST6641,ACC116929,2024-10-24,DEBIT,-17935.37,USD,BR432,PENDING,60.55,WEST,MORTGAGE
TXN0004388,CUST7522,ACC107608,2024-01-09,WITHDRAWAL,23112.36,USD,BR221,COMPLETED,31.81,SOUTH,CREDIT
TXN0004389,CUST3262,ACC498489,2024-02-16,CREDIT,13377.97,USD,BR427,PENDING,81.5,CENTRAL,CREDIT
TXN0004390,CUST2951,ACC942438,2024-08-20,CREDIT,10154.26,USD,BR255,PENDING,3.19,SOUTH,SAVINGS
TXN0004391,CUST4764,ACC540416,2024-03-24,DEBIT,-20494.69,AUD,BR913,COMPLETED,67.62,EAST,
TXN0004392,CUST8317,ACC519753,2024-03-24,DEBIT,87290.8,USD,BR951,COMPLETED,22.78,,LOAN
TXN0004393,CUST3650,ACC999146,2024-12-04,TRANSFER,37511.94,EUR,BR617,COMPLETED,4.02,CENTRAL,CHECKING
TXN0004394,CUST2642,ACC204926,2024-03-08,CREDIT,82501.15,AUD,BR626,COMPLETED,55.19,NORTH,SAVINGS
TXN0004395,CUST4513,ACC471910,2024-05-29,CREDIT,2961.89,AUD,BR126,COMPLETED,59.92,EAST,CHECKING
TXN0004396,CUST9328,ACC477898,2024-01-27,CREDIT,64868.53,USD,BR143,COMPLETED,85.56,SOUTH,LOAN
TXN0004397,CUST7562,ACC425039,2024-07-10,CREDIT,34408.72,AUD,BR417,REVERSED,25.57,EAST,CHECKING
TXN0004398,CUST6544,ACC977170,2024-01-30,DEBIT,43342.32,USD,BR723,COMPLETED,75.65,SOUTH,CREDIT
TXN0004399,CUST1852,ACC168477,2024-08-12,DEBIT,24019.7,,BR526,COMPLETED,95.87,SOUTH,CREDIT
TXN0004400,CUST3633,ACC555238,2024-07-30,CREDIT,19714.96,USD,BR125,COMPLETED,66.31,CENTRAL,CREDIT
TXN0004401,CUST7375,ACC988991,2024-05-12,DEBIT,-37115.81,AUD,BR943,COMPLETED,33.73,WEST,CREDIT
TXN0004402,CUST1086,ACC783673,2024-12-04,CREDIT,21803.62,USD,BR473,COMPLETED,19.33,NORTH,CHECKING
TXN0004403,CUST2492,ACC415300,2024-10-06,TRANSFER,44056.62,EUR,BR380,COMPLETED,30.84,NORTH,LOAN
TXN0004404,CUST3381,ACC340500,2024-08-24,DEBIT,-26944.86,USD,BR528,REVERSED,19.7,CENTRAL,LOAN
TXN0004405,CUST8727,ACC835276,2024-02-22,DEBIT,79770.28,EUR,BR677,FAILED,,NORTH,SAVINGS
TXN0004406,CUST8133,ACC188553,2024-08-31,CREDIT,-29728.19,USD,BR124,REVERSED,50.87,SOUTH,SAVINGS
TXN0004407,CUST2444,ACC782028,2024-11-24,DEBIT,-43401.13,EUR,BR482,COMPLETED,31.36,SOUTH,MORTGAGE
TXN0004408,CUST2049,ACC774844,2024-11-21,CREDIT,57714.84,USD,BR963,COMPLETED,83.38,CENTRAL,SAVINGS
TXN0004409,CUST5310,ACC949524,2024-12-19,DEBIT,-31501.23,USD,BR144,COMPLETED,7.23,SOUTH,CHECKING
TXN0004410,CUST4633,ACC508615,2024-09-10,TRANSFER,68349.14,USD,BR618,COMPLETED,17.23,WEST,SAVINGS
TXN0004411,CUST7075,ACC594258,2024-06-13,DEBIT,-35387.41,AUD,BR407,FAILED,64.8,CENTRAL,MORTGAGE
TXN0004412,CUST2311,ACC116619,2024-05-13,DEBIT,-11671.62,USD,BR758,PENDING,0.5,EAST,LOAN
TXN0004413,CUST1618,ACC388060,2024-07-30,WITHDRAWAL,25691.46,USD,BR759,,7.18,EAST,LOAN
TXN0004414,CUST7296,ACC865071,2024-02-24,WITHDRAWAL,11169.99,,BR700,COMPLETED,95.92,WEST,CHECKING
TXN0004415,CUST7564,ACC778805,2024-11-14,TRANSFER,12432.54,EUR,BR858,,11.23,SOUTH,SAVINGS
TXN0004416,CUST9536,ACC438974,2024-11-03,CREDIT,-41343.69,GBP,BR442,COMPLETED,86.77,EAST,CHECKING
TXN0004417,CUST5693,ACC147573,2024-04-03,CREDIT,-22669.27,EUR,BR773,PENDING,35.32,SOUTH,MORTGAGE
TXN0004418,CUST1941,ACC247572,2024-05-15,CREDIT,-37129.01,USD,BR189,PENDING,55.65,EAST,SAVINGS
TXN0004419,CUST3871,ACC988578,2024-01-26,CREDIT,23266.4,USD,BR586,PENDING,19.8,SOUTH,SAVINGS
TXN0004420,CUST9099,ACC361093,2024-07-16,CREDIT,37926.01,USD,BR866,FAILED,44.44,WEST,MORTGAGE
TXN0004421,CUST8192,ACC285973,2024-07-03,DEBIT,-33847.98,EUR,BR114,PENDING,61.66,EAST,SAVINGS
TXN0004422,CUST1175,ACC692004,2024-11-23,DEBIT,80056.12,USD,BR365,COMPLETED,35.4,WEST,
TXN0004423,CUST4304,ACC109724,2024-10-04,TRANSFER,65082.86,AUD,BR228,COMPLETED,46.83,EAST,LOAN
TXN0004424,CUST9489,ACC234163,2024-04-26,CREDIT,64172.99,EUR,BR926,COMPLETED,97.1,EAST,SAVINGS
TXN0004425,CUST5685,ACC643814,2024-10-01,CREDIT,34759.36,USD,BR150,PENDING,55.31,WEST,CHECKING
TXN0004426,CUST4190,ACC263324,2024-08-13,CREDIT,9630.78,AUD,BR877,FAILED,16.8,SOUTH,CHECKING
TXN0004427,CUST1550,ACC247031,2024-03-19,DEBIT,-35276.76,EUR,BR389,COMPLETED,86.89,EAST,
TXN0004428,CUST9364,ACC828833,2024-12-12,PAYMENT,54592.92,EUR,BR590,COMPLETED,45.28,EAST,CREDIT
TXN0004429,CUST9451,ACC592634,2024-08-28,PAYMENT,50603.67,USD,BR315,COMPLETED,70.63,EAST,CHECKING
TXN0004430,CUST4795,ACC899316,2024-11-18,DEBIT,70684.93,USD,BR959,COMPLETED,31.6,SOUTH,SAVINGS
TXN0004431,CUST3776,ACC140884,2024-03-16,PAYMENT,49570.01,USD,BR122,COMPLETED,52.65,WEST,CHECKING
TXN0004432,CUST1590,ACC164153,2024-06-22,TRANSFER,-48811.61,GBP,BR636,COMPLETED,86.32,CENTRAL,LOAN
TXN0004433,CUST6893,ACC725165,2024-09-15,DEBIT,56975.9,USD,BR948,COMPLETED,31.46,EAST,CHECKING
TXN0004434,CUST4919,ACC941356,2024-02-02,DEBIT,44674.38,USD,BR550,COMPLETED,77.63,EAST,LOAN
TXN0004435,CUST1004,ACC320018,2024-04-02,DEBIT,2955.66,EUR,BR672,COMPLETED,96.24,CENTRAL,CHECKING
TXN0004436,CUST3579,ACC875788,2024-03-20,CREDIT,54195.04,USD,BR656,COMPLETED,6.93,EAST,LOAN
TXN0004437,CUST2422,ACC793058,2024-06-11,DEBIT,85031.63,USD,BR941,COMPLETED,54.16,EAST,CHECKING
TXN0004438,CUST5520,ACC407321,2024-11-02,WITHDRAWAL,-9065.42,USD,BR551,COMPLETED,43.97,CENTRAL,SAVINGS
TXN0004439,CUST7544,ACC489759,2024-01-21,PAYMENT,48843.7,AUD,BR439,PENDING,80.15,NORTH,CREDIT
TXN0004440,CUST6785,ACC747553,2024-10-26,PAYMENT,22565.62,EUR,BR229,COMPLETED,33.91,CENTRAL,LOAN
TXN0004441,CUST7474,ACC535029,2024-12-18,PAYMENT,51008.12,GBP,BR495,FAILED,30.62,CENTRAL,CHECKING
TXN0004442,CUST7642,ACC963240,2024-06-24,CREDIT,46166.56,USD,BR329,COMPLETED,13.44,WEST,CHECKING
TXN0004443,CUST4281,ACC265132,2024-07-16,PAYMENT,81485.51,USD,BR264,FAILED,52.21,EAST,
TXN0004444,CUST9482,ACC539604,2024-07-20,PAYMENT,58104.45,USD,BR269,COMPLETED,52.22,SOUTH,MORTGAGE
TXN0004445,CUST1251,ACC280795,2024-09-30,DEBIT,38367.21,USD,BR992,COMPLETED,83.6,SOUTH,CHECKING
TXN0004446,CUST2124,ACC283120,2024-05-24,CREDIT,9111.62,USD,BR866,COMPLETED,25.6,WEST,LOAN
TXN0004447,CUST2477,ACC643791,2024-12-30,DEBIT,2435.65,USD,BR634,COMPLETED,19.66,WEST,SAVINGS
TXN0004448,CUST5661,ACC258733,2024-05-10,WITHDRAWAL,48884.5,USD,BR993,COMPLETED,73.84,SOUTH,LOAN
TXN0004449,CUST6703,ACC878008,2024-09-16,PAYMENT,42873.51,USD,BR360,FAILED,68.08,CENTRAL,CHECKING
TXN0004450,CUST6693,ACC948735,2024-03-16,DEBIT,72416.84,USD,BR402,COMPLETED,12.07,WEST,CREDIT
TXN0004451,CUST5530,ACC949681,2024-05-06,PAYMENT,-20243.76,USD,BR218,COMPLETED,95.24,NORTH,LOAN
TXN0004452,CUST4707,ACC801149,2024-09-05,DEBIT,-43268.94,USD,BR338,COMPLETED,15.71,EAST,SAVINGS
TXN0004453,CUST4187,ACC290436,2024-05-07,TRANSFER,99116.19,AUD,BR336,COMPLETED,66.91,SOUTH,MORTGAGE
TXN0004454,CUST8450,ACC482801,2024-11-17,CREDIT,-32754.95,USD,BR795,COMPLETED,80.15,SOUTH,MORTGAGE
TXN0004455,CUST7618,ACC214705,2024-04-06,TRANSFER,-31355.37,AUD,BR296,COMPLETED,15.24,NORTH,CREDIT
TXN0004456,CUST1076,ACC924764,2024-08-19,DEBIT,19712.29,USD,BR429,PENDING,28.48,WEST,MORTGAGE
TXN0004457,CUST5277,ACC270261,2024-10-20,CREDIT,61441.34,USD,BR665,COMPLETED,99.37,,LOAN
TXN0004458,CUST3867,ACC131436,2024-02-09,DEBIT,-40408.11,EUR,BR767,COMPLETED,25.77,EAST,SAVINGS
TXN0004459,CUST7670,ACC621724,2024-04-05,DEBIT,47880.23,GBP,BR155,FAILED,33.92,WEST,CHECKING
TXN0004460,CUST9294,ACC313990,2024-02-21,CREDIT,79696.76,AUD,BR982,PENDING,83.12,NORTH,LOAN
TXN0004461,CUST2744,ACC420932,2024-03-07,DEBIT,-11597.14,GBP,BR279,COMPLETED,63.26,CENTRAL,LOAN
TXN0004462,CUST2185,ACC523262,2024-02-13,DEBIT,63830.29,USD,BR799,FAILED,5.59,EAST,SAVINGS
TXN0004463,CUST9243,ACC755687,2024-02-14,DEBIT,-14747.67,USD,BR175,PENDING,79.64,NORTH,CHECKING
TXN0004464,CUST5821,ACC491311,2024-01-25,CREDIT,-15197.94,EUR,BR161,COMPLETED,4.54,EAST,CREDIT
TXN0004465,CUST6570,ACC982298,2024-03-02,WITHDRAWAL,14802.91,EUR,BR320,COMPLETED,17.98,WEST,LOAN
TXN0004466,CUST2917,ACC378062,2024-09-28,CREDIT,5970.78,AUD,BR591,COMPLETED,15.34,SOUTH,SAVINGS
TXN0004467,CUST9409,ACC752123,2024-08-22,CREDIT,17124.34,USD,BR866,PENDING,84.84,NORTH,
TXN0004468,CUST5222,ACC436669,2024-09-19,DEBIT,22609.25,USD,BR588,COMPLETED,22.98,CENTRAL,CREDIT
TXN0004469,CUST9813,ACC129861,2024-01-22,DEBIT,16641.62,USD,BR115,REVERSED,70.2,EAST,CREDIT
TXN0004470,CUST5098,ACC921316,2024-04-30,WITHDRAWAL,-12396.38,USD,BR128,FAILED,16.18,EAST,CHECKING
TXN0004471,CUST8254,ACC127084,2024-12-22,TRANSFER,58327.71,EUR,BR245,COMPLETED,83.58,SOUTH,CHECKING
TXN0004472,CUST7178,ACC447688,2024-06-26,DEBIT,73117.11,USD,BR344,,14.04,SOUTH,SAVINGS
TXN0004473,CUST8923,ACC129881,2024-12-18,DEBIT,8200.4,USD,BR945,COMPLETED,20.62,CENTRAL,MORTGAGE
TXN0004474,CUST4985,ACC593357,2024-10-10,TRANSFER,74946.52,EUR,BR319,COMPLETED,51.8,WEST,CHECKING
TXN0004475,CUST6565,ACC135885,2024-07-31,DEBIT,220.96,USD,BR425,COMPLETED,77.55,WEST,SAVINGS
TXN0004476,CUST8517,ACC870651,2024-11-10,TRANSFER,78131.07,AUD,BR655,COMPLETED,15.21,EAST,CHECKING
TXN0004477,CUST8548,ACC251352,2024-01-26,DEBIT,-1599.37,USD,BR242,COMPLETED,50.53,WEST,CHECKING
TXN0004478,CUST1448,ACC527456,2024-12-08,CREDIT,-18977.45,USD,BR303,PENDING,98.37,CENTRAL,LOAN
TXN0004479,CUST8896,ACC148758,2024-02-07,TRANSFER,-39560.16,USD,BR438,PENDING,37.51,NORTH,CHECKING
TXN0004480,CUST2904,ACC665680,2024-08-20,CREDIT,-5066.53,USD,BR923,COMPLETED,28.66,CENTRAL,SAVINGS
TXN0004481,CUST5224,ACC495351,2024-01-26,DEBIT,47058.37,USD,BR979,COMPLETED,5.43,WEST,SAVINGS
TXN0004482,CUST2106,ACC899541,2024-09-05,CREDIT,15640.5,USD,BR980,COMPLETED,45.77,,SAVINGS
TXN0004483,CUST7269,ACC727580,2024-05-29,PAYMENT,-36177.46,GBP,BR124,COMPLETED,65.12,SOUTH,SAVINGS
TXN0004484,CUST4610,ACC857619,2024-12-21,PAYMENT,-49848.58,USD,BR547,FAILED,22.35,EAST,SAVINGS
TXN0004485,CUST4767,ACC650716,2024-01-19,DEBIT,86869.22,AUD,BR278,REVERSED,55.42,CENTRAL,MORTGAGE
TXN0004486,CUST6172,ACC277985,2024-11-18,DEBIT,-38748.17,USD,BR579,FAILED,63.45,WEST,SAVINGS
TXN0004487,CUST7757,ACC265855,2024-04-25,DEBIT,84315.82,EUR,BR417,COMPLETED,5.44,EAST,LOAN
TXN0004488,CUST6785,ACC204978,2024-11-02,DEBIT,44162.73,USD,BR785,PENDING,16.76,EAST,LOAN
TXN0004489,CUST9462,ACC115664,2024-03-18,PAYMENT,80117.71,USD,BR184,COMPLETED,61.94,NORTH,SAVINGS
TXN0004490,CUST9776,ACC465603,2024-06-29,DEBIT,-45523.09,AUD,BR859,COMPLETED,,WEST,MORTGAGE
TXN0004491,CUST1159,ACC333517,2024-02-23,CREDIT,68273.2,,BR930,COMPLETED,5.3,,LOAN
TXN0004492,CUST5314,ACC196598,2024-10-27,PAYMENT,-37199.14,USD,BR952,REVERSED,22.91,CENTRAL,CHECKING
TXN0004493,CUST5067,ACC540279,2024-11-13,TRANSFER,49054.29,USD,BR902,COMPLETED,79.43,NORTH,CREDIT
TXN0004494,CUST5706,ACC169547,2024-11-12,PAYMENT,36463.18,USD,BR478,COMPLETED,99.0,EAST,CREDIT
TXN0004495,CUST2523,ACC217871,2024-05-08,CREDIT,-44715.44,,BR584,COMPLETED,36.89,EAST,SAVINGS
TXN0004496,CUST7536,ACC598796,2024-12-21,DEBIT,76355.35,GBP,BR154,COMPLETED,38.18,SOUTH,LOAN
TXN0004497,CUST6603,ACC586993,2024-06-30,TRANSFER,99467.32,EUR,BR620,REVERSED,34.74,EAST,CREDIT
TXN0004498,CUST2245,ACC535239,2024-04-01,CREDIT,8955.48,USD,BR978,PENDING,78.52,WEST,CHECKING
TXN0004499,CUST3924,ACC997728,2024-11-02,CREDIT,56197.31,USD,BR995,COMPLETED,23.57,NORTH,MORTGAGE
TXN0004500,CUST8807,ACC662799,2024-06-11,PAYMENT,11845.35,USD,BR935,FAILED,94.87,NORTH,SAVINGS
TXN0004501,CUST6142,ACC561809,2024-02-26,CREDIT,64441.82,EUR,BR643,COMPLETED,53.56,EAST,SAVINGS
TXN0004502,CUST6792,ACC240934,2024-09-09,PAYMENT,74878.75,USD,BR306,COMPLETED,12.85,EAST,LOAN
TXN0004503,CUST4580,ACC998541,2024-02-22,CREDIT,-9057.61,,BR271,REVERSED,0.39,SOUTH,CHECKING
TXN0004504,CUST5408,ACC732575,2024-03-29,DEBIT,-27265.86,USD,BR619,COMPLETED,18.87,WEST,CREDIT
TXN0004505,CUST3994,ACC948743,2024-03-30,CREDIT,76702.56,USD,BR502,REVERSED,77.98,CENTRAL,SAVINGS
TXN0004506,CUST4115,ACC767791,2024-03-13,CREDIT,87491.96,EUR,BR973,COMPLETED,34.48,CENTRAL,LOAN
TXN0004507,CUST9175,ACC100756,2024-09-09,CREDIT,-36484.64,USD,BR136,COMPLETED,59.27,CENTRAL,LOAN
TXN0004508,CUST4271,ACC426558,2024-07-17,DEBIT,-32043.95,USD,BR370,PENDING,,EAST,SAVINGS
TXN0004509,CUST4847,ACC599377,2024-05-10,DEBIT,90359.91,AUD,BR198,PENDING,63.91,NORTH,CREDIT
TXN0004510,CUST4965,ACC592292,2024-05-07,CREDIT,-6525.36,USD,BR489,PENDING,,WEST,MORTGAGE
TXN0004511,CUST5348,ACC369338,2024-04-22,CREDIT,-15460.49,USD,BR202,COMPLETED,10.13,SOUTH,MORTGAGE
TXN0004512,CUST4387,ACC234425,2024-10-12,CREDIT,8507.23,EUR,BR419,COMPLETED,33.07,WEST,SAVINGS
TXN0004513,CUST4755,ACC438560,2024-08-20,CREDIT,25067.8,USD,BR330,COMPLETED,9.9,NORTH,CHECKING
TXN0004514,CUST4322,ACC788258,2024-04-03,DEBIT,71450.2,USD,BR449,COMPLETED,33.05,SOUTH,CREDIT
TXN0004515,CUST5091,ACC666216,2024-03-24,DEBIT,67395.16,USD,BR959,PENDING,43.43,NORTH,CHECKING
TXN0004516,CUST6833,ACC483341,2024-01-11,DEBIT,60301.94,USD,BR386,COMPLETED,17.75,NORTH,CHECKING
TXN0004517,CUST3555,ACC743416,2024-07-03,CREDIT,-17296.43,USD,BR325,COMPLETED,40.79,WEST,LOAN
TXN0004518,,ACC800901,2024-05-28,DEBIT,2239.73,AUD,BR928,FAILED,15.76,SOUTH,LOAN
TXN0004519,CUST2964,ACC851111,2024-03-17,CREDIT,-20416.16,AUD,BR830,COMPLETED,95.3,CENTRAL,
TXN0004520,CUST2285,ACC201080,2024-03-14,CREDIT,89535.29,GBP,BR411,COMPLETED,41.8,NORTH,CHECKING
TXN0004521,CUST9071,ACC600998,2024-02-27,DEBIT,77134.99,USD,BR698,COMPLETED,47.48,NORTH,CHECKING
TXN0004522,CUST1108,ACC616740,2024-07-11,TRANSFER,35923.24,USD,BR214,COMPLETED,22.84,CENTRAL,LOAN
TXN0004523,CUST9871,ACC885088,2024-03-31,TRANSFER,57269.29,USD,BR832,COMPLETED,10.91,CENTRAL,MORTGAGE
TXN0004524,CUST1692,ACC971460,2024-07-11,CREDIT,82536.58,USD,BR870,COMPLETED,70.05,WEST,LOAN
TXN0004525,CUST8901,ACC993353,2024-12-13,DEBIT,-1111.29,USD,BR763,COMPLETED,75.9,WEST,LOAN
TXN0004526,CUST7081,ACC698988,2024-06-13,DEBIT,16823.39,USD,BR822,COMPLETED,89.36,SOUTH,SAVINGS
TXN0004527,CUST6167,ACC305821,2024-12-16,WITHDRAWAL,60389.05,USD,BR615,COMPLETED,18.1,SOUTH,LOAN
TXN0004528,CUST9066,ACC231945,2024-05-13,CREDIT,6963.74,EUR,BR686,PENDING,99.45,SOUTH,LOAN
TXN0004529,CUST5501,ACC329964,2024-10-29,TRANSFER,-18967.96,USD,BR254,FAILED,7.15,NORTH,CHECKING
TXN0004530,CUST9041,ACC639737,2024-11-26,CREDIT,59394.26,USD,BR960,COMPLETED,51.92,CENTRAL,SAVINGS
TXN0004531,CUST3996,ACC236113,2024-07-14,DEBIT,21182.31,USD,BR414,COMPLETED,51.88,WEST,CHECKING
TXN0004532,CUST9374,ACC944572,2024-04-08,CREDIT,34035.4,GBP,BR944,COMPLETED,52.57,WEST,MORTGAGE
TXN0004533,CUST5591,ACC249522,2024-04-09,WITHDRAWAL,-35957.51,USD,BR454,COMPLETED,49.94,SOUTH,CREDIT
TXN0004534,CUST7518,ACC336508,2024-01-01,WITHDRAWAL,-41691.93,USD,BR780,FAILED,7.36,NORTH,SAVINGS
TXN0004535,CUST4638,ACC791231,2024-12-20,DEBIT,24882.87,USD,BR422,COMPLETED,58.13,WEST,CREDIT
TXN0004536,CUST3101,ACC186181,2024-10-03,CREDIT,28388.79,USD,BR563,COMPLETED,58.56,SOUTH,LOAN
TXN0004537,CUST1887,ACC879286,2024-04-10,CREDIT,-16400.39,GBP,BR846,COMPLETED,65.29,WEST,CHECKING
TXN0004538,CUST9613,ACC199393,2024-04-13,DEBIT,39308.07,EUR,BR393,FAILED,1.06,SOUTH,MORTGAGE
TXN0004539,CUST7933,ACC852110,2024-05-28,DEBIT,71753.84,USD,BR766,PENDING,62.72,WEST,SAVINGS
TXN0004540,CUST8836,ACC523455,2024-05-30,CREDIT,76170.61,GBP,BR530,COMPLETED,36.42,SOUTH,LOAN
TXN0004541,CUST9859,ACC396012,2024-06-03,TRANSFER,-9795.58,USD,BR741,COMPLETED,8.64,WEST,CHECKING
TXN0004542,CUST1533,ACC744889,2024-08-14,TRANSFER,58903.34,EUR,BR402,COMPLETED,42.99,CENTRAL,CREDIT
TXN0004543,CUST9232,ACC210339,2024-01-10,CREDIT,62374.66,,BR840,FAILED,55.38,WEST,LOAN
TXN0004544,CUST6689,ACC361912,2024-06-05,CREDIT,94770.29,,BR338,,69.56,EAST,CHECKING
TXN0004545,CUST7450,ACC337212,2024-09-14,DEBIT,-39203.54,USD,BR300,COMPLETED,99.44,NORTH,SAVINGS
TXN0004546,CUST3863,ACC362847,2024-09-22,CREDIT,51979.7,USD,BR336,,54.37,NORTH,CHECKING
TXN0004547,CUST8490,ACC293595,2024-09-12,DEBIT,-36774.88,EUR,BR157,COMPLETED,2.67,NORTH,SAVINGS
TXN0004548,CUST2972,ACC865492,2024-09-17,PAYMENT,41408.98,AUD,BR378,COMPLETED,90.31,NORTH,SAVINGS
TXN0004549,CUST9490,ACC791398,2024-11-02,DEBIT,45851.65,GBP,BR936,COMPLETED,94.57,SOUTH,SAVINGS
TXN0004550,CUST8537,ACC415734,2024-10-24,WITHDRAWAL,41124.11,USD,BR116,REVERSED,79.47,NORTH,LOAN
TXN0004551,CUST6171,ACC444589,2024-06-18,CREDIT,48439.12,EUR,BR322,PENDING,4.06,CENTRAL,SAVINGS
TXN0004552,CUST1137,ACC844971,2024-01-07,CREDIT,50526.9,USD,BR145,PENDING,93.3,EAST,SAVINGS
TXN0004553,CUST1193,ACC584598,2024-05-18,CREDIT,-14519.72,AUD,BR782,COMPLETED,48.96,EAST,LOAN
TXN0004554,CUST4452,ACC800822,2024-08-25,CREDIT,65640.34,USD,BR781,COMPLETED,77.61,WEST,CHECKING
TXN0004555,CUST7216,ACC719482,2024-01-11,PAYMENT,9229.04,GBP,BR962,COMPLETED,68.47,EAST,LOAN
TXN0004556,CUST2650,ACC645172,2024-03-26,TRANSFER,79094.98,USD,BR818,COMPLETED,61.71,SOUTH,LOAN
TXN0004557,CUST6331,ACC642013,2024-01-06,CREDIT,,USD,BR447,COMPLETED,7.05,WEST,LOAN
TXN0004558,CUST6924,ACC705203,2024-07-10,DEBIT,61.87,USD,BR660,FAILED,52.05,,SAVINGS
TXN0004559,CUST5254,ACC379682,2024-11-10,DEBIT,54705.36,USD,BR896,COMPLETED,18.99,NORTH,CHECKING
TXN0004560,CUST4066,ACC896806,2024-12-15,TRANSFER,-11650.02,GBP,BR183,COMPLETED,28.48,SOUTH,LOAN
TXN0004561,CUST9987,ACC238104,2024-07-12,DEBIT,37014.15,USD,BR612,COMPLETED,51.27,WEST,CHECKING
TXN0004562,CUST5306,ACC443874,2024-09-16,DEBIT,64308.03,USD,BR221,COMPLETED,54.08,NORTH,CHECKING
TXN0004563,CUST4885,ACC542521,2024-12-16,CREDIT,37460.28,USD,BR468,COMPLETED,22.81,NORTH,LOAN
TXN0004564,CUST5413,ACC492975,2024-06-27,DEBIT,-40455.04,GBP,BR778,COMPLETED,47.61,CENTRAL,SAVINGS
TXN0004565,CUST8722,ACC793320,2024-02-06,CREDIT,40773.35,AUD,BR625,PENDING,23.01,CENTRAL,CREDIT
TXN0004566,CUST6621,ACC252275,2024-11-09,TRANSFER,534.18,USD,BR458,COMPLETED,46.79,CENTRAL,CHECKING
TXN0004567,CUST6995,ACC707511,2024-06-09,TRANSFER,83301.1,USD,BR341,COMPLETED,95.97,SOUTH,LOAN
TXN0004568,CUST4013,ACC872182,2024-04-07,TRANSFER,10134.76,USD,BR451,COMPLETED,75.48,CENTRAL,SAVINGS
TXN0004569,CUST9171,ACC992074,2024-12-15,DEBIT,99825.58,EUR,BR103,COMPLETED,14.7,NORTH,LOAN
TXN0004570,CUST7945,ACC135887,2024-08-17,TRANSFER,-40750.36,AUD,BR975,COMPLETED,98.0,WEST,CHECKING
TXN0004571,CUST4449,ACC884267,2024-09-11,PAYMENT,9079.84,EUR,BR994,COMPLETED,92.62,EAST,SAVINGS
TXN0004572,CUST7866,ACC938621,2024-05-11,DEBIT,8510.26,USD,BR540,COMPLETED,57.23,SOUTH,SAVINGS
TXN0004573,CUST7099,ACC503733,2024-11-15,DEBIT,56650.97,EUR,BR228,COMPLETED,78.03,EAST,CHECKING
TXN0004574,CUST6981,ACC762574,2024-12-25,WITHDRAWAL,-32281.97,USD,BR716,COMPLETED,50.17,WEST,CHECKING
TXN0004575,CUST7563,ACC150350,2024-04-03,WITHDRAWAL,98588.8,USD,BR255,COMPLETED,18.64,WEST,LOAN
TXN0004576,CUST5581,ACC932773,2024-07-22,CREDIT,3805.45,USD,BR469,COMPLETED,86.15,WEST,SAVINGS
TXN0004577,CUST8384,ACC307509,2024-08-06,DEBIT,-38416.93,USD,BR958,REVERSED,36.42,SOUTH,MORTGAGE
TXN0004578,CUST3947,ACC291021,2024-11-20,TRANSFER,-11153.49,USD,BR648,COMPLETED,50.06,SOUTH,CHECKING
TXN0004579,CUST3148,ACC115017,2024-12-02,CREDIT,16799.98,USD,BR779,,17.49,SOUTH,CREDIT
TXN0004580,CUST4744,ACC249898,2024-04-17,TRANSFER,19348.08,USD,BR134,FAILED,60.68,SOUTH,CHECKING
TXN0004581,CUST2636,ACC765458,2024-03-22,CREDIT,61145.02,USD,BR851,FAILED,16.77,EAST,CREDIT
TXN0004582,CUST5422,ACC135771,2024-11-02,DEBIT,94015.56,EUR,BR867,COMPLETED,15.24,SOUTH,CREDIT
TXN0004583,CUST4863,ACC975958,2024-06-11,TRANSFER,56845.49,USD,BR710,COMPLETED,51.34,EAST,SAVINGS
TXN0004584,CUST8081,ACC933379,2024-07-31,CREDIT,47196.15,USD,BR923,COMPLETED,68.49,NORTH,SAVINGS
TXN0004585,CUST7240,ACC349382,2024-04-29,DEBIT,80664.26,GBP,BR711,,67.28,NORTH,CHECKING
TXN0004586,CUST4212,ACC269748,2024-05-17,CREDIT,75891.38,USD,BR382,COMPLETED,1.94,NORTH,SAVINGS
TXN0004587,CUST3389,ACC516036,2024-04-04,CREDIT,25214.43,USD,BR726,COMPLETED,74.17,CENTRAL,CREDIT
TXN0004588,CUST3450,ACC438199,2024-08-19,DEBIT,-36439.11,USD,BR164,PENDING,22.54,WEST,LOAN
TXN0004589,CUST8749,ACC112281,2024-09-11,CREDIT,61134.34,GBP,BR683,FAILED,1.39,NORTH,LOAN
TXN0004590,CUST1159,ACC699876,2024-08-30,CREDIT,4591.86,USD,BR770,COMPLETED,95.81,WEST,MORTGAGE
TXN0004591,CUST3893,ACC604130,2024-06-12,WITHDRAWAL,79533.01,AUD,BR972,COMPLETED,89.6,NORTH,MORTGAGE
TXN0004592,CUST7906,ACC607348,2024-03-28,CREDIT,63060.81,EUR,BR884,COMPLETED,28.99,SOUTH,CREDIT
TXN0004593,CUST9185,ACC999343,2024-03-22,DEBIT,81046.75,EUR,BR357,COMPLETED,19.92,NORTH,CHECKING
TXN0004594,CUST3203,ACC460607,2024-07-02,DEBIT,53173.98,USD,BR892,COMPLETED,44.59,WEST,SAVINGS
TXN0004595,CUST9470,ACC296868,2024-10-17,CREDIT,21462.88,USD,BR345,REVERSED,79.42,WEST,SAVINGS
TXN0004596,CUST9748,ACC759253,2024-03-19,PAYMENT,44768.8,USD,BR553,COMPLETED,57.59,CENTRAL,CHECKING
TXN0004597,CUST6172,ACC956675,2024-01-09,DEBIT,50623.81,EUR,BR300,FAILED,79.48,SOUTH,LOAN
TXN0004598,CUST8972,ACC705239,2024-08-02,CREDIT,-13049.14,USD,BR343,COMPLETED,4.67,EAST,CHECKING
TXN0004599,CUST5915,ACC525362,2024-02-11,DEBIT,12342.4,USD,BR318,PENDING,79.97,SOUTH,LOAN
TXN0004600,CUST5111,ACC574065,2024-07-23,CREDIT,89651.45,USD,BR168,PENDING,7.23,NORTH,CHECKING
TXN0004601,CUST1781,ACC325272,2024-06-27,TRANSFER,22409.6,GBP,BR280,PENDING,20.81,CENTRAL,SAVINGS
TXN0004602,CUST7527,ACC575207,2024-10-04,DEBIT,44291.3,USD,BR933,COMPLETED,67.39,SOUTH,SAVINGS
TXN0004603,CUST2621,ACC751493,2024-02-12,CREDIT,-25521.75,USD,BR954,COMPLETED,4.22,NORTH,CHECKING
TXN0004604,CUST3676,ACC375570,2024-03-13,WITHDRAWAL,70271.98,USD,BR729,PENDING,79.47,CENTRAL,SAVINGS
TXN0004605,CUST1983,ACC672396,2024-11-05,TRANSFER,-2464.57,EUR,BR992,COMPLETED,81.58,SOUTH,CHECKING
TXN0004606,CUST4530,ACC561229,2024-03-09,CREDIT,62394.87,GBP,BR309,COMPLETED,75.0,WEST,CREDIT
TXN0004607,CUST5166,ACC223542,2024-01-15,DEBIT,8885.05,USD,BR813,COMPLETED,38.51,SOUTH,SAVINGS
TXN0004608,CUST8807,ACC881147,2024-11-30,CREDIT,19121.63,GBP,BR643,COMPLETED,36.61,SOUTH,CHECKING
TXN0004609,CUST2577,ACC392872,2024-07-07,DEBIT,54545.96,USD,BR490,COMPLETED,97.72,CENTRAL,MORTGAGE
TXN0004610,CUST8370,ACC787300,2024-10-20,DEBIT,195.87,USD,BR858,COMPLETED,60.3,SOUTH,SAVINGS
TXN0004611,CUST6483,ACC905842,2024-03-21,TRANSFER,-5270.1,AUD,BR980,COMPLETED,13.87,SOUTH,CHECKING
TXN0004612,CUST5256,ACC639482,2024-03-18,TRANSFER,38908.65,USD,BR976,COMPLETED,98.23,WEST,CHECKING
TXN0004613,CUST6914,ACC453737,2024-10-30,TRANSFER,57134.09,USD,BR461,COMPLETED,76.94,WEST,CREDIT
TXN0004614,CUST6903,ACC453637,2024-05-26,DEBIT,-44460.04,USD,BR444,COMPLETED,20.46,NORTH,CHECKING
TXN0004615,CUST5222,ACC295370,2024-02-29,DEBIT,-36624.24,GBP,BR512,PENDING,14.95,NORTH,SAVINGS
TXN0004616,CUST6638,ACC367685,2024-02-06,PAYMENT,-22677.96,USD,BR894,REVERSED,57.5,CENTRAL,SAVINGS
TXN0004617,CUST1324,ACC457546,2024-06-14,WITHDRAWAL,38172.31,AUD,BR664,FAILED,9.46,CENTRAL,MORTGAGE
TXN0004618,CUST7746,ACC946188,2024-07-29,CREDIT,40773.34,USD,BR449,COMPLETED,16.34,CENTRAL,MORTGAGE
TXN0004619,CUST2986,ACC611028,2024-04-21,CREDIT,41347.61,USD,BR988,COMPLETED,12.59,NORTH,LOAN
TXN0004620,CUST6752,ACC909508,2024-01-22,WITHDRAWAL,40198.2,USD,BR773,COMPLETED,96.45,EAST,CREDIT
TXN0004621,CUST4259,ACC675564,2024-03-18,TRANSFER,-35585.14,USD,BR160,COMPLETED,71.0,SOUTH,LOAN
TXN0004622,CUST9821,ACC578482,2024-10-29,DEBIT,-6133.8,USD,BR976,COMPLETED,54.92,SOUTH,SAVINGS
TXN0004623,CUST3859,ACC795466,2024-06-11,CREDIT,32363.95,GBP,BR260,COMPLETED,66.69,SOUTH,LOAN
TXN0004624,CUST5663,ACC201191,2024-06-10,DEBIT,96093.08,,BR240,COMPLETED,76.7,EAST,SAVINGS
TXN0004625,CUST6818,ACC800462,2024-12-06,CREDIT,91117.0,USD,BR109,COMPLETED,36.07,NORTH,SAVINGS
TXN0004626,CUST6326,ACC997805,2024-12-24,TRANSFER,-48580.17,USD,BR753,PENDING,71.38,EAST,SAVINGS
TXN0004627,CUST9363,ACC459006,2024-10-24,DEBIT,48528.68,USD,BR644,COMPLETED,19.49,WEST,MORTGAGE
TXN0004628,CUST8987,ACC900345,2024-07-24,CREDIT,36082.08,EUR,BR118,PENDING,27.98,CENTRAL,CHECKING
TXN0004629,CUST8322,ACC644287,2024-04-29,WITHDRAWAL,-17466.36,USD,BR483,COMPLETED,63.73,WEST,SAVINGS
TXN0004630,CUST2284,ACC375632,2024-08-11,DEBIT,54312.13,USD,BR294,PENDING,24.58,CENTRAL,SAVINGS
TXN0004631,CUST7243,ACC166183,2024-05-05,DEBIT,-34269.62,USD,BR657,COMPLETED,47.98,SOUTH,CHECKING
TXN0004632,CUST5694,ACC919938,2024-08-25,DEBIT,97091.41,USD,BR823,PENDING,63.58,NORTH,LOAN
TXN0004633,CUST8598,ACC483172,2024-12-08,CREDIT,8664.23,AUD,BR404,COMPLETED,20.34,EAST,SAVINGS
TXN0004634,CUST3373,ACC547232,2024-03-19,DEBIT,35789.27,USD,BR873,COMPLETED,58.39,NORTH,CHECKING
TXN0004635,CUST3745,ACC773492,2024-11-26,CREDIT,20644.76,USD,BR607,COMPLETED,37.92,NORTH,CREDIT
TXN0004636,CUST6527,ACC126648,2024-07-28,TRANSFER,-10727.0,USD,BR936,PENDING,24.04,WEST,MORTGAGE
TXN0004637,CUST7911,ACC669711,2024-03-29,DEBIT,-47043.28,USD,BR790,COMPLETED,42.36,WEST,CREDIT
TXN0004638,CUST7631,ACC232359,2024-11-14,PAYMENT,-40349.22,USD,BR791,REVERSED,15.37,NORTH,SAVINGS
TXN0004639,CUST2168,ACC199178,2024-05-31,CREDIT,15183.83,USD,BR690,PENDING,45.49,SOUTH,SAVINGS
TXN0004640,CUST2296,ACC338157,2024-12-06,WITHDRAWAL,31753.43,EUR,BR996,COMPLETED,,SOUTH,CREDIT
TXN0004641,CUST3654,ACC579653,2024-04-02,CREDIT,30361.65,AUD,BR812,COMPLETED,47.38,EAST,SAVINGS
TXN0004642,CUST6629,ACC970399,2024-01-22,DEBIT,-38638.64,EUR,BR256,COMPLETED,35.0,WEST,SAVINGS
TXN0004643,,ACC216535,2024-08-08,DEBIT,24958.33,USD,BR560,PENDING,55.84,WEST,CHECKING
TXN0004644,CUST6136,ACC226120,2024-07-12,PAYMENT,-37461.2,EUR,BR708,COMPLETED,77.18,EAST,MORTGAGE
TXN0004645,CUST6191,ACC677204,2024-02-08,CREDIT,-29688.86,USD,BR478,FAILED,25.05,NORTH,CHECKING
TXN0004646,CUST5773,ACC847315,2024-06-20,CREDIT,41129.23,GBP,BR166,,80.62,CENTRAL,SAVINGS
TXN0004647,CUST5382,ACC410078,2024-12-05,CREDIT,-39890.24,GBP,BR317,COMPLETED,4.38,NORTH,LOAN
TXN0004648,CUST7479,ACC232434,2024-05-12,DEBIT,-10113.08,EUR,BR979,COMPLETED,44.13,SOUTH,SAVINGS
TXN0004649,CUST5444,ACC464510,2024-11-15,PAYMENT,55057.7,AUD,BR288,COMPLETED,41.18,CENTRAL,SAVINGS
TXN0004650,CUST8289,ACC421944,2024-09-20,CREDIT,46922.12,USD,BR896,COMPLETED,93.36,EAST,CHECKING
TXN0004651,CUST6950,ACC574548,2024-01-14,TRANSFER,-40531.35,USD,BR860,PENDING,11.17,EAST,LOAN
TXN0004652,CUST9535,ACC557351,2024-11-26,WITHDRAWAL,38565.39,USD,BR386,COMPLETED,14.5,WEST,SAVINGS
TXN0004653,CUST8377,ACC680175,2024-12-08,CREDIT,69474.56,USD,BR505,FAILED,74.32,EAST,CREDIT
TXN0004654,CUST7782,ACC186997,2024-10-09,DEBIT,62933.24,GBP,BR433,COMPLETED,99.48,CENTRAL,CHECKING
TXN0004655,CUST3741,ACC629241,2024-06-22,DEBIT,20938.18,USD,BR177,COMPLETED,31.56,EAST,CHECKING
TXN0004656,CUST4012,ACC291482,2024-02-19,TRANSFER,49965.01,GBP,BR659,COMPLETED,46.03,NORTH,CHECKING
TXN0004657,CUST1378,ACC516869,2024-04-09,DEBIT,86078.97,EUR,BR293,COMPLETED,49.08,EAST,SAVINGS
TXN0004658,CUST3048,ACC959860,2024-04-14,CREDIT,399.49,USD,BR799,COMPLETED,94.83,SOUTH,CHECKING
TXN0004659,CUST4844,ACC635722,2024-02-24,CREDIT,40005.15,USD,BR478,COMPLETED,11.76,SOUTH,CHECKING
TXN0004660,CUST5122,ACC304344,2024-04-24,CREDIT,-26729.22,EUR,BR999,PENDING,8.87,SOUTH,CHECKING
TXN0004661,CUST2311,ACC248592,2024-12-01,PAYMENT,53908.1,EUR,BR708,COMPLETED,50.32,WEST,CHECKING
TXN0004662,CUST4450,ACC980817,2024-10-02,DEBIT,4229.67,AUD,BR201,COMPLETED,44.47,WEST,LOAN
TXN0004663,CUST3734,ACC813633,2024-01-21,CREDIT,-30553.09,USD,BR361,COMPLETED,39.4,SOUTH,SAVINGS
TXN0004664,CUST7505,ACC332634,2024-01-23,PAYMENT,32019.33,GBP,BR545,PENDING,47.7,SOUTH,CHECKING
TXN0004665,CUST2687,ACC913602,2024-05-19,DEBIT,33455.81,USD,BR216,,85.89,CENTRAL,MORTGAGE
TXN0004666,CUST2565,ACC117531,2024-10-20,PAYMENT,50227.13,USD,BR744,COMPLETED,83.59,EAST,SAVINGS
TXN0004667,CUST2045,ACC308328,2024-09-30,DEBIT,80443.96,USD,BR271,COMPLETED,38.29,NORTH,CREDIT
TXN0004668,CUST8752,ACC869038,2024-04-24,CREDIT,84737.41,EUR,BR145,COMPLETED,78.14,CENTRAL,CREDIT
TXN0004669,CUST9985,ACC880765,2024-12-26,WITHDRAWAL,-20756.1,USD,BR217,COMPLETED,4.27,NORTH,CHECKING
TXN0004670,CUST1881,ACC471129,2024-03-21,DEBIT,67575.23,EUR,BR847,COMPLETED,85.7,SOUTH,LOAN
TXN0004671,CUST1431,ACC651105,2024-02-02,PAYMENT,-27295.79,EUR,BR371,COMPLETED,72.41,EAST,LOAN
TXN0004672,CUST7504,ACC730127,2024-11-24,CREDIT,-27823.66,EUR,BR141,PENDING,33.71,CENTRAL,CHECKING
TXN0004673,CUST9584,ACC917823,2024-02-12,DEBIT,66737.71,EUR,BR846,COMPLETED,24.75,EAST,CHECKING
TXN0004674,CUST2363,ACC259143,2024-03-31,WITHDRAWAL,57024.69,USD,BR564,,55.1,NORTH,CREDIT
TXN0004675,CUST2702,ACC690225,2024-03-18,DEBIT,41252.93,USD,BR703,COMPLETED,43.47,WEST,SAVINGS
TXN0004676,CUST5300,ACC656334,2024-02-18,TRANSFER,-16580.46,USD,BR618,COMPLETED,33.26,WEST,CHECKING
TXN0004677,CUST3544,ACC650549,2024-03-29,CREDIT,-14669.37,USD,BR331,COMPLETED,94.37,EAST,SAVINGS
TXN0004678,CUST2381,ACC149278,2024-02-09,CREDIT,92578.65,USD,BR381,COMPLETED,56.03,SOUTH,LOAN
TXN0004679,CUST7387,ACC939133,2024-07-09,DEBIT,31475.18,EUR,BR118,COMPLETED,16.28,NORTH,SAVINGS
TXN0004680,CUST6068,ACC659054,2024-05-31,TRANSFER,15824.16,USD,BR105,FAILED,30.66,WEST,SAVINGS
TXN0004681,CUST4757,ACC480272,2024-09-18,CREDIT,41869.95,USD,BR560,FAILED,28.79,SOUTH,LOAN
TXN0004682,CUST5053,ACC665661,2024-12-05,DEBIT,-34419.48,USD,BR941,REVERSED,27.27,SOUTH,SAVINGS
TXN0004683,,ACC341616,2024-02-27,DEBIT,58929.95,AUD,BR555,PENDING,86.26,SOUTH,LOAN
TXN0004684,CUST8260,ACC827391,2024-12-30,CREDIT,-20917.03,USD,BR907,COMPLETED,48.66,,CHECKING
TXN0004685,CUST3071,ACC656657,2024-07-09,DEBIT,70424.55,USD,BR177,COMPLETED,77.95,EAST,MORTGAGE
TXN0004686,CUST3150,ACC274853,2024-10-02,DEBIT,39794.02,USD,BR920,COMPLETED,21.66,SOUTH,SAVINGS
TXN0004687,CUST9630,ACC492662,2024-03-19,DEBIT,11491.11,USD,BR803,COMPLETED,90.66,SOUTH,CREDIT
TXN0004688,CUST3795,ACC266461,2024-08-10,CREDIT,22663.65,USD,BR767,FAILED,97.0,EAST,SAVINGS
TXN0004689,CUST1468,ACC205002,2024-10-05,DEBIT,-26502.7,EUR,BR531,COMPLETED,59.23,WEST,SAVINGS
TXN0004690,CUST1575,ACC813447,2024-08-01,DEBIT,28937.21,USD,BR746,COMPLETED,42.11,EAST,LOAN
TXN0004691,CUST6846,ACC273681,2024-10-01,PAYMENT,-3529.58,EUR,BR161,PENDING,13.82,NORTH,CREDIT
TXN0004692,CUST6328,ACC765748,2024-09-12,WITHDRAWAL,60627.93,EUR,BR202,COMPLETED,97.09,WEST,CHECKING
TXN0004693,CUST8801,ACC765124,2024-07-24,TRANSFER,-10087.61,USD,BR853,FAILED,21.46,SOUTH,SAVINGS
TXN0004694,CUST8654,ACC748213,2024-06-01,CREDIT,-8452.92,USD,BR131,COMPLETED,,SOUTH,SAVINGS
TXN0004695,CUST9856,ACC337248,2024-01-05,CREDIT,3990.43,USD,BR675,COMPLETED,27.58,EAST,SAVINGS
TXN0004696,CUST5463,ACC984199,2024-02-23,CREDIT,-44925.73,USD,BR842,COMPLETED,22.03,CENTRAL,SAVINGS
TXN0004697,CUST9987,ACC887589,2024-10-25,WITHDRAWAL,52667.25,USD,BR923,,75.57,NORTH,CHECKING
TXN0004698,CUST8288,ACC850870,2024-02-26,WITHDRAWAL,84529.94,,BR850,PENDING,58.32,CENTRAL,SAVINGS
TXN0004699,CUST3213,ACC259437,2024-09-28,DEBIT,-13191.57,EUR,BR325,PENDING,98.5,NORTH,CREDIT
TXN0004700,CUST9835,ACC667092,2024-06-16,CREDIT,63728.67,GBP,BR894,COMPLETED,48.43,NORTH,CHECKING
TXN0004701,CUST3900,ACC739280,2024-05-14,TRANSFER,88495.19,USD,BR212,PENDING,,SOUTH,MORTGAGE
TXN0004702,CUST8480,ACC544612,2024-10-11,CREDIT,-31564.43,USD,BR974,COMPLETED,89.17,SOUTH,CREDIT
TXN0004703,CUST8126,ACC999987,2024-10-02,TRANSFER,32594.2,EUR,BR551,COMPLETED,93.11,SOUTH,CHECKING
TXN0004704,CUST9576,ACC312018,2024-01-30,DEBIT,3013.42,USD,BR924,FAILED,42.97,CENTRAL,CHECKING
TXN0004705,CUST9745,ACC391945,2024-07-18,CREDIT,,USD,BR347,PENDING,20.32,SOUTH,LOAN
TXN0004706,CUST6073,ACC151288,2024-06-07,TRANSFER,28950.31,USD,BR416,COMPLETED,67.12,WEST,LOAN
TXN0004707,CUST6688,ACC520345,2024-06-05,CREDIT,-42632.35,USD,BR952,PENDING,27.05,NORTH,CHECKING
TXN0004708,CUST8891,ACC410899,2024-03-09,TRANSFER,30976.28,EUR,BR721,COMPLETED,42.9,WEST,MORTGAGE
TXN0004709,CUST9841,ACC508705,2024-12-10,DEBIT,-2586.2,USD,BR843,COMPLETED,74.26,WEST,SAVINGS
TXN0004710,CUST4721,ACC647093,2024-01-01,DEBIT,61005.19,GBP,BR678,COMPLETED,84.9,EAST,CHECKING
TXN0004711,CUST2467,ACC541727,2024-01-22,DEBIT,72823.72,GBP,BR540,COMPLETED,83.51,WEST,CHECKING
TXN0004712,CUST8239,ACC599694,2024-07-17,TRANSFER,91294.51,USD,BR307,PENDING,99.45,WEST,CREDIT
TXN0004713,CUST6044,ACC590737,2024-03-31,DEBIT,62525.16,GBP,BR279,COMPLETED,2.95,CENTRAL,CREDIT
TXN0004714,CUST6992,ACC437558,2024-10-18,WITHDRAWAL,62076.09,GBP,BR197,PENDING,71.72,NORTH,SAVINGS
TXN0004715,CUST7753,ACC242732,2024-09-14,PAYMENT,762.76,AUD,BR476,PENDING,98.84,EAST,CHECKING
TXN0004716,CUST5256,ACC856597,2024-09-11,DEBIT,-33332.84,USD,BR468,COMPLETED,80.32,SOUTH,SAVINGS
TXN0004717,CUST3551,ACC414565,2024-08-14,TRANSFER,-48203.35,USD,BR326,COMPLETED,42.08,EAST,CHECKING
TXN0004718,CUST5973,ACC100370,2024-11-22,CREDIT,29467.01,USD,BR766,COMPLETED,78.48,CENTRAL,LOAN
TXN0004719,CUST1172,ACC178507,2024-09-25,DEBIT,-33669.15,USD,BR879,COMPLETED,48.98,EAST,SAVINGS
TXN0004720,CUST1001,ACC363537,2024-09-02,DEBIT,34301.8,USD,BR346,COMPLETED,54.91,NORTH,CHECKING
TXN0004721,CUST9574,ACC842749,2024-05-05,WITHDRAWAL,46262.51,USD,BR970,COMPLETED,20.52,SOUTH,LOAN
TXN0004722,CUST3233,ACC682753,2024-06-09,DEBIT,83447.8,USD,BR731,COMPLETED,43.55,CENTRAL,CREDIT
TXN0004723,CUST6634,ACC800574,2024-09-23,CREDIT,73554.74,GBP,BR905,COMPLETED,41.79,CENTRAL,CHECKING
TXN0004724,CUST5698,ACC426741,2024-06-16,TRANSFER,22972.28,AUD,BR575,COMPLETED,17.4,NORTH,LOAN
TXN0004725,CUST8687,ACC318895,2024-07-17,CREDIT,23773.37,USD,BR984,COMPLETED,2.37,WEST,SAVINGS
TXN0004726,CUST9767,ACC869089,2024-11-22,DEBIT,94929.89,EUR,BR428,COMPLETED,85.6,WEST,SAVINGS
TXN0004727,CUST1136,ACC742900,2024-07-24,PAYMENT,-11954.19,GBP,BR306,FAILED,23.59,SOUTH,SAVINGS
TXN0004728,CUST9059,ACC722838,2024-05-24,CREDIT,15286.27,USD,BR204,COMPLETED,4.98,CENTRAL,LOAN
TXN0004729,CUST8816,ACC170060,2024-07-23,TRANSFER,38240.81,USD,BR606,COMPLETED,79.63,EAST,LOAN
TXN0004730,CUST5908,ACC162099,2024-06-08,DEBIT,16980.51,GBP,BR435,COMPLETED,31.63,SOUTH,SAVINGS
TXN0004731,CUST1149,ACC891852,2024-03-01,DEBIT,71697.86,GBP,BR234,COMPLETED,76.01,NORTH,CREDIT
TXN0004732,CUST8052,ACC530309,2024-11-01,WITHDRAWAL,59480.95,AUD,BR936,COMPLETED,91.71,NORTH,CHECKING
TXN0004733,CUST5799,ACC247118,2024-08-10,DEBIT,93217.0,EUR,BR944,COMPLETED,30.83,NORTH,SAVINGS
TXN0004734,CUST4788,ACC250776,2024-03-07,DEBIT,6539.17,GBP,BR659,COMPLETED,2.68,SOUTH,CHECKING
TXN0004735,CUST1118,ACC604293,2024-04-21,CREDIT,74511.42,GBP,BR484,COMPLETED,46.79,SOUTH,CREDIT
TXN0004736,CUST9981,ACC962392,2024-05-31,TRANSFER,67870.89,USD,BR202,PENDING,30.32,WEST,CHECKING
TXN0004737,CUST7121,ACC268037,2024-12-03,DEBIT,-5648.42,USD,BR914,COMPLETED,15.03,EAST,CREDIT
TXN0004738,CUST4089,ACC901733,2024-04-02,WITHDRAWAL,64419.08,EUR,BR289,COMPLETED,5.33,NORTH,SAVINGS
TXN0004739,CUST7745,ACC946188,2024-02-27,DEBIT,-13664.47,USD,BR776,FAILED,58.66,NORTH,LOAN
TXN0004740,CUST8161,ACC354240,2024-11-08,CREDIT,-17111.3,USD,BR262,COMPLETED,65.83,SOUTH,SAVINGS
TXN0004741,CUST7467,ACC510243,2024-03-13,CREDIT,-4947.71,USD,BR361,PENDING,,WEST,LOAN
TXN0004742,CUST5094,ACC924508,2024-08-11,DEBIT,16632.08,USD,BR123,COMPLETED,6.18,CENTRAL,CREDIT
TXN0004743,CUST3675,ACC267188,2024-03-15,TRANSFER,-8524.67,USD,BR756,COMPLETED,20.18,CENTRAL,CREDIT
TXN0004744,CUST7385,ACC777468,2024-04-01,DEBIT,36111.33,USD,BR786,PENDING,39.85,WEST,CHECKING
TXN0004745,CUST7199,ACC539363,2024-02-08,DEBIT,96110.03,GBP,BR148,REVERSED,17.27,CENTRAL,SAVINGS
TXN0004746,CUST4614,ACC509992,2024-04-08,TRANSFER,-20205.09,EUR,BR133,COMPLETED,39.28,NORTH,SAVINGS
TXN0004747,CUST5308,ACC720145,2024-04-03,DEBIT,21926.75,EUR,BR237,REVERSED,33.05,CENTRAL,CREDIT
TXN0004748,CUST2297,ACC302764,2024-01-09,DEBIT,84124.7,EUR,BR420,PENDING,38.26,SOUTH,CHECKING
TXN0004749,CUST7917,ACC360647,2024-06-05,CREDIT,-27815.45,EUR,BR687,COMPLETED,14.5,EAST,SAVINGS
TXN0004750,CUST4924,ACC974857,2024-12-19,CREDIT,68982.06,GBP,BR302,COMPLETED,,WEST,SAVINGS
TXN0004751,CUST9464,ACC467428,2024-02-02,CREDIT,89703.5,EUR,BR605,COMPLETED,53.24,SOUTH,CHECKING
TXN0004752,CUST5454,ACC173957,2024-01-24,WITHDRAWAL,14560.64,USD,BR959,,44.74,WEST,LOAN
TXN0004753,CUST5664,ACC337298,2024-05-25,CREDIT,83879.82,USD,BR825,COMPLETED,60.11,WEST,LOAN
TXN0004754,CUST9715,ACC389635,2024-03-24,WITHDRAWAL,25299.79,EUR,BR442,FAILED,96.45,SOUTH,CREDIT
TXN0004755,CUST5404,ACC247262,2024-11-09,CREDIT,42419.76,GBP,BR977,FAILED,80.51,SOUTH,SAVINGS
TXN0004756,CUST7765,ACC520940,2024-05-09,TRANSFER,-38860.32,USD,BR652,PENDING,0.41,CENTRAL,CREDIT
TXN0004757,CUST4080,ACC229469,2024-09-29,CREDIT,-49922.22,USD,BR185,COMPLETED,86.3,CENTRAL,CREDIT
TXN0004758,CUST2121,ACC861244,2024-04-21,CREDIT,-17213.45,USD,BR645,COMPLETED,45.73,CENTRAL,CREDIT
TXN0004759,CUST3988,ACC875584,2024-02-27,PAYMENT,-6474.51,USD,BR333,PENDING,29.9,NORTH,CREDIT
TXN0004760,CUST3238,ACC714391,2024-05-24,TRANSFER,32412.28,USD,BR451,COMPLETED,4.37,EAST,CREDIT
TXN0004761,CUST5744,ACC804975,2024-09-05,DEBIT,45822.57,USD,BR139,COMPLETED,37.27,CENTRAL,LOAN
TXN0004762,CUST2808,ACC259222,2024-09-18,CREDIT,-13268.93,USD,BR754,COMPLETED,90.71,CENTRAL,LOAN
TXN0004763,CUST8460,ACC315829,2024-10-17,CREDIT,98041.47,EUR,BR146,COMPLETED,89.28,EAST,CHECKING
TXN0004764,CUST8418,ACC564919,2024-12-24,CREDIT,-42458.19,USD,BR289,COMPLETED,87.5,SOUTH,SAVINGS
TXN0004765,CUST5458,ACC249326,2024-02-27,CREDIT,94544.54,USD,BR248,REVERSED,18.49,EAST,CREDIT
TXN0004766,CUST9060,ACC804892,2024-02-16,PAYMENT,-32704.41,GBP,BR674,PENDING,75.49,NORTH,SAVINGS
TXN0004767,CUST4076,ACC388851,2024-08-29,DEBIT,-6531.14,USD,BR584,COMPLETED,18.66,WEST,CHECKING
TXN0004768,CUST6253,ACC897530,2024-11-10,DEBIT,-2076.34,AUD,BR864,COMPLETED,32.71,EAST,CHECKING
TXN0004769,CUST1317,ACC443376,2024-08-16,DEBIT,45009.26,EUR,BR373,COMPLETED,90.56,SOUTH,CREDIT
TXN0004770,CUST3492,ACC111292,2024-03-19,CREDIT,-12125.23,USD,BR113,COMPLETED,27.65,SOUTH,SAVINGS
TXN0004771,CUST1813,ACC767687,2024-07-27,CREDIT,-30415.36,EUR,BR787,COMPLETED,56.63,NORTH,CHECKING
TXN0004772,CUST9764,ACC222989,2027-01-01,WITHDRAWAL,12506.31,GBP,BR643,FAILED,99.69,WEST,LOAN
TXN0004773,CUST1362,ACC645909,2024-11-08,DEBIT,43647.05,EUR,BR705,COMPLETED,44.28,NORTH,CHECKING
TXN0004774,CUST4046,ACC426275,2024-10-31,CREDIT,79644.69,USD,BR602,COMPLETED,10.78,EAST,
TXN0004775,CUST2675,ACC649706,2024-11-09,WITHDRAWAL,46239.36,USD,BR480,COMPLETED,33.98,SOUTH,SAVINGS
TXN0004776,CUST5622,ACC207596,2024-05-22,DEBIT,14060.11,USD,BR760,COMPLETED,13.84,WEST,LOAN
TXN0004777,CUST5410,ACC909142,2024-10-21,CREDIT,39275.86,USD,BR599,COMPLETED,62.59,CENTRAL,CHECKING
TXN0004778,CUST3048,ACC759077,2024-12-19,WITHDRAWAL,-9547.81,AUD,BR820,COMPLETED,41.12,CENTRAL,CREDIT
TXN0004779,CUST8183,ACC727516,2024-09-26,DEBIT,92421.3,USD,BR629,COMPLETED,64.44,EAST,CHECKING
TXN0004780,CUST1134,ACC593993,2024-02-19,DEBIT,23021.8,EUR,BR839,FAILED,17.37,CENTRAL,CREDIT
TXN0004781,CUST4814,ACC343459,2024-11-29,DEBIT,-14563.57,USD,BR367,COMPLETED,84.72,EAST,CHECKING
TXN0004782,CUST2477,ACC792502,2024-03-23,DEBIT,95536.22,EUR,BR990,COMPLETED,56.05,WEST,LOAN
TXN0004783,CUST3468,ACC559561,2024-09-20,TRANSFER,6647.38,EUR,BR239,COMPLETED,69.92,NORTH,SAVINGS
TXN0004784,CUST1241,ACC413337,2024-12-23,WITHDRAWAL,35821.06,EUR,BR334,COMPLETED,78.22,CENTRAL,SAVINGS
TXN0004785,CUST9086,ACC962181,2024-04-11,WITHDRAWAL,62661.2,GBP,BR454,COMPLETED,94.76,WEST,SAVINGS
TXN0004786,CUST4558,ACC230929,2024-02-26,CREDIT,90370.56,USD,BR183,COMPLETED,45.99,NORTH,LOAN
TXN0004787,CUST6601,ACC667551,2024-10-08,DEBIT,37090.04,USD,BR743,REVERSED,58.27,WEST,SAVINGS
TXN0004788,CUST7885,ACC878999,2024-01-11,CREDIT,40974.74,USD,BR674,COMPLETED,90.68,WEST,
TXN0004789,CUST6104,ACC739668,2024-01-30,DEBIT,-36029.92,USD,BR789,COMPLETED,93.41,CENTRAL,CHECKING
TXN0004790,CUST9165,ACC576438,2024-04-22,DEBIT,62706.37,USD,BR138,COMPLETED,73.28,SOUTH,CHECKING
TXN0004791,CUST7084,ACC261141,2024-08-09,DEBIT,22703.41,USD,BR824,COMPLETED,64.07,SOUTH,SAVINGS
TXN0004792,CUST8597,ACC173822,2024-08-04,DEBIT,58104.44,USD,BR954,COMPLETED,23.01,SOUTH,LOAN
TXN0004793,CUST1519,ACC890888,2024-07-28,TRANSFER,8330.04,EUR,BR263,COMPLETED,49.74,NORTH,CREDIT
TXN0004794,CUST6410,ACC854981,2024-01-11,DEBIT,4725.8,USD,BR923,COMPLETED,59.02,SOUTH,CHECKING
TXN0004795,CUST2314,ACC457959,2027-01-01,CREDIT,42099.64,USD,BR544,PENDING,56.24,SOUTH,CHECKING
TXN0004796,CUST3393,ACC385320,2024-03-27,CREDIT,46831.62,USD,BR418,COMPLETED,18.81,WEST,CHECKING
TXN0004797,CUST1918,ACC142961,2024-12-27,DEBIT,29072.98,USD,BR285,COMPLETED,28.7,EAST,CREDIT
TXN0004798,CUST5366,ACC500033,2024-01-02,CREDIT,28595.91,USD,BR213,COMPLETED,65.68,NORTH,SAVINGS
TXN0004799,CUST7429,ACC978683,2024-02-01,DEBIT,70935.83,USD,BR751,COMPLETED,87.33,SOUTH,CHECKING
TXN0004800,CUST2169,ACC367861,2024-01-03,PAYMENT,25894.77,USD,BR408,COMPLETED,85.76,CENTRAL,MORTGAGE
TXN0004801,CUST9899,ACC218318,2024-06-27,TRANSFER,39339.52,EUR,BR699,PENDING,67.12,CENTRAL,CHECKING
TXN0004802,CUST8702,ACC757350,2024-04-10,WITHDRAWAL,51995.63,USD,BR242,COMPLETED,24.55,SOUTH,CHECKING
TXN0004803,CUST3975,ACC589187,2024-03-23,CREDIT,85473.71,USD,BR992,COMPLETED,59.67,CENTRAL,LOAN
TXN0004804,CUST4148,ACC546599,2024-10-03,TRANSFER,80813.78,EUR,BR645,PENDING,1.94,WEST,LOAN
TXN0004805,CUST5097,ACC713394,2024-06-21,PAYMENT,17902.5,AUD,BR826,COMPLETED,51.64,WEST,SAVINGS
TXN0004806,CUST7251,ACC276638,2024-04-09,DEBIT,-13288.96,GBP,BR622,COMPLETED,42.38,SOUTH,SAVINGS
TXN0004807,CUST1206,ACC844238,2024-10-05,DEBIT,69968.36,EUR,BR404,COMPLETED,7.23,WEST,SAVINGS
TXN0004808,CUST2998,ACC825024,2024-07-21,DEBIT,41811.12,USD,BR174,COMPLETED,87.37,SOUTH,
TXN0004809,,ACC933047,2024-04-06,DEBIT,-12025.2,EUR,BR496,COMPLETED,68.75,WEST,MORTGAGE
TXN0004810,CUST7304,ACC610975,2024-02-19,CREDIT,-10633.35,USD,BR839,COMPLETED,83.3,WEST,CREDIT
TXN0004811,CUST8257,ACC895302,2024-01-02,DEBIT,93714.37,USD,BR338,COMPLETED,30.61,NORTH,SAVINGS
TXN0004812,CUST5049,ACC405247,2024-06-13,CREDIT,58415.96,USD,BR826,COMPLETED,7.9,WEST,SAVINGS
TXN0004813,CUST1549,ACC335545,2024-11-19,TRANSFER,89905.89,USD,BR385,COMPLETED,,WEST,CHECKING
TXN0004814,CUST4263,ACC648236,2024-01-24,TRANSFER,-40321.98,AUD,BR996,PENDING,83.69,CENTRAL,CHECKING
TXN0004815,CUST8550,ACC208055,2024-06-16,WITHDRAWAL,15271.11,EUR,BR392,PENDING,56.64,NORTH,CREDIT
TXN0004816,CUST2539,ACC192875,2024-04-01,CREDIT,76638.25,AUD,BR602,COMPLETED,44.54,WEST,SAVINGS
TXN0004817,CUST9538,ACC867305,2024-05-18,TRANSFER,-1980.07,GBP,BR579,COMPLETED,41.66,,CREDIT
TXN0004818,CUST4415,ACC732622,2024-05-05,DEBIT,842.12,USD,BR765,,54.27,CENTRAL,CHECKING
TXN0004819,,ACC728146,2024-09-28,WITHDRAWAL,-12353.84,USD,BR705,REVERSED,28.32,EAST,LOAN
TXN0004820,CUST7375,ACC480160,2024-04-30,DEBIT,21509.61,USD,BR291,COMPLETED,71.32,NORTH,SAVINGS
TXN0004821,CUST6113,ACC353013,2024-10-08,DEBIT,-8349.81,USD,BR596,PENDING,92.1,SOUTH,CHECKING
TXN0004822,CUST6293,ACC991253,2024-12-29,DEBIT,15788.24,USD,BR758,COMPLETED,86.92,EAST,LOAN
TXN0004823,CUST3598,ACC797209,2024-01-01,DEBIT,-26328.36,USD,BR736,COMPLETED,69.05,EAST,CHECKING
TXN0004824,CUST1691,ACC618554,2024-06-30,CREDIT,-28759.52,USD,BR526,COMPLETED,96.89,CENTRAL,SAVINGS
TXN0004825,CUST9534,ACC977353,2024-10-10,CREDIT,26138.37,EUR,BR726,COMPLETED,23.7,WEST,SAVINGS
TXN0004826,CUST3001,ACC835679,2024-12-18,WITHDRAWAL,27281.99,EUR,BR905,COMPLETED,8.74,SOUTH,CHECKING
TXN0004827,CUST5150,ACC553485,2024-03-23,DEBIT,16656.33,USD,BR959,COMPLETED,70.64,WEST,LOAN
TXN0004828,CUST8884,ACC542157,2024-08-01,CREDIT,7523.22,GBP,BR932,COMPLETED,62.57,WEST,SAVINGS
TXN0004829,,ACC159404,2024-11-11,DEBIT,72223.03,USD,BR861,COMPLETED,97.19,NORTH,CREDIT
TXN0004830,CUST4255,ACC769054,2024-03-28,CREDIT,67817.48,USD,BR971,COMPLETED,93.63,SOUTH,CHECKING
TXN0004831,CUST6905,ACC210299,2024-12-03,DEBIT,87618.2,USD,BR303,COMPLETED,68.32,NORTH,LOAN
TXN0004832,CUST1853,ACC907346,2024-10-16,CREDIT,-37792.48,AUD,BR732,COMPLETED,3.77,WEST,CHECKING
TXN0004833,CUST4568,ACC393814,2024-11-09,CREDIT,32242.69,EUR,BR787,COMPLETED,29.25,NORTH,SAVINGS
TXN0004834,CUST2850,ACC983241,2024-02-01,DEBIT,34417.81,GBP,BR979,FAILED,36.35,SOUTH,CHECKING
TXN0004835,CUST4866,ACC859223,2024-01-31,DEBIT,27872.47,USD,BR939,COMPLETED,23.19,WEST,CREDIT
TXN0004836,CUST8113,ACC868021,2024-08-18,TRANSFER,,USD,BR254,COMPLETED,89.98,CENTRAL,LOAN
TXN0004837,CUST6316,ACC389266,2024-07-22,DEBIT,23916.45,GBP,BR105,PENDING,88.74,EAST,CHECKING
TXN0004838,CUST1246,ACC363895,2024-09-30,CREDIT,80570.95,USD,BR454,COMPLETED,97.64,WEST,SAVINGS
TXN0004839,CUST3742,ACC771366,2024-12-23,DEBIT,30679.98,AUD,BR477,COMPLETED,23.34,EAST,CHECKING
TXN0004840,CUST5523,ACC632491,2024-08-09,TRANSFER,96011.46,EUR,BR948,COMPLETED,99.65,EAST,CHECKING
TXN0004841,CUST2960,ACC444802,2024-03-24,PAYMENT,-30975.06,USD,BR182,COMPLETED,71.96,SOUTH,CREDIT
TXN0004842,CUST7484,ACC540030,2024-08-22,CREDIT,-21890.13,USD,BR955,PENDING,58.82,,CREDIT
TXN0004843,CUST4982,ACC799377,2024-08-11,DEBIT,39197.32,EUR,BR919,COMPLETED,27.6,CENTRAL,CHECKING
TXN0004844,CUST1146,ACC976920,2024-05-04,DEBIT,45887.57,USD,BR475,REVERSED,51.7,WEST,LOAN
TXN0004845,CUST1688,ACC363453,2024-04-26,DEBIT,-45729.8,USD,BR858,COMPLETED,69.1,CENTRAL,SAVINGS
TXN0004846,CUST8786,ACC473986,2024-03-31,DEBIT,-41039.63,AUD,BR765,COMPLETED,93.22,NORTH,CHECKING
TXN0004847,CUST3539,ACC187129,2024-10-11,DEBIT,38379.17,EUR,BR576,COMPLETED,90.93,SOUTH,LOAN
TXN0004848,CUST7084,ACC113554,2024-04-15,DEBIT,-2046.63,USD,BR105,COMPLETED,42.02,WEST,CHECKING
TXN0004849,CUST2466,ACC206043,2024-09-13,WITHDRAWAL,2602.0,GBP,BR909,COMPLETED,28.62,NORTH,LOAN
TXN0004850,CUST5075,ACC847734,2024-11-08,CREDIT,-33003.51,USD,BR357,COMPLETED,1.29,EAST,CREDIT
TXN0004851,CUST3583,ACC945143,2024-07-16,TRANSFER,-15482.79,AUD,BR932,PENDING,70.81,CENTRAL,SAVINGS
TXN0004852,CUST9190,ACC609134,2024-12-10,DEBIT,-1687.33,GBP,BR463,COMPLETED,13.71,NORTH,MORTGAGE
TXN0004853,CUST2497,ACC354535,2024-04-14,PAYMENT,4648.07,EUR,BR988,REVERSED,54.39,NORTH,CHECKING
TXN0004854,CUST6544,ACC714239,2024-04-19,TRANSFER,-45137.45,GBP,BR833,FAILED,51.41,SOUTH,SAVINGS
TXN0004855,CUST1983,ACC619020,2024-09-04,CREDIT,59403.55,AUD,BR293,COMPLETED,79.37,CENTRAL,SAVINGS
TXN0004856,CUST1979,ACC332142,2024-07-27,WITHDRAWAL,-39926.42,EUR,BR854,COMPLETED,22.41,NORTH,SAVINGS
TXN0004857,CUST6824,ACC719796,2024-02-12,CREDIT,-16382.43,USD,BR857,FAILED,94.24,WEST,CHECKING
TXN0004858,CUST3521,ACC554837,2024-09-15,CREDIT,-4562.48,EUR,BR336,FAILED,64.37,EAST,LOAN
TXN0004859,CUST9787,ACC797962,2024-06-21,DEBIT,-22264.33,EUR,BR111,COMPLETED,62.38,EAST,LOAN
TXN0004860,CUST2759,ACC378663,2024-11-21,PAYMENT,11312.47,USD,BR396,COMPLETED,8.4,EAST,SAVINGS
TXN0004861,CUST3061,ACC209015,2024-02-28,DEBIT,78959.34,EUR,BR324,COMPLETED,27.6,NORTH,LOAN
TXN0004862,CUST8992,ACC918855,2024-11-19,DEBIT,60907.64,AUD,BR356,PENDING,3.2,WEST,CREDIT
TXN0004863,CUST4812,ACC966397,2024-10-04,TRANSFER,20402.24,USD,BR738,COMPLETED,94.34,WEST,MORTGAGE
TXN0004864,CUST6189,ACC842946,2024-07-25,CREDIT,97101.33,USD,BR378,COMPLETED,75.22,CENTRAL,MORTGAGE
TXN0004865,CUST6690,ACC611560,2027-01-01,DEBIT,-21733.43,USD,BR668,COMPLETED,75.98,SOUTH,MORTGAGE
TXN0004866,CUST8187,ACC687905,2024-07-22,DEBIT,-14856.06,USD,BR214,COMPLETED,,SOUTH,CREDIT
TXN0004867,CUST4161,ACC736108,2024-08-20,TRANSFER,90660.48,GBP,BR470,PENDING,28.47,SOUTH,SAVINGS
TXN0004868,CUST1349,ACC978090,2024-02-23,CREDIT,86540.99,USD,BR680,COMPLETED,83.05,SOUTH,CHECKING
TXN0004869,CUST7189,ACC693095,2024-05-06,CREDIT,66216.48,EUR,BR675,COMPLETED,7.04,EAST,LOAN
TXN0004870,CUST6868,ACC494078,2024-08-10,DEBIT,64450.39,USD,BR623,COMPLETED,3.51,EAST,CREDIT
TXN0004871,CUST3207,ACC736095,2024-10-09,TRANSFER,435.21,EUR,BR949,COMPLETED,10.79,WEST,SAVINGS
TXN0004872,CUST5107,ACC644176,2024-06-05,DEBIT,-19673.25,AUD,BR246,COMPLETED,85.13,CENTRAL,MORTGAGE
TXN0004873,CUST1646,ACC799984,2024-02-25,DEBIT,81592.29,,BR807,COMPLETED,74.3,CENTRAL,SAVINGS
TXN0004874,CUST8951,ACC501171,2024-01-01,CREDIT,-20787.64,USD,BR498,COMPLETED,52.22,NORTH,CHECKING
TXN0004875,CUST8168,ACC144146,2024-02-08,DEBIT,57052.12,USD,BR628,FAILED,4.69,EAST,MORTGAGE
TXN0004876,CUST5828,ACC730888,2024-04-07,DEBIT,41879.83,USD,BR581,PENDING,73.89,EAST,SAVINGS
TXN0004877,CUST9892,ACC213034,2024-03-20,DEBIT,20845.7,USD,BR399,FAILED,87.46,CENTRAL,MORTGAGE
TXN0004878,CUST9029,ACC719019,2024-12-05,TRANSFER,89905.37,USD,BR398,COMPLETED,65.62,WEST,CHECKING
TXN0004879,CUST4109,ACC978922,2024-09-15,CREDIT,73173.83,USD,BR325,COMPLETED,73.69,WEST,MORTGAGE
TXN0004880,CUST4057,ACC932149,2024-03-21,CREDIT,50581.92,EUR,BR344,COMPLETED,65.53,SOUTH,CHECKING
TXN0004881,CUST9906,ACC773896,2024-04-12,CREDIT,-46979.53,AUD,BR789,REVERSED,67.7,EAST,CHECKING
TXN0004882,CUST6696,ACC203365,2024-04-25,CREDIT,9392.71,AUD,BR604,COMPLETED,,CENTRAL,LOAN
TXN0004883,CUST6303,ACC703587,2024-11-07,WITHDRAWAL,71582.87,AUD,BR311,COMPLETED,61.41,EAST,SAVINGS
TXN0004884,CUST8674,ACC199524,2024-03-19,WITHDRAWAL,25565.37,USD,BR214,COMPLETED,80.87,SOUTH,LOAN
TXN0004885,CUST5510,ACC223179,2024-02-20,CREDIT,59535.41,USD,BR369,COMPLETED,29.9,EAST,SAVINGS
TXN0004886,CUST3627,ACC901144,2024-12-10,DEBIT,-31994.27,USD,BR745,COMPLETED,9.43,NORTH,SAVINGS
TXN0004887,CUST2128,ACC350205,2024-10-03,TRANSFER,10500.9,USD,BR111,COMPLETED,93.06,SOUTH,SAVINGS
TXN0004888,CUST9702,ACC478222,2024-09-17,WITHDRAWAL,-49986.02,USD,BR246,PENDING,6.65,EAST,CHECKING
TXN0004889,CUST3539,ACC708302,2024-04-24,CREDIT,23513.01,GBP,BR723,COMPLETED,59.67,WEST,CHECKING
TXN0004890,CUST8362,ACC805282,2024-06-27,WITHDRAWAL,23319.37,USD,BR121,COMPLETED,57.82,SOUTH,SAVINGS
TXN0004891,CUST5844,ACC843760,2024-04-05,DEBIT,44380.89,EUR,BR332,COMPLETED,91.53,SOUTH,CHECKING
TXN0004892,CUST5314,ACC733136,2024-08-24,TRANSFER,44934.09,GBP,BR120,FAILED,25.07,EAST,SAVINGS
TXN0004893,CUST9873,ACC542320,2024-11-03,CREDIT,25637.1,USD,BR151,REVERSED,44.05,NORTH,MORTGAGE
TXN0004894,CUST7014,ACC954886,2024-02-02,DEBIT,78934.61,USD,BR658,COMPLETED,36.41,SOUTH,CHECKING
TXN0004895,CUST8439,ACC512871,2024-09-27,PAYMENT,-28054.98,GBP,BR208,COMPLETED,59.22,EAST,CHECKING
TXN0004896,CUST1011,ACC853180,2024-09-01,PAYMENT,55233.98,USD,BR909,PENDING,27.22,CENTRAL,SAVINGS
TXN0004897,CUST9289,ACC880465,2024-06-15,DEBIT,21413.91,USD,BR803,COMPLETED,37.25,CENTRAL,LOAN
TXN0004898,CUST7210,ACC141801,2024-12-28,DEBIT,-21448.18,AUD,BR915,,69.78,CENTRAL,CHECKING
TXN0004899,CUST4039,ACC464175,2024-12-24,DEBIT,77790.92,EUR,BR107,COMPLETED,13.27,NORTH,
TXN0004900,CUST1306,ACC778521,2024-01-11,CREDIT,13738.5,AUD,BR327,COMPLETED,40.67,EAST,LOAN
TXN0004901,CUST6965,ACC926420,2024-07-26,DEBIT,-42889.68,USD,BR721,COMPLETED,70.02,CENTRAL,SAVINGS
TXN0004902,CUST4912,ACC561630,2024-09-03,CREDIT,89795.11,EUR,BR192,COMPLETED,58.2,SOUTH,CHECKING
TXN0004903,CUST6254,ACC993631,2024-09-09,DEBIT,18348.47,GBP,BR171,COMPLETED,,CENTRAL,LOAN
TXN0004904,CUST2037,ACC583124,2024-07-16,DEBIT,37156.65,EUR,BR218,COMPLETED,61.65,SOUTH,LOAN
TXN0004905,CUST9830,ACC701195,2024-02-18,CREDIT,71943.2,EUR,BR758,COMPLETED,36.73,SOUTH,CREDIT
TXN0004906,CUST7348,ACC648159,2024-11-29,TRANSFER,58710.26,AUD,BR406,COMPLETED,30.31,EAST,SAVINGS
TXN0004907,CUST4110,ACC139086,2024-01-23,TRANSFER,80145.9,GBP,BR112,FAILED,21.35,WEST,SAVINGS
TXN0004908,CUST9586,ACC518059,2024-08-04,CREDIT,76831.55,USD,BR603,COMPLETED,12.02,SOUTH,SAVINGS
TXN0004909,CUST9151,ACC952660,2024-11-18,CREDIT,11787.25,USD,BR452,PENDING,23.02,EAST,LOAN
TXN0004910,CUST3525,ACC944334,2024-07-08,TRANSFER,35382.85,USD,BR482,COMPLETED,9.69,EAST,CREDIT
TXN0004911,CUST5638,ACC758629,2024-10-24,CREDIT,48602.0,USD,BR684,COMPLETED,72.18,WEST,CHECKING
TXN0004912,CUST6285,ACC880545,2024-03-26,DEBIT,99365.25,USD,BR579,,3.31,EAST,CREDIT
TXN0004913,CUST7714,ACC915404,2024-01-04,CREDIT,25486.72,GBP,BR650,COMPLETED,96.22,CENTRAL,MORTGAGE
TXN0004914,CUST6276,ACC552772,2024-11-21,DEBIT,-1114.52,USD,BR911,COMPLETED,18.66,SOUTH,LOAN
TXN0004915,CUST2809,ACC801569,2024-10-02,DEBIT,246.5,,BR547,PENDING,52.71,WEST,SAVINGS
TXN0004916,CUST2577,ACC126886,2024-09-24,DEBIT,-48329.72,USD,BR272,COMPLETED,59.8,CENTRAL,MORTGAGE
TXN0004917,CUST9572,ACC326533,2024-02-21,CREDIT,81916.64,USD,BR173,PENDING,42.6,EAST,CHECKING
TXN0004918,,ACC694469,2024-11-30,CREDIT,-41712.68,USD,BR972,COMPLETED,93.08,SOUTH,SAVINGS
TXN0004919,CUST1717,ACC289517,2024-05-16,TRANSFER,46387.95,EUR,BR526,COMPLETED,0.93,SOUTH,SAVINGS
TXN0004920,CUST3126,ACC125317,2024-05-06,TRANSFER,-8383.79,USD,BR320,COMPLETED,23.62,NORTH,SAVINGS
TXN0004921,CUST3926,ACC761149,2024-02-08,CREDIT,4569.98,USD,BR358,PENDING,32.32,NORTH,CHECKING
TXN0004922,CUST1512,ACC444941,2024-11-14,WITHDRAWAL,-43044.6,USD,BR618,COMPLETED,97.84,NORTH,LOAN
TXN0004923,CUST4310,ACC203603,2024-03-06,DEBIT,55638.46,USD,BR412,PENDING,92.74,SOUTH,SAVINGS
TXN0004924,CUST2753,ACC406474,2024-08-27,DEBIT,40090.21,EUR,BR857,COMPLETED,15.86,WEST,CREDIT
TXN0004925,CUST8952,ACC532164,2024-11-06,DEBIT,-26438.29,EUR,BR853,FAILED,3.3,WEST,CHECKING
TXN0004926,CUST4139,ACC940848,2024-08-15,CREDIT,41469.6,USD,BR394,PENDING,13.63,NORTH,SAVINGS
TXN0004927,CUST2617,ACC129752,2024-07-28,TRANSFER,95952.59,USD,BR339,COMPLETED,6.7,EAST,SAVINGS
TXN0004928,CUST1521,ACC864472,2024-02-29,CREDIT,98438.18,AUD,BR160,PENDING,43.01,SOUTH,CHECKING
TXN0004929,CUST7366,ACC578804,2024-08-23,DEBIT,66008.75,GBP,BR441,COMPLETED,53.17,NORTH,CHECKING
TXN0004930,CUST9026,ACC990691,2024-09-14,TRANSFER,-45919.63,AUD,BR318,COMPLETED,23.04,NORTH,MORTGAGE
TXN0004931,CUST9615,ACC365828,2024-12-21,DEBIT,-37746.51,USD,BR408,COMPLETED,95.12,NORTH,LOAN
TXN0004932,CUST5193,ACC476007,2024-02-26,DEBIT,89361.99,USD,BR367,COMPLETED,0.67,CENTRAL,CREDIT
TXN0004933,CUST1804,ACC958121,2024-06-29,TRANSFER,41823.09,USD,BR870,COMPLETED,29.61,CENTRAL,SAVINGS
TXN0004934,CUST7002,ACC816189,2024-10-30,CREDIT,56600.54,EUR,BR749,COMPLETED,4.72,EAST,SAVINGS
TXN0004935,CUST4616,ACC460762,2024-08-02,DEBIT,53460.41,EUR,BR590,COMPLETED,4.68,EAST,SAVINGS
TXN0004936,CUST2161,ACC469495,2024-10-23,DEBIT,-27865.22,EUR,BR444,COMPLETED,28.7,EAST,CHECKING
TXN0004937,CUST1214,ACC360781,2024-09-30,DEBIT,3353.86,USD,BR463,COMPLETED,,NORTH,LOAN
TXN0004938,CUST4419,ACC390070,2024-11-25,DEBIT,17295.86,USD,BR121,COMPLETED,56.05,WEST,SAVINGS
TXN0004939,CUST9051,ACC567672,2024-05-06,CREDIT,-26249.21,USD,BR911,COMPLETED,37.58,SOUTH,LOAN
TXN0004940,CUST2310,ACC921779,2024-10-04,CREDIT,-6552.63,USD,BR627,COMPLETED,40.97,EAST,CREDIT
TXN0004941,CUST8668,ACC150121,2024-12-20,CREDIT,-14359.73,GBP,BR251,COMPLETED,25.35,CENTRAL,CREDIT
TXN0004942,CUST1994,ACC440275,2024-06-02,CREDIT,-115.05,EUR,BR334,PENDING,94.44,WEST,CHECKING
TXN0004943,CUST6913,ACC580462,2024-06-28,WITHDRAWAL,-4356.59,USD,BR667,COMPLETED,84.29,CENTRAL,CHECKING
TXN0004944,CUST7814,ACC833064,2024-12-04,CREDIT,-38238.59,USD,BR248,PENDING,34.61,WEST,SAVINGS
TXN0004945,CUST7046,ACC765643,2024-09-11,DEBIT,2684.31,GBP,BR640,FAILED,80.07,EAST,SAVINGS
TXN0004946,CUST1955,ACC375957,2024-04-01,DEBIT,24981.28,USD,BR750,COMPLETED,50.6,CENTRAL,CHECKING
TXN0004947,CUST5355,ACC905947,2024-12-11,PAYMENT,-39846.84,EUR,BR646,COMPLETED,22.61,EAST,CHECKING
TXN0004948,CUST9667,ACC932192,2024-01-09,WITHDRAWAL,16311.51,USD,BR671,COMPLETED,48.27,CENTRAL,SAVINGS
TXN0004949,CUST1666,ACC268393,2024-03-18,CREDIT,-19505.49,USD,BR199,FAILED,85.74,NORTH,LOAN
TXN0004950,CUST2153,ACC319551,2024-12-25,DEBIT,32671.84,USD,BR503,PENDING,18.25,WEST,CHECKING
TXN0004951,CUST5979,ACC685606,2024-07-19,TRANSFER,65596.99,USD,BR182,PENDING,60.18,SOUTH,SAVINGS
TXN0004952,CUST2276,ACC908251,2024-07-11,DEBIT,58763.54,AUD,BR338,COMPLETED,51.75,SOUTH,CREDIT
TXN0004953,CUST4537,ACC673862,2024-07-07,TRANSFER,68265.37,GBP,BR568,FAILED,78.72,WEST,CHECKING
TXN0004954,CUST9511,ACC779778,2024-12-22,PAYMENT,-25311.43,EUR,BR768,PENDING,5.91,WEST,CHECKING
TXN0004955,CUST2591,ACC437516,2024-07-23,CREDIT,70232.01,USD,BR187,FAILED,33.41,NORTH,MORTGAGE
TXN0004956,CUST2658,ACC876685,2024-09-30,DEBIT,-2640.28,EUR,BR695,COMPLETED,14.0,NORTH,LOAN
TXN0004957,CUST4784,ACC520815,2024-07-15,DEBIT,-36415.89,AUD,BR434,COMPLETED,38.86,WEST,MORTGAGE
TXN0004958,CUST9710,ACC889912,2024-03-28,TRANSFER,81890.59,USD,BR800,COMPLETED,99.66,SOUTH,SAVINGS
TXN0004959,CUST7313,ACC465469,2024-11-09,DEBIT,67978.64,GBP,BR627,COMPLETED,19.02,NORTH,LOAN
TXN0004960,CUST4104,ACC918904,2024-06-30,PAYMENT,77116.6,EUR,BR648,COMPLETED,8.19,WEST,MORTGAGE
TXN0004961,CUST4164,ACC955081,2024-10-21,DEBIT,19052.97,USD,BR977,COMPLETED,81.91,NORTH,CREDIT
TXN0004962,CUST9621,ACC280415,2024-02-18,DEBIT,-44855.15,USD,BR891,COMPLETED,98.66,NORTH,SAVINGS
TXN0004963,CUST5075,ACC985752,2024-03-11,DEBIT,25903.11,USD,BR129,COMPLETED,91.21,SOUTH,CREDIT
TXN0004964,CUST3931,ACC624116,2024-06-14,TRANSFER,25122.14,USD,BR602,COMPLETED,94.33,EAST,SAVINGS
TXN0004965,CUST7802,ACC998258,2024-08-17,PAYMENT,-48928.11,EUR,BR331,FAILED,78.05,WEST,CHECKING
TXN0004966,CUST2728,ACC193186,2024-04-14,PAYMENT,-600.38,EUR,BR910,COMPLETED,13.79,SOUTH,CREDIT
TXN0004967,CUST6864,ACC449976,2024-06-06,CREDIT,-2686.49,USD,BR950,COMPLETED,97.1,CENTRAL,CREDIT
TXN0004968,CUST8515,ACC468893,2024-11-11,CREDIT,-19927.77,EUR,BR938,COMPLETED,76.79,,LOAN
TXN0004969,CUST7997,ACC746345,2024-09-16,DEBIT,32593.05,GBP,BR246,COMPLETED,76.42,WEST,CHECKING
TXN0004970,CUST2705,ACC664380,2024-10-30,CREDIT,-49667.02,USD,BR596,FAILED,70.82,SOUTH,LOAN
TXN0004971,CUST3733,ACC875798,2024-10-16,CREDIT,-20630.51,AUD,BR224,COMPLETED,10.44,SOUTH,SAVINGS
TXN0004972,CUST3955,ACC944266,2024-03-24,DEBIT,8782.34,EUR,BR414,REVERSED,98.71,CENTRAL,LOAN
TXN0004973,CUST7579,ACC976856,2024-06-24,CREDIT,42788.15,USD,BR489,PENDING,90.73,SOUTH,CREDIT
TXN0004974,CUST9268,ACC338625,2024-06-15,DEBIT,21582.82,EUR,BR328,PENDING,61.11,NORTH,CHECKING
TXN0004975,CUST6529,ACC431910,2024-04-24,TRANSFER,15606.8,USD,BR457,COMPLETED,13.76,WEST,SAVINGS
TXN0004976,CUST3591,ACC968937,2024-11-04,DEBIT,-17461.23,USD,BR451,REVERSED,63.0,SOUTH,LOAN
TXN0004977,CUST9747,ACC420691,2024-05-19,DEBIT,42882.05,GBP,BR401,COMPLETED,86.15,SOUTH,CHECKING
TXN0004978,CUST8258,ACC206218,2024-12-09,DEBIT,5643.69,USD,BR245,PENDING,10.52,EAST,CREDIT
TXN0004979,CUST6772,ACC857009,2024-08-10,DEBIT,65413.52,GBP,BR646,COMPLETED,29.94,WEST,CREDIT
TXN0004980,CUST6163,ACC194825,2024-11-17,PAYMENT,61113.99,,BR412,COMPLETED,29.51,WEST,CHECKING
TXN0004981,CUST6319,ACC770513,2024-11-21,PAYMENT,96061.83,AUD,BR545,COMPLETED,30.92,SOUTH,SAVINGS
TXN0004982,CUST7090,ACC525790,2024-01-05,PAYMENT,2380.11,EUR,BR934,COMPLETED,10.47,SOUTH,CREDIT
TXN0004983,CUST7755,ACC428124,2024-08-15,CREDIT,69625.64,GBP,BR632,COMPLETED,45.53,CENTRAL,CHECKING
TXN0004984,CUST8054,ACC752004,2024-06-01,DEBIT,77808.31,EUR,BR936,COMPLETED,93.25,CENTRAL,CHECKING
TXN0004985,CUST6299,ACC621344,2024-03-10,CREDIT,11311.9,AUD,BR524,COMPLETED,66.09,NORTH,LOAN
TXN0004986,CUST4943,ACC770538,2024-10-23,CREDIT,12311.18,USD,BR319,REVERSED,37.22,CENTRAL,LOAN
TXN0004987,CUST9939,ACC295236,2024-11-07,WITHDRAWAL,-22749.1,USD,BR879,COMPLETED,88.92,WEST,CREDIT
TXN0004988,CUST4504,ACC893315,2024-01-12,TRANSFER,66922.31,AUD,BR746,REVERSED,92.85,NORTH,CHECKING
TXN0004989,CUST7145,ACC501286,2024-08-15,CREDIT,30209.4,USD,BR831,COMPLETED,77.13,CENTRAL,SAVINGS
TXN0004990,CUST5162,ACC311968,2024-05-17,DEBIT,-2364.19,GBP,BR894,COMPLETED,57.71,CENTRAL,CHECKING
TXN0004991,CUST6898,ACC377537,2024-11-17,PAYMENT,32126.41,EUR,BR947,,14.56,CENTRAL,
TXN0004992,CUST8412,ACC997555,2024-08-31,CREDIT,32918.6,USD,BR656,REVERSED,6.3,NORTH,
TXN0004993,CUST8331,ACC841758,2024-03-14,CREDIT,67208.12,USD,BR554,COMPLETED,71.49,CENTRAL,CHECKING
TXN0004994,CUST7505,ACC609021,2024-11-12,PAYMENT,74191.6,USD,BR281,PENDING,9.88,NORTH,SAVINGS
TXN0004995,CUST1003,ACC467624,2024-07-29,CREDIT,-22525.81,USD,BR153,COMPLETED,28.97,CENTRAL,CHECKING
TXN0004996,CUST1567,ACC453371,2024-08-04,CREDIT,79757.89,USD,BR314,COMPLETED,90.48,WEST,SAVINGS
TXN0004997,CUST5660,ACC945044,2024-10-29,DEBIT,28104.01,EUR,BR987,PENDING,90.66,EAST,SAVINGS
TXN0004998,CUST1267,ACC559034,2024-06-04,CREDIT,39.86,USD,BR270,COMPLETED,64.7,SOUTH,CHECKING
TXN0004999,CUST9480,ACC479021,2024-02-02,CREDIT,17469.33,AUD,BR304,PENDING,18.76,CENTRAL,CHECKING
TXN0005000,CUST3213,ACC891434,2024-08-12,PAYMENT,81613.1,USD,BR637,,48.01,NORTH,LOAN
TXN0005001,CUST5945,ACC266951,2024-10-20,CREDIT,33511.89,USD,BR328,COMPLETED,1.43,NORTH,CHECKING
TXN0005002,CUST1107,ACC276730,2024-11-12,DEBIT,-26661.17,AUD,BR882,COMPLETED,25.67,WEST,CHECKING
TXN0005003,CUST5920,ACC438438,2024-07-21,TRANSFER,-6682.19,EUR,BR258,COMPLETED,38.08,EAST,SAVINGS
TXN0005004,CUST4635,ACC116701,2024-09-05,DEBIT,94059.82,GBP,BR870,COMPLETED,77.13,SOUTH,CHECKING
TXN0005005,CUST4519,ACC216895,2027-01-01,DEBIT,36025.68,EUR,BR229,PENDING,5.06,NORTH,CHECKING
TXN0005006,CUST6159,ACC299008,2024-10-14,DEBIT,-3473.02,USD,BR593,COMPLETED,60.4,SOUTH,CHECKING
TXN0005007,CUST1355,ACC710110,2024-01-02,CREDIT,-16595.77,USD,BR162,COMPLETED,7.64,CENTRAL,SAVINGS
TXN0005008,CUST5521,ACC425611,2024-10-10,CREDIT,-34486.26,EUR,BR419,FAILED,47.68,EAST,CREDIT
TXN0005009,CUST9376,ACC630704,2024-10-31,CREDIT,-13799.92,USD,BR724,COMPLETED,97.12,SOUTH,LOAN
TXN0005010,CUST3534,ACC834242,2024-08-22,TRANSFER,80619.41,USD,BR367,REVERSED,40.45,WEST,SAVINGS
TXN0005011,CUST2544,ACC773508,2024-06-06,TRANSFER,13915.56,USD,BR344,COMPLETED,5.41,CENTRAL,CREDIT
TXN0005012,CUST1618,ACC687711,2024-12-17,DEBIT,-21167.58,USD,BR997,COMPLETED,49.8,WEST,SAVINGS
TXN0005013,CUST8542,ACC410592,2024-12-14,DEBIT,-44698.96,USD,BR243,COMPLETED,,SOUTH,LOAN
TXN0005014,CUST6827,ACC893531,2024-09-11,CREDIT,93608.84,EUR,BR588,COMPLETED,85.76,NORTH,MORTGAGE
TXN0005015,CUST3557,ACC687119,2024-05-10,DEBIT,5796.85,,BR811,FAILED,41.09,SOUTH,CREDIT
TXN0005016,CUST3267,ACC664400,2024-10-13,TRANSFER,-17637.38,EUR,BR399,COMPLETED,25.83,NORTH,LOAN
TXN0005017,CUST5341,ACC286550,2024-06-29,CREDIT,11199.56,USD,BR129,REVERSED,53.99,EAST,LOAN
TXN0005018,CUST7014,ACC517303,2024-12-17,DEBIT,-10879.37,USD,BR263,COMPLETED,27.29,NORTH,CHECKING
TXN0005019,CUST5093,ACC748513,2024-11-12,PAYMENT,88199.25,USD,BR488,COMPLETED,33.0,SOUTH,SAVINGS
TXN0005020,CUST4817,ACC829427,2024-10-19,CREDIT,-19371.71,GBP,BR461,COMPLETED,58.28,EAST,SAVINGS
TXN0005021,CUST5198,ACC179623,2024-05-25,CREDIT,79052.92,USD,BR451,COMPLETED,68.96,CENTRAL,SAVINGS
TXN0005022,CUST5920,ACC308267,2024-07-26,DEBIT,66754.56,USD,BR662,FAILED,82.94,CENTRAL,CREDIT
TXN0005023,CUST2505,ACC197898,2024-05-21,TRANSFER,64443.85,EUR,BR431,COMPLETED,13.21,NORTH,CHECKING
TXN0005024,CUST7550,ACC194940,2024-02-08,CREDIT,89329.72,GBP,BR731,PENDING,40.68,NORTH,SAVINGS
TXN0005025,CUST4562,ACC846235,2024-09-17,DEBIT,13507.72,USD,BR284,COMPLETED,10.6,CENTRAL,SAVINGS
TXN0005026,CUST2264,ACC727016,2024-04-09,WITHDRAWAL,-25717.52,USD,BR368,COMPLETED,18.28,SOUTH,LOAN
TXN0005027,CUST6319,ACC795405,2024-11-07,WITHDRAWAL,30359.53,EUR,BR475,PENDING,91.3,EAST,MORTGAGE
TXN0005028,CUST8905,ACC524292,2024-09-15,TRANSFER,13835.02,GBP,BR673,PENDING,88.54,SOUTH,CHECKING
TXN0005029,CUST3832,ACC993605,2024-06-03,CREDIT,50006.27,USD,BR151,COMPLETED,54.44,CENTRAL,CHECKING
TXN0005030,CUST8999,ACC376163,2024-02-27,DEBIT,-43110.82,USD,BR269,COMPLETED,96.35,SOUTH,CREDIT
TXN0005031,CUST2562,ACC252846,2024-07-29,DEBIT,9863.58,AUD,BR341,COMPLETED,,WEST,SAVINGS
TXN0005032,CUST5921,ACC850663,2024-08-24,DEBIT,22112.32,USD,BR838,COMPLETED,4.98,NORTH,LOAN
TXN0005033,CUST1612,ACC456687,2024-05-04,TRANSFER,99352.34,USD,BR844,COMPLETED,87.81,NORTH,MORTGAGE
TXN0005034,CUST7251,ACC658710,2024-05-27,CREDIT,2484.4,,BR353,COMPLETED,8.44,,LOAN
TXN0005035,CUST2285,ACC470985,2024-08-22,CREDIT,3358.97,USD,BR223,COMPLETED,11.44,CENTRAL,SAVINGS
TXN0005036,CUST1916,ACC516029,2024-09-22,CREDIT,67699.3,,BR129,COMPLETED,58.09,NORTH,MORTGAGE
TXN0005037,CUST6478,ACC239494,2024-11-18,CREDIT,60251.98,USD,BR619,PENDING,45.78,WEST,CHECKING
TXN0005038,CUST6700,ACC503953,2024-06-24,CREDIT,63010.6,AUD,BR201,PENDING,63.72,NORTH,CREDIT
TXN0005039,CUST8115,ACC208659,2024-04-15,CREDIT,-928.37,EUR,BR616,COMPLETED,23.7,SOUTH,CREDIT
TXN0005040,CUST7824,ACC986056,2024-07-23,CREDIT,-34927.48,USD,BR462,COMPLETED,37.98,WEST,CREDIT
TXN0005041,CUST2974,ACC872048,2024-10-24,CREDIT,-49549.19,USD,BR763,COMPLETED,75.4,SOUTH,CHECKING
TXN0005042,CUST4714,ACC954141,2024-10-01,WITHDRAWAL,91516.28,USD,BR386,PENDING,81.41,EAST,SAVINGS
TXN0005043,CUST1187,ACC937274,2024-09-30,WITHDRAWAL,63582.21,USD,BR838,COMPLETED,11.59,NORTH,CREDIT
TXN0005044,CUST7266,ACC408189,2024-02-24,DEBIT,50363.34,USD,BR649,FAILED,39.28,NORTH,LOAN
TXN0005045,CUST1886,ACC743217,2024-07-13,CREDIT,16287.78,EUR,BR847,COMPLETED,75.9,EAST,SAVINGS
TXN0005046,,ACC697800,2024-05-29,CREDIT,85030.46,USD,BR124,PENDING,3.87,WEST,CHECKING
TXN0005047,CUST9591,ACC186205,2024-10-26,WITHDRAWAL,-30374.21,EUR,BR937,COMPLETED,65.41,NORTH,LOAN
TXN0005048,CUST1674,ACC439566,2024-09-30,WITHDRAWAL,96583.09,USD,BR433,COMPLETED,64.66,NORTH,LOAN
TXN0005049,CUST6231,ACC335745,2027-01-01,TRANSFER,-5950.39,USD,BR864,COMPLETED,22.94,SOUTH,MORTGAGE
TXN0005050,CUST9846,ACC564032,2024-05-15,CREDIT,-23174.67,USD,BR798,COMPLETED,0.64,NORTH,CHECKING
TXN0005051,,ACC966264,2024-05-28,DEBIT,53266.86,USD,BR905,FAILED,38.6,SOUTH,CHECKING
TXN0005052,CUST6354,ACC142753,2024-06-10,CREDIT,70460.58,EUR,BR195,PENDING,53.09,EAST,CHECKING
TXN0005053,CUST9231,ACC357848,2024-01-06,PAYMENT,29979.01,EUR,BR359,COMPLETED,94.41,EAST,CREDIT
TXN0005054,CUST4617,ACC674606,2024-11-05,TRANSFER,42227.57,EUR,BR341,COMPLETED,58.17,EAST,MORTGAGE
TXN0005055,CUST3509,ACC262541,2024-03-26,DEBIT,25329.01,AUD,BR775,COMPLETED,93.07,NORTH,SAVINGS
TXN0005056,CUST1827,ACC799946,2024-12-05,DEBIT,,AUD,BR628,COMPLETED,43.69,WEST,CHECKING
TXN0005057,CUST7436,ACC387087,2024-11-23,DEBIT,44227.4,GBP,BR634,FAILED,55.19,NORTH,LOAN
TXN0005058,CUST8300,ACC127639,2024-09-20,DEBIT,86791.76,EUR,BR827,COMPLETED,8.08,NORTH,
TXN0005059,CUST9269,ACC618513,2024-07-20,DEBIT,70888.65,USD,BR280,COMPLETED,57.02,WEST,CREDIT
TXN0005060,CUST2475,ACC335372,2024-01-06,CREDIT,29289.78,USD,BR585,COMPLETED,55.37,WEST,SAVINGS
TXN0005061,CUST4638,ACC973723,2024-06-16,CREDIT,-27312.7,GBP,BR330,COMPLETED,94.0,SOUTH,CREDIT
TXN0005062,CUST8076,ACC828843,2024-03-28,WITHDRAWAL,1391.84,USD,BR599,COMPLETED,17.14,NORTH,CREDIT
TXN0005063,CUST5747,ACC329612,2024-03-01,DEBIT,25577.6,USD,BR751,REVERSED,,WEST,SAVINGS
TXN0005064,CUST7460,ACC357269,2024-01-17,CREDIT,63410.78,EUR,BR892,COMPLETED,1.25,CENTRAL,LOAN
TXN0005065,CUST3425,ACC336802,2024-03-24,TRANSFER,67628.01,USD,BR956,COMPLETED,68.53,SOUTH,CREDIT
TXN0005066,CUST3165,ACC561746,2024-07-23,DEBIT,44392.55,USD,BR372,COMPLETED,97.03,WEST,SAVINGS
TXN0005067,CUST6507,ACC779367,2024-03-12,DEBIT,-43030.24,USD,BR692,COMPLETED,20.02,NORTH,LOAN
TXN0005068,CUST2352,ACC950945,2024-08-22,CREDIT,-46807.98,AUD,BR147,COMPLETED,33.82,CENTRAL,SAVINGS
TXN0005069,CUST8796,ACC326458,2024-01-21,CREDIT,-6780.49,USD,BR700,COMPLETED,37.4,WEST,LOAN
TXN0005070,CUST1807,ACC252438,2024-07-22,CREDIT,-32878.79,USD,BR686,COMPLETED,35.29,SOUTH,CREDIT
TXN0005071,CUST9980,ACC113021,2024-07-23,PAYMENT,68945.64,USD,BR365,PENDING,3.16,WEST,MORTGAGE
TXN0005072,CUST7540,ACC411210,2024-05-28,TRANSFER,-37152.93,AUD,BR772,COMPLETED,32.71,NORTH,CHECKING
TXN0005073,CUST5301,ACC355517,2024-10-10,DEBIT,-41109.92,USD,BR386,COMPLETED,15.37,EAST,SAVINGS
TXN0005074,CUST2393,ACC121783,2027-01-01,DEBIT,20037.26,EUR,BR609,COMPLETED,88.8,CENTRAL,LOAN
TXN0005075,CUST7529,ACC999186,2024-02-01,CREDIT,92497.17,USD,BR193,FAILED,,CENTRAL,LOAN
TXN0005076,CUST9221,ACC741959,2024-01-10,TRANSFER,64408.82,USD,BR646,COMPLETED,28.73,EAST,SAVINGS
TXN0005077,CUST8118,ACC606748,2024-10-05,DEBIT,36978.04,USD,BR988,PENDING,79.59,NORTH,CHECKING
TXN0005078,CUST3136,ACC978634,2024-04-01,TRANSFER,-32458.59,USD,BR756,PENDING,44.99,WEST,CHECKING
TXN0005079,CUST3209,ACC560272,2024-05-18,DEBIT,6846.27,USD,BR895,COMPLETED,41.77,WEST,SAVINGS
TXN0005080,CUST8879,ACC534661,2024-09-30,CREDIT,28449.54,USD,BR989,COMPLETED,60.43,EAST,LOAN
TXN0005081,CUST4245,ACC683346,2024-05-09,CREDIT,-32167.62,USD,BR167,COMPLETED,83.62,EAST,CHECKING
TXN0005082,CUST8993,ACC678002,2024-07-02,TRANSFER,64979.01,USD,BR839,PENDING,50.33,WEST,SAVINGS
TXN0005083,CUST7476,ACC695681,2024-09-23,CREDIT,73320.67,USD,BR306,COMPLETED,77.19,SOUTH,CREDIT
TXN0005084,CUST4212,ACC301577,2024-02-23,CREDIT,-37101.42,GBP,BR946,COMPLETED,30.43,CENTRAL,MORTGAGE
TXN0005085,CUST9589,ACC532352,2024-04-23,WITHDRAWAL,45281.8,AUD,BR988,COMPLETED,7.21,WEST,SAVINGS
TXN0005086,CUST5034,ACC295095,2024-01-01,DEBIT,44452.96,USD,BR247,COMPLETED,35.76,WEST,CREDIT
TXN0005087,CUST4970,ACC989092,2024-10-11,CREDIT,95381.03,USD,BR403,COMPLETED,94.19,WEST,CHECKING
TXN0005088,CUST2173,ACC643761,2024-10-03,DEBIT,-36600.13,USD,BR877,PENDING,88.71,WEST,SAVINGS
TXN0005089,CUST5362,ACC709113,2024-10-20,DEBIT,47185.56,USD,BR139,COMPLETED,38.11,CENTRAL,LOAN
TXN0005090,CUST8046,ACC519028,2024-10-11,WITHDRAWAL,-47503.11,EUR,BR516,COMPLETED,37.93,WEST,CHECKING
TXN0005091,CUST6298,ACC757724,2024-04-07,DEBIT,-8676.11,GBP,BR253,FAILED,35.47,SOUTH,CHECKING
TXN0005092,CUST2467,ACC703410,2024-12-06,DEBIT,49534.76,USD,BR173,COMPLETED,64.3,SOUTH,MORTGAGE
TXN0005093,CUST2843,ACC505907,2024-01-22,CREDIT,3444.09,USD,BR839,COMPLETED,56.51,EAST,LOAN
TXN0005094,CUST7776,ACC883068,2024-06-17,DEBIT,-43686.17,USD,BR391,COMPLETED,77.81,NORTH,CHECKING
TXN0005095,CUST7939,ACC374194,2024-09-04,TRANSFER,80752.19,EUR,BR518,PENDING,,EAST,CREDIT
TXN0005096,CUST6984,ACC841076,2024-06-05,DEBIT,-3216.6,EUR,BR197,COMPLETED,20.7,SOUTH,MORTGAGE
TXN0005097,CUST6706,ACC935502,2024-12-07,WITHDRAWAL,32799.38,EUR,BR337,COMPLETED,26.03,CENTRAL,CHECKING
TXN0005098,CUST4120,ACC481649,2024-10-03,DEBIT,-44912.48,USD,BR321,COMPLETED,58.07,SOUTH,SAVINGS
TXN0005099,CUST6254,ACC942453,2024-10-09,CREDIT,46108.22,GBP,BR459,PENDING,81.45,NORTH,CHECKING
TXN0005100,CUST6644,ACC940669,2024-05-01,PAYMENT,38074.15,USD,BR366,COMPLETED,,SOUTH,CHECKING
TXN0005101,,ACC376359,2024-11-12,DEBIT,-30481.54,EUR,BR548,COMPLETED,93.27,CENTRAL,SAVINGS
TXN0005102,CUST5994,ACC552266,2024-10-31,DEBIT,21633.65,EUR,BR293,COMPLETED,25.61,EAST,CHECKING
TXN0005103,CUST3773,ACC488212,2024-08-30,CREDIT,10920.66,GBP,BR915,PENDING,96.57,EAST,SAVINGS
TXN0005104,CUST6729,ACC482221,2024-05-14,DEBIT,83775.41,USD,BR841,COMPLETED,19.75,EAST,LOAN
TXN0005105,CUST8245,ACC346106,2024-02-24,CREDIT,43445.58,EUR,BR353,COMPLETED,92.46,NORTH,SAVINGS
TXN0005106,CUST3389,ACC435706,2024-10-10,DEBIT,-44429.34,GBP,BR583,COMPLETED,93.83,,SAVINGS
TXN0005107,CUST8216,ACC666618,2024-06-26,PAYMENT,47622.64,USD,BR160,FAILED,,SOUTH,SAVINGS
TXN0005108,,ACC474419,2024-07-31,DEBIT,-3474.65,USD,BR272,COMPLETED,97.24,WEST,LOAN
TXN0005109,CUST4825,ACC180782,2024-05-01,WITHDRAWAL,68444.94,USD,BR983,COMPLETED,84.92,EAST,SAVINGS
TXN0005110,CUST4271,ACC826871,2024-01-08,TRANSFER,43572.25,USD,BR886,COMPLETED,18.77,,CREDIT
TXN0005111,CUST7124,ACC241025,2024-03-17,DEBIT,-194.97,USD,BR429,FAILED,85.64,NORTH,LOAN
TXN0005112,CUST3555,ACC437287,2024-08-16,DEBIT,47368.65,USD,BR429,COMPLETED,,NORTH,SAVINGS
TXN0005113,CUST2405,ACC967641,2024-07-08,WITHDRAWAL,60865.3,USD,BR455,REVERSED,66.87,CENTRAL,CHECKING
TXN0005114,CUST2841,ACC836556,2024-01-07,DEBIT,77844.97,USD,BR873,FAILED,29.0,WEST,
TXN0005115,CUST1893,ACC358888,2024-01-25,CREDIT,47421.49,USD,BR941,COMPLETED,4.74,WEST,SAVINGS
TXN0005116,CUST4982,ACC934202,2024-01-01,PAYMENT,,USD,BR868,COMPLETED,37.26,CENTRAL,LOAN
TXN0005117,CUST3419,ACC664422,2024-04-18,CREDIT,-43891.98,USD,BR806,COMPLETED,69.56,EAST,SAVINGS
TXN0005118,CUST5713,ACC707081,2024-01-24,WITHDRAWAL,51661.89,USD,BR500,COMPLETED,45.74,SOUTH,LOAN
TXN0005119,CUST1225,ACC235019,2024-12-13,DEBIT,68276.58,USD,BR295,COMPLETED,80.93,EAST,SAVINGS
TXN0005120,CUST6624,ACC201314,2024-06-25,DEBIT,9061.22,EUR,BR397,COMPLETED,39.43,CENTRAL,SAVINGS
TXN0005121,CUST2823,ACC922312,2024-07-18,CREDIT,34363.38,USD,BR745,PENDING,41.62,NORTH,SAVINGS
TXN0005122,CUST5999,ACC632103,2024-12-13,TRANSFER,10517.49,GBP,BR662,COMPLETED,90.73,EAST,MORTGAGE
TXN0005123,CUST8373,ACC842762,2024-07-25,CREDIT,23085.78,AUD,BR222,COMPLETED,10.89,NORTH,SAVINGS
TXN0005124,CUST8719,ACC598847,2024-02-22,CREDIT,80624.15,GBP,BR371,COMPLETED,59.28,SOUTH,SAVINGS
TXN0005125,CUST1372,ACC661365,2024-10-30,CREDIT,-4339.8,GBP,BR217,COMPLETED,48.33,EAST,LOAN
TXN0005126,CUST6437,ACC428712,2024-11-01,WITHDRAWAL,-1218.88,USD,BR975,COMPLETED,64.88,EAST,SAVINGS
TXN0005127,CUST4424,ACC209898,2024-07-01,CREDIT,26498.07,USD,BR999,FAILED,,NORTH,
TXN0005128,CUST9814,ACC946466,2024-11-26,CREDIT,61570.05,EUR,BR762,COMPLETED,51.22,CENTRAL,LOAN
TXN0005129,CUST4471,ACC966431,2024-04-14,CREDIT,22676.99,USD,BR461,COMPLETED,15.68,WEST,CHECKING
TXN0005130,CUST4339,ACC733435,2024-01-09,DEBIT,28596.64,USD,BR574,COMPLETED,60.7,SOUTH,
TXN0005131,CUST9952,ACC338891,2024-07-02,DEBIT,-16860.33,EUR,BR565,COMPLETED,92.25,EAST,SAVINGS
TXN0005132,CUST9573,ACC855086,2024-07-17,DEBIT,2421.74,USD,BR780,PENDING,51.71,EAST,MORTGAGE
TXN0005133,CUST5237,ACC465263,2024-05-29,DEBIT,67352.16,USD,BR213,COMPLETED,51.56,NORTH,LOAN
TXN0005134,,ACC852420,2024-02-19,TRANSFER,65918.83,USD,BR671,COMPLETED,43.46,NORTH,CHECKING
TXN0005135,CUST8913,ACC836251,2024-10-12,DEBIT,80676.69,GBP,BR157,COMPLETED,14.71,CENTRAL,CHECKING
TXN0005136,CUST3315,ACC776295,2024-05-13,PAYMENT,50182.43,GBP,BR865,COMPLETED,99.19,NORTH,SAVINGS
TXN0005137,CUST1301,ACC680987,2024-10-16,DEBIT,-10904.79,USD,BR560,PENDING,3.2,WEST,LOAN
TXN0005138,CUST7170,ACC960962,2024-04-08,DEBIT,47035.58,USD,BR357,COMPLETED,55.11,WEST,LOAN
TXN0005139,CUST9631,ACC334843,2024-08-12,DEBIT,80795.16,USD,BR678,FAILED,68.85,EAST,CHECKING
TXN0005140,CUST1712,ACC587888,2024-10-04,DEBIT,41886.19,GBP,BR238,COMPLETED,25.32,WEST,MORTGAGE
TXN0005141,CUST5185,ACC382206,2024-12-06,PAYMENT,74470.27,AUD,BR247,COMPLETED,91.91,NORTH,MORTGAGE
TXN0005142,CUST3790,ACC702154,2024-05-30,CREDIT,11045.74,USD,BR869,COMPLETED,,SOUTH,CREDIT
TXN0005143,CUST1984,ACC977252,2024-08-09,PAYMENT,55352.22,GBP,BR777,COMPLETED,21.13,WEST,SAVINGS
TXN0005144,CUST5653,ACC155785,2024-08-17,CREDIT,50679.03,USD,BR761,REVERSED,64.63,NORTH,LOAN
TXN0005145,CUST4288,ACC582595,2024-10-18,CREDIT,-44717.31,USD,BR293,FAILED,49.85,NORTH,CHECKING
TXN0005146,CUST5444,ACC748865,2024-01-27,PAYMENT,-43906.01,EUR,BR733,COMPLETED,18.25,CENTRAL,CHECKING
TXN0005147,CUST1869,ACC559140,2024-09-14,TRANSFER,-44770.06,EUR,BR961,COMPLETED,84.86,WEST,LOAN
TXN0005148,CUST8617,ACC621281,2024-09-02,CREDIT,3544.89,GBP,BR539,COMPLETED,99.92,EAST,SAVINGS
TXN0005149,CUST1136,ACC719774,2024-01-10,CREDIT,38754.66,EUR,BR524,FAILED,76.86,SOUTH,SAVINGS
TXN0005150,CUST2091,ACC557372,2024-11-30,DEBIT,92217.54,GBP,BR469,COMPLETED,54.15,EAST,MORTGAGE
TXN0005151,CUST7367,ACC167798,2024-03-01,WITHDRAWAL,32315.95,USD,BR239,PENDING,31.15,EAST,SAVINGS
TXN0005152,CUST5445,ACC279664,2024-09-28,PAYMENT,-9016.22,USD,BR645,COMPLETED,64.97,SOUTH,SAVINGS
TXN0005153,CUST6901,ACC123189,2024-08-29,TRANSFER,95934.21,EUR,BR749,COMPLETED,91.07,WEST,CHECKING
TXN0005154,CUST2767,ACC687159,2024-03-23,DEBIT,85329.8,GBP,BR474,COMPLETED,85.27,,SAVINGS
TXN0005155,CUST1312,ACC570253,2024-07-31,PAYMENT,32520.57,EUR,BR819,COMPLETED,71.83,WEST,LOAN
TXN0005156,CUST5792,ACC686149,2024-11-25,DEBIT,64090.65,GBP,BR207,COMPLETED,48.0,SOUTH,CHECKING
TXN0005157,CUST7332,ACC781865,2024-01-18,PAYMENT,69854.86,USD,BR754,COMPLETED,92.53,SOUTH,SAVINGS
TXN0005158,CUST4787,ACC160341,2024-01-16,PAYMENT,12567.84,USD,BR365,COMPLETED,98.59,NORTH,SAVINGS
TXN0005159,CUST7237,ACC464488,2024-02-27,WITHDRAWAL,44794.95,EUR,BR208,COMPLETED,37.35,SOUTH,LOAN
TXN0005160,CUST9331,ACC599779,2024-11-19,DEBIT,76325.33,USD,BR707,PENDING,78.42,NORTH,CHECKING
TXN0005161,CUST2631,ACC840618,2024-04-14,CREDIT,-34326.53,USD,BR100,COMPLETED,81.3,EAST,CHECKING
TXN0005162,CUST6168,ACC255063,2024-08-06,WITHDRAWAL,-48463.16,USD,BR624,COMPLETED,17.42,SOUTH,CHECKING
TXN0005163,CUST8940,ACC166874,2024-07-09,CREDIT,36303.02,USD,BR875,COMPLETED,92.79,SOUTH,MORTGAGE
TXN0005164,CUST9709,ACC815136,2024-12-18,CREDIT,-33576.57,USD,BR963,COMPLETED,30.87,WEST,SAVINGS
TXN0005165,CUST2442,ACC471628,2024-03-03,TRANSFER,15629.52,USD,BR284,PENDING,15.61,CENTRAL,CREDIT
TXN0005166,CUST4054,ACC168590,2024-01-25,DEBIT,34694.34,USD,BR885,COMPLETED,42.59,NORTH,CHECKING
TXN0005167,CUST4258,ACC853788,2024-04-28,CREDIT,25294.27,EUR,BR558,COMPLETED,15.4,CENTRAL,SAVINGS
TXN0005168,CUST9202,ACC389501,2024-05-18,CREDIT,17172.57,USD,BR384,FAILED,71.46,EAST,
TXN0005169,CUST8503,ACC697429,2024-05-31,DEBIT,-38972.57,USD,BR424,COMPLETED,32.35,WEST,LOAN
TXN0005170,CUST1352,ACC364253,2024-06-04,CREDIT,73695.22,USD,BR773,COMPLETED,56.51,WEST,SAVINGS
TXN0005171,CUST1651,ACC863112,2024-05-09,CREDIT,92861.25,USD,BR563,COMPLETED,5.18,,MORTGAGE
TXN0005172,CUST5053,ACC128916,2024-03-08,CREDIT,25162.77,USD,BR381,PENDING,49.88,WEST,SAVINGS
TXN0005173,CUST9673,ACC848276,2024-11-03,CREDIT,-32644.06,EUR,BR482,FAILED,80.3,NORTH,LOAN
TXN0005174,CUST5995,ACC726774,2024-10-31,WITHDRAWAL,9700.0,AUD,BR521,COMPLETED,88.61,CENTRAL,LOAN
TXN0005175,CUST6465,ACC614651,2024-01-23,DEBIT,10942.81,USD,BR457,,62.94,CENTRAL,SAVINGS
TXN0005176,CUST9027,ACC551758,2024-07-20,PAYMENT,29995.62,GBP,BR977,COMPLETED,12.46,CENTRAL,CHECKING
TXN0005177,CUST7445,ACC838425,2024-09-04,DEBIT,34142.58,EUR,BR695,COMPLETED,63.02,WEST,SAVINGS
TXN0005178,CUST3572,ACC901494,2024-05-20,CREDIT,-16568.26,USD,BR766,COMPLETED,63.38,EAST,SAVINGS
TXN0005179,CUST1301,ACC239834,2024-12-06,CREDIT,-47327.26,EUR,BR871,COMPLETED,73.84,SOUTH,CHECKING
TXN0005180,CUST6681,ACC515494,2024-06-24,TRANSFER,78689.6,AUD,BR718,COMPLETED,34.16,EAST,CHECKING
TXN0005181,CUST6765,ACC325657,2024-08-04,DEBIT,31836.04,USD,BR253,COMPLETED,62.47,WEST,LOAN
TXN0005182,CUST6822,ACC793948,2024-10-13,TRANSFER,6959.18,USD,BR480,PENDING,91.91,SOUTH,CREDIT
TXN0005183,CUST5953,ACC574073,2024-07-24,TRANSFER,-33712.72,USD,BR118,COMPLETED,56.08,CENTRAL,SAVINGS
TXN0005184,CUST4869,ACC424875,2024-07-10,WITHDRAWAL,-22905.03,AUD,BR599,COMPLETED,79.62,EAST,SAVINGS
TXN0005185,CUST9212,ACC664548,2024-03-25,WITHDRAWAL,-35610.48,USD,BR539,COMPLETED,93.99,EAST,SAVINGS
TXN0005186,CUST5519,ACC831073,2024-06-03,DEBIT,-41802.63,USD,BR991,COMPLETED,,CENTRAL,CREDIT
TXN0005187,CUST2015,ACC807440,2024-01-20,CREDIT,7153.33,USD,BR294,FAILED,77.11,SOUTH,SAVINGS
TXN0005188,CUST5221,ACC419460,2024-07-12,DEBIT,-1172.75,EUR,BR332,REVERSED,23.91,NORTH,CREDIT
TXN0005189,CUST7343,ACC446589,2024-03-13,CREDIT,89122.03,AUD,BR586,REVERSED,41.96,WEST,SAVINGS
TXN0005190,CUST1482,ACC343861,2024-03-05,TRANSFER,7758.29,USD,BR951,COMPLETED,7.04,WEST,SAVINGS
TXN0005191,CUST5590,ACC697538,2024-02-29,CREDIT,-26980.3,USD,BR806,COMPLETED,32.42,EAST,LOAN
TXN0005192,CUST4695,ACC937200,2024-06-14,CREDIT,15878.86,USD,BR917,COMPLETED,46.92,EAST,CREDIT
TXN0005193,CUST3485,ACC632629,2024-06-25,CREDIT,-33244.6,EUR,BR336,PENDING,87.83,CENTRAL,MORTGAGE
TXN0005194,CUST6599,ACC526919,2024-11-08,CREDIT,79912.18,EUR,BR525,COMPLETED,24.63,CENTRAL,CHECKING
TXN0005195,CUST7436,ACC251239,2024-11-01,CREDIT,-17144.61,USD,BR395,PENDING,4.78,CENTRAL,SAVINGS
TXN0005196,CUST3248,ACC903524,2024-08-11,WITHDRAWAL,-33799.25,EUR,BR967,PENDING,8.46,NORTH,CHECKING
TXN0005197,CUST2438,ACC665824,2024-09-01,CREDIT,16206.27,GBP,BR892,COMPLETED,92.84,NORTH,CREDIT
TXN0005198,CUST7262,ACC814417,2024-03-11,DEBIT,39025.59,USD,BR306,REVERSED,28.62,SOUTH,CREDIT
TXN0005199,CUST9531,ACC715380,2024-06-10,TRANSFER,17864.25,USD,BR482,COMPLETED,42.72,NORTH,SAVINGS
TXN0005200,CUST4726,ACC429733,2024-08-05,DEBIT,-24167.7,USD,BR873,COMPLETED,43.93,NORTH,CREDIT
TXN0005201,CUST7837,ACC107104,2024-04-01,DEBIT,80039.59,USD,BR336,COMPLETED,28.49,SOUTH,SAVINGS
TXN0005202,CUST4938,ACC739206,2024-04-04,DEBIT,67994.82,EUR,BR607,PENDING,65.98,NORTH,CHECKING
TXN0005203,CUST3502,ACC155544,2024-04-02,DEBIT,91614.09,EUR,BR214,COMPLETED,81.38,CENTRAL,CHECKING
TXN0005204,CUST7987,ACC846705,2024-03-04,TRANSFER,37600.51,EUR,BR285,COMPLETED,78.71,SOUTH,SAVINGS
TXN0005205,CUST6118,ACC891115,2024-11-07,TRANSFER,89182.2,USD,BR200,FAILED,4.39,WEST,CHECKING
TXN0005206,CUST6395,ACC475756,2024-01-05,WITHDRAWAL,68767.03,EUR,BR399,COMPLETED,21.4,SOUTH,SAVINGS
TXN0005207,CUST8359,ACC715983,2024-06-18,DEBIT,45831.34,USD,BR503,COMPLETED,17.45,WEST,
TXN0005208,CUST9883,ACC225497,2024-04-30,DEBIT,91272.72,AUD,BR349,COMPLETED,37.74,NORTH,CHECKING
TXN0005209,CUST3158,ACC912248,2024-04-20,DEBIT,23242.38,AUD,BR154,COMPLETED,66.87,CENTRAL,SAVINGS
TXN0005210,CUST4387,ACC174462,2024-11-21,CREDIT,4578.99,USD,BR611,FAILED,10.6,CENTRAL,CHECKING
TXN0005211,CUST3270,ACC743668,2024-11-27,DEBIT,33305.95,USD,BR161,COMPLETED,68.96,NORTH,SAVINGS
TXN0005212,CUST9869,ACC166719,2024-12-03,WITHDRAWAL,44630.5,EUR,BR764,,47.93,CENTRAL,CREDIT
TXN0005213,CUST4314,ACC655506,2024-05-30,PAYMENT,47134.37,USD,BR984,PENDING,46.3,EAST,SAVINGS
TXN0005214,CUST3262,ACC533807,2024-08-13,TRANSFER,42534.29,USD,BR159,COMPLETED,52.43,CENTRAL,SAVINGS
TXN0005215,CUST6062,ACC865859,2024-01-16,TRANSFER,17702.87,USD,BR722,REVERSED,57.61,WEST,SAVINGS
TXN0005216,CUST9582,ACC269038,2024-05-12,CREDIT,19937.1,AUD,BR436,COMPLETED,44.8,NORTH,CHECKING
TXN0005217,CUST3215,ACC868140,2024-09-12,DEBIT,-15268.98,GBP,BR643,COMPLETED,55.11,EAST,SAVINGS
TXN0005218,CUST8046,ACC304072,2024-06-06,TRANSFER,-16929.37,USD,BR311,COMPLETED,12.77,NORTH,SAVINGS
TXN0005219,CUST3378,ACC360885,2024-09-02,CREDIT,63766.69,EUR,BR925,COMPLETED,14.03,CENTRAL,CHECKING
TXN0005220,CUST3589,ACC730745,2024-07-18,PAYMENT,66100.98,GBP,BR121,COMPLETED,83.32,CENTRAL,LOAN
TXN0005221,CUST6201,ACC911319,2024-06-04,TRANSFER,-35892.84,EUR,BR363,COMPLETED,47.05,NORTH,CHECKING
TXN0005222,CUST2111,ACC895681,2024-10-04,PAYMENT,13645.29,EUR,BR275,COMPLETED,35.54,NORTH,SAVINGS
TXN0005223,CUST9732,ACC288052,2024-05-27,PAYMENT,84070.94,AUD,BR889,FAILED,75.55,CENTRAL,CHECKING
TXN0005224,CUST2939,ACC976336,2024-12-16,PAYMENT,-24126.55,USD,BR869,COMPLETED,94.57,WEST,LOAN
TXN0005225,CUST4016,ACC290041,2024-06-15,DEBIT,90673.42,GBP,BR652,FAILED,,EAST,CHECKING
TXN0005226,CUST6203,ACC130919,2024-07-09,DEBIT,74046.8,USD,BR501,COMPLETED,63.38,NORTH,CHECKING
TXN0005227,CUST3384,ACC780952,2024-11-01,TRANSFER,-10241.64,EUR,BR322,COMPLETED,9.64,EAST,CHECKING
TXN0005228,CUST1483,ACC619018,2024-04-24,PAYMENT,86234.66,USD,BR252,COMPLETED,91.52,WEST,MORTGAGE
TXN0005229,CUST6221,ACC864062,2024-11-03,CREDIT,-12128.92,USD,BR345,PENDING,67.49,CENTRAL,SAVINGS
TXN0005230,CUST7783,ACC225304,2024-08-11,DEBIT,-36865.48,GBP,BR167,PENDING,88.97,CENTRAL,CHECKING
TXN0005231,CUST7737,ACC447907,2024-06-16,PAYMENT,12608.89,USD,BR150,COMPLETED,95.45,EAST,CREDIT
TXN0005232,CUST5970,ACC193434,2024-03-28,DEBIT,-44466.22,EUR,BR281,COMPLETED,7.51,SOUTH,LOAN
TXN0005233,CUST8258,ACC198735,2024-02-19,TRANSFER,-10263.64,USD,BR513,COMPLETED,96.69,NORTH,MORTGAGE
TXN0005234,CUST5485,ACC523158,2024-04-28,CREDIT,64909.19,GBP,BR467,COMPLETED,67.85,CENTRAL,SAVINGS
TXN0005235,CUST3489,ACC701885,2024-09-30,CREDIT,5496.86,USD,BR804,FAILED,12.16,EAST,SAVINGS
TXN0005236,CUST4079,ACC834976,2027-01-01,WITHDRAWAL,14521.05,USD,BR427,COMPLETED,,NORTH,CHECKING
TXN0005237,CUST2749,ACC818644,2024-06-09,CREDIT,-7410.67,EUR,BR609,COMPLETED,84.68,SOUTH,SAVINGS
TXN0005238,CUST3155,ACC506271,2024-01-04,DEBIT,1750.24,USD,BR388,COMPLETED,16.98,CENTRAL,SAVINGS
TXN0005239,CUST4026,ACC944013,2024-09-07,TRANSFER,48939.69,USD,BR588,COMPLETED,25.64,CENTRAL,CHECKING
TXN0005240,CUST1429,ACC527372,2024-02-11,PAYMENT,60978.45,USD,BR370,COMPLETED,14.33,SOUTH,LOAN
TXN0005241,CUST5372,ACC499812,2024-03-11,DEBIT,-28484.85,USD,BR799,COMPLETED,6.33,CENTRAL,LOAN
TXN0005242,CUST4783,ACC830244,2024-05-27,DEBIT,85438.91,GBP,BR398,FAILED,65.89,NORTH,MORTGAGE
TXN0005243,CUST4804,ACC597452,2024-06-19,DEBIT,12113.12,USD,BR717,COMPLETED,50.06,WEST,CHECKING
TXN0005244,CUST4783,ACC245237,2024-06-27,CREDIT,39410.39,USD,BR304,COMPLETED,30.85,SOUTH,CHECKING
TXN0005245,,ACC988422,2024-04-21,CREDIT,59260.05,USD,BR505,PENDING,54.3,WEST,LOAN
TXN0005246,CUST6886,ACC459971,2024-02-22,DEBIT,5366.58,EUR,BR502,FAILED,46.44,NORTH,CREDIT
TXN0005247,CUST2302,ACC291878,2024-03-26,DEBIT,-37053.33,USD,BR602,PENDING,60.81,SOUTH,CHECKING
TXN0005248,CUST8808,ACC200519,2024-12-25,DEBIT,50975.08,USD,BR333,COMPLETED,34.7,WEST,MORTGAGE
TXN0005249,CUST3196,ACC426312,2024-11-01,CREDIT,36003.53,USD,BR433,COMPLETED,47.59,CENTRAL,CREDIT
TXN0005250,CUST9230,ACC472409,2024-01-29,DEBIT,82521.21,USD,BR247,COMPLETED,71.95,NORTH,CREDIT
TXN0005251,CUST8680,ACC286028,2024-01-02,DEBIT,75283.62,USD,BR201,COMPLETED,50.61,EAST,LOAN
TXN0005252,CUST7126,ACC841618,2024-05-07,CREDIT,89804.01,USD,BR509,COMPLETED,46.56,WEST,SAVINGS
TXN0005253,CUST4014,ACC551266,2024-07-20,TRANSFER,72670.17,USD,BR116,FAILED,69.62,SOUTH,SAVINGS
TXN0005254,CUST7348,ACC364255,2024-03-06,DEBIT,33655.74,USD,BR632,REVERSED,40.17,EAST,LOAN
TXN0005255,CUST9051,ACC623954,2024-12-03,DEBIT,-11856.43,USD,BR353,COMPLETED,77.69,EAST,LOAN
TXN0005256,CUST8763,ACC195142,2024-04-04,DEBIT,25897.22,USD,BR405,REVERSED,97.53,NORTH,LOAN
TXN0005257,CUST3253,ACC293531,2024-02-16,PAYMENT,74273.68,USD,BR147,PENDING,7.28,EAST,CHECKING
TXN0005258,CUST3683,ACC373159,2024-02-04,DEBIT,-29744.45,GBP,BR270,COMPLETED,56.95,EAST,SAVINGS
TXN0005259,CUST4166,ACC520927,2024-08-29,CREDIT,40441.06,USD,BR953,COMPLETED,47.66,CENTRAL,LOAN
TXN0005260,CUST4707,ACC310351,2024-05-01,PAYMENT,71587.68,USD,BR619,COMPLETED,67.89,CENTRAL,CREDIT
TXN0005261,,ACC337649,2024-11-23,TRANSFER,71196.16,USD,BR706,PENDING,20.61,SOUTH,SAVINGS
TXN0005262,CUST7694,ACC468260,2024-03-14,DEBIT,16636.57,USD,BR567,PENDING,25.84,CENTRAL,SAVINGS
TXN0005263,CUST1245,ACC778664,2024-11-20,DEBIT,39134.41,EUR,BR924,REVERSED,54.26,SOUTH,SAVINGS
TXN0005264,,ACC763756,2024-08-25,PAYMENT,89636.14,EUR,BR386,PENDING,45.28,WEST,CHECKING
TXN0005265,CUST7767,ACC185530,2024-09-10,DEBIT,60391.4,USD,BR899,COMPLETED,45.77,CENTRAL,
TXN0005266,CUST4646,ACC456222,2024-03-21,DEBIT,-3131.24,EUR,BR103,FAILED,52.68,SOUTH,CHECKING
TXN0005267,CUST4323,ACC573670,2024-08-05,CREDIT,-23957.11,USD,BR732,COMPLETED,25.13,EAST,CHECKING
TXN0005268,,ACC888335,2024-05-18,WITHDRAWAL,21283.37,USD,BR316,PENDING,53.86,NORTH,SAVINGS
TXN0005269,CUST2083,ACC198595,2024-10-01,TRANSFER,12534.38,AUD,BR883,COMPLETED,55.67,WEST,CHECKING
TXN0005270,CUST3901,ACC649314,2024-11-24,DEBIT,55755.04,AUD,BR958,COMPLETED,59.65,CENTRAL,
TXN0005271,CUST8197,ACC370289,2024-10-06,DEBIT,22876.4,EUR,BR802,COMPLETED,62.95,NORTH,LOAN
TXN0005272,CUST9027,ACC121391,2024-05-06,DEBIT,48984.37,USD,BR699,PENDING,76.55,NORTH,CREDIT
TXN0005273,CUST6323,ACC735604,2024-11-12,PAYMENT,-31840.22,GBP,BR308,COMPLETED,94.09,SOUTH,CREDIT
TXN0005274,CUST8496,ACC163859,2024-06-26,CREDIT,15483.74,EUR,BR372,COMPLETED,48.49,EAST,SAVINGS
TXN0005275,CUST5043,ACC684191,2024-10-11,TRANSFER,76728.7,USD,BR727,PENDING,21.35,SOUTH,CHECKING
TXN0005276,CUST8005,ACC162019,2024-06-13,CREDIT,84032.01,USD,BR807,COMPLETED,83.67,SOUTH,SAVINGS
TXN0005277,CUST7633,ACC815873,2024-12-30,CREDIT,-49489.71,EUR,BR996,COMPLETED,82.94,WEST,
TXN0005278,CUST1685,ACC491272,2024-12-11,TRANSFER,-24446.46,USD,BR804,COMPLETED,60.76,SOUTH,SAVINGS
TXN0005279,CUST7232,ACC200128,2024-06-13,WITHDRAWAL,54068.66,EUR,BR500,COMPLETED,,CENTRAL,CREDIT
TXN0005280,CUST6126,ACC276698,2024-10-10,TRANSFER,-21449.72,EUR,BR386,COMPLETED,99.35,CENTRAL,SAVINGS
TXN0005281,CUST7457,ACC101812,2024-06-15,WITHDRAWAL,-21307.74,USD,BR586,COMPLETED,74.02,WEST,CHECKING
TXN0005282,CUST9784,ACC654823,2024-03-28,DEBIT,-26761.63,EUR,BR924,COMPLETED,82.92,CENTRAL,
TXN0005283,CUST9605,ACC113189,2024-04-02,TRANSFER,2983.26,GBP,BR908,COMPLETED,32.6,,CHECKING
TXN0005284,CUST1630,ACC104887,2024-10-26,WITHDRAWAL,7808.11,USD,BR713,COMPLETED,38.67,EAST,CREDIT
TXN0005285,CUST9530,ACC442737,2024-12-08,DEBIT,33547.99,EUR,BR301,COMPLETED,89.79,WEST,MORTGAGE
TXN0005286,CUST2791,ACC503443,2024-06-05,CREDIT,-28493.24,USD,BR472,PENDING,8.58,NORTH,MORTGAGE
TXN0005287,CUST8399,ACC421140,2024-03-28,PAYMENT,91698.61,USD,BR324,COMPLETED,54.59,NORTH,MORTGAGE
TXN0005288,CUST8485,ACC128996,2024-12-14,DEBIT,57980.87,USD,BR735,REVERSED,56.37,SOUTH,CREDIT
TXN0005289,CUST1694,ACC938900,2024-06-26,DEBIT,74668.28,USD,BR827,COMPLETED,76.05,NORTH,CHECKING
TXN0005290,CUST5025,ACC695673,2024-03-12,DEBIT,-18826.74,EUR,BR928,COMPLETED,89.45,SOUTH,SAVINGS
TXN0005291,CUST9498,ACC690730,2024-12-30,CREDIT,-11625.33,EUR,BR987,COMPLETED,84.73,SOUTH,CHECKING
TXN0005292,CUST9812,ACC493044,2024-06-09,WITHDRAWAL,-31567.85,EUR,BR444,COMPLETED,62.13,NORTH,SAVINGS
TXN0005293,CUST7481,ACC172759,2024-02-21,CREDIT,53189.63,USD,BR988,REVERSED,10.07,CENTRAL,LOAN
TXN0005294,CUST1643,ACC280767,2024-07-26,TRANSFER,1701.63,USD,BR498,COMPLETED,91.58,EAST,SAVINGS
TXN0005295,CUST7347,ACC297637,2024-02-29,TRANSFER,76369.88,EUR,BR267,COMPLETED,66.51,EAST,SAVINGS
TXN0005296,CUST9456,ACC767399,2024-09-14,TRANSFER,36345.92,USD,BR919,COMPLETED,80.83,SOUTH,SAVINGS
TXN0005297,CUST1807,ACC751031,2024-06-16,CREDIT,2735.84,USD,BR207,COMPLETED,74.15,WEST,SAVINGS
TXN0005298,CUST4110,ACC622401,2024-09-07,TRANSFER,89459.98,USD,BR859,COMPLETED,95.43,WEST,
TXN0005299,CUST5770,ACC290617,2024-07-07,CREDIT,80609.95,EUR,BR432,COMPLETED,71.56,NORTH,CHECKING
TXN0005300,CUST8201,ACC661212,2024-11-10,PAYMENT,44264.41,EUR,BR398,COMPLETED,86.32,EAST,SAVINGS
TXN0005301,CUST7521,ACC328981,2024-02-13,DEBIT,65909.75,USD,BR253,COMPLETED,93.64,SOUTH,SAVINGS
TXN0005302,CUST5989,ACC462018,2024-08-17,DEBIT,79940.71,USD,BR821,COMPLETED,23.56,NORTH,SAVINGS
TXN0005303,CUST5684,ACC201675,2024-02-04,PAYMENT,890.27,GBP,BR922,COMPLETED,61.15,NORTH,SAVINGS
TXN0005304,CUST8558,ACC816367,2024-01-29,DEBIT,5168.65,EUR,BR526,COMPLETED,70.73,SOUTH,CHECKING
TXN0005305,CUST3727,ACC262184,2024-06-21,DEBIT,85392.33,USD,BR236,COMPLETED,96.47,EAST,LOAN
TXN0005306,CUST7921,ACC728850,2024-01-27,TRANSFER,25497.68,GBP,BR951,PENDING,39.05,EAST,LOAN
TXN0005307,CUST5823,ACC492343,2024-09-27,WITHDRAWAL,-40736.16,USD,BR523,COMPLETED,51.19,EAST,MORTGAGE
TXN0005308,CUST1893,ACC701866,2024-11-22,TRANSFER,85710.66,USD,BR565,COMPLETED,78.25,NORTH,SAVINGS
TXN0005309,CUST9470,ACC285522,2024-01-25,DEBIT,47084.64,EUR,BR965,PENDING,19.65,NORTH,SAVINGS
TXN0005310,CUST3330,ACC562104,2024-07-04,CREDIT,28838.75,EUR,BR183,COMPLETED,30.98,NORTH,SAVINGS
TXN0005311,CUST8595,ACC840680,2024-06-06,WITHDRAWAL,-24211.54,,BR638,FAILED,69.21,WEST,LOAN
TXN0005312,CUST8400,ACC987067,2024-11-02,PAYMENT,-48013.37,USD,BR651,COMPLETED,74.21,EAST,CREDIT
TXN0005313,CUST2481,ACC909483,2024-02-17,CREDIT,-26546.87,AUD,BR717,COMPLETED,12.67,CENTRAL,LOAN
TXN0005314,CUST9202,ACC286113,2024-05-12,TRANSFER,-39226.86,EUR,BR947,COMPLETED,36.72,EAST,CHECKING
TXN0005315,CUST2854,ACC631972,2024-08-17,DEBIT,8693.74,USD,BR758,PENDING,24.18,SOUTH,CHECKING
TXN0005316,CUST3945,ACC256080,2024-08-20,CREDIT,-19171.69,USD,BR261,COMPLETED,1.59,EAST,CREDIT
TXN0005317,CUST9952,ACC953919,2024-06-06,TRANSFER,-45107.13,USD,BR519,COMPLETED,93.38,WEST,SAVINGS
TXN0005318,CUST3216,ACC958778,2024-05-17,DEBIT,49593.86,USD,BR852,PENDING,92.09,SOUTH,SAVINGS
TXN0005319,CUST7440,ACC566727,2024-08-29,DEBIT,48486.27,USD,BR589,FAILED,20.3,WEST,SAVINGS
TXN0005320,CUST7775,ACC131815,2024-04-27,WITHDRAWAL,-18216.3,USD,BR162,COMPLETED,41.71,CENTRAL,
TXN0005321,CUST6299,ACC752300,2024-07-06,PAYMENT,29424.69,USD,BR191,PENDING,19.37,NORTH,SAVINGS
TXN0005322,CUST8387,ACC140657,2024-11-22,DEBIT,-34201.96,EUR,BR313,FAILED,0.91,SOUTH,MORTGAGE
TXN0005323,CUST1408,ACC663703,2024-04-19,TRANSFER,67452.37,USD,BR541,COMPLETED,29.15,WEST,CHECKING
TXN0005324,CUST3930,ACC932199,2024-07-01,TRANSFER,-27283.08,USD,BR166,COMPLETED,37.42,SOUTH,LOAN
TXN0005325,CUST8433,ACC226125,2024-03-13,PAYMENT,20479.34,EUR,BR697,FAILED,96.84,SOUTH,SAVINGS
TXN0005326,CUST4308,ACC946415,2024-06-01,TRANSFER,17695.3,EUR,BR194,COMPLETED,74.54,CENTRAL,SAVINGS
TXN0005327,CUST8449,ACC426804,2024-08-12,DEBIT,-13423.58,USD,BR522,REVERSED,45.51,WEST,SAVINGS
TXN0005328,CUST2477,ACC405587,2024-09-27,DEBIT,81760.3,AUD,BR496,PENDING,82.24,SOUTH,LOAN
TXN0005329,CUST5097,ACC213010,2024-05-31,CREDIT,-31193.87,USD,BR549,FAILED,46.66,NORTH,LOAN
TXN0005330,CUST6309,ACC466009,2024-02-27,TRANSFER,17073.52,EUR,BR324,PENDING,19.62,NORTH,SAVINGS
TXN0005331,CUST3686,ACC816211,2024-08-24,CREDIT,58150.15,USD,BR290,COMPLETED,81.34,EAST,LOAN
TXN0005332,CUST3024,ACC289180,2024-03-01,CREDIT,15844.94,USD,BR911,FAILED,48.68,SOUTH,SAVINGS
TXN0005333,CUST2494,ACC718771,2024-07-01,TRANSFER,15162.6,USD,BR245,PENDING,51.3,EAST,LOAN
TXN0005334,CUST2870,ACC643674,2024-10-24,DEBIT,42161.01,EUR,BR223,COMPLETED,56.81,NORTH,LOAN
TXN0005335,CUST8362,ACC275516,2024-06-02,DEBIT,86728.13,EUR,BR818,COMPLETED,75.06,SOUTH,CHECKING
TXN0005336,CUST6946,ACC204565,2024-12-25,PAYMENT,69023.88,EUR,BR854,COMPLETED,21.55,WEST,CHECKING
TXN0005337,CUST2397,ACC621824,2024-10-19,WITHDRAWAL,,EUR,BR758,PENDING,81.01,WEST,CREDIT
TXN0005338,CUST9582,ACC302542,2024-08-23,WITHDRAWAL,37095.12,USD,BR568,COMPLETED,68.1,NORTH,SAVINGS
TXN0005339,CUST7292,ACC732819,2024-04-12,CREDIT,76678.55,USD,BR764,COMPLETED,63.29,CENTRAL,MORTGAGE
TXN0005340,CUST9383,ACC262794,2024-05-13,WITHDRAWAL,64347.44,EUR,BR888,COMPLETED,90.16,EAST,CREDIT
TXN0005341,CUST3619,ACC742978,2024-05-28,PAYMENT,30614.26,EUR,BR558,PENDING,87.48,WEST,CREDIT
TXN0005342,CUST7204,ACC453786,2024-11-04,WITHDRAWAL,16952.36,USD,BR457,COMPLETED,22.6,EAST,CREDIT
TXN0005343,CUST7235,ACC576752,2024-04-14,WITHDRAWAL,55957.38,GBP,BR703,COMPLETED,89.77,WEST,CREDIT
TXN0005344,CUST1719,ACC790474,2024-01-19,TRANSFER,62884.47,USD,BR383,COMPLETED,97.47,EAST,CHECKING
TXN0005345,CUST3799,ACC674599,2024-06-19,CREDIT,37535.48,EUR,BR930,COMPLETED,92.38,NORTH,LOAN
TXN0005346,CUST6491,ACC972174,2024-04-28,CREDIT,-27342.71,USD,BR168,COMPLETED,83.81,CENTRAL,SAVINGS
TXN0005347,CUST3459,ACC507734,2024-09-07,WITHDRAWAL,36276.68,USD,BR405,COMPLETED,22.46,WEST,LOAN
TXN0005348,CUST3656,ACC922149,2024-09-18,TRANSFER,-9727.05,USD,BR371,COMPLETED,82.76,SOUTH,SAVINGS
TXN0005349,CUST3369,ACC569694,2024-09-30,DEBIT,41586.23,EUR,BR598,COMPLETED,8.09,NORTH,CHECKING
TXN0005350,CUST3930,ACC222034,2024-01-16,CREDIT,68104.79,USD,BR590,COMPLETED,44.91,EAST,SAVINGS
TXN0005351,CUST1840,ACC801188,2024-04-23,CREDIT,-19811.91,USD,BR854,COMPLETED,64.57,WEST,LOAN
TXN0005352,CUST7874,ACC681395,2024-04-09,DEBIT,23347.57,GBP,BR282,COMPLETED,33.96,EAST,LOAN
TXN0005353,CUST6047,ACC168643,2024-03-04,TRANSFER,45580.94,EUR,BR124,PENDING,97.43,WEST,CREDIT
TXN0005354,CUST6071,ACC454779,2024-09-28,DEBIT,24235.7,USD,BR886,COMPLETED,66.71,WEST,LOAN
TXN0005355,CUST8311,ACC358182,2024-04-21,WITHDRAWAL,98228.46,USD,BR386,FAILED,38.21,WEST,CREDIT
TXN0005356,CUST5731,ACC483457,2024-08-03,PAYMENT,74388.01,EUR,BR449,COMPLETED,93.22,WEST,CREDIT
TXN0005357,CUST3960,ACC248249,2024-02-12,CREDIT,62539.84,USD,BR330,FAILED,17.61,,CHECKING
TXN0005358,CUST2926,ACC351082,2024-02-05,DEBIT,10492.94,USD,BR329,COMPLETED,40.23,EAST,CREDIT
TXN0005359,CUST3155,ACC957300,2024-12-18,DEBIT,25695.05,USD,BR553,COMPLETED,54.24,NORTH,CHECKING
TXN0005360,CUST4323,ACC614607,2024-04-12,DEBIT,56397.52,USD,BR848,COMPLETED,22.27,NORTH,LOAN
TXN0005361,CUST1057,ACC297488,2024-05-02,TRANSFER,40530.75,AUD,BR904,COMPLETED,42.89,WEST,SAVINGS
TXN0005362,CUST5146,ACC932625,2024-11-25,PAYMENT,81498.04,USD,BR496,COMPLETED,14.19,NORTH,SAVINGS
TXN0005363,CUST1200,ACC523923,2024-09-23,CREDIT,86473.72,USD,BR702,PENDING,48.81,WEST,SAVINGS
TXN0005364,CUST8514,ACC143610,2024-11-03,DEBIT,-449.88,EUR,BR903,FAILED,56.43,EAST,LOAN
TXN0005365,CUST9153,ACC475727,2024-04-03,TRANSFER,10650.66,EUR,BR567,PENDING,83.13,SOUTH,CHECKING
TXN0005366,CUST9169,ACC161471,2024-08-06,TRANSFER,13403.82,GBP,BR712,COMPLETED,19.15,NORTH,CHECKING
TXN0005367,CUST9904,ACC603760,2024-01-20,DEBIT,15870.97,EUR,BR203,COMPLETED,74.23,CENTRAL,CHECKING
TXN0005368,CUST1094,ACC950297,2024-09-19,CREDIT,25209.39,AUD,BR812,COMPLETED,26.2,CENTRAL,LOAN
TXN0005369,CUST9084,ACC984580,2024-08-30,DEBIT,64488.47,EUR,BR545,COMPLETED,66.19,CENTRAL,CHECKING
TXN0005370,CUST4897,ACC791703,2024-09-16,DEBIT,-45237.71,USD,BR240,COMPLETED,54.35,,SAVINGS
TXN0005371,CUST4553,ACC842011,2024-09-30,DEBIT,-38653.65,USD,BR571,PENDING,63.21,SOUTH,SAVINGS
TXN0005372,CUST8794,ACC891267,2024-03-30,DEBIT,-31483.65,EUR,BR508,COMPLETED,54.94,CENTRAL,CHECKING
TXN0005373,CUST8434,ACC979820,2024-10-12,DEBIT,56974.73,USD,BR253,COMPLETED,9.87,SOUTH,LOAN
TXN0005374,,ACC719848,2024-02-04,DEBIT,66555.44,USD,BR911,PENDING,27.76,SOUTH,CREDIT
TXN0005375,CUST8239,ACC203578,2024-06-29,CREDIT,81144.3,GBP,BR932,PENDING,47.6,EAST,CHECKING
TXN0005376,CUST2300,ACC988955,2024-03-30,PAYMENT,22549.51,GBP,BR379,COMPLETED,2.72,EAST,CHECKING
TXN0005377,CUST1107,ACC645095,2024-09-02,CREDIT,39530.95,USD,BR350,PENDING,77.94,CENTRAL,CHECKING
TXN0005378,CUST5009,ACC195371,2024-10-05,TRANSFER,1231.51,USD,BR689,COMPLETED,88.97,CENTRAL,SAVINGS
TXN0005379,CUST9967,ACC795743,2024-08-31,TRANSFER,-4638.94,USD,BR519,COMPLETED,43.32,SOUTH,CHECKING
TXN0005380,CUST5556,ACC786611,2027-01-01,TRANSFER,87270.85,USD,BR774,REVERSED,14.82,SOUTH,SAVINGS
TXN0005381,CUST4401,ACC436124,2024-01-05,TRANSFER,33186.72,USD,BR151,COMPLETED,64.88,SOUTH,CREDIT
TXN0005382,CUST1801,ACC652953,2024-05-26,TRANSFER,30101.76,USD,BR871,FAILED,6.02,NORTH,CREDIT
TXN0005383,CUST4028,ACC690344,2024-10-11,WITHDRAWAL,-21588.26,USD,BR510,COMPLETED,14.85,EAST,CHECKING
TXN0005384,CUST3429,ACC703022,2024-08-10,CREDIT,-34728.63,GBP,BR326,COMPLETED,85.18,EAST,CHECKING
TXN0005385,CUST1902,ACC836316,2024-04-04,PAYMENT,-2165.3,AUD,BR139,COMPLETED,37.61,SOUTH,SAVINGS
TXN0005386,CUST6718,ACC657764,2024-06-10,CREDIT,95920.32,USD,BR139,FAILED,80.69,CENTRAL,SAVINGS
TXN0005387,CUST1601,ACC647013,2024-12-16,PAYMENT,91209.51,USD,BR576,COMPLETED,14.78,NORTH,CHECKING
TXN0005388,CUST3381,ACC513332,2024-02-02,PAYMENT,59213.19,USD,BR703,REVERSED,71.31,EAST,SAVINGS
TXN0005389,CUST1531,ACC893691,2024-06-09,PAYMENT,26813.63,USD,BR643,PENDING,36.56,EAST,LOAN
TXN0005390,CUST5889,ACC672922,2024-04-02,PAYMENT,-34189.97,USD,BR277,COMPLETED,13.01,CENTRAL,SAVINGS
TXN0005391,CUST6424,ACC774442,2024-03-03,CREDIT,10422.23,EUR,BR312,COMPLETED,14.23,WEST,SAVINGS
TXN0005392,CUST2436,ACC310692,2024-08-15,PAYMENT,31082.63,GBP,BR825,COMPLETED,14.33,EAST,MORTGAGE
TXN0005393,CUST1803,ACC396287,2024-12-20,CREDIT,-48300.28,USD,BR321,COMPLETED,11.47,CENTRAL,LOAN
TXN0005394,CUST2784,ACC435876,2024-06-05,DEBIT,-12570.37,USD,BR754,COMPLETED,,EAST,CHECKING
TXN0005395,CUST7831,ACC242056,2024-07-28,DEBIT,-29724.2,,BR889,COMPLETED,83.82,WEST,SAVINGS
TXN0005396,CUST3920,ACC569661,2024-06-16,DEBIT,-41251.83,USD,BR943,COMPLETED,85.7,CENTRAL,CHECKING
TXN0005397,CUST3643,ACC900611,2024-12-04,DEBIT,-32114.9,AUD,BR844,COMPLETED,53.52,EAST,CREDIT
TXN0005398,CUST5659,ACC307661,2024-04-18,PAYMENT,39548.74,USD,BR668,PENDING,22.73,NORTH,SAVINGS
TXN0005399,CUST3906,ACC407189,2024-06-16,WITHDRAWAL,25109.97,USD,BR695,COMPLETED,78.15,NORTH,SAVINGS
TXN0005400,CUST8460,ACC756764,2024-04-25,DEBIT,75482.36,,BR996,COMPLETED,33.54,NORTH,MORTGAGE
TXN0005401,CUST6901,ACC547028,2024-09-04,PAYMENT,60640.45,USD,BR178,COMPLETED,77.65,WEST,CHECKING
TXN0005402,CUST1587,ACC523874,2024-09-19,DEBIT,42190.17,USD,BR585,PENDING,0.36,SOUTH,LOAN
TXN0005403,CUST2525,ACC556276,2024-01-26,CREDIT,81003.21,USD,BR612,COMPLETED,65.52,WEST,LOAN
TXN0005404,CUST5903,ACC495383,2024-02-21,DEBIT,93255.42,EUR,BR602,COMPLETED,60.5,NORTH,SAVINGS
TXN0005405,CUST6289,ACC186391,2024-09-19,DEBIT,-39205.59,USD,BR872,REVERSED,34.06,,CHECKING
TXN0005406,CUST7038,ACC614290,2024-10-16,TRANSFER,3041.71,USD,BR309,COMPLETED,37.29,EAST,CREDIT
TXN0005407,CUST7208,ACC124991,2024-02-24,CREDIT,66234.02,USD,BR780,COMPLETED,34.89,CENTRAL,MORTGAGE
TXN0005408,CUST2108,ACC615101,2024-07-01,WITHDRAWAL,50222.57,USD,BR742,REVERSED,8.01,CENTRAL,LOAN
TXN0005409,CUST8001,ACC209385,2024-08-05,DEBIT,-13854.56,USD,BR473,COMPLETED,66.26,NORTH,MORTGAGE
TXN0005410,CUST2063,ACC437132,2024-12-17,TRANSFER,22603.62,USD,BR984,,50.97,EAST,SAVINGS
TXN0005411,CUST5797,ACC688516,2024-09-01,TRANSFER,86363.29,USD,BR528,COMPLETED,98.38,EAST,CREDIT
TXN0005412,CUST8713,ACC607620,2024-04-06,DEBIT,3921.92,USD,BR326,PENDING,88.87,EAST,CHECKING
TXN0005413,CUST3204,ACC739278,2024-05-29,CREDIT,-13089.48,USD,BR737,COMPLETED,72.75,SOUTH,SAVINGS
TXN0005414,CUST2999,ACC507695,2024-05-22,WITHDRAWAL,71367.94,GBP,BR289,COMPLETED,78.46,SOUTH,LOAN
TXN0005415,CUST5496,ACC420756,2024-07-14,CREDIT,,USD,BR176,FAILED,49.78,NORTH,CREDIT
TXN0005416,CUST6393,ACC621786,2024-09-11,DEBIT,36970.31,USD,BR211,COMPLETED,43.11,EAST,LOAN
TXN0005417,CUST9635,ACC924558,2024-02-14,WITHDRAWAL,-37331.03,AUD,BR615,PENDING,60.1,WEST,CHECKING
TXN0005418,CUST7779,ACC908180,2024-09-02,CREDIT,51062.5,USD,BR564,COMPLETED,28.15,NORTH,LOAN
TXN0005419,CUST9595,ACC401144,2024-08-14,DEBIT,66235.01,GBP,BR667,COMPLETED,,SOUTH,MORTGAGE
TXN0005420,CUST4438,ACC908287,2024-07-12,CREDIT,-48153.18,EUR,BR871,COMPLETED,77.7,WEST,CHECKING
TXN0005421,CUST4425,ACC817280,2024-03-24,TRANSFER,13035.86,USD,BR205,COMPLETED,,EAST,SAVINGS
TXN0005422,CUST1953,ACC832851,2024-10-30,CREDIT,-22497.52,USD,BR859,PENDING,58.34,EAST,LOAN
TXN0005423,CUST2790,ACC157792,2024-07-22,DEBIT,57358.67,USD,BR493,FAILED,18.5,EAST,SAVINGS
TXN0005424,CUST9666,ACC653176,2024-10-28,DEBIT,2982.45,EUR,BR245,COMPLETED,96.55,NORTH,LOAN
TXN0005425,CUST2436,ACC971636,2024-02-03,PAYMENT,-6544.44,GBP,BR492,COMPLETED,,SOUTH,CREDIT
TXN0005426,CUST8924,ACC143654,2024-06-07,DEBIT,-44318.98,USD,BR758,COMPLETED,65.3,CENTRAL,MORTGAGE
TXN0005427,CUST5705,ACC297215,2024-04-24,DEBIT,-28827.72,USD,BR981,FAILED,37.67,EAST,LOAN
TXN0005428,CUST7996,ACC193519,2024-04-17,TRANSFER,86927.38,USD,BR687,COMPLETED,98.42,CENTRAL,MORTGAGE
TXN0005429,CUST6185,ACC422038,2024-07-21,TRANSFER,47953.21,GBP,BR638,PENDING,,EAST,CHECKING
TXN0005430,CUST5254,ACC716006,2024-03-10,CREDIT,71460.87,USD,BR588,REVERSED,96.62,WEST,CREDIT
TXN0005431,CUST9608,ACC884179,2024-10-27,DEBIT,-3359.11,EUR,BR548,COMPLETED,63.12,EAST,LOAN
TXN0005432,CUST6797,ACC699025,2024-11-05,DEBIT,92786.11,USD,BR325,COMPLETED,52.86,WEST,LOAN
TXN0005433,CUST3125,ACC669153,2024-10-21,PAYMENT,32829.21,USD,BR436,COMPLETED,17.7,NORTH,CHECKING
TXN0005434,CUST9132,ACC281779,2024-05-11,TRANSFER,40768.7,GBP,BR857,FAILED,56.03,EAST,CREDIT
TXN0005435,CUST9514,ACC772066,2024-07-11,DEBIT,-28308.89,USD,BR788,REVERSED,74.51,NORTH,CREDIT
TXN0005436,CUST9154,ACC428889,2024-11-18,WITHDRAWAL,88544.74,EUR,BR219,PENDING,,NORTH,LOAN
TXN0005437,CUST9069,ACC875167,2024-08-08,CREDIT,533.61,USD,BR149,COMPLETED,78.12,WEST,MORTGAGE
TXN0005438,CUST3947,ACC150285,2024-05-14,WITHDRAWAL,45749.19,USD,BR461,COMPLETED,7.39,EAST,SAVINGS
TXN0005439,CUST4812,ACC660245,2024-06-23,DEBIT,32539.35,USD,BR965,COMPLETED,97.19,WEST,SAVINGS
TXN0005440,CUST5759,ACC129321,2024-01-27,TRANSFER,54446.6,EUR,BR802,COMPLETED,24.94,,CHECKING
TXN0005441,CUST4171,ACC149500,2024-11-08,CREDIT,80323.76,USD,BR915,FAILED,13.63,EAST,MORTGAGE
TXN0005442,CUST1025,ACC417661,2024-10-27,TRANSFER,84063.56,USD,BR931,REVERSED,31.87,NORTH,CREDIT
TXN0005443,CUST2936,ACC503598,2024-10-21,WITHDRAWAL,94250.01,USD,BR752,COMPLETED,99.8,CENTRAL,CHECKING
TXN0005444,CUST1392,ACC297382,2024-10-26,WITHDRAWAL,-35105.09,EUR,BR739,FAILED,56.16,SOUTH,CHECKING
TXN0005445,CUST8616,ACC468852,2024-01-15,DEBIT,68811.17,USD,BR573,COMPLETED,61.68,CENTRAL,CHECKING
TXN0005446,CUST2932,ACC663886,2024-12-19,CREDIT,-13292.87,EUR,BR317,COMPLETED,72.94,SOUTH,SAVINGS
TXN0005447,CUST4396,ACC154982,2024-01-19,CREDIT,-43533.19,USD,BR406,COMPLETED,23.05,EAST,CHECKING
TXN0005448,CUST7793,ACC963760,2024-02-27,TRANSFER,12371.67,USD,BR407,COMPLETED,57.72,EAST,CHECKING
TXN0005449,CUST7783,ACC965488,2024-01-25,DEBIT,-40241.03,USD,BR899,PENDING,67.82,CENTRAL,LOAN
TXN0005450,CUST1745,ACC817399,2024-09-29,TRANSFER,29404.93,USD,BR521,FAILED,5.71,WEST,SAVINGS
TXN0005451,CUST6468,ACC554876,2024-10-31,CREDIT,-45025.13,USD,BR635,PENDING,,EAST,CHECKING
TXN0005452,CUST6728,ACC874415,2024-10-10,CREDIT,,GBP,BR451,PENDING,39.36,SOUTH,SAVINGS
TXN0005453,CUST4478,ACC633069,2024-06-23,DEBIT,22010.13,USD,BR924,COMPLETED,35.92,WEST,SAVINGS
TXN0005454,CUST1185,ACC649437,2024-09-02,CREDIT,42032.44,EUR,BR102,COMPLETED,30.38,SOUTH,SAVINGS
TXN0005455,CUST4296,ACC990472,2024-04-26,TRANSFER,37290.17,USD,BR137,COMPLETED,64.41,CENTRAL,SAVINGS
TXN0005456,CUST5614,ACC286950,2024-10-22,CREDIT,88484.4,EUR,BR735,COMPLETED,41.9,NORTH,CREDIT
TXN0005457,CUST5168,ACC633458,2024-01-09,DEBIT,-47350.77,USD,BR401,PENDING,93.04,NORTH,MORTGAGE
TXN0005458,CUST2111,ACC488837,2024-09-29,TRANSFER,-29607.77,USD,BR559,COMPLETED,85.64,CENTRAL,LOAN
TXN0005459,CUST6042,ACC814220,2024-04-29,DEBIT,42269.27,USD,BR731,COMPLETED,31.65,NORTH,CHECKING
TXN0005460,CUST5919,ACC833146,2024-12-16,WITHDRAWAL,28518.01,USD,BR792,COMPLETED,11.18,WEST,CHECKING
TXN0005461,CUST9301,ACC146893,2024-12-28,DEBIT,-44424.46,USD,BR367,PENDING,31.99,EAST,LOAN
TXN0005462,CUST6307,ACC324912,2024-06-23,CREDIT,99824.83,EUR,BR567,COMPLETED,59.89,EAST,LOAN
TXN0005463,CUST1100,ACC203442,2024-03-24,DEBIT,21642.08,USD,BR875,COMPLETED,5.4,EAST,CREDIT
TXN0005464,CUST2865,ACC579444,2024-02-18,PAYMENT,3072.7,EUR,BR781,COMPLETED,34.81,SOUTH,MORTGAGE
TXN0005465,CUST6460,ACC294726,2024-12-26,DEBIT,80088.8,USD,BR881,COMPLETED,35.05,SOUTH,CHECKING
TXN0005466,CUST6592,ACC332329,2024-02-13,DEBIT,13397.77,USD,BR991,COMPLETED,92.73,NORTH,CHECKING
TXN0005467,CUST7488,ACC847016,2024-10-03,DEBIT,9349.04,USD,BR706,COMPLETED,15.22,SOUTH,CHECKING
TXN0005468,CUST1477,ACC435869,2024-10-31,DEBIT,89916.79,EUR,BR267,COMPLETED,0.12,WEST,SAVINGS
TXN0005469,CUST3877,ACC176507,2024-07-28,DEBIT,-42557.36,EUR,BR699,FAILED,93.46,WEST,LOAN
TXN0005470,CUST4178,ACC848719,2024-12-05,TRANSFER,30009.84,USD,BR339,COMPLETED,42.47,SOUTH,CREDIT
TXN0005471,CUST6415,ACC313498,2024-09-24,CREDIT,12812.16,USD,BR973,PENDING,99.37,NORTH,MORTGAGE
TXN0005472,,ACC619333,2024-05-28,WITHDRAWAL,-36058.56,USD,BR762,COMPLETED,13.43,NORTH,MORTGAGE
TXN0005473,CUST8849,ACC316779,2024-05-27,PAYMENT,8700.0,USD,BR508,PENDING,73.82,SOUTH,CREDIT
TXN0005474,CUST8774,ACC698889,2024-03-28,CREDIT,89498.32,EUR,BR894,COMPLETED,49.18,SOUTH,SAVINGS
TXN0005475,CUST1582,ACC771530,2024-11-29,DEBIT,51042.59,USD,BR968,PENDING,58.45,SOUTH,SAVINGS
TXN0005476,CUST3224,ACC742794,2024-05-30,TRANSFER,-25406.15,EUR,BR766,COMPLETED,13.74,NORTH,MORTGAGE
TXN0005477,CUST8888,ACC116350,2024-07-18,CREDIT,-6363.4,EUR,BR201,,54.07,NORTH,SAVINGS
TXN0005478,CUST3545,ACC147431,2024-05-21,DEBIT,16378.7,USD,BR497,COMPLETED,16.56,CENTRAL,MORTGAGE
TXN0005479,CUST8546,ACC500019,2024-09-20,CREDIT,-16094.69,USD,BR975,COMPLETED,23.53,WEST,CREDIT
TXN0005480,CUST9797,ACC316037,2024-09-21,DEBIT,97845.79,EUR,BR521,COMPLETED,54.51,CENTRAL,CHECKING
TXN0005481,CUST6490,ACC822877,2024-06-01,WITHDRAWAL,-41912.47,GBP,BR985,FAILED,84.77,SOUTH,SAVINGS
TXN0005482,CUST8577,ACC221981,2024-11-13,CREDIT,52885.54,GBP,BR257,COMPLETED,68.07,EAST,CHECKING
TXN0005483,CUST7782,ACC404550,2024-12-09,TRANSFER,18006.53,USD,BR848,COMPLETED,12.98,SOUTH,SAVINGS
TXN0005484,CUST1917,ACC104968,2024-11-10,DEBIT,88529.47,EUR,BR819,COMPLETED,42.96,,MORTGAGE
TXN0005485,CUST9537,ACC352064,2024-08-22,WITHDRAWAL,63164.2,USD,BR724,COMPLETED,98.38,EAST,SAVINGS
TXN0005486,CUST5904,ACC791634,2024-10-25,DEBIT,36784.59,USD,BR141,COMPLETED,38.43,SOUTH,MORTGAGE
TXN0005487,CUST6169,ACC953161,2024-07-08,TRANSFER,-20748.36,USD,BR657,COMPLETED,14.67,EAST,CHECKING
TXN0005488,CUST9779,ACC971685,2024-08-12,PAYMENT,-48498.23,USD,BR555,,11.51,WEST,SAVINGS
TXN0005489,CUST1306,ACC446817,2024-03-28,CREDIT,84049.06,EUR,BR687,COMPLETED,84.05,CENTRAL,SAVINGS
TXN0005490,CUST4412,ACC285658,2024-10-14,CREDIT,-26741.93,GBP,BR235,PENDING,97.04,WEST,SAVINGS
TXN0005491,CUST6434,ACC508856,2024-07-08,WITHDRAWAL,87011.62,AUD,BR683,REVERSED,82.33,CENTRAL,CHECKING
TXN0005492,CUST6793,ACC966723,2027-01-01,CREDIT,1193.38,USD,BR503,PENDING,68.88,SOUTH,CHECKING
TXN0005493,CUST2084,ACC339465,2024-06-17,PAYMENT,68570.94,USD,BR652,COMPLETED,15.52,CENTRAL,SAVINGS
TXN0005494,CUST3446,ACC489843,2024-11-21,CREDIT,49744.33,USD,BR492,COMPLETED,62.37,WEST,CHECKING
TXN0005495,CUST5595,ACC978483,2024-12-29,CREDIT,-23437.64,EUR,BR337,FAILED,74.04,SOUTH,CHECKING
TXN0005496,CUST1510,ACC521484,2024-10-19,CREDIT,69413.71,EUR,BR762,PENDING,46.45,SOUTH,SAVINGS
TXN0005497,CUST6556,ACC146930,2024-06-27,CREDIT,22356.37,USD,BR925,PENDING,75.88,CENTRAL,MORTGAGE
TXN0005498,CUST7147,ACC263503,2024-09-23,DEBIT,44873.71,AUD,BR537,COMPLETED,12.72,EAST,CHECKING
TXN0005499,CUST9753,ACC248551,2024-03-05,CREDIT,97742.14,GBP,BR849,COMPLETED,27.99,WEST,CHECKING
TXN0005500,CUST3719,ACC727836,2024-09-22,TRANSFER,90362.14,EUR,BR862,,18.69,EAST,SAVINGS
TXN0005501,CUST7382,ACC358131,2024-02-26,DEBIT,23865.65,USD,BR601,COMPLETED,95.35,NORTH,CHECKING
TXN0005502,CUST4070,ACC751966,2024-10-30,CREDIT,27049.89,EUR,BR563,PENDING,51.54,EAST,CREDIT
TXN0005503,CUST2914,ACC801007,2024-01-27,WITHDRAWAL,-1045.06,AUD,BR947,PENDING,34.91,CENTRAL,CHECKING
TXN0005504,CUST6050,ACC370726,2024-04-01,DEBIT,47991.52,USD,BR537,PENDING,81.95,SOUTH,MORTGAGE
TXN0005505,CUST6152,ACC543380,2024-03-14,WITHDRAWAL,43555.2,USD,BR336,COMPLETED,54.26,NORTH,SAVINGS
TXN0005506,CUST1518,ACC813446,2024-02-06,DEBIT,57440.09,USD,BR738,COMPLETED,47.55,NORTH,MORTGAGE
TXN0005507,CUST5448,ACC698254,2024-08-13,DEBIT,76467.49,USD,BR484,COMPLETED,,SOUTH,SAVINGS
TXN0005508,CUST7780,ACC844669,2024-10-25,CREDIT,42406.72,USD,BR494,REVERSED,87.82,WEST,CREDIT
TXN0005509,CUST2422,ACC756608,2024-08-24,PAYMENT,-40533.35,USD,BR335,COMPLETED,36.21,NORTH,LOAN
TXN0005510,CUST9143,ACC424785,2024-10-02,PAYMENT,-24764.26,GBP,BR984,REVERSED,56.35,WEST,CHECKING
TXN0005511,CUST4893,ACC314828,2024-11-07,TRANSFER,-15738.18,EUR,BR481,COMPLETED,28.92,CENTRAL,CHECKING
TXN0005512,CUST7088,ACC785072,2024-12-04,CREDIT,-32419.37,USD,BR231,COMPLETED,22.85,WEST,CREDIT
TXN0005513,CUST8404,ACC872416,2024-12-05,DEBIT,-473.81,USD,BR586,COMPLETED,17.16,WEST,MORTGAGE
TXN0005514,CUST5958,ACC385857,2024-11-19,TRANSFER,-23883.27,USD,BR344,COMPLETED,61.71,CENTRAL,CHECKING
TXN0005515,CUST4541,ACC529080,2024-02-07,DEBIT,39408.13,USD,BR512,COMPLETED,3.3,EAST,CHECKING
TXN0005516,CUST9603,ACC823812,2024-03-11,CREDIT,73926.89,USD,BR111,COMPLETED,7.07,NORTH,LOAN
TXN0005517,CUST5953,ACC110724,2024-06-02,DEBIT,-24061.89,EUR,BR118,COMPLETED,65.72,NORTH,LOAN
TXN0005518,CUST3867,ACC536089,2024-09-27,CREDIT,36234.53,USD,BR909,COMPLETED,56.86,CENTRAL,CREDIT
TXN0005519,CUST2838,ACC963559,2024-10-03,DEBIT,50593.15,EUR,BR921,COMPLETED,63.8,WEST,SAVINGS
TXN0005520,CUST7131,ACC533732,2024-04-06,DEBIT,-23801.92,USD,BR563,COMPLETED,89.29,SOUTH,SAVINGS
TXN0005521,CUST1612,ACC495451,2024-11-23,PAYMENT,65628.21,USD,BR469,COMPLETED,90.58,CENTRAL,SAVINGS
TXN0005522,CUST4311,ACC391595,2024-11-07,DEBIT,-11611.67,GBP,BR476,COMPLETED,69.43,NORTH,LOAN
TXN0005523,CUST2517,ACC983566,2024-08-19,CREDIT,-33179.96,,BR111,COMPLETED,4.21,CENTRAL,CHECKING
TXN0005524,CUST8270,ACC298701,2024-02-11,CREDIT,38898.83,USD,BR362,REVERSED,15.27,EAST,CHECKING
TXN0005525,CUST9290,ACC956397,2024-08-24,CREDIT,78023.66,USD,BR109,,50.57,EAST,LOAN
TXN0005526,CUST1408,ACC917076,2024-01-08,CREDIT,-12676.78,EUR,BR766,FAILED,46.13,SOUTH,SAVINGS
TXN0005527,CUST8907,ACC611932,2024-06-17,DEBIT,52590.27,USD,BR672,,65.17,EAST,MORTGAGE
TXN0005528,CUST9192,ACC365735,2024-10-24,CREDIT,76863.56,USD,BR382,COMPLETED,7.6,SOUTH,CREDIT
TXN0005529,CUST3524,ACC729281,2024-09-27,CREDIT,-5639.06,USD,BR216,COMPLETED,30.68,EAST,SAVINGS
TXN0005530,CUST4116,ACC110936,2024-06-02,DEBIT,65628.38,EUR,BR826,PENDING,22.54,WEST,LOAN
TXN0005531,CUST6572,ACC756971,2024-05-14,CREDIT,5174.21,USD,BR300,COMPLETED,96.55,NORTH,CHECKING
TXN0005532,CUST8921,ACC826163,2024-06-17,TRANSFER,-14791.33,USD,BR622,PENDING,98.6,SOUTH,CHECKING
TXN0005533,CUST9579,ACC514678,2024-02-20,DEBIT,-37202.37,GBP,BR336,COMPLETED,40.38,EAST,CHECKING
TXN0005534,CUST6084,ACC143829,2024-05-16,TRANSFER,30550.76,AUD,BR899,COMPLETED,43.73,WEST,SAVINGS
TXN0005535,CUST6363,ACC829810,2024-04-15,DEBIT,68111.75,USD,BR612,COMPLETED,58.73,WEST,LOAN
TXN0005536,CUST3347,ACC904390,2024-08-05,TRANSFER,4151.14,USD,BR687,COMPLETED,97.09,CENTRAL,SAVINGS
TXN0005537,CUST2609,ACC570945,2024-09-11,TRANSFER,-9760.17,EUR,BR152,COMPLETED,51.34,NORTH,CHECKING
TXN0005538,CUST9456,ACC235149,2024-03-22,CREDIT,31911.73,USD,BR200,PENDING,52.01,CENTRAL,CHECKING
TXN0005539,CUST3174,ACC795167,2024-09-24,DEBIT,-41385.42,EUR,BR167,PENDING,69.06,CENTRAL,CHECKING
TXN0005540,CUST4361,ACC822992,2024-07-19,CREDIT,72098.62,USD,BR570,COMPLETED,12.49,CENTRAL,SAVINGS
TXN0005541,CUST1598,ACC333805,2024-09-24,DEBIT,74673.31,USD,BR424,COMPLETED,24.82,SOUTH,CHECKING
TXN0005542,CUST8526,ACC173950,2024-02-23,TRANSFER,36098.38,USD,BR252,COMPLETED,41.19,CENTRAL,
TXN0005543,CUST7350,ACC768568,2024-02-12,DEBIT,60466.84,USD,BR912,COMPLETED,77.66,EAST,CREDIT
TXN0005544,CUST9558,ACC219936,2024-04-03,CREDIT,-9560.55,GBP,BR657,COMPLETED,52.45,NORTH,SAVINGS
TXN0005545,CUST2897,ACC220878,2024-04-21,TRANSFER,14275.52,,BR761,COMPLETED,6.39,EAST,MORTGAGE
TXN0005546,CUST1067,ACC266643,2024-11-22,CREDIT,9967.49,USD,BR234,COMPLETED,86.48,EAST,SAVINGS
TXN0005547,CUST6095,ACC929622,2024-01-16,DEBIT,98048.5,,BR104,PENDING,29.5,EAST,CHECKING
TXN0005548,CUST1721,ACC612267,2024-04-17,CREDIT,75375.52,EUR,BR930,COMPLETED,93.47,SOUTH,LOAN
TXN0005549,CUST2426,ACC169730,2024-09-27,DEBIT,-13672.71,USD,BR757,COMPLETED,21.02,EAST,CREDIT
TXN0005550,CUST6460,ACC292265,2024-09-14,DEBIT,76340.61,USD,BR580,COMPLETED,25.99,CENTRAL,SAVINGS
TXN0005551,CUST8649,ACC663022,2024-06-23,TRANSFER,3921.37,USD,BR711,COMPLETED,47.32,NORTH,SAVINGS
TXN0005552,CUST1755,ACC443281,2024-08-10,TRANSFER,45778.77,USD,BR112,COMPLETED,82.53,NORTH,LOAN
TXN0005553,CUST2689,ACC275496,2024-10-01,TRANSFER,4825.72,USD,BR609,PENDING,47.51,NORTH,CHECKING
TXN0005554,CUST9529,ACC876043,2024-02-28,CREDIT,-47439.79,USD,BR594,COMPLETED,55.51,SOUTH,SAVINGS
TXN0005555,CUST6119,ACC368958,2024-02-11,PAYMENT,74736.88,USD,BR972,COMPLETED,4.71,WEST,CHECKING
TXN0005556,CUST1368,ACC813981,2024-10-22,CREDIT,427.28,GBP,BR756,COMPLETED,65.46,WEST,CREDIT
TXN0005557,CUST6114,ACC849756,2024-05-05,CREDIT,-13398.69,GBP,BR694,,5.33,CENTRAL,LOAN
TXN0005558,CUST4438,ACC828780,2024-11-08,CREDIT,23925.66,USD,BR772,COMPLETED,65.15,CENTRAL,SAVINGS
TXN0005559,CUST6257,ACC517547,2024-09-08,CREDIT,-44196.13,USD,BR614,COMPLETED,35.39,SOUTH,CREDIT
TXN0005560,CUST4285,ACC398641,2024-10-02,DEBIT,81175.53,USD,BR843,COMPLETED,48.37,EAST,SAVINGS
TXN0005561,CUST4154,ACC662309,2024-02-10,CREDIT,24970.22,USD,BR843,PENDING,88.35,SOUTH,CHECKING
TXN0005562,CUST5695,ACC400353,2024-05-20,DEBIT,19716.06,USD,BR649,COMPLETED,39.21,CENTRAL,CHECKING
TXN0005563,CUST5532,ACC398534,2024-06-21,CREDIT,-45297.69,EUR,BR796,COMPLETED,19.52,SOUTH,LOAN
TXN0005564,CUST9720,ACC997065,2024-10-22,TRANSFER,37158.58,USD,BR511,COMPLETED,7.61,NORTH,CREDIT
TXN0005565,CUST6228,ACC697801,2024-01-06,CREDIT,59761.86,USD,BR226,COMPLETED,4.53,CENTRAL,SAVINGS
TXN0005566,CUST8227,ACC374201,2024-01-12,TRANSFER,-32664.57,EUR,BR628,COMPLETED,99.68,CENTRAL,LOAN
TXN0005567,CUST2927,ACC213762,2024-11-12,CREDIT,68431.61,USD,BR278,COMPLETED,34.79,CENTRAL,CHECKING
TXN0005568,CUST5467,ACC897955,2024-12-02,CREDIT,-35751.53,USD,BR482,FAILED,93.76,EAST,LOAN
TXN0005569,CUST3446,ACC225200,2024-10-20,CREDIT,81822.05,USD,BR524,PENDING,89.4,EAST,LOAN
TXN0005570,CUST3580,ACC514089,2024-11-18,PAYMENT,69040.0,USD,BR823,COMPLETED,66.65,WEST,CHECKING
TXN0005571,CUST5483,ACC962849,2024-03-26,CREDIT,64882.67,EUR,BR170,COMPLETED,31.62,WEST,CREDIT
TXN0005572,CUST2875,ACC311944,2024-02-23,WITHDRAWAL,98706.52,USD,BR524,PENDING,88.94,EAST,CHECKING
TXN0005573,CUST1249,ACC190705,2024-08-15,DEBIT,55992.0,EUR,BR536,COMPLETED,2.5,SOUTH,CHECKING
TXN0005574,CUST9422,ACC681697,2024-08-27,CREDIT,-49645.29,USD,BR367,COMPLETED,32.31,EAST,LOAN
TXN0005575,CUST2677,ACC987571,2024-10-22,CREDIT,-21058.1,GBP,BR141,REVERSED,55.19,EAST,SAVINGS
TXN0005576,CUST4384,ACC622156,2024-01-25,DEBIT,-14528.5,USD,BR275,PENDING,28.61,EAST,LOAN
TXN0005577,CUST9888,ACC310541,2024-07-08,DEBIT,70927.73,USD,BR665,COMPLETED,15.04,WEST,CHECKING
TXN0005578,CUST6739,ACC233289,2024-06-10,PAYMENT,6213.94,USD,BR756,REVERSED,11.7,CENTRAL,CREDIT
TXN0005579,CUST6218,ACC643398,2024-03-16,DEBIT,13092.37,EUR,BR103,REVERSED,40.99,SOUTH,SAVINGS
TXN0005580,CUST5440,ACC137429,2024-10-13,PAYMENT,13078.66,EUR,BR234,COMPLETED,91.55,EAST,CHECKING
TXN0005581,CUST3319,ACC591737,2024-08-05,CREDIT,-47242.03,USD,BR674,PENDING,97.79,CENTRAL,SAVINGS
TXN0005582,CUST5641,ACC602078,2024-08-04,DEBIT,-42685.87,EUR,BR126,REVERSED,94.94,CENTRAL,LOAN
TXN0005583,CUST5011,ACC214655,2024-10-26,DEBIT,-3142.64,AUD,BR248,COMPLETED,67.54,EAST,CHECKING
TXN0005584,CUST3806,ACC216818,2024-04-16,CREDIT,-45350.86,EUR,BR274,COMPLETED,91.84,CENTRAL,CREDIT
TXN0005585,CUST2167,ACC339751,2027-01-01,PAYMENT,82998.37,USD,BR283,COMPLETED,18.38,NORTH,CHECKING
TXN0005586,CUST6101,ACC139878,2024-07-10,TRANSFER,51576.72,GBP,BR795,COMPLETED,64.85,WEST,SAVINGS
TXN0005587,CUST6549,ACC973563,2024-02-15,DEBIT,98347.56,USD,BR408,,74.0,SOUTH,CHECKING
TXN0005588,CUST9856,ACC506914,2024-11-17,PAYMENT,87789.69,USD,BR401,COMPLETED,74.67,CENTRAL,SAVINGS
TXN0005589,CUST8268,ACC293439,2024-12-02,DEBIT,-968.63,USD,BR961,COMPLETED,87.17,SOUTH,SAVINGS
TXN0005590,CUST1831,ACC187669,2024-06-09,TRANSFER,-48929.82,GBP,BR497,COMPLETED,27.19,SOUTH,CHECKING
TXN0005591,CUST3131,ACC899582,2024-09-15,CREDIT,90391.76,EUR,BR543,PENDING,53.03,WEST,MORTGAGE
TXN0005592,CUST1475,ACC827309,2024-10-02,CREDIT,-25042.84,EUR,BR185,COMPLETED,35.75,SOUTH,LOAN
TXN0005593,CUST8712,ACC945581,2024-01-11,CREDIT,-23877.58,AUD,BR813,COMPLETED,23.03,EAST,CHECKING
TXN0005594,CUST1826,ACC170674,2024-08-25,DEBIT,95763.23,AUD,BR523,COMPLETED,78.78,NORTH,CHECKING
TXN0005595,CUST2735,ACC353495,2024-01-07,PAYMENT,-41816.22,USD,BR433,PENDING,20.21,WEST,SAVINGS
TXN0005596,CUST7284,ACC557125,2024-12-08,CREDIT,35057.03,USD,BR194,COMPLETED,98.58,CENTRAL,SAVINGS
TXN0005597,CUST1881,ACC745210,2024-06-12,CREDIT,-38410.72,USD,BR584,COMPLETED,90.65,CENTRAL,SAVINGS
TXN0005598,CUST2410,ACC488918,2024-04-09,CREDIT,8160.75,USD,BR815,COMPLETED,84.05,CENTRAL,SAVINGS
TXN0005599,CUST7987,ACC559390,2024-03-05,DEBIT,-8550.87,EUR,BR947,PENDING,12.2,CENTRAL,CREDIT
TXN0005600,CUST7421,ACC874212,2024-12-10,DEBIT,64079.94,USD,BR468,PENDING,37.28,SOUTH,SAVINGS
TXN0005601,CUST3932,ACC249693,2024-07-21,CREDIT,9791.18,USD,BR675,COMPLETED,10.47,CENTRAL,CHECKING
TXN0005602,CUST8304,ACC563495,2024-01-11,TRANSFER,90531.69,USD,BR543,,57.89,EAST,CHECKING
TXN0005603,CUST6826,ACC726001,2024-03-03,CREDIT,-15334.58,USD,BR507,COMPLETED,25.34,EAST,SAVINGS
TXN0005604,CUST6119,ACC906487,2024-03-03,TRANSFER,6871.03,USD,BR519,COMPLETED,83.25,SOUTH,LOAN
TXN0005605,CUST6444,ACC143046,2024-10-21,DEBIT,-6074.75,EUR,BR287,COMPLETED,,CENTRAL,SAVINGS
TXN0005606,CUST4246,ACC795076,2024-05-03,CREDIT,85620.86,USD,BR969,PENDING,73.5,SOUTH,MORTGAGE
TXN0005607,CUST9740,ACC628083,2024-10-26,DEBIT,93015.28,USD,BR513,COMPLETED,52.5,NORTH,SAVINGS
TXN0005608,CUST2286,ACC904037,2024-02-10,TRANSFER,-21454.79,GBP,BR463,COMPLETED,47.0,NORTH,CHECKING
TXN0005609,CUST8629,ACC298148,2024-01-06,DEBIT,-48829.76,USD,BR609,COMPLETED,80.4,SOUTH,CHECKING
TXN0005610,CUST3159,ACC905882,2024-05-07,CREDIT,21303.81,USD,BR933,COMPLETED,16.44,NORTH,LOAN
TXN0005611,CUST2522,ACC320653,2024-09-29,DEBIT,53664.67,GBP,BR153,COMPLETED,53.23,EAST,SAVINGS
TXN0005612,CUST8672,ACC860123,2024-03-05,DEBIT,-31838.61,USD,BR405,PENDING,2.07,SOUTH,SAVINGS
TXN0005613,CUST2593,ACC433364,2024-10-20,TRANSFER,69092.53,EUR,BR323,PENDING,71.35,SOUTH,LOAN
TXN0005614,CUST8464,ACC145883,2024-08-30,DEBIT,-5734.52,,BR657,REVERSED,8.33,NORTH,SAVINGS
TXN0005615,CUST6085,ACC696431,2024-06-06,DEBIT,19766.58,USD,BR931,COMPLETED,17.51,EAST,SAVINGS
TXN0005616,CUST8625,ACC114901,2024-03-09,CREDIT,60770.74,USD,BR642,COMPLETED,61.25,SOUTH,LOAN
TXN0005617,CUST8709,ACC260128,2024-11-26,CREDIT,-43069.82,USD,BR305,COMPLETED,20.2,SOUTH,SAVINGS
TXN0005618,CUST4796,ACC457928,2024-06-10,CREDIT,64361.47,USD,BR301,REVERSED,99.77,WEST,CREDIT
TXN0005619,CUST4666,ACC362985,2024-06-27,PAYMENT,40558.5,EUR,BR872,COMPLETED,59.57,EAST,CHECKING
TXN0005620,CUST3354,ACC284055,2024-03-03,TRANSFER,45525.95,USD,BR684,PENDING,93.13,EAST,CHECKING
TXN0005621,CUST5227,ACC467124,2024-05-04,WITHDRAWAL,4296.79,USD,BR279,PENDING,88.87,CENTRAL,LOAN
TXN0005622,CUST6954,ACC584479,2024-08-06,DEBIT,33111.94,EUR,BR302,,75.13,,LOAN
TXN0005623,CUST7423,ACC310396,2024-01-22,DEBIT,39702.51,AUD,BR789,COMPLETED,16.21,NORTH,CHECKING
TXN0005624,CUST4004,ACC775424,2024-10-20,TRANSFER,56462.71,USD,BR847,COMPLETED,46.65,SOUTH,CHECKING
TXN0005625,CUST6412,ACC159169,2024-01-31,CREDIT,-49148.05,AUD,BR634,PENDING,37.24,SOUTH,SAVINGS
TXN0005626,CUST6320,ACC510320,2024-12-19,TRANSFER,74506.88,USD,BR371,COMPLETED,91.51,CENTRAL,LOAN
TXN0005627,CUST8426,ACC498494,2024-09-28,CREDIT,72081.4,EUR,BR125,COMPLETED,91.94,WEST,LOAN
TXN0005628,CUST8987,ACC260534,2024-06-16,DEBIT,11960.41,USD,BR737,COMPLETED,53.54,EAST,SAVINGS
TXN0005629,CUST1495,ACC405980,2024-09-30,CREDIT,16146.41,EUR,BR691,COMPLETED,62.98,EAST,CHECKING
TXN0005630,CUST2070,ACC630154,2024-02-21,DEBIT,71289.12,USD,BR828,COMPLETED,14.28,WEST,CHECKING
TXN0005631,CUST8787,ACC166741,2024-09-14,CREDIT,45653.15,USD,BR221,COMPLETED,47.29,SOUTH,CHECKING
TXN0005632,,ACC336176,2024-03-03,CREDIT,-26405.34,EUR,BR291,COMPLETED,31.61,EAST,CHECKING
TXN0005633,CUST6758,ACC292899,2024-01-22,CREDIT,12579.36,AUD,BR892,COMPLETED,33.84,NORTH,CREDIT
TXN0005634,CUST8842,ACC757681,2024-05-25,TRANSFER,-16125.35,USD,BR504,COMPLETED,20.04,NORTH,SAVINGS
TXN0005635,CUST8556,ACC303779,2024-06-16,WITHDRAWAL,39715.13,EUR,BR713,COMPLETED,65.08,EAST,SAVINGS
TXN0005636,CUST3798,ACC452204,2024-02-01,WITHDRAWAL,-36945.76,AUD,BR179,,43.88,CENTRAL,LOAN
TXN0005637,CUST5624,ACC789975,2024-03-10,DEBIT,69966.21,GBP,BR566,COMPLETED,7.67,,SAVINGS
TXN0005638,CUST6711,ACC856213,2024-06-02,PAYMENT,-14205.32,AUD,BR514,PENDING,67.49,EAST,CHECKING
TXN0005639,CUST3087,ACC560190,2024-04-18,CREDIT,-22682.15,USD,BR884,FAILED,25.14,WEST,SAVINGS
TXN0005640,CUST9322,ACC126539,2024-12-31,DEBIT,-33585.89,EUR,BR360,COMPLETED,25.14,CENTRAL,CHECKING
TXN0005641,CUST2686,ACC561929,2024-08-24,DEBIT,47824.02,USD,BR689,PENDING,41.48,CENTRAL,SAVINGS
TXN0005642,CUST7646,ACC172753,2024-04-15,DEBIT,-45780.39,USD,BR671,COMPLETED,83.11,CENTRAL,LOAN
TXN0005643,CUST2752,ACC984392,2024-07-24,DEBIT,55678.99,AUD,BR474,COMPLETED,9.81,NORTH,LOAN
TXN0005644,CUST6339,ACC357714,2024-02-05,CREDIT,70942.89,EUR,BR558,COMPLETED,67.57,WEST,CHECKING
TXN0005645,CUST2162,ACC730886,2024-06-24,CREDIT,95896.34,USD,BR555,PENDING,10.36,CENTRAL,CHECKING
TXN0005646,CUST5949,ACC654231,2024-12-22,TRANSFER,67507.43,AUD,BR403,COMPLETED,38.49,CENTRAL,LOAN
TXN0005647,CUST9728,ACC401787,2024-09-28,TRANSFER,6455.85,AUD,BR271,COMPLETED,34.48,SOUTH,SAVINGS
TXN0005648,CUST8552,ACC683902,2024-09-11,DEBIT,99137.14,USD,BR554,COMPLETED,40.63,EAST,SAVINGS
TXN0005649,CUST7566,ACC268923,2024-04-15,DEBIT,-41851.63,EUR,BR314,COMPLETED,93.8,EAST,LOAN
TXN0005650,CUST7773,ACC250327,2027-01-01,WITHDRAWAL,12131.98,USD,BR958,COMPLETED,47.18,SOUTH,LOAN
TXN0005651,CUST4908,ACC673700,2024-07-24,TRANSFER,61373.64,AUD,BR422,REVERSED,92.42,SOUTH,LOAN
TXN0005652,CUST4992,ACC432979,2024-03-12,TRANSFER,-46744.68,EUR,BR681,COMPLETED,98.9,EAST,SAVINGS
TXN0005653,CUST9977,ACC159468,2024-08-13,DEBIT,-5772.08,USD,BR666,PENDING,25.75,NORTH,CREDIT
TXN0005654,CUST3605,ACC216775,2024-02-10,CREDIT,-24858.56,USD,BR368,COMPLETED,68.17,NORTH,CHECKING
TXN0005655,,ACC818025,2024-04-21,CREDIT,-21009.57,USD,BR156,COMPLETED,74.93,CENTRAL,CREDIT
TXN0005656,CUST7288,ACC168295,2024-12-19,CREDIT,82543.12,GBP,BR795,PENDING,8.78,EAST,CREDIT
TXN0005657,CUST2082,ACC529836,2024-06-27,DEBIT,16045.06,EUR,BR798,PENDING,30.84,SOUTH,SAVINGS
TXN0005658,CUST6582,ACC643211,2024-09-17,CREDIT,-6867.72,EUR,BR796,COMPLETED,61.78,EAST,SAVINGS
TXN0005659,CUST4411,ACC660226,2024-11-02,DEBIT,49643.89,EUR,BR999,FAILED,45.22,WEST,CREDIT
TXN0005660,CUST8063,ACC118310,2024-07-24,DEBIT,36996.47,GBP,BR567,COMPLETED,16.04,CENTRAL,LOAN
TXN0005661,CUST8132,ACC748634,2024-10-17,DEBIT,5081.26,USD,BR126,COMPLETED,61.38,SOUTH,CHECKING
TXN0005662,CUST6606,ACC855480,2024-05-05,CREDIT,-37182.49,USD,BR839,COMPLETED,13.96,SOUTH,CHECKING
TXN0005663,CUST9921,ACC278169,2024-04-17,DEBIT,569.65,USD,BR932,,90.91,SOUTH,LOAN
TXN0005664,CUST4869,ACC859252,2024-06-29,DEBIT,-27326.18,USD,BR429,COMPLETED,98.78,SOUTH,LOAN
TXN0005665,CUST3835,ACC437281,2024-05-03,DEBIT,57003.16,USD,BR407,COMPLETED,76.99,WEST,MORTGAGE
TXN0005666,CUST2276,ACC488363,2024-11-12,DEBIT,79561.48,USD,BR579,COMPLETED,74.57,WEST,CHECKING
TXN0005667,CUST8972,ACC140296,2024-01-31,CREDIT,43606.73,AUD,BR258,COMPLETED,24.92,WEST,LOAN
TXN0005668,,ACC250456,2024-12-26,WITHDRAWAL,42720.57,GBP,BR149,COMPLETED,23.27,SOUTH,MORTGAGE
TXN0005669,CUST8584,ACC208834,2024-01-04,CREDIT,75389.99,USD,BR870,PENDING,20.22,CENTRAL,CREDIT
TXN0005670,CUST6330,ACC817557,2024-11-16,DEBIT,54114.73,EUR,BR735,COMPLETED,33.36,EAST,CHECKING
TXN0005671,CUST2599,ACC345012,2024-06-19,WITHDRAWAL,51653.44,EUR,BR236,COMPLETED,25.27,SOUTH,CHECKING
TXN0005672,CUST8294,ACC106188,2024-10-05,CREDIT,2181.37,AUD,BR543,COMPLETED,87.12,NORTH,SAVINGS
TXN0005673,CUST3886,ACC499731,2024-06-13,PAYMENT,9064.77,USD,BR374,COMPLETED,19.81,SOUTH,CHECKING
TXN0005674,CUST6046,ACC103587,2024-08-08,DEBIT,-31696.66,AUD,BR968,COMPLETED,70.07,NORTH,SAVINGS
TXN0005675,CUST7648,ACC690045,2024-02-16,PAYMENT,29038.51,USD,BR995,COMPLETED,52.74,NORTH,SAVINGS
TXN0005676,CUST2140,ACC161255,2024-07-06,PAYMENT,91581.71,USD,BR497,PENDING,95.62,SOUTH,CHECKING
TXN0005677,CUST2781,ACC953232,2024-11-20,DEBIT,28395.87,EUR,BR804,COMPLETED,64.04,WEST,MORTGAGE
TXN0005678,CUST7208,ACC506351,2024-05-29,TRANSFER,55471.1,GBP,BR435,REVERSED,61.21,CENTRAL,MORTGAGE
TXN0005679,CUST6364,ACC906035,2024-08-18,DEBIT,76593.69,USD,BR925,COMPLETED,90.82,CENTRAL,SAVINGS
TXN0005680,CUST9098,ACC694495,2024-12-06,CREDIT,28616.13,USD,BR245,PENDING,56.81,NORTH,CREDIT
TXN0005681,CUST2007,ACC225453,2024-05-06,DEBIT,71082.03,EUR,BR701,COMPLETED,86.17,CENTRAL,LOAN
TXN0005682,CUST2483,ACC998632,2024-02-14,CREDIT,-32698.09,GBP,BR522,COMPLETED,99.13,WEST,CHECKING
TXN0005683,CUST4565,ACC335424,2024-11-29,PAYMENT,72350.77,EUR,BR570,COMPLETED,0.12,SOUTH,CHECKING
TXN0005684,CUST3276,ACC899199,2024-06-20,PAYMENT,33075.72,AUD,BR834,COMPLETED,25.41,SOUTH,LOAN
TXN0005685,CUST1003,ACC758806,2024-07-16,PAYMENT,-12608.83,AUD,BR708,COMPLETED,80.49,EAST,MORTGAGE
TXN0005686,CUST3403,ACC136904,2024-07-11,CREDIT,21602.63,EUR,BR942,COMPLETED,27.53,CENTRAL,LOAN
TXN0005687,CUST3444,ACC691018,2024-05-02,DEBIT,-34116.53,EUR,BR357,PENDING,38.32,EAST,SAVINGS
TXN0005688,CUST8421,ACC672084,2024-10-26,PAYMENT,79865.38,AUD,BR582,COMPLETED,22.53,SOUTH,CREDIT
TXN0005689,CUST9704,ACC177514,2024-09-06,DEBIT,-33001.14,USD,BR213,COMPLETED,26.21,WEST,CHECKING
TXN0005690,CUST5775,ACC120754,2024-10-17,TRANSFER,-39996.31,GBP,BR613,REVERSED,19.06,CENTRAL,LOAN
TXN0005691,CUST7389,ACC780381,2024-04-05,WITHDRAWAL,-25627.71,USD,BR718,PENDING,58.9,WEST,CHECKING
TXN0005692,CUST8326,ACC964024,2024-07-01,TRANSFER,-10535.84,EUR,BR961,COMPLETED,83.62,CENTRAL,CHECKING
TXN0005693,CUST4205,ACC599571,2024-06-26,TRANSFER,-26417.9,EUR,BR179,COMPLETED,89.86,CENTRAL,CHECKING
TXN0005694,CUST4369,ACC699252,2024-02-29,DEBIT,55257.82,USD,BR818,COMPLETED,22.71,CENTRAL,SAVINGS
TXN0005695,CUST6187,ACC776111,2024-02-21,PAYMENT,25112.67,USD,BR539,FAILED,66.47,WEST,SAVINGS
TXN0005696,CUST5910,ACC504807,2024-07-13,CREDIT,99100.1,USD,BR519,REVERSED,85.52,WEST,SAVINGS
TXN0005697,CUST5989,ACC396189,2024-05-28,TRANSFER,83025.43,USD,BR653,FAILED,8.23,WEST,CREDIT
TXN0005698,CUST8122,ACC818914,2024-05-06,DEBIT,94922.95,USD,BR144,COMPLETED,82.34,NORTH,LOAN
TXN0005699,CUST6640,ACC745974,2024-07-20,DEBIT,15940.06,GBP,BR601,COMPLETED,74.54,NORTH,CHECKING
TXN0005700,CUST2462,ACC505554,2024-12-13,DEBIT,-38845.55,USD,BR337,FAILED,46.92,CENTRAL,CREDIT
TXN0005701,CUST1133,ACC571514,2024-11-10,DEBIT,50919.24,USD,BR831,COMPLETED,54.0,CENTRAL,CREDIT
TXN0005702,CUST9362,ACC884407,2024-01-22,DEBIT,-19416.31,USD,BR217,REVERSED,15.42,EAST,SAVINGS
TXN0005703,CUST7622,ACC349214,2024-12-03,PAYMENT,-38846.75,USD,BR843,PENDING,74.0,NORTH,SAVINGS
TXN0005704,CUST3089,ACC816052,2024-03-09,CREDIT,61160.81,USD,BR147,COMPLETED,83.99,CENTRAL,CHECKING
TXN0005705,CUST5819,ACC614391,2024-09-17,CREDIT,84355.26,USD,BR129,,78.79,EAST,SAVINGS
TXN0005706,CUST2022,ACC742366,2024-05-02,DEBIT,82716.94,USD,BR181,PENDING,85.97,NORTH,LOAN
TXN0005707,CUST7049,ACC362188,2024-08-29,DEBIT,-10445.34,USD,BR558,COMPLETED,74.23,CENTRAL,CREDIT
TXN0005708,CUST9992,ACC461912,2024-09-05,DEBIT,36004.66,EUR,BR682,PENDING,2.05,CENTRAL,SAVINGS
TXN0005709,CUST1870,ACC767625,2024-04-03,CREDIT,88308.51,,BR582,COMPLETED,55.09,SOUTH,CHECKING
TXN0005710,CUST1013,ACC577085,2024-08-21,DEBIT,52358.98,USD,BR581,COMPLETED,60.8,SOUTH,CHECKING
TXN0005711,CUST6885,ACC602403,2024-01-15,DEBIT,10343.09,USD,BR511,PENDING,78.79,NORTH,
TXN0005712,CUST2797,ACC260576,2024-03-22,DEBIT,-1823.53,GBP,BR492,COMPLETED,80.11,NORTH,CHECKING
TXN0005713,CUST5623,ACC576287,2024-10-05,CREDIT,85704.45,USD,BR784,PENDING,30.86,SOUTH,SAVINGS
TXN0005714,CUST1510,ACC662513,2024-10-31,PAYMENT,,USD,BR147,COMPLETED,94.64,WEST,SAVINGS
TXN0005715,CUST4854,ACC477629,2024-08-03,DEBIT,-41974.28,USD,BR153,COMPLETED,75.5,CENTRAL,MORTGAGE
TXN0005716,CUST8073,ACC334713,2024-11-28,PAYMENT,2782.57,EUR,BR283,COMPLETED,98.91,,SAVINGS
TXN0005717,CUST7459,ACC251422,2024-07-12,CREDIT,61041.51,USD,BR263,PENDING,8.89,WEST,CREDIT
TXN0005718,CUST6212,ACC400798,2024-07-28,WITHDRAWAL,-49262.83,USD,BR114,COMPLETED,28.56,CENTRAL,SAVINGS
TXN0005719,CUST7271,ACC768040,2024-01-03,CREDIT,-11875.05,EUR,BR125,REVERSED,61.12,CENTRAL,CHECKING
TXN0005720,CUST7652,ACC866486,2024-06-24,DEBIT,83917.13,EUR,BR763,COMPLETED,81.65,EAST,SAVINGS
TXN0005721,CUST7251,ACC282822,2024-05-07,PAYMENT,47429.36,USD,BR355,COMPLETED,85.02,CENTRAL,SAVINGS
TXN0005722,CUST8130,ACC507321,2024-05-31,DEBIT,69256.99,GBP,BR805,COMPLETED,9.71,CENTRAL,SAVINGS
TXN0005723,CUST9931,ACC369705,2024-03-31,DEBIT,89970.93,USD,BR817,COMPLETED,57.3,CENTRAL,CHECKING
TXN0005724,CUST4460,ACC268104,2024-09-23,DEBIT,10497.55,USD,BR540,COMPLETED,46.62,SOUTH,CREDIT
TXN0005725,CUST3841,ACC485957,2024-02-12,WITHDRAWAL,85953.46,USD,BR415,PENDING,92.3,NORTH,CHECKING
TXN0005726,CUST8780,ACC875952,2024-07-12,TRANSFER,19225.96,AUD,BR891,COMPLETED,7.23,CENTRAL,SAVINGS
TXN0005727,CUST3278,ACC121954,2024-05-10,CREDIT,8042.88,EUR,BR233,COMPLETED,18.48,CENTRAL,CREDIT
TXN0005728,CUST4083,ACC552708,2024-05-11,DEBIT,-19055.54,USD,BR322,COMPLETED,13.69,SOUTH,MORTGAGE
TXN0005729,CUST7301,ACC944576,2024-02-05,WITHDRAWAL,81525.72,EUR,BR623,COMPLETED,61.85,CENTRAL,LOAN
TXN0005730,CUST6902,ACC414423,2027-01-01,CREDIT,-32996.72,USD,BR270,PENDING,,WEST,CHECKING
TXN0005731,CUST7835,ACC250977,2024-12-15,CREDIT,50815.48,USD,BR239,COMPLETED,26.38,NORTH,SAVINGS
TXN0005732,CUST3527,ACC144622,2024-07-30,CREDIT,17790.22,EUR,BR354,PENDING,34.42,WEST,CHECKING
TXN0005733,CUST5726,ACC582273,2024-02-09,DEBIT,29838.67,USD,BR451,COMPLETED,36.63,WEST,SAVINGS
TXN0005734,CUST3056,ACC530305,2024-01-18,DEBIT,78562.8,AUD,BR427,FAILED,75.67,CENTRAL,SAVINGS
TXN0005735,CUST3200,ACC845208,2024-02-23,TRANSFER,49699.98,USD,BR285,COMPLETED,82.63,SOUTH,LOAN
TXN0005736,CUST1190,ACC667802,2024-11-15,CREDIT,28352.1,USD,BR244,COMPLETED,93.22,EAST,SAVINGS
TXN0005737,CUST2175,ACC993055,2024-12-22,PAYMENT,74237.65,USD,BR130,COMPLETED,49.25,SOUTH,SAVINGS
TXN0005738,CUST1257,ACC338011,2024-08-24,CREDIT,-36822.81,EUR,BR716,COMPLETED,7.8,CENTRAL,CHECKING
TXN0005739,CUST3359,ACC521769,2024-06-14,DEBIT,-25650.07,USD,BR418,COMPLETED,80.33,WEST,CHECKING
TXN0005740,CUST8974,ACC231097,2024-11-20,TRANSFER,90628.5,USD,BR203,COMPLETED,75.87,WEST,MORTGAGE
TXN0005741,CUST8155,ACC980945,2024-04-14,CREDIT,94721.46,USD,BR269,PENDING,30.64,CENTRAL,SAVINGS
TXN0005742,CUST3224,ACC756932,2024-06-20,TRANSFER,20519.29,AUD,BR366,COMPLETED,49.91,CENTRAL,CREDIT
TXN0005743,CUST2387,ACC470085,2024-10-01,DEBIT,7102.1,AUD,BR444,COMPLETED,95.46,,SAVINGS
TXN0005744,CUST3248,ACC318209,2024-11-21,PAYMENT,93252.77,USD,BR770,PENDING,76.48,SOUTH,CHECKING
TXN0005745,CUST7813,ACC525504,2024-06-02,DEBIT,13283.57,USD,BR820,COMPLETED,9.79,WEST,CREDIT
TXN0005746,CUST8471,ACC541597,2024-07-28,TRANSFER,-48167.69,USD,BR511,COMPLETED,38.04,NORTH,CHECKING
TXN0005747,CUST7974,ACC538017,2024-05-15,CREDIT,-40452.3,EUR,BR290,PENDING,37.87,NORTH,CREDIT
TXN0005748,CUST3945,ACC582954,2024-01-22,WITHDRAWAL,-40426.25,,BR748,PENDING,8.07,EAST,SAVINGS
TXN0005749,CUST8444,ACC869077,2024-07-10,DEBIT,66189.07,EUR,BR740,COMPLETED,,WEST,CHECKING
TXN0005750,CUST9346,ACC574283,2024-03-04,DEBIT,47493.97,,BR211,COMPLETED,63.71,CENTRAL,LOAN
TXN0005751,CUST7948,ACC565455,2024-01-20,CREDIT,60374.92,USD,BR251,COMPLETED,89.94,NORTH,SAVINGS
TXN0005752,CUST8373,ACC507311,2024-04-06,CREDIT,-2421.14,EUR,BR858,COMPLETED,69.07,SOUTH,CREDIT
TXN0005753,CUST7303,ACC586032,2024-12-08,CREDIT,78368.17,AUD,BR123,PENDING,45.38,WEST,SAVINGS
TXN0005754,CUST6821,ACC481220,2024-10-13,PAYMENT,67171.96,AUD,BR273,COMPLETED,56.74,WEST,SAVINGS
TXN0005755,CUST4698,ACC454210,2024-10-06,DEBIT,58419.75,EUR,BR469,,21.76,CENTRAL,CREDIT
TXN0005756,CUST4044,ACC441847,2024-01-01,DEBIT,56441.14,EUR,BR364,PENDING,30.01,CENTRAL,SAVINGS
TXN0005757,CUST7959,ACC797694,2024-03-10,DEBIT,80972.29,USD,BR932,PENDING,71.4,CENTRAL,CREDIT
TXN0005758,CUST1121,ACC518259,2024-09-08,PAYMENT,32943.3,GBP,BR762,COMPLETED,0.09,SOUTH,SAVINGS
TXN0005759,CUST9161,ACC239580,2024-04-19,DEBIT,93890.11,EUR,BR940,COMPLETED,25.32,NORTH,LOAN
TXN0005760,CUST4878,ACC858443,2024-01-05,DEBIT,77770.06,GBP,BR126,PENDING,82.49,WEST,CHECKING
TXN0005761,CUST9220,ACC655678,2024-05-15,DEBIT,-38731.9,EUR,BR690,COMPLETED,19.0,NORTH,CREDIT
TXN0005762,CUST5411,ACC315917,2024-03-14,WITHDRAWAL,13171.87,USD,BR358,COMPLETED,44.22,CENTRAL,SAVINGS
TXN0005763,CUST7731,ACC357957,2024-09-06,TRANSFER,-7976.04,AUD,BR208,REVERSED,58.4,WEST,LOAN
TXN0005764,CUST9948,ACC327498,2024-08-02,WITHDRAWAL,-9314.81,USD,BR181,FAILED,71.58,NORTH,SAVINGS
TXN0005765,CUST7012,ACC847204,2024-04-16,PAYMENT,53274.99,GBP,BR293,COMPLETED,12.27,CENTRAL,LOAN
TXN0005766,CUST1548,ACC300241,2024-08-04,PAYMENT,-4556.47,AUD,BR682,FAILED,41.78,EAST,CHECKING
TXN0005767,CUST1620,ACC695996,2024-03-09,CREDIT,49118.86,USD,BR905,COMPLETED,79.62,CENTRAL,CHECKING
TXN0005768,CUST8917,ACC304054,2024-09-17,DEBIT,98009.01,EUR,BR512,COMPLETED,62.81,EAST,LOAN
TXN0005769,CUST7038,ACC864733,2024-02-22,DEBIT,-39542.46,USD,BR441,COMPLETED,5.64,,CHECKING
TXN0005770,CUST2854,ACC791353,2024-05-14,DEBIT,-31684.3,USD,BR367,COMPLETED,52.55,SOUTH,
TXN0005771,CUST8889,ACC922215,2024-11-20,DEBIT,81780.16,USD,BR456,COMPLETED,34.63,SOUTH,CREDIT
TXN0005772,CUST2311,ACC748938,2024-05-12,DEBIT,20953.99,EUR,BR263,PENDING,43.62,WEST,CHECKING
TXN0005773,CUST3327,ACC481068,2024-12-12,PAYMENT,81647.52,GBP,BR437,PENDING,26.01,,CREDIT
TXN0005774,CUST9624,ACC585884,2024-05-18,DEBIT,48831.74,USD,BR811,FAILED,11.26,SOUTH,CHECKING
TXN0005775,CUST5578,ACC674835,2024-08-20,TRANSFER,91394.33,AUD,BR420,PENDING,64.88,EAST,CHECKING
TXN0005776,CUST8617,ACC901087,2024-02-29,WITHDRAWAL,-28325.92,USD,BR199,,77.73,SOUTH,LOAN
TXN0005777,CUST9469,ACC930554,2024-09-27,DEBIT,86436.06,USD,BR555,COMPLETED,88.48,NORTH,CREDIT
TXN0005778,CUST2281,ACC528037,2024-10-23,DEBIT,29225.4,EUR,BR895,COMPLETED,33.51,,SAVINGS
TXN0005779,CUST9574,ACC493023,2024-04-27,DEBIT,-30960.57,USD,BR498,COMPLETED,45.38,WEST,CHECKING
TXN0005780,CUST2449,ACC775282,2024-10-30,TRANSFER,92849.78,USD,BR427,COMPLETED,25.48,NORTH,MORTGAGE
TXN0005781,CUST5017,ACC421806,2024-06-11,DEBIT,-40632.95,USD,BR525,COMPLETED,45.47,NORTH,LOAN
TXN0005782,CUST8740,ACC323885,2024-04-18,TRANSFER,13814.32,USD,BR833,REVERSED,,EAST,CHECKING
TXN0005783,CUST2279,ACC511911,2024-01-12,TRANSFER,98918.41,USD,BR728,COMPLETED,55.91,,CHECKING
TXN0005784,CUST9834,ACC248196,2024-10-21,WITHDRAWAL,-5922.14,USD,BR673,PENDING,66.08,CENTRAL,SAVINGS
TXN0005785,CUST6119,ACC593074,2024-07-29,DEBIT,61351.56,EUR,BR325,FAILED,11.3,SOUTH,CREDIT
TXN0005786,CUST1864,ACC213927,2024-10-21,TRANSFER,69489.17,USD,BR531,COMPLETED,12.98,EAST,CREDIT
TXN0005787,CUST6628,ACC669197,2024-01-23,CREDIT,13409.38,USD,BR410,COMPLETED,66.2,EAST,SAVINGS
TXN0005788,CUST9765,ACC783920,2024-08-02,PAYMENT,26682.0,EUR,BR968,COMPLETED,58.76,WEST,SAVINGS
TXN0005789,CUST1176,ACC574291,2024-09-10,DEBIT,10049.71,USD,BR716,COMPLETED,17.4,WEST,SAVINGS
TXN0005790,CUST8681,ACC414908,2024-07-24,DEBIT,-16352.62,USD,BR431,REVERSED,,WEST,CHECKING
TXN0005791,CUST8438,ACC973346,2024-05-13,DEBIT,71004.09,GBP,BR126,FAILED,64.56,WEST,LOAN
TXN0005792,CUST9399,ACC912203,2024-12-21,DEBIT,91211.22,GBP,BR948,COMPLETED,87.09,NORTH,LOAN
TXN0005793,CUST8687,ACC753887,2024-12-03,CREDIT,71342.33,USD,BR713,PENDING,51.22,SOUTH,SAVINGS
TXN0005794,CUST6431,ACC532136,2024-11-06,DEBIT,-35330.54,GBP,BR770,COMPLETED,94.64,WEST,CHECKING
TXN0005795,CUST7897,ACC153357,2024-11-16,DEBIT,55253.99,EUR,BR996,COMPLETED,57.22,SOUTH,LOAN
TXN0005796,CUST6782,ACC309096,2024-12-20,TRANSFER,42007.24,EUR,BR280,COMPLETED,96.82,SOUTH,MORTGAGE
TXN0005797,CUST5827,ACC327727,2024-01-02,TRANSFER,-14290.11,USD,BR517,PENDING,58.76,SOUTH,LOAN
TXN0005798,CUST5738,ACC454086,2024-10-18,PAYMENT,87902.48,GBP,BR251,COMPLETED,62.66,WEST,CHECKING
TXN0005799,CUST3744,ACC678492,2024-03-29,TRANSFER,13385.42,EUR,BR623,,64.04,NORTH,SAVINGS
TXN0005800,CUST1578,ACC264332,2024-03-29,DEBIT,-2209.68,EUR,BR730,COMPLETED,80.17,NORTH,CHECKING
TXN0005801,CUST5981,ACC791694,2024-09-15,TRANSFER,-40305.56,AUD,BR928,COMPLETED,32.03,WEST,SAVINGS
TXN0005802,CUST5267,ACC502957,2024-10-01,DEBIT,63034.76,EUR,BR593,COMPLETED,65.34,WEST,MORTGAGE
TXN0005803,CUST2006,ACC642638,2024-05-22,CREDIT,-7006.35,AUD,BR479,COMPLETED,54.67,NORTH,LOAN
TXN0005804,CUST8752,ACC552758,2024-11-10,TRANSFER,-11431.92,EUR,BR792,COMPLETED,58.71,WEST,LOAN
TXN0005805,CUST3770,ACC289074,2024-09-17,CREDIT,-21751.27,USD,BR602,COMPLETED,89.54,SOUTH,CREDIT
TXN0005806,CUST1845,ACC564498,2024-08-20,PAYMENT,88814.76,USD,BR256,COMPLETED,43.9,EAST,CHECKING
TXN0005807,CUST5780,ACC124993,2024-05-18,CREDIT,-35217.57,USD,BR160,COMPLETED,94.6,WEST,SAVINGS
TXN0005808,CUST1447,ACC827679,2024-06-12,DEBIT,14973.26,USD,BR846,COMPLETED,66.53,NORTH,CHECKING
TXN0005809,CUST5699,ACC316481,2024-06-28,PAYMENT,79929.24,GBP,BR779,COMPLETED,70.47,EAST,
TXN0005810,CUST8942,ACC504719,2024-02-27,CREDIT,37073.22,USD,BR843,COMPLETED,24.92,WEST,LOAN
TXN0005811,CUST2351,ACC694954,2024-12-27,DEBIT,-2829.01,USD,BR296,COMPLETED,75.55,CENTRAL,SAVINGS
TXN0005812,CUST3077,ACC799393,2024-05-01,DEBIT,14522.22,EUR,BR828,FAILED,84.47,CENTRAL,CHECKING
TXN0005813,CUST9283,ACC280712,2024-06-17,TRANSFER,66869.22,GBP,BR201,COMPLETED,47.76,NORTH,SAVINGS
TXN0005814,CUST2259,ACC386596,2024-10-02,DEBIT,46836.14,AUD,BR393,COMPLETED,20.6,WEST,SAVINGS
TXN0005815,CUST5552,ACC882208,2024-08-20,TRANSFER,-6801.1,EUR,BR809,COMPLETED,94.58,SOUTH,CREDIT
TXN0005816,CUST5129,ACC813692,2024-03-10,CREDIT,-35580.73,,BR301,FAILED,91.77,SOUTH,SAVINGS
TXN0005817,CUST3171,ACC690729,2024-09-08,DEBIT,82247.67,EUR,BR975,COMPLETED,52.47,NORTH,CHECKING
TXN0005818,CUST5603,ACC906606,2024-03-04,DEBIT,21370.76,USD,BR110,PENDING,38.78,SOUTH,CREDIT
TXN0005819,CUST5509,ACC263426,2024-08-20,DEBIT,99911.58,USD,BR515,PENDING,20.89,EAST,LOAN
TXN0005820,CUST5209,ACC772386,2024-05-16,TRANSFER,47989.65,USD,BR203,PENDING,,EAST,LOAN
TXN0005821,CUST1232,ACC521398,2024-04-10,CREDIT,89702.25,USD,BR406,COMPLETED,9.53,NORTH,LOAN
TXN0005822,CUST2827,ACC703003,2024-01-11,PAYMENT,46279.11,USD,BR342,PENDING,5.06,WEST,CHECKING
TXN0005823,CUST3860,ACC919838,2024-11-24,CREDIT,-6409.89,USD,BR931,COMPLETED,19.49,CENTRAL,MORTGAGE
TXN0005824,CUST3476,ACC939738,2024-08-05,DEBIT,13793.79,GBP,BR281,COMPLETED,39.31,SOUTH,CREDIT
TXN0005825,CUST8317,ACC307418,2024-10-10,TRANSFER,82719.69,AUD,BR622,COMPLETED,86.36,WEST,SAVINGS
TXN0005826,CUST7058,ACC258002,2024-10-13,DEBIT,-13685.07,USD,BR612,COMPLETED,77.16,NORTH,LOAN
TXN0005827,CUST3873,ACC531268,2024-03-02,WITHDRAWAL,-34222.07,GBP,BR474,COMPLETED,65.14,CENTRAL,SAVINGS
TXN0005828,CUST5280,ACC431864,2024-02-24,DEBIT,52539.43,EUR,BR641,COMPLETED,79.96,EAST,LOAN
TXN0005829,CUST4869,ACC591341,2024-07-15,WITHDRAWAL,91971.87,USD,BR691,COMPLETED,55.42,NORTH,LOAN
TXN0005830,CUST8944,ACC357633,2024-05-18,DEBIT,31498.29,EUR,BR736,COMPLETED,80.89,WEST,CHECKING
TXN0005831,CUST3962,ACC874337,2024-01-18,PAYMENT,77174.46,EUR,BR396,PENDING,76.68,EAST,CHECKING
TXN0005832,CUST9640,ACC236896,2024-04-13,TRANSFER,-43173.05,USD,BR563,COMPLETED,30.68,WEST,SAVINGS
TXN0005833,CUST1542,ACC899665,2024-06-05,DEBIT,22529.59,USD,BR140,PENDING,,EAST,SAVINGS
TXN0005834,CUST6617,ACC610326,2024-04-16,DEBIT,14235.31,USD,BR714,COMPLETED,89.21,WEST,CREDIT
TXN0005835,CUST2382,ACC431575,2024-10-29,TRANSFER,75341.59,USD,BR774,COMPLETED,75.38,WEST,LOAN
TXN0005836,CUST3376,ACC740006,2024-09-14,WITHDRAWAL,62411.48,USD,BR696,REVERSED,36.7,EAST,SAVINGS
TXN0005837,,ACC900475,2024-09-24,DEBIT,17930.37,USD,BR932,COMPLETED,43.61,CENTRAL,SAVINGS
TXN0005838,CUST9125,ACC742069,2024-02-03,PAYMENT,6361.13,USD,BR121,COMPLETED,12.85,SOUTH,LOAN
TXN0005839,CUST7765,ACC656361,2024-09-16,DEBIT,-33278.62,AUD,BR524,,86.19,SOUTH,SAVINGS
TXN0005840,CUST7277,ACC871036,2024-09-09,TRANSFER,70109.23,USD,BR712,COMPLETED,58.2,CENTRAL,LOAN
TXN0005841,CUST4898,ACC758595,2024-04-15,WITHDRAWAL,29033.2,EUR,BR689,FAILED,35.3,WEST,SAVINGS
TXN0005842,CUST8211,ACC137016,2024-10-07,DEBIT,97588.93,EUR,BR846,COMPLETED,36.3,SOUTH,SAVINGS
TXN0005843,CUST3740,ACC809035,2024-08-28,DEBIT,-8856.58,USD,BR859,COMPLETED,69.33,SOUTH,LOAN
TXN0005844,CUST4454,ACC201779,2024-08-14,WITHDRAWAL,54324.94,GBP,BR660,REVERSED,35.34,WEST,MORTGAGE
TXN0005845,CUST6653,ACC925189,2024-11-29,DEBIT,-1593.41,AUD,BR216,COMPLETED,13.13,EAST,LOAN
TXN0005846,CUST1890,ACC168533,2024-07-02,DEBIT,78799.91,USD,BR665,COMPLETED,74.34,SOUTH,CHECKING
TXN0005847,CUST5331,ACC189915,2024-09-19,DEBIT,-8253.49,USD,BR679,COMPLETED,87.53,SOUTH,CHECKING
TXN0005848,,ACC122508,2024-04-23,WITHDRAWAL,-7477.92,EUR,BR231,COMPLETED,46.29,SOUTH,CHECKING
TXN0005849,CUST1860,ACC109089,2024-04-29,CREDIT,-4033.73,USD,BR328,PENDING,31.1,NORTH,LOAN
TXN0005850,CUST3745,ACC155315,2024-04-19,DEBIT,24746.39,USD,BR907,PENDING,36.14,NORTH,LOAN
TXN0005851,CUST8602,ACC447611,2024-07-26,CREDIT,-14282.31,GBP,BR963,PENDING,99.53,WEST,CHECKING
TXN0005852,CUST7533,ACC994016,2024-05-25,PAYMENT,55320.16,USD,BR583,PENDING,78.58,EAST,CHECKING
TXN0005853,CUST8802,ACC194316,2024-08-31,TRANSFER,5667.91,USD,BR173,COMPLETED,79.87,EAST,MORTGAGE
TXN0005854,CUST5937,ACC428512,2024-08-18,CREDIT,48158.75,USD,BR161,COMPLETED,82.19,EAST,SAVINGS
TXN0005855,CUST8803,ACC474023,2024-01-08,DEBIT,47954.51,USD,BR364,COMPLETED,64.35,CENTRAL,SAVINGS
TXN0005856,CUST9724,ACC312868,2024-05-08,TRANSFER,41305.97,USD,BR410,PENDING,67.48,EAST,CREDIT
TXN0005857,CUST4828,ACC879704,2024-02-18,PAYMENT,-12708.59,EUR,BR692,COMPLETED,15.2,CENTRAL,SAVINGS
TXN0005858,CUST7222,ACC257918,2024-04-29,PAYMENT,63858.47,GBP,BR160,PENDING,47.23,EAST,CREDIT
TXN0005859,CUST7390,ACC323359,2024-01-05,DEBIT,21672.33,EUR,BR606,PENDING,56.57,NORTH,CHECKING
TXN0005860,CUST8775,ACC422501,2024-11-05,DEBIT,-35933.12,USD,BR198,COMPLETED,90.81,NORTH,CHECKING
TXN0005861,CUST5302,ACC981515,2024-01-07,PAYMENT,13985.69,EUR,BR772,COMPLETED,18.2,CENTRAL,SAVINGS
TXN0005862,CUST3378,ACC169230,2024-11-14,TRANSFER,65764.77,USD,BR207,COMPLETED,84.15,SOUTH,LOAN
TXN0005863,CUST9690,ACC480570,2024-02-27,PAYMENT,-26564.5,EUR,BR328,COMPLETED,12.1,SOUTH,SAVINGS
TXN0005864,CUST8122,ACC753505,2024-06-27,DEBIT,92674.88,EUR,BR775,COMPLETED,74.97,CENTRAL,LOAN
TXN0005865,CUST1194,ACC430825,2024-04-08,CREDIT,75502.46,USD,BR532,COMPLETED,95.63,SOUTH,SAVINGS
TXN0005866,CUST5731,ACC711790,2024-09-19,DEBIT,-38524.52,USD,BR359,FAILED,77.45,EAST,SAVINGS
TXN0005867,CUST8353,ACC968487,2024-11-22,DEBIT,71297.59,USD,BR534,COMPLETED,65.04,WEST,SAVINGS
TXN0005868,CUST7258,ACC568311,2024-08-02,DEBIT,55358.08,EUR,BR653,PENDING,96.86,EAST,MORTGAGE
TXN0005869,CUST6172,ACC598165,2024-01-12,DEBIT,69552.79,USD,BR729,PENDING,84.38,CENTRAL,LOAN
TXN0005870,CUST9687,ACC455069,2024-04-05,CREDIT,-2034.51,USD,BR155,COMPLETED,4.65,EAST,LOAN
TXN0005871,CUST1672,ACC837781,2024-10-06,CREDIT,-11883.04,USD,BR997,FAILED,58.85,EAST,SAVINGS
TXN0005872,CUST2595,ACC283729,2024-03-06,TRANSFER,-49385.44,USD,BR494,COMPLETED,65.68,SOUTH,CREDIT
TXN0005873,CUST9704,ACC403815,2024-07-21,DEBIT,34526.35,USD,BR827,FAILED,93.6,NORTH,CHECKING
TXN0005874,CUST6797,ACC417970,2024-03-09,CREDIT,21065.24,USD,BR645,COMPLETED,62.79,,SAVINGS
TXN0005875,CUST8074,ACC206429,2024-06-27,CREDIT,-37609.04,,BR640,COMPLETED,99.56,SOUTH,SAVINGS
TXN0005876,CUST5466,ACC941310,2024-05-15,CREDIT,62145.09,USD,BR578,COMPLETED,16.59,CENTRAL,LOAN
TXN0005877,CUST6488,ACC689181,2024-03-26,DEBIT,27750.94,USD,BR627,FAILED,99.2,CENTRAL,CHECKING
TXN0005878,CUST5429,ACC267575,2024-01-21,DEBIT,43206.79,EUR,BR421,COMPLETED,23.4,EAST,LOAN
TXN0005879,CUST5375,ACC259401,2024-05-14,CREDIT,33551.33,USD,BR651,COMPLETED,91.99,SOUTH,SAVINGS
TXN0005880,CUST2610,ACC271187,2024-02-04,DEBIT,54479.69,EUR,BR126,COMPLETED,32.6,EAST,
TXN0005881,CUST5183,ACC535353,2024-12-01,TRANSFER,-9700.16,USD,BR293,COMPLETED,18.54,EAST,CREDIT
TXN0005882,CUST7408,ACC224193,2024-03-28,CREDIT,-47322.57,EUR,BR713,COMPLETED,94.53,WEST,SAVINGS
TXN0005883,CUST8554,ACC658162,2024-04-29,CREDIT,43023.02,USD,BR202,REVERSED,28.68,CENTRAL,SAVINGS
TXN0005884,CUST4961,ACC748322,2024-02-13,CREDIT,-24627.2,,BR245,COMPLETED,97.51,NORTH,CHECKING
TXN0005885,CUST4193,ACC529580,2024-11-08,WITHDRAWAL,-46813.08,AUD,BR759,REVERSED,15.58,CENTRAL,CHECKING
TXN0005886,CUST9518,ACC265969,2024-01-18,CREDIT,58638.95,USD,BR921,COMPLETED,19.53,WEST,CREDIT
TXN0005887,CUST6528,ACC688947,2024-11-30,PAYMENT,48580.31,AUD,BR571,PENDING,36.54,CENTRAL,LOAN
TXN0005888,CUST3947,ACC679150,2024-07-01,PAYMENT,3146.27,GBP,BR915,COMPLETED,73.59,NORTH,CHECKING
TXN0005889,CUST6132,ACC759221,2024-08-18,DEBIT,39844.45,USD,BR967,COMPLETED,10.57,SOUTH,CHECKING
TXN0005890,CUST9972,ACC592377,2024-08-24,CREDIT,22463.89,USD,BR595,COMPLETED,57.68,WEST,LOAN
TXN0005891,CUST1173,ACC833859,2024-03-09,CREDIT,35577.6,EUR,BR732,COMPLETED,17.37,NORTH,CHECKING
TXN0005892,CUST1138,ACC394895,2024-01-04,TRANSFER,25328.53,GBP,BR906,COMPLETED,49.16,WEST,CHECKING
TXN0005893,CUST2113,ACC823479,2024-05-17,TRANSFER,29595.64,USD,BR138,FAILED,83.41,EAST,MORTGAGE
TXN0005894,CUST1195,ACC989186,2024-05-23,PAYMENT,17036.89,EUR,BR444,REVERSED,98.71,WEST,LOAN
TXN0005895,CUST7737,ACC361504,2024-02-03,CREDIT,-27002.14,GBP,BR295,PENDING,5.77,SOUTH,SAVINGS
TXN0005896,CUST2600,ACC218867,2024-01-11,DEBIT,9733.07,USD,BR787,REVERSED,65.08,CENTRAL,MORTGAGE
TXN0005897,CUST9605,ACC796117,2024-01-29,CREDIT,-42555.91,EUR,BR654,PENDING,14.18,WEST,SAVINGS
TXN0005898,CUST2702,ACC253769,2024-12-28,TRANSFER,91948.94,USD,BR860,PENDING,65.8,WEST,SAVINGS
TXN0005899,CUST8306,ACC566515,2024-12-19,CREDIT,61151.57,USD,BR611,COMPLETED,82.73,SOUTH,CREDIT
TXN0005900,CUST6759,ACC201784,2024-09-10,WITHDRAWAL,40951.52,EUR,BR440,,61.17,WEST,SAVINGS
TXN0005901,CUST4594,ACC892381,2024-12-19,CREDIT,45265.91,EUR,BR177,FAILED,90.45,SOUTH,CREDIT
TXN0005902,CUST5641,ACC141291,2024-10-29,DEBIT,-24213.32,USD,BR836,COMPLETED,82.07,EAST,SAVINGS
TXN0005903,CUST5127,ACC242185,2024-12-26,CREDIT,-38455.29,EUR,BR809,PENDING,75.48,EAST,MORTGAGE
TXN0005904,CUST4163,ACC499454,2024-05-19,DEBIT,90986.2,USD,BR619,COMPLETED,60.99,WEST,CREDIT
TXN0005905,CUST1557,ACC595780,2024-02-21,DEBIT,-35772.61,USD,BR811,COMPLETED,82.84,WEST,CREDIT
TXN0005906,CUST1388,ACC497798,2024-10-16,PAYMENT,39524.06,GBP,BR952,COMPLETED,49.41,EAST,LOAN
TXN0005907,CUST2506,ACC600044,2024-04-20,DEBIT,79275.36,USD,BR738,COMPLETED,63.02,CENTRAL,CHECKING
TXN0005908,CUST1931,ACC278738,2024-03-22,TRANSFER,-44714.94,USD,BR449,COMPLETED,17.58,,CHECKING
TXN0005909,CUST4552,ACC904402,2024-05-18,DEBIT,53499.68,EUR,BR317,COMPLETED,0.03,EAST,SAVINGS
TXN0005910,CUST2995,ACC120923,2024-07-09,DEBIT,58551.23,USD,BR847,REVERSED,54.08,WEST,MORTGAGE
TXN0005911,CUST2965,ACC714649,2024-05-02,DEBIT,84797.43,USD,BR878,COMPLETED,9.0,CENTRAL,CHECKING
TXN0005912,CUST2415,ACC821547,2024-10-09,WITHDRAWAL,74380.76,AUD,BR357,COMPLETED,8.05,NORTH,SAVINGS
TXN0005913,CUST3128,ACC957684,2024-11-25,PAYMENT,68386.21,EUR,BR284,COMPLETED,,EAST,SAVINGS
TXN0005914,,ACC479987,2024-02-08,CREDIT,-23374.73,USD,BR957,COMPLETED,51.9,SOUTH,SAVINGS
TXN0005915,CUST4027,ACC562355,2024-01-31,CREDIT,23195.16,USD,BR691,COMPLETED,12.9,WEST,LOAN
TXN0005916,CUST2816,ACC713302,2024-11-14,CREDIT,46912.12,GBP,BR562,COMPLETED,43.4,WEST,LOAN
TXN0005917,CUST4018,ACC699691,2024-09-04,CREDIT,83868.75,USD,BR756,PENDING,76.67,WEST,CHECKING
TXN0005918,CUST5150,ACC290666,2024-12-31,CREDIT,-46110.53,EUR,BR155,REVERSED,,EAST,LOAN
TXN0005919,CUST5826,ACC569063,2024-11-11,WITHDRAWAL,96561.2,GBP,BR335,PENDING,44.51,WEST,CHECKING
TXN0005920,CUST8650,ACC120821,2024-06-07,CREDIT,99534.08,GBP,BR682,PENDING,51.03,CENTRAL,LOAN
TXN0005921,CUST2240,ACC615655,2024-02-20,WITHDRAWAL,,USD,BR861,PENDING,32.46,SOUTH,CHECKING
TXN0005922,CUST8429,ACC804393,2024-11-20,DEBIT,-41911.19,USD,BR573,FAILED,53.62,EAST,SAVINGS
TXN0005923,CUST5528,ACC694315,2024-03-14,CREDIT,25345.35,USD,BR849,COMPLETED,34.71,NORTH,LOAN
TXN0005924,CUST7995,ACC460530,2024-03-14,DEBIT,-19792.36,AUD,BR879,PENDING,10.24,EAST,LOAN
TXN0005925,CUST6298,ACC456281,2024-05-21,DEBIT,64320.75,USD,BR904,REVERSED,42.68,NORTH,MORTGAGE
TXN0005926,CUST5216,ACC189139,2024-10-05,TRANSFER,-27486.04,USD,BR605,FAILED,87.67,SOUTH,SAVINGS
TXN0005927,CUST3653,ACC487939,2024-08-26,CREDIT,50161.34,USD,BR307,COMPLETED,64.51,WEST,LOAN
TXN0005928,CUST2212,ACC172236,2024-01-15,DEBIT,-32337.51,USD,BR337,PENDING,69.58,CENTRAL,SAVINGS
TXN0005929,CUST5543,ACC285844,2024-10-27,WITHDRAWAL,90482.66,USD,BR626,COMPLETED,98.88,WEST,CREDIT
TXN0005930,CUST2022,ACC241498,2024-10-12,DEBIT,-164.43,USD,BR103,PENDING,95.8,EAST,LOAN
TXN0005931,CUST7271,ACC754344,2024-08-31,WITHDRAWAL,-29068.35,USD,BR987,COMPLETED,7.58,CENTRAL,LOAN
TXN0005932,CUST7366,ACC414682,2024-03-18,CREDIT,33161.5,USD,BR131,COMPLETED,84.52,WEST,SAVINGS
TXN0005933,CUST6450,ACC810277,2024-07-18,TRANSFER,66776.03,USD,BR358,COMPLETED,11.39,NORTH,CHECKING
TXN0005934,CUST1984,ACC512736,2024-05-10,TRANSFER,82113.05,USD,BR192,COMPLETED,65.15,SOUTH,CREDIT
TXN0005935,CUST5230,ACC256747,2024-10-21,CREDIT,-18549.91,USD,BR362,REVERSED,91.18,SOUTH,CREDIT
TXN0005936,CUST5336,ACC216362,2024-07-27,DEBIT,93335.64,EUR,BR783,FAILED,18.84,CENTRAL,CHECKING
TXN0005937,CUST3915,ACC929389,2024-04-14,CREDIT,-22193.45,EUR,BR932,PENDING,6.6,NORTH,SAVINGS
TXN0005938,CUST8218,ACC801396,2024-04-03,TRANSFER,8526.17,USD,BR298,COMPLETED,48.91,CENTRAL,CHECKING
TXN0005939,CUST2137,ACC306707,2024-03-31,CREDIT,24755.38,EUR,BR268,COMPLETED,6.72,NORTH,SAVINGS
TXN0005940,CUST9056,ACC765030,2024-07-10,CREDIT,1932.44,USD,BR768,REVERSED,25.35,NORTH,CHECKING
TXN0005941,CUST4287,ACC436276,2024-02-10,PAYMENT,73684.6,GBP,BR893,COMPLETED,95.53,WEST,SAVINGS
TXN0005942,CUST7432,ACC406550,2024-09-10,PAYMENT,56266.57,USD,BR810,PENDING,64.56,NORTH,CHECKING
TXN0005943,CUST3923,ACC845965,2027-01-01,DEBIT,-17871.56,AUD,BR527,COMPLETED,48.97,NORTH,SAVINGS
TXN0005944,CUST9061,ACC931292,2024-03-14,CREDIT,77696.89,EUR,BR846,PENDING,58.96,CENTRAL,CHECKING
TXN0005945,,ACC924786,2024-04-04,TRANSFER,91431.23,USD,BR802,COMPLETED,99.93,SOUTH,LOAN
TXN0005946,CUST3357,ACC187108,2024-05-28,CREDIT,83787.97,USD,BR760,COMPLETED,83.79,CENTRAL,CREDIT
TXN0005947,CUST9857,ACC471942,2024-01-08,DEBIT,-31507.04,EUR,BR725,COMPLETED,19.34,EAST,CREDIT
TXN0005948,CUST8065,ACC732094,2024-05-15,CREDIT,-23770.53,USD,BR419,COMPLETED,1.44,WEST,LOAN
TXN0005949,CUST4578,ACC938145,2024-12-21,DEBIT,19074.05,AUD,BR750,PENDING,21.38,CENTRAL,SAVINGS
TXN0005950,CUST2740,ACC618782,2024-11-26,DEBIT,-32580.92,USD,BR408,PENDING,26.21,SOUTH,CHECKING
TXN0005951,CUST8234,ACC116730,2024-12-10,TRANSFER,94738.75,USD,BR226,FAILED,53.12,WEST,LOAN
TXN0005952,CUST5243,ACC752069,2024-04-19,WITHDRAWAL,-36210.66,EUR,BR903,COMPLETED,26.24,EAST,LOAN
TXN0005953,CUST2692,ACC718998,2024-03-29,DEBIT,-8109.73,USD,BR108,COMPLETED,62.89,CENTRAL,CHECKING
TXN0005954,CUST1571,ACC538030,2024-08-02,DEBIT,-23829.65,USD,BR942,COMPLETED,28.67,CENTRAL,LOAN
TXN0005955,CUST2194,ACC277272,2024-02-21,WITHDRAWAL,47906.49,USD,BR370,COMPLETED,65.64,CENTRAL,SAVINGS
TXN0005956,CUST2153,ACC482956,2024-02-25,DEBIT,24184.61,USD,BR884,COMPLETED,20.54,EAST,LOAN
TXN0005957,CUST5105,ACC992603,2024-09-30,CREDIT,-28403.9,GBP,BR236,FAILED,,SOUTH,CHECKING
TXN0005958,CUST8305,ACC364991,2024-11-14,WITHDRAWAL,-2667.75,AUD,BR310,COMPLETED,29.9,EAST,SAVINGS
TXN0005959,CUST1307,ACC301350,2024-01-27,CREDIT,23784.67,USD,BR933,COMPLETED,2.41,EAST,LOAN
TXN0005960,CUST9154,ACC638362,2024-01-19,DEBIT,54930.65,AUD,BR244,COMPLETED,4.3,NORTH,SAVINGS
TXN0005961,CUST3438,ACC393859,2024-04-08,CREDIT,79437.67,USD,BR114,FAILED,36.46,NORTH,LOAN
TXN0005962,CUST1014,ACC645712,2024-06-05,DEBIT,-23015.27,USD,BR134,COMPLETED,63.53,WEST,CHECKING
TXN0005963,CUST1619,ACC124583,2024-07-14,TRANSFER,67653.86,USD,BR813,COMPLETED,4.55,NORTH,CHECKING
TXN0005964,CUST7397,ACC613392,2024-09-26,DEBIT,51435.11,EUR,BR991,COMPLETED,72.38,SOUTH,CHECKING
TXN0005965,CUST5365,ACC434042,2024-08-08,TRANSFER,-3572.22,EUR,BR799,COMPLETED,23.23,SOUTH,SAVINGS
TXN0005966,CUST3483,ACC274988,2024-02-20,WITHDRAWAL,-27340.82,EUR,BR664,COMPLETED,99.26,CENTRAL,SAVINGS
TXN0005967,CUST6403,ACC154537,2024-12-18,CREDIT,41380.23,USD,BR496,COMPLETED,38.45,WEST,CHECKING
TXN0005968,CUST7411,ACC780950,2024-07-14,DEBIT,-22229.63,USD,BR473,COMPLETED,41.18,CENTRAL,CREDIT
TXN0005969,CUST1060,ACC350404,2024-04-20,DEBIT,15893.06,USD,BR659,COMPLETED,34.29,EAST,LOAN
TXN0005970,CUST9444,ACC834543,2024-01-26,PAYMENT,,USD,BR484,COMPLETED,95.17,WEST,CHECKING
TXN0005971,CUST9039,ACC421531,2024-08-31,CREDIT,22172.24,USD,BR278,PENDING,31.38,CENTRAL,SAVINGS
TXN0005972,CUST8833,ACC375894,2024-01-07,TRANSFER,-33210.0,GBP,BR813,COMPLETED,33.95,WEST,LOAN
TXN0005973,CUST8144,ACC570738,2024-03-17,CREDIT,47422.44,EUR,BR810,COMPLETED,42.4,WEST,CREDIT
TXN0005974,CUST7617,ACC553980,2024-10-06,TRANSFER,18301.63,EUR,BR294,COMPLETED,24.23,CENTRAL,SAVINGS
TXN0005975,CUST2148,ACC453913,2024-07-23,DEBIT,42642.02,EUR,BR328,COMPLETED,31.42,WEST,SAVINGS
TXN0005976,CUST9849,ACC142420,2024-08-17,CREDIT,42466.51,EUR,BR365,COMPLETED,89.74,NORTH,CREDIT
TXN0005977,CUST4700,ACC386089,2024-12-21,CREDIT,-28478.9,EUR,BR675,FAILED,0.69,WEST,LOAN
TXN0005978,CUST1054,ACC886429,2024-11-30,TRANSFER,-42437.86,USD,BR597,COMPLETED,57.8,NORTH,MORTGAGE
TXN0005979,CUST7298,ACC896671,2024-03-27,CREDIT,78914.47,EUR,BR636,,8.32,CENTRAL,CHECKING
TXN0005980,CUST8898,ACC788592,2024-01-29,DEBIT,-607.04,EUR,BR168,COMPLETED,51.26,NORTH,CREDIT
TXN0005981,CUST2985,ACC580339,2024-03-18,TRANSFER,34986.25,USD,BR730,COMPLETED,56.6,EAST,LOAN
TXN0005982,CUST9770,ACC791442,2024-01-18,WITHDRAWAL,49463.32,USD,BR334,COMPLETED,98.46,CENTRAL,SAVINGS
TXN0005983,CUST6880,ACC184142,2024-01-17,PAYMENT,77037.27,USD,BR405,COMPLETED,90.91,CENTRAL,CREDIT
TXN0005984,CUST6463,ACC449090,2024-10-31,WITHDRAWAL,-498.89,USD,BR979,COMPLETED,26.29,WEST,CREDIT
TXN0005985,CUST5961,ACC678052,2024-06-20,DEBIT,92848.45,USD,BR271,,75.98,CENTRAL,CREDIT
TXN0005986,CUST7563,ACC132897,2024-05-01,WITHDRAWAL,85571.94,USD,BR195,COMPLETED,42.82,NORTH,SAVINGS
TXN0005987,CUST1904,ACC236996,2024-07-19,CREDIT,71010.27,USD,BR165,PENDING,97.58,CENTRAL,CHECKING
TXN0005988,CUST2485,ACC754489,2024-07-31,WITHDRAWAL,-49672.13,EUR,BR391,PENDING,84.28,WEST,CHECKING
TXN0005989,CUST6985,ACC111196,2024-03-10,CREDIT,64912.83,USD,BR548,COMPLETED,66.6,EAST,LOAN
TXN0005990,CUST9759,ACC870327,2024-02-05,CREDIT,4620.41,EUR,BR760,PENDING,5.66,EAST,LOAN
TXN0005991,CUST6571,ACC701518,2024-10-19,DEBIT,53363.08,USD,BR389,COMPLETED,,SOUTH,SAVINGS
TXN0005992,CUST2318,ACC120145,2024-07-03,WITHDRAWAL,60878.69,USD,BR506,COMPLETED,14.0,WEST,
TXN0005993,CUST8530,ACC417414,2024-04-10,TRANSFER,32109.66,AUD,BR579,,61.2,SOUTH,CHECKING
TXN0005994,CUST5750,ACC499162,2024-07-28,DEBIT,24155.54,USD,BR422,PENDING,34.2,SOUTH,CREDIT
TXN0005995,CUST4327,ACC309340,2024-10-05,DEBIT,70108.99,GBP,BR978,COMPLETED,18.69,EAST,SAVINGS
TXN0005996,CUST3893,ACC592957,2024-10-25,DEBIT,55920.0,USD,BR598,COMPLETED,11.01,WEST,LOAN
TXN0005997,CUST1644,ACC498476,2024-01-16,DEBIT,-16439.39,USD,BR324,PENDING,75.75,SOUTH,CHECKING
TXN0005998,CUST7294,ACC507263,2024-01-06,WITHDRAWAL,-5692.49,AUD,BR273,FAILED,19.55,EAST,CREDIT
TXN0005999,CUST4129,ACC137731,2024-06-22,DEBIT,67555.39,USD,BR818,COMPLETED,79.48,WEST,SAVINGS
TXN0006000,,ACC829062,2024-08-26,PAYMENT,23284.52,USD,BR424,COMPLETED,,EAST,CHECKING
TXN0006001,CUST7391,ACC804542,2024-08-31,CREDIT,19049.84,USD,BR186,COMPLETED,95.81,CENTRAL,SAVINGS
TXN0006002,CUST2749,ACC383412,2024-11-05,DEBIT,2235.37,USD,BR825,,71.06,,SAVINGS
TXN0006003,CUST6886,ACC830706,2024-06-09,CREDIT,-27655.68,USD,BR743,COMPLETED,83.98,SOUTH,LOAN
TXN0006004,CUST8970,ACC493364,2024-01-16,CREDIT,28085.73,GBP,BR356,COMPLETED,59.25,CENTRAL,CREDIT
TXN0006005,CUST2390,ACC451938,2024-01-31,CREDIT,44025.69,EUR,BR211,COMPLETED,27.49,SOUTH,CHECKING
TXN0006006,CUST8175,ACC484611,2024-02-19,PAYMENT,13341.33,EUR,BR441,COMPLETED,13.14,SOUTH,SAVINGS
TXN0006007,CUST4104,ACC942159,2024-09-10,CREDIT,52152.29,EUR,BR529,PENDING,74.85,CENTRAL,SAVINGS
TXN0006008,CUST3292,ACC637483,2024-05-04,DEBIT,85671.88,USD,BR171,PENDING,22.88,NORTH,MORTGAGE
TXN0006009,CUST1584,ACC995092,2024-03-10,DEBIT,-30851.05,AUD,BR567,PENDING,59.45,NORTH,CHECKING
TXN0006010,CUST4163,ACC922209,2024-06-19,DEBIT,-27711.78,USD,BR294,COMPLETED,,SOUTH,SAVINGS
TXN0006011,CUST1415,ACC545135,2024-10-15,PAYMENT,-14097.01,EUR,BR985,COMPLETED,3.23,WEST,MORTGAGE
TXN0006012,CUST4907,ACC526974,2024-01-07,PAYMENT,-34449.69,USD,BR188,PENDING,12.53,CENTRAL,CHECKING
TXN0006013,CUST9015,ACC841637,2024-01-14,DEBIT,48955.72,USD,BR281,COMPLETED,32.3,,CREDIT
TXN0006014,CUST7369,ACC458747,2024-08-24,TRANSFER,45496.33,USD,BR386,COMPLETED,56.64,WEST,SAVINGS
TXN0006015,CUST2032,ACC238768,2024-04-20,DEBIT,-14093.03,USD,BR331,FAILED,82.4,NORTH,SAVINGS
TXN0006016,CUST9856,ACC463058,2024-11-11,CREDIT,-18878.42,USD,BR253,COMPLETED,35.59,NORTH,SAVINGS
TXN0006017,CUST6041,ACC854048,2024-08-24,CREDIT,-33964.29,AUD,BR218,COMPLETED,30.89,EAST,SAVINGS
TXN0006018,CUST9186,ACC374294,2024-02-15,TRANSFER,21313.6,USD,BR846,COMPLETED,66.22,EAST,CREDIT
TXN0006019,CUST9748,ACC679215,2024-04-07,CREDIT,-21841.42,USD,BR695,COMPLETED,40.29,SOUTH,CREDIT
TXN0006020,CUST8361,ACC302273,2024-01-18,TRANSFER,91830.87,USD,BR569,PENDING,90.74,EAST,SAVINGS
TXN0006021,CUST1268,ACC612575,2024-12-01,PAYMENT,51459.52,USD,BR686,COMPLETED,32.15,WEST,LOAN
TXN0006022,CUST1606,ACC395322,2024-08-19,CREDIT,-23281.99,USD,BR257,COMPLETED,,WEST,SAVINGS
TXN0006023,CUST6558,ACC379626,2024-03-28,DEBIT,-10979.92,USD,BR358,FAILED,85.69,WEST,CREDIT
TXN0006024,CUST1918,ACC187352,2024-03-23,DEBIT,96151.9,GBP,BR585,COMPLETED,45.25,WEST,MORTGAGE
TXN0006025,CUST6533,ACC571727,2024-02-17,DEBIT,-8162.09,EUR,BR929,COMPLETED,71.17,WEST,CHECKING
TXN0006026,CUST1701,ACC804441,2024-02-25,DEBIT,28790.64,USD,BR812,COMPLETED,65.65,EAST,SAVINGS
TXN0006027,CUST7643,ACC188914,2024-04-14,CREDIT,66429.45,USD,BR817,COMPLETED,70.67,CENTRAL,CHECKING
TXN0006028,CUST2936,ACC944601,2024-10-03,CREDIT,-6748.02,USD,BR508,FAILED,39.76,NORTH,SAVINGS
TXN0006029,CUST4468,ACC798585,2024-07-13,DEBIT,59755.02,,BR216,COMPLETED,97.18,CENTRAL,LOAN
TXN0006030,CUST9570,ACC434090,2024-10-16,CREDIT,-34461.86,USD,BR573,COMPLETED,51.56,NORTH,CREDIT
TXN0006031,CUST8509,ACC633506,2024-01-22,CREDIT,-18330.62,EUR,BR380,REVERSED,29.57,WEST,LOAN
TXN0006032,CUST9791,ACC219039,2024-09-17,CREDIT,73416.39,USD,BR149,COMPLETED,49.47,WEST,SAVINGS
TXN0006033,CUST3440,ACC124125,2024-08-29,DEBIT,-31084.7,USD,BR333,COMPLETED,51.54,NORTH,CHECKING
TXN0006034,CUST4817,ACC950138,2024-02-08,PAYMENT,-15777.91,GBP,BR435,,31.46,SOUTH,SAVINGS
TXN0006035,CUST2180,ACC234769,2024-12-01,PAYMENT,-24480.9,USD,BR751,COMPLETED,51.94,EAST,SAVINGS
TXN0006036,CUST1604,ACC945389,2024-07-18,CREDIT,-44992.99,USD,BR829,REVERSED,22.7,SOUTH,CHECKING
TXN0006037,CUST3319,ACC899081,2024-09-10,CREDIT,22614.38,EUR,BR309,COMPLETED,3.44,SOUTH,LOAN
TXN0006038,CUST9010,ACC212249,2024-03-13,CREDIT,-12609.33,USD,BR824,COMPLETED,84.17,NORTH,SAVINGS
TXN0006039,CUST1312,ACC354763,2024-04-05,DEBIT,62891.36,EUR,BR138,FAILED,11.27,SOUTH,CHECKING
TXN0006040,CUST8720,ACC178029,2024-03-02,TRANSFER,82972.67,GBP,BR140,COMPLETED,18.63,CENTRAL,SAVINGS
TXN0006041,CUST1750,ACC285710,2024-01-13,CREDIT,79015.97,AUD,BR887,COMPLETED,75.19,WEST,SAVINGS
TXN0006042,CUST4976,ACC491526,2024-05-09,TRANSFER,21176.77,EUR,BR440,COMPLETED,22.9,SOUTH,CREDIT
TXN0006043,CUST3138,ACC168114,2024-06-10,DEBIT,91169.42,USD,BR492,COMPLETED,64.78,CENTRAL,CHECKING
TXN0006044,CUST1235,ACC261487,2024-12-29,DEBIT,63534.04,EUR,BR633,,88.75,,CREDIT
TXN0006045,CUST3822,ACC699689,2024-05-23,DEBIT,57930.86,USD,BR377,COMPLETED,37.99,CENTRAL,
TXN0006046,CUST1818,ACC940388,2024-07-27,TRANSFER,-4339.03,,BR226,COMPLETED,85.94,WEST,MORTGAGE
TXN0006047,CUST6035,ACC348455,2024-02-27,DEBIT,37715.0,,BR976,PENDING,39.96,SOUTH,SAVINGS
TXN0006048,CUST2594,ACC916711,2024-09-10,DEBIT,75064.62,USD,BR559,COMPLETED,78.14,NORTH,SAVINGS
TXN0006049,CUST8474,ACC191631,2024-02-26,CREDIT,-12717.23,EUR,BR259,REVERSED,12.39,CENTRAL,LOAN
TXN0006050,CUST3796,ACC179074,2024-10-18,DEBIT,-48209.38,USD,BR601,COMPLETED,0.28,SOUTH,CHECKING
TXN0006051,CUST2047,ACC110113,2024-03-26,CREDIT,29018.74,AUD,BR315,,84.24,WEST,SAVINGS
TXN0006052,CUST2742,ACC858232,2024-10-07,DEBIT,2988.74,USD,BR377,PENDING,59.17,EAST,LOAN
TXN0006053,CUST2870,ACC114100,2024-02-05,CREDIT,81696.46,EUR,BR157,COMPLETED,80.19,WEST,SAVINGS
TXN0006054,CUST9145,ACC872279,2024-08-30,TRANSFER,93818.45,GBP,BR500,PENDING,57.95,WEST,CHECKING
TXN0006055,CUST4613,ACC946186,2024-01-04,DEBIT,-19234.72,USD,BR678,COMPLETED,72.33,,LOAN
TXN0006056,CUST2033,ACC457705,2024-08-20,TRANSFER,42695.54,USD,BR956,COMPLETED,74.22,NORTH,CHECKING
TXN0006057,CUST4320,ACC747454,2024-05-11,TRANSFER,-31415.93,USD,BR602,COMPLETED,,NORTH,LOAN
TXN0006058,CUST7983,ACC173801,2024-06-05,WITHDRAWAL,92479.29,USD,BR929,COMPLETED,73.11,CENTRAL,CHECKING
TXN0006059,CUST6527,ACC263833,2024-05-05,WITHDRAWAL,-33259.04,USD,BR437,COMPLETED,53.78,EAST,CHECKING
TXN0006060,CUST7586,ACC711062,2024-07-27,CREDIT,72363.67,USD,BR369,COMPLETED,13.19,NORTH,SAVINGS
TXN0006061,CUST6312,ACC756541,2024-01-28,WITHDRAWAL,61090.5,AUD,BR219,COMPLETED,62.14,EAST,
TXN0006062,CUST2979,ACC583145,2024-03-15,DEBIT,-22129.44,USD,BR332,COMPLETED,0.02,SOUTH,LOAN
TXN0006063,CUST9943,ACC761654,2024-04-25,PAYMENT,6367.62,USD,BR892,COMPLETED,14.59,WEST,SAVINGS
TXN0006064,CUST3250,ACC446974,2024-06-03,CREDIT,-41887.28,EUR,BR286,COMPLETED,94.18,WEST,SAVINGS
TXN0006065,CUST6268,ACC924318,2024-05-30,TRANSFER,-49021.44,USD,BR493,REVERSED,22.07,SOUTH,LOAN
TXN0006066,CUST4493,ACC797238,2024-03-08,DEBIT,99327.06,USD,BR298,COMPLETED,57.28,SOUTH,LOAN
TXN0006067,CUST1746,ACC210973,2024-04-04,DEBIT,39408.58,USD,BR835,COMPLETED,7.15,WEST,SAVINGS
TXN0006068,CUST3841,ACC742321,2024-07-03,CREDIT,16955.99,USD,BR826,COMPLETED,1.57,CENTRAL,MORTGAGE
TXN0006069,CUST6496,ACC227903,2024-03-14,PAYMENT,5856.46,USD,BR105,COMPLETED,62.99,WEST,CREDIT
TXN0006070,CUST2035,ACC158894,2024-02-17,DEBIT,43689.25,USD,BR974,COMPLETED,99.54,CENTRAL,LOAN
TXN0006071,CUST2978,ACC838352,2024-11-27,CREDIT,-38823.04,USD,BR979,COMPLETED,24.81,SOUTH,MORTGAGE
TXN0006072,CUST5487,ACC245453,2024-07-22,DEBIT,17370.88,USD,BR784,COMPLETED,68.36,NORTH,MORTGAGE
TXN0006073,CUST3314,ACC309213,2024-01-08,PAYMENT,31518.46,EUR,BR205,COMPLETED,,CENTRAL,SAVINGS
TXN0006074,CUST7801,ACC882304,2024-03-14,PAYMENT,-9506.47,EUR,BR923,COMPLETED,41.68,NORTH,CHECKING
TXN0006075,CUST3753,ACC185097,2024-06-24,DEBIT,39785.2,GBP,BR908,COMPLETED,81.07,WEST,CHECKING
TXN0006076,CUST7060,ACC294589,2024-04-02,PAYMENT,33866.79,EUR,BR953,COMPLETED,83.58,SOUTH,LOAN
TXN0006077,CUST3703,ACC196158,2024-04-19,WITHDRAWAL,65891.22,USD,BR427,COMPLETED,61.77,WEST,MORTGAGE
TXN0006078,CUST8187,ACC853144,2024-10-27,DEBIT,-13047.14,USD,BR156,FAILED,69.63,EAST,CHECKING
TXN0006079,CUST4991,ACC196034,2024-05-18,TRANSFER,-49532.98,USD,BR664,COMPLETED,26.0,EAST,CREDIT
TXN0006080,CUST1666,ACC104027,2024-02-12,CREDIT,16639.43,USD,BR756,COMPLETED,89.49,SOUTH,CREDIT
TXN0006081,CUST3185,ACC554001,2024-03-13,PAYMENT,-8254.07,AUD,BR871,COMPLETED,6.74,CENTRAL,SAVINGS
TXN0006082,CUST2637,ACC930045,2024-12-06,DEBIT,47503.46,AUD,BR692,COMPLETED,77.31,NORTH,SAVINGS
TXN0006083,CUST7162,ACC818904,2024-01-09,DEBIT,83184.56,USD,BR234,REVERSED,,WEST,LOAN
TXN0006084,CUST3584,ACC344397,2024-10-25,CREDIT,70592.39,USD,BR234,COMPLETED,31.44,WEST,SAVINGS
TXN0006085,CUST1256,ACC320430,2024-05-19,DEBIT,31559.46,GBP,BR728,FAILED,29.54,CENTRAL,SAVINGS
TXN0006086,CUST8978,ACC152427,2024-06-05,TRANSFER,-35642.31,USD,BR616,COMPLETED,43.4,EAST,CREDIT
TXN0006087,CUST2322,ACC851807,2024-08-16,DEBIT,68945.61,USD,BR306,,48.36,WEST,CHECKING
TXN0006088,CUST1104,ACC183269,2024-08-30,DEBIT,16808.1,EUR,BR145,COMPLETED,18.1,CENTRAL,LOAN
TXN0006089,CUST1118,ACC505695,2024-04-02,DEBIT,50671.5,GBP,BR704,COMPLETED,80.3,NORTH,MORTGAGE
TXN0006090,CUST3939,ACC435968,2024-07-11,CREDIT,36229.43,EUR,BR255,COMPLETED,2.57,NORTH,CHECKING
TXN0006091,CUST2460,ACC755833,2024-11-11,CREDIT,9353.28,USD,BR248,COMPLETED,10.7,EAST,CREDIT
TXN0006092,CUST5648,ACC655046,2024-01-12,TRANSFER,-4070.15,USD,BR177,COMPLETED,4.77,NORTH,LOAN
TXN0006093,CUST7819,ACC301996,2024-04-16,DEBIT,4936.81,USD,BR883,COMPLETED,50.11,NORTH,CREDIT
TXN0006094,CUST8798,ACC599168,2024-12-11,DEBIT,-3712.04,USD,BR329,COMPLETED,86.43,NORTH,SAVINGS
TXN0006095,CUST3079,ACC957264,2024-04-03,DEBIT,15943.18,EUR,BR311,REVERSED,99.76,EAST,SAVINGS
TXN0006096,CUST4377,ACC306883,2024-08-03,DEBIT,23241.65,USD,BR999,COMPLETED,41.45,WEST,CREDIT
TXN0006097,CUST3344,ACC842640,2024-11-24,PAYMENT,97554.79,USD,BR575,PENDING,70.34,NORTH,SAVINGS
TXN0006098,CUST5439,ACC619360,2024-11-16,WITHDRAWAL,-47672.77,EUR,BR131,COMPLETED,82.88,NORTH,SAVINGS
TXN0006099,CUST9570,ACC734868,2024-06-29,CREDIT,87065.78,EUR,BR359,COMPLETED,,CENTRAL,LOAN
TXN0006100,CUST8379,ACC840581,2024-06-10,PAYMENT,87732.7,USD,BR783,REVERSED,81.71,NORTH,CHECKING
TXN0006101,CUST7750,ACC295103,2024-02-18,DEBIT,-1713.58,GBP,BR429,COMPLETED,26.67,WEST,SAVINGS
TXN0006102,CUST4919,ACC592002,2024-04-25,DEBIT,91498.89,USD,BR906,COMPLETED,74.11,NORTH,CHECKING
TXN0006103,CUST3859,ACC402056,2024-03-07,WITHDRAWAL,27817.66,USD,BR816,PENDING,12.63,EAST,CHECKING
TXN0006104,CUST1616,ACC867101,2024-08-28,CREDIT,78108.43,GBP,BR142,COMPLETED,93.14,WEST,CREDIT
TXN0006105,CUST3949,ACC809004,2024-07-28,DEBIT,87582.91,AUD,BR321,COMPLETED,79.3,WEST,CHECKING
TXN0006106,,ACC720559,2024-02-10,DEBIT,32765.46,USD,BR763,COMPLETED,87.98,CENTRAL,SAVINGS
TXN0006107,CUST2442,ACC164242,2024-11-29,CREDIT,-34832.34,GBP,BR626,COMPLETED,81.31,EAST,SAVINGS
TXN0006108,CUST5934,ACC564012,2024-08-26,DEBIT,-31352.17,AUD,BR519,FAILED,29.17,WEST,CREDIT
TXN0006109,CUST6699,ACC293910,2024-11-04,DEBIT,26676.09,USD,BR116,COMPLETED,59.96,WEST,CHECKING
TXN0006110,CUST7861,ACC632240,2024-06-02,WITHDRAWAL,50162.43,EUR,BR608,COMPLETED,50.95,CENTRAL,LOAN
TXN0006111,CUST1074,ACC106620,2024-10-12,PAYMENT,71668.85,AUD,BR268,COMPLETED,36.56,SOUTH,CHECKING
TXN0006112,CUST4860,ACC183422,2024-01-13,TRANSFER,34697.61,EUR,BR734,PENDING,27.96,EAST,CREDIT
TXN0006113,CUST4144,ACC284393,2024-12-12,CREDIT,61904.77,GBP,BR405,,27.91,CENTRAL,SAVINGS
TXN0006114,CUST2925,ACC307324,2024-03-09,DEBIT,27621.16,USD,BR298,COMPLETED,90.63,EAST,CREDIT
TXN0006115,CUST9686,ACC376049,2024-05-18,DEBIT,,USD,BR135,COMPLETED,78.0,WEST,SAVINGS
TXN0006116,CUST2567,ACC250882,2024-06-25,CREDIT,70895.81,USD,BR520,COMPLETED,19.65,SOUTH,MORTGAGE
TXN0006117,CUST6929,ACC668326,2024-12-20,CREDIT,-29557.78,GBP,BR242,COMPLETED,55.09,NORTH,LOAN
TXN0006118,CUST9842,ACC703386,2024-07-02,DEBIT,86604.6,EUR,BR615,COMPLETED,71.42,SOUTH,SAVINGS
TXN0006119,CUST9315,ACC298543,2024-10-26,PAYMENT,-7950.13,USD,BR568,FAILED,58.76,WEST,SAVINGS
TXN0006120,CUST4592,ACC833968,2024-10-03,CREDIT,22186.72,EUR,BR292,COMPLETED,5.71,WEST,CHECKING
TXN0006121,CUST8605,ACC230034,2024-06-28,DEBIT,96292.96,EUR,BR890,FAILED,30.66,NORTH,MORTGAGE
TXN0006122,CUST4409,ACC837010,2024-02-27,DEBIT,64564.97,USD,BR380,COMPLETED,54.82,NORTH,SAVINGS
TXN0006123,CUST5528,ACC898665,2024-07-14,DEBIT,94229.31,EUR,BR443,COMPLETED,46.89,WEST,LOAN
TXN0006124,CUST1869,ACC179460,2024-01-19,TRANSFER,27316.78,USD,BR226,COMPLETED,17.96,EAST,SAVINGS
TXN0006125,CUST4173,ACC297340,2024-03-08,DEBIT,60448.17,USD,BR241,COMPLETED,48.99,CENTRAL,LOAN
TXN0006126,CUST2846,ACC296134,2024-02-24,DEBIT,-17122.73,USD,BR687,COMPLETED,56.74,EAST,LOAN
TXN0006127,CUST3444,ACC989838,2024-02-24,TRANSFER,-39477.36,EUR,BR478,REVERSED,50.16,CENTRAL,CHECKING
TXN0006128,CUST8772,ACC437018,2024-10-21,CREDIT,5664.75,USD,BR946,COMPLETED,51.28,WEST,SAVINGS
TXN0006129,CUST9151,ACC893023,2024-12-07,PAYMENT,65521.68,USD,BR219,PENDING,55.02,EAST,SAVINGS
TXN0006130,CUST3888,ACC338777,2024-02-26,DEBIT,-34952.77,USD,BR729,PENDING,32.31,CENTRAL,CHECKING
TXN0006131,CUST3617,ACC270313,2024-06-12,DEBIT,82637.78,USD,BR552,REVERSED,36.24,NORTH,CREDIT
TXN0006132,CUST1706,ACC513839,2024-10-01,WITHDRAWAL,71029.08,USD,BR790,PENDING,86.25,NORTH,LOAN
TXN0006133,CUST1885,ACC766157,2024-10-24,WITHDRAWAL,-14771.28,USD,BR800,COMPLETED,28.1,WEST,CHECKING
TXN0006134,CUST6966,ACC976651,2024-02-16,DEBIT,61525.76,USD,BR249,COMPLETED,94.49,CENTRAL,CHECKING
TXN0006135,CUST5670,ACC721080,2024-03-28,DEBIT,16937.23,AUD,BR649,PENDING,95.82,EAST,CHECKING
TXN0006136,CUST4433,ACC411132,2024-08-08,CREDIT,-47579.46,EUR,BR849,PENDING,59.9,NORTH,CREDIT
TXN0006137,CUST8121,ACC730775,2024-10-03,DEBIT,11644.82,USD,BR443,COMPLETED,64.43,WEST,LOAN
TXN0006138,CUST5118,ACC532308,2024-07-26,DEBIT,52159.47,USD,BR441,COMPLETED,15.59,NORTH,SAVINGS
TXN0006139,CUST6477,ACC631265,2024-12-25,PAYMENT,24012.7,USD,BR655,PENDING,,WEST,CHECKING
TXN0006140,CUST8424,ACC771712,2024-05-26,PAYMENT,46694.81,EUR,BR492,PENDING,48.25,CENTRAL,MORTGAGE
TXN0006141,CUST1709,ACC399266,2024-11-06,TRANSFER,49375.17,USD,BR611,FAILED,45.82,CENTRAL,CHECKING
TXN0006142,CUST2710,ACC328860,2024-10-01,WITHDRAWAL,10238.38,AUD,BR739,COMPLETED,9.2,SOUTH,CHECKING
TXN0006143,CUST1859,ACC547242,2024-07-30,CREDIT,64832.59,EUR,BR837,COMPLETED,54.33,WEST,CHECKING
TXN0006144,CUST9804,ACC363139,2024-05-10,TRANSFER,-15060.8,USD,BR347,COMPLETED,16.45,SOUTH,MORTGAGE
TXN0006145,CUST3881,ACC964517,2024-09-02,CREDIT,-35019.62,,BR222,COMPLETED,58.75,NORTH,SAVINGS
TXN0006146,CUST3589,ACC461506,2024-10-11,DEBIT,68315.06,AUD,BR488,FAILED,39.82,WEST,LOAN
TXN0006147,CUST1476,ACC871168,2024-08-07,TRANSFER,-39636.8,USD,BR995,COMPLETED,35.8,CENTRAL,LOAN
TXN0006148,CUST8947,ACC352466,2024-09-20,CREDIT,14612.34,USD,BR140,COMPLETED,33.15,,CREDIT
TXN0006149,CUST9436,ACC656322,2024-12-11,DEBIT,-36005.17,USD,BR760,COMPLETED,26.23,SOUTH,MORTGAGE
TXN0006150,CUST2901,ACC107322,2024-08-03,CREDIT,-34347.15,USD,BR258,COMPLETED,40.66,EAST,CHECKING
TXN0006151,CUST2160,ACC786651,2024-03-05,DEBIT,94457.37,USD,BR584,COMPLETED,61.27,NORTH,SAVINGS
TXN0006152,CUST4855,ACC816734,2024-04-19,CREDIT,-141.6,USD,BR625,PENDING,22.92,SOUTH,CREDIT
TXN0006153,CUST8287,ACC363893,2024-08-25,DEBIT,61534.49,USD,BR535,COMPLETED,63.21,NORTH,CHECKING
TXN0006154,CUST6340,ACC395120,2024-07-13,TRANSFER,-46165.74,GBP,BR300,PENDING,9.18,SOUTH,MORTGAGE
TXN0006155,CUST7865,ACC890937,2024-01-31,DEBIT,-13264.56,GBP,BR847,COMPLETED,85.69,SOUTH,SAVINGS
TXN0006156,CUST4256,ACC269097,2024-01-05,DEBIT,-19165.75,GBP,BR834,PENDING,9.21,WEST,LOAN
TXN0006157,CUST6336,ACC167793,2024-09-13,CREDIT,-32886.66,,BR403,COMPLETED,,EAST,CHECKING
TXN0006158,CUST4769,ACC164612,2024-09-26,TRANSFER,-21453.06,EUR,BR647,COMPLETED,3.21,WEST,MORTGAGE
TXN0006159,CUST2804,ACC165832,2024-05-17,DEBIT,52776.83,EUR,BR551,COMPLETED,84.79,CENTRAL,CHECKING
TXN0006160,CUST6343,ACC617915,2024-06-08,TRANSFER,-15445.13,EUR,BR934,COMPLETED,64.15,SOUTH,SAVINGS
TXN0006161,CUST4731,ACC460944,2024-08-21,TRANSFER,23934.18,EUR,BR529,COMPLETED,64.22,EAST,CHECKING
TXN0006162,CUST2606,ACC868516,2024-05-12,TRANSFER,-38423.89,USD,BR896,COMPLETED,,,CHECKING
TXN0006163,CUST4884,ACC163338,2024-01-13,DEBIT,19976.85,USD,BR999,COMPLETED,49.54,SOUTH,LOAN
TXN0006164,CUST7759,ACC749954,2024-09-18,PAYMENT,66093.55,USD,BR470,PENDING,27.23,NORTH,SAVINGS
TXN0006165,CUST4276,ACC892356,2024-04-28,DEBIT,-17763.6,USD,BR836,COMPLETED,3.14,CENTRAL,MORTGAGE
TXN0006166,CUST7152,ACC957424,2024-08-12,CREDIT,35835.47,USD,BR501,COMPLETED,98.39,WEST,MORTGAGE
TXN0006167,CUST4615,ACC550987,2024-12-02,DEBIT,47819.57,USD,BR863,REVERSED,17.83,NORTH,CREDIT
TXN0006168,CUST2204,ACC183835,2024-10-12,CREDIT,-45877.77,USD,BR197,COMPLETED,83.42,WEST,CHECKING
TXN0006169,CUST8716,ACC806776,2024-02-15,WITHDRAWAL,-35371.61,EUR,BR236,COMPLETED,5.97,NORTH,MORTGAGE
TXN0006170,CUST8936,ACC901566,2024-10-16,DEBIT,30767.83,EUR,BR642,COMPLETED,29.96,CENTRAL,LOAN
TXN0006171,CUST1890,ACC850895,2024-02-26,CREDIT,-29431.04,USD,BR960,COMPLETED,65.59,WEST,SAVINGS
TXN0006172,CUST8141,ACC567593,2024-10-19,CREDIT,-42373.29,USD,BR156,COMPLETED,47.4,SOUTH,MORTGAGE
TXN0006173,CUST3374,ACC112581,2024-01-17,CREDIT,-47814.85,GBP,BR518,COMPLETED,24.78,NORTH,LOAN
TXN0006174,CUST4541,ACC880422,2024-09-08,WITHDRAWAL,97744.81,USD,BR720,PENDING,47.24,CENTRAL,CREDIT
TXN0006175,CUST8454,ACC807265,2024-05-29,DEBIT,5660.3,EUR,BR959,COMPLETED,23.17,EAST,MORTGAGE
TXN0006176,CUST3917,ACC192517,2024-11-13,TRANSFER,-30561.45,GBP,BR456,COMPLETED,44.59,WEST,CHECKING
TXN0006177,CUST7346,ACC433864,2024-10-17,DEBIT,21522.7,USD,BR425,COMPLETED,94.8,SOUTH,CHECKING
TXN0006178,CUST7119,ACC716708,2024-03-07,DEBIT,70967.64,GBP,BR903,COMPLETED,70.16,NORTH,MORTGAGE
TXN0006179,CUST3234,ACC908856,2024-02-13,CREDIT,8673.07,USD,BR892,PENDING,79.96,CENTRAL,CHECKING
TXN0006180,CUST8499,ACC479039,2024-08-11,PAYMENT,74218.82,USD,BR261,,65.61,WEST,CHECKING
TXN0006181,CUST4181,ACC831985,2024-06-02,DEBIT,17314.88,GBP,BR227,COMPLETED,76.18,CENTRAL,CREDIT
TXN0006182,CUST6875,ACC814164,2024-01-23,TRANSFER,53915.89,AUD,BR207,COMPLETED,,SOUTH,CREDIT
TXN0006183,CUST5418,ACC734919,2024-01-26,DEBIT,-30953.18,EUR,BR136,COMPLETED,52.87,EAST,CREDIT
TXN0006184,CUST4313,ACC811139,2024-07-25,CREDIT,14739.86,AUD,BR813,FAILED,60.73,SOUTH,CHECKING
TXN0006185,CUST6503,ACC169078,2024-10-19,CREDIT,-9497.55,USD,BR942,COMPLETED,49.8,SOUTH,CREDIT
TXN0006186,CUST3084,ACC696850,2024-09-27,PAYMENT,21727.27,GBP,BR711,PENDING,15.12,WEST,SAVINGS
TXN0006187,CUST1525,ACC375185,2024-04-13,WITHDRAWAL,-27885.31,USD,BR877,COMPLETED,79.9,SOUTH,SAVINGS
TXN0006188,CUST1977,ACC862470,2024-07-20,CREDIT,81861.73,USD,BR439,COMPLETED,84.98,EAST,SAVINGS
TXN0006189,CUST5597,ACC980515,2024-11-07,DEBIT,88147.37,GBP,BR317,PENDING,58.02,EAST,CREDIT
TXN0006190,CUST3236,ACC434562,2024-11-16,PAYMENT,-40907.02,GBP,BR180,COMPLETED,98.69,SOUTH,SAVINGS
TXN0006191,CUST2820,ACC572684,2024-03-06,DEBIT,13689.93,USD,BR507,COMPLETED,52.86,WEST,CHECKING
TXN0006192,CUST8627,ACC475508,2024-04-11,TRANSFER,-728.73,USD,BR977,COMPLETED,49.63,CENTRAL,SAVINGS
TXN0006193,CUST8513,ACC878245,2024-06-15,CREDIT,-29839.75,USD,BR212,COMPLETED,95.02,EAST,SAVINGS
TXN0006194,CUST7852,ACC950358,2024-04-27,CREDIT,49085.54,USD,BR442,COMPLETED,72.81,EAST,MORTGAGE
TXN0006195,CUST3804,ACC603787,2024-05-22,DEBIT,-46388.38,AUD,BR491,COMPLETED,29.45,EAST,CHECKING
TXN0006196,CUST6629,ACC488438,2024-10-03,CREDIT,57475.65,USD,BR928,COMPLETED,39.64,CENTRAL,CREDIT
TXN0006197,CUST4602,ACC623968,2024-05-17,TRANSFER,-17173.5,USD,BR500,COMPLETED,65.59,WEST,CREDIT
TXN0006198,CUST5835,ACC414831,2024-09-18,DEBIT,71060.24,USD,BR583,COMPLETED,25.19,SOUTH,SAVINGS
TXN0006199,CUST3568,ACC900496,2024-08-11,CREDIT,91007.68,USD,BR834,REVERSED,61.05,NORTH,CHECKING
TXN0006200,CUST3784,ACC612845,2024-05-18,TRANSFER,43640.75,AUD,BR666,COMPLETED,11.7,CENTRAL,SAVINGS
TXN0006201,CUST4763,ACC428702,2024-08-17,DEBIT,-32052.93,,BR801,COMPLETED,77.15,SOUTH,SAVINGS
TXN0006202,CUST2416,ACC672435,2024-01-21,TRANSFER,-46365.7,USD,BR445,COMPLETED,,WEST,MORTGAGE
TXN0006203,CUST7745,ACC881156,2024-09-15,DEBIT,17544.44,EUR,BR728,COMPLETED,43.83,CENTRAL,SAVINGS
TXN0006204,CUST9548,ACC299528,2024-03-21,CREDIT,-26163.98,USD,BR554,COMPLETED,94.07,EAST,CREDIT
TXN0006205,CUST9015,ACC339192,2024-03-01,CREDIT,84606.41,GBP,BR872,COMPLETED,76.07,SOUTH,CHECKING
TXN0006206,CUST4546,ACC715754,2024-04-24,TRANSFER,59238.64,USD,BR207,COMPLETED,5.03,NORTH,SAVINGS
TXN0006207,CUST8757,ACC278837,2027-01-01,DEBIT,43209.75,USD,BR316,COMPLETED,84.83,CENTRAL,MORTGAGE
TXN0006208,CUST8581,ACC144773,2024-09-27,PAYMENT,21502.89,USD,BR374,COMPLETED,48.76,NORTH,CHECKING
TXN0006209,CUST5573,ACC824424,2024-07-29,DEBIT,71905.6,USD,BR174,PENDING,29.48,WEST,LOAN
TXN0006210,CUST1237,ACC470037,2024-06-12,DEBIT,95454.17,USD,BR216,,90.79,SOUTH,CHECKING
TXN0006211,CUST8014,ACC529635,2024-05-20,DEBIT,-46595.89,USD,BR949,COMPLETED,20.1,SOUTH,SAVINGS
TXN0006212,CUST5041,ACC587529,2024-08-09,CREDIT,-14876.81,AUD,BR233,FAILED,72.8,NORTH,CHECKING
TXN0006213,CUST5060,ACC584064,2024-04-05,DEBIT,54298.51,USD,BR722,COMPLETED,94.42,WEST,CHECKING
TXN0006214,CUST6362,ACC440124,2024-03-16,TRANSFER,55257.59,USD,BR250,COMPLETED,40.97,SOUTH,LOAN
TXN0006215,CUST8114,ACC934930,2024-12-31,TRANSFER,-48323.89,USD,BR747,PENDING,37.52,CENTRAL,SAVINGS
TXN0006216,CUST4643,ACC987600,2024-01-05,WITHDRAWAL,96776.11,USD,BR649,PENDING,80.75,NORTH,CREDIT
TXN0006217,CUST3440,ACC522829,2024-03-27,DEBIT,-35192.59,AUD,BR801,PENDING,88.67,NORTH,SAVINGS
TXN0006218,CUST1083,ACC586144,2024-02-03,PAYMENT,40673.57,USD,BR962,FAILED,37.78,NORTH,SAVINGS
TXN0006219,CUST7844,ACC586950,2024-03-26,DEBIT,70334.14,USD,BR632,COMPLETED,34.41,CENTRAL,MORTGAGE
TXN0006220,CUST1724,ACC574141,2024-04-12,DEBIT,95083.79,EUR,BR168,PENDING,43.94,SOUTH,SAVINGS
TXN0006221,CUST1656,ACC260101,2024-09-08,TRANSFER,12161.75,EUR,BR108,FAILED,11.33,NORTH,SAVINGS
TXN0006222,CUST8711,ACC248984,2024-12-17,DEBIT,78954.87,USD,BR376,COMPLETED,6.29,NORTH,SAVINGS
TXN0006223,CUST9261,ACC873701,2024-03-16,DEBIT,90630.69,EUR,BR272,FAILED,95.58,WEST,SAVINGS
TXN0006224,CUST1550,ACC887010,2024-01-08,PAYMENT,62118.84,USD,BR971,FAILED,15.89,EAST,CREDIT
TXN0006225,CUST7974,ACC504293,2024-07-02,CREDIT,-8348.1,USD,BR317,PENDING,,NORTH,CREDIT
TXN0006226,CUST9701,ACC539979,2024-06-17,CREDIT,15315.3,GBP,BR664,COMPLETED,97.3,SOUTH,LOAN
TXN0006227,CUST7460,ACC125668,2024-01-01,TRANSFER,92719.29,USD,BR744,COMPLETED,39.63,WEST,CHECKING
TXN0006228,CUST8852,ACC246205,2024-04-16,TRANSFER,17004.74,USD,BR786,COMPLETED,86.0,WEST,CHECKING
TXN0006229,CUST2605,ACC926556,2024-04-21,TRANSFER,99529.5,EUR,BR432,COMPLETED,69.91,EAST,MORTGAGE
TXN0006230,CUST8412,ACC432108,2024-01-02,CREDIT,54553.38,GBP,BR741,COMPLETED,32.51,,LOAN
TXN0006231,CUST9114,ACC499987,2024-02-01,DEBIT,30794.4,USD,BR285,PENDING,51.26,NORTH,CREDIT
TXN0006232,CUST4940,ACC762902,2024-01-11,CREDIT,-38083.61,USD,BR359,COMPLETED,1.29,EAST,CHECKING
TXN0006233,CUST2361,ACC256640,2024-01-10,CREDIT,59371.81,USD,BR561,COMPLETED,55.5,CENTRAL,LOAN
TXN0006234,CUST1203,ACC518820,2024-10-07,CREDIT,-10469.01,GBP,BR734,COMPLETED,65.18,,CHECKING
TXN0006235,CUST7662,ACC483474,2024-09-22,DEBIT,99407.99,EUR,BR509,COMPLETED,96.85,NORTH,SAVINGS
TXN0006236,CUST4571,ACC114627,2024-07-11,TRANSFER,,USD,BR427,COMPLETED,68.19,SOUTH,MORTGAGE
TXN0006237,CUST3174,ACC555481,2024-05-07,DEBIT,-2810.86,GBP,BR805,FAILED,77.53,CENTRAL,LOAN
TXN0006238,CUST6872,ACC929816,2024-05-29,CREDIT,-41670.22,,BR954,COMPLETED,25.35,WEST,LOAN
TXN0006239,CUST5846,ACC957111,2024-12-31,TRANSFER,93662.26,EUR,BR466,FAILED,27.24,EAST,SAVINGS
TXN0006240,CUST4916,ACC793918,2024-07-25,TRANSFER,4234.44,USD,BR396,,4.08,CENTRAL,SAVINGS
TXN0006241,CUST2486,ACC281172,2024-08-20,DEBIT,-37261.87,EUR,BR463,REVERSED,48.13,CENTRAL,MORTGAGE
TXN0006242,CUST1260,ACC258375,2024-05-02,PAYMENT,84032.43,GBP,BR144,COMPLETED,5.79,SOUTH,CHECKING
TXN0006243,CUST8860,ACC721739,2024-10-30,WITHDRAWAL,5485.57,USD,BR925,PENDING,87.93,WEST,SAVINGS
TXN0006244,CUST5994,ACC292843,2024-02-26,CREDIT,53576.16,USD,BR613,COMPLETED,78.72,WEST,LOAN
TXN0006245,CUST3650,ACC327534,2024-11-09,WITHDRAWAL,-1125.38,USD,BR431,COMPLETED,42.69,,CREDIT
TXN0006246,CUST8524,ACC199453,2024-01-03,WITHDRAWAL,22651.81,USD,BR430,COMPLETED,92.69,NORTH,LOAN
TXN0006247,CUST1399,ACC117185,2024-01-02,TRANSFER,98041.0,,BR367,COMPLETED,77.42,EAST,SAVINGS
TXN0006248,CUST8452,ACC510299,2024-09-21,PAYMENT,-48557.04,USD,BR653,COMPLETED,84.78,SOUTH,MORTGAGE
TXN0006249,CUST8598,ACC595230,2024-09-23,TRANSFER,68059.58,EUR,BR630,REVERSED,,NORTH,CHECKING
TXN0006250,CUST3271,ACC257181,2024-10-19,TRANSFER,-42724.52,USD,BR443,COMPLETED,18.06,WEST,SAVINGS
TXN0006251,CUST7641,ACC384048,2024-10-17,DEBIT,59401.79,USD,BR715,COMPLETED,94.34,,CHECKING
TXN0006252,CUST4030,ACC453700,2024-02-16,DEBIT,46898.29,USD,BR626,PENDING,0.89,CENTRAL,CREDIT
TXN0006253,CUST7068,ACC307362,2024-03-03,TRANSFER,69833.86,USD,BR976,COMPLETED,57.23,EAST,SAVINGS
TXN0006254,CUST8607,ACC122733,2024-05-09,DEBIT,40212.74,AUD,BR940,REVERSED,72.72,EAST,CHECKING
TXN0006255,CUST1022,ACC621480,2024-03-01,DEBIT,39512.89,USD,BR747,COMPLETED,36.36,CENTRAL,CREDIT
TXN0006256,CUST2158,ACC511284,2024-07-26,CREDIT,-13589.84,EUR,BR892,COMPLETED,28.17,SOUTH,SAVINGS
TXN0006257,CUST7305,ACC266006,2024-01-02,TRANSFER,88713.34,USD,BR811,COMPLETED,36.97,SOUTH,LOAN
TXN0006258,CUST6454,ACC418266,2024-01-12,DEBIT,-46394.5,USD,BR979,COMPLETED,78.85,EAST,MORTGAGE
TXN0006259,CUST9698,ACC970085,2024-10-23,PAYMENT,-16388.48,USD,BR144,COMPLETED,19.12,CENTRAL,LOAN
TXN0006260,CUST1535,ACC995289,2024-02-17,PAYMENT,-11375.77,USD,BR496,COMPLETED,0.95,SOUTH,SAVINGS
TXN0006261,CUST5859,ACC676012,2024-07-15,DEBIT,44150.64,USD,BR687,FAILED,95.94,CENTRAL,LOAN
TXN0006262,CUST7977,ACC391157,2024-10-17,DEBIT,-4516.78,USD,BR151,FAILED,9.45,EAST,SAVINGS
TXN0006263,CUST5420,ACC338801,2024-11-17,CREDIT,-45009.62,USD,BR413,COMPLETED,13.86,EAST,LOAN
TXN0006264,CUST9887,ACC299172,2024-03-18,TRANSFER,60659.02,AUD,BR346,COMPLETED,10.83,NORTH,LOAN
TXN0006265,,ACC610168,2024-04-30,DEBIT,30826.63,EUR,BR693,COMPLETED,43.9,CENTRAL,MORTGAGE
TXN0006266,CUST2326,ACC736302,2024-03-12,TRANSFER,8139.78,USD,BR903,COMPLETED,18.3,NORTH,CHECKING
TXN0006267,CUST6500,ACC858885,2024-12-16,TRANSFER,21813.26,USD,BR661,COMPLETED,61.34,SOUTH,CREDIT
TXN0006268,CUST1898,ACC623382,2024-09-10,DEBIT,35636.67,USD,BR586,REVERSED,87.81,,CHECKING
TXN0006269,CUST9433,ACC553882,2024-04-13,DEBIT,76435.59,USD,BR627,COMPLETED,24.97,NORTH,SAVINGS
TXN0006270,CUST6963,ACC556243,2024-08-21,DEBIT,67514.2,EUR,BR640,COMPLETED,34.42,SOUTH,SAVINGS
TXN0006271,CUST1844,ACC992964,2024-10-24,DEBIT,-9234.65,USD,BR652,FAILED,42.32,NORTH,SAVINGS
TXN0006272,CUST2818,ACC267584,2024-12-10,CREDIT,15009.0,,BR720,COMPLETED,96.34,CENTRAL,SAVINGS
TXN0006273,CUST7274,ACC611015,2024-09-29,DEBIT,-3600.62,USD,BR692,COMPLETED,11.9,EAST,CREDIT
TXN0006274,CUST6989,ACC798130,2024-10-22,CREDIT,-11392.57,USD,BR691,PENDING,79.15,NORTH,SAVINGS
TXN0006275,CUST8624,ACC162663,2024-08-23,CREDIT,96440.98,EUR,BR395,COMPLETED,21.83,CENTRAL,LOAN
TXN0006276,CUST1669,ACC470534,2024-11-12,WITHDRAWAL,-47967.28,USD,BR736,COMPLETED,70.59,EAST,MORTGAGE
TXN0006277,CUST6989,ACC211161,2024-01-23,TRANSFER,83419.0,USD,BR755,COMPLETED,97.15,NORTH,LOAN
TXN0006278,CUST7003,ACC170156,2024-07-17,DEBIT,-44388.49,USD,BR952,COMPLETED,47.81,WEST,LOAN
TXN0006279,CUST3871,ACC438986,2024-01-05,CREDIT,-6066.69,AUD,BR657,PENDING,19.69,CENTRAL,SAVINGS
TXN0006280,CUST2097,ACC840319,2024-10-04,TRANSFER,11851.57,USD,BR987,COMPLETED,65.61,EAST,MORTGAGE
TXN0006281,CUST4354,ACC599856,2024-06-21,TRANSFER,77388.22,USD,BR411,COMPLETED,,NORTH,CREDIT
TXN0006282,CUST3267,ACC737343,2024-06-02,DEBIT,-12212.1,AUD,BR885,COMPLETED,9.75,CENTRAL,
TXN0006283,CUST6487,ACC403375,2024-10-05,CREDIT,19294.3,GBP,BR386,PENDING,,NORTH,CHECKING
TXN0006284,CUST4909,ACC248350,2024-02-12,CREDIT,29263.45,USD,BR965,COMPLETED,31.09,EAST,CHECKING
TXN0006285,CUST9841,ACC346575,2024-10-07,DEBIT,-18341.53,USD,BR101,COMPLETED,81.85,NORTH,CREDIT
TXN0006286,CUST2860,ACC643962,2024-08-05,DEBIT,59769.52,USD,BR505,COMPLETED,69.04,EAST,SAVINGS
TXN0006287,CUST8839,ACC618239,2024-09-02,CREDIT,30323.42,EUR,BR139,COMPLETED,18.94,SOUTH,CREDIT
TXN0006288,CUST4437,ACC942658,2024-05-12,CREDIT,16107.97,AUD,BR249,COMPLETED,54.0,NORTH,SAVINGS
TXN0006289,CUST4693,ACC326915,2024-07-17,TRANSFER,-24440.59,EUR,BR907,COMPLETED,42.32,WEST,SAVINGS
TXN0006290,CUST6250,ACC536569,2024-05-05,DEBIT,10943.22,AUD,BR497,COMPLETED,8.76,CENTRAL,SAVINGS
TXN0006291,CUST6778,ACC614333,2024-01-21,WITHDRAWAL,-7691.9,EUR,BR693,COMPLETED,13.14,SOUTH,SAVINGS
TXN0006292,CUST5380,ACC113597,2024-01-26,TRANSFER,84277.0,USD,BR874,COMPLETED,52.78,SOUTH,CHECKING
TXN0006293,CUST9250,ACC422969,2024-01-12,CREDIT,37144.31,USD,BR135,COMPLETED,38.83,CENTRAL,SAVINGS
TXN0006294,CUST7929,ACC762184,2024-11-01,PAYMENT,-28704.63,USD,BR684,COMPLETED,70.31,CENTRAL,LOAN
TXN0006295,CUST5540,ACC266306,2027-01-01,CREDIT,-7696.78,USD,BR750,COMPLETED,29.21,EAST,
TXN0006296,CUST1892,ACC455027,2024-09-20,WITHDRAWAL,13749.84,USD,BR474,COMPLETED,44.77,WEST,CHECKING
TXN0006297,CUST2038,ACC761084,2024-05-21,PAYMENT,-2561.62,USD,BR710,COMPLETED,17.68,SOUTH,MORTGAGE
TXN0006298,CUST7108,ACC425700,2024-12-16,DEBIT,13307.77,USD,BR414,FAILED,40.16,CENTRAL,LOAN
TXN0006299,CUST6656,ACC817286,2024-04-22,PAYMENT,-37526.67,GBP,BR149,COMPLETED,91.27,WEST,CREDIT
TXN0006300,,ACC748523,2024-05-07,PAYMENT,-21137.58,AUD,BR453,COMPLETED,,SOUTH,MORTGAGE
TXN0006301,CUST8966,ACC549836,2024-08-10,WITHDRAWAL,-44071.59,USD,BR795,FAILED,74.33,CENTRAL,
TXN0006302,CUST9215,ACC741337,2024-03-01,CREDIT,20576.9,USD,BR759,COMPLETED,98.78,WEST,MORTGAGE
TXN0006303,CUST9629,ACC227766,2024-02-19,TRANSFER,-289.75,,BR235,COMPLETED,55.21,EAST,SAVINGS
TXN0006304,CUST3010,ACC728218,2024-05-05,PAYMENT,-38132.02,USD,BR207,COMPLETED,38.8,WEST,LOAN
TXN0006305,CUST8703,ACC235715,2024-08-16,DEBIT,98161.06,,BR679,REVERSED,93.79,NORTH,CREDIT
TXN0006306,CUST9714,ACC655364,2024-02-12,TRANSFER,-33184.2,USD,BR639,COMPLETED,93.16,NORTH,SAVINGS
TXN0006307,CUST9730,ACC395590,2024-02-19,TRANSFER,50138.13,USD,BR687,COMPLETED,28.45,WEST,CHECKING
TXN0006308,CUST5788,ACC457666,2024-09-24,DEBIT,-33984.92,USD,BR732,COMPLETED,76.47,WEST,CREDIT
TXN0006309,CUST8405,ACC859962,2024-02-13,PAYMENT,72164.16,USD,BR118,FAILED,51.79,CENTRAL,CHECKING
TXN0006310,CUST7031,ACC491490,2024-06-11,CREDIT,2935.6,USD,BR291,COMPLETED,28.57,NORTH,LOAN
TXN0006311,CUST2075,ACC946331,2024-02-17,DEBIT,52189.59,GBP,BR100,COMPLETED,42.39,SOUTH,SAVINGS
TXN0006312,CUST4085,ACC821959,2024-12-05,DEBIT,5929.84,AUD,BR914,COMPLETED,28.66,CENTRAL,
TXN0006313,CUST8501,ACC234357,2024-11-05,CREDIT,33530.93,EUR,BR889,PENDING,36.11,EAST,CREDIT
TXN0006314,CUST2430,ACC487519,2024-10-11,TRANSFER,-32374.75,EUR,BR608,COMPLETED,44.18,EAST,CHECKING
TXN0006315,CUST2313,ACC692789,2024-11-26,CREDIT,34921.62,AUD,BR576,PENDING,52.3,EAST,CHECKING
TXN0006316,CUST7400,ACC596524,2024-07-08,TRANSFER,40249.36,USD,BR610,PENDING,59.43,EAST,CHECKING
TXN0006317,CUST3929,ACC166191,2024-12-21,TRANSFER,-3758.67,USD,BR298,COMPLETED,30.29,CENTRAL,CREDIT
TXN0006318,CUST5724,ACC118570,2024-05-12,CREDIT,-33672.58,USD,BR152,FAILED,8.82,SOUTH,MORTGAGE
TXN0006319,CUST2260,ACC568795,2024-06-17,CREDIT,91012.49,USD,BR645,PENDING,27.58,NORTH,CHECKING
TXN0006320,CUST2791,ACC487982,2024-09-13,WITHDRAWAL,15878.87,GBP,BR615,PENDING,38.06,SOUTH,LOAN
TXN0006321,CUST3699,ACC537256,2024-03-13,DEBIT,75727.16,GBP,BR192,COMPLETED,2.07,NORTH,LOAN
TXN0006322,CUST5521,ACC358064,2024-10-20,PAYMENT,77546.71,GBP,BR437,PENDING,68.04,WEST,CREDIT
TXN0006323,CUST2835,ACC319630,2024-06-07,CREDIT,66382.39,USD,BR335,COMPLETED,18.09,EAST,SAVINGS
TXN0006324,CUST3424,ACC442046,2024-03-17,CREDIT,-11491.58,USD,BR120,COMPLETED,91.26,CENTRAL,CHECKING
TXN0006325,CUST9131,ACC821715,2024-01-10,TRANSFER,44793.03,USD,BR266,FAILED,53.9,NORTH,LOAN
TXN0006326,CUST3465,ACC344777,2024-04-06,DEBIT,52564.4,USD,BR693,PENDING,5.45,NORTH,LOAN
TXN0006327,CUST4346,ACC427718,2024-11-21,CREDIT,22154.08,USD,BR325,COMPLETED,31.44,CENTRAL,SAVINGS
TXN0006328,CUST9530,ACC764662,2024-05-13,DEBIT,70592.98,USD,BR311,FAILED,53.55,WEST,SAVINGS
TXN0006329,CUST1371,ACC599318,2024-12-06,WITHDRAWAL,78513.47,USD,BR307,PENDING,43.93,EAST,CHECKING
TXN0006330,CUST5803,ACC925026,2024-01-07,TRANSFER,95595.46,USD,BR496,REVERSED,77.66,SOUTH,SAVINGS
TXN0006331,CUST7824,ACC394158,2024-02-05,CREDIT,49195.6,USD,BR916,FAILED,0.48,WEST,CREDIT
TXN0006332,CUST9870,ACC681955,2024-07-04,DEBIT,81714.14,USD,BR576,COMPLETED,18.24,WEST,CHECKING
TXN0006333,CUST3163,ACC457309,2024-04-14,DEBIT,72783.78,GBP,BR559,COMPLETED,,NORTH,LOAN
TXN0006334,CUST8764,ACC705258,2024-06-14,DEBIT,74972.78,USD,BR162,COMPLETED,73.5,NORTH,SAVINGS
TXN0006335,CUST6680,ACC932378,2024-05-02,CREDIT,-34771.56,EUR,BR453,PENDING,20.12,WEST,LOAN
TXN0006336,CUST7883,ACC447142,2024-05-22,DEBIT,-44019.58,USD,BR244,COMPLETED,13.17,CENTRAL,SAVINGS
TXN0006337,CUST8272,ACC832251,2024-07-30,PAYMENT,94362.99,USD,BR677,PENDING,10.51,EAST,SAVINGS
TXN0006338,CUST1351,ACC303819,2024-07-29,WITHDRAWAL,-15695.08,EUR,BR605,COMPLETED,38.77,CENTRAL,LOAN
TXN0006339,CUST5776,ACC233308,2024-01-16,WITHDRAWAL,73448.42,USD,BR692,COMPLETED,46.94,SOUTH,CHECKING
TXN0006340,CUST4097,ACC437466,2024-08-16,DEBIT,55088.29,USD,BR239,PENDING,52.64,NORTH,SAVINGS
TXN0006341,CUST2031,ACC919561,2024-06-13,CREDIT,-31754.04,USD,BR461,COMPLETED,30.73,CENTRAL,MORTGAGE
TXN0006342,CUST1361,ACC763414,2024-07-11,DEBIT,18784.99,USD,BR339,COMPLETED,84.81,NORTH,SAVINGS
TXN0006343,CUST4806,ACC700073,2024-10-21,WITHDRAWAL,20771.49,USD,BR653,PENDING,68.91,WEST,SAVINGS
TXN0006344,CUST9513,ACC340047,2024-11-06,PAYMENT,-25675.79,EUR,BR414,COMPLETED,50.7,NORTH,CHECKING
TXN0006345,CUST6503,ACC842501,2024-11-01,PAYMENT,-3906.62,USD,BR203,COMPLETED,70.63,NORTH,LOAN
TXN0006346,CUST7745,ACC721632,2024-05-08,DEBIT,6362.94,USD,BR822,COMPLETED,19.6,NORTH,LOAN
TXN0006347,CUST6616,ACC738988,2024-05-25,TRANSFER,11994.22,EUR,BR896,REVERSED,15.6,NORTH,CREDIT
TXN0006348,CUST6346,ACC348531,2024-10-24,DEBIT,-11903.08,EUR,BR247,COMPLETED,36.77,EAST,CREDIT
TXN0006349,CUST8965,ACC952829,2024-12-26,DEBIT,-6121.37,USD,BR958,COMPLETED,85.82,NORTH,CREDIT
TXN0006350,CUST9686,ACC959472,2024-05-19,DEBIT,6958.67,AUD,BR812,COMPLETED,3.43,NORTH,SAVINGS
TXN0006351,CUST9986,ACC361199,2024-07-26,DEBIT,12913.05,USD,BR559,COMPLETED,27.32,CENTRAL,CREDIT
TXN0006352,CUST8295,ACC612321,2024-08-09,CREDIT,4821.06,GBP,BR702,COMPLETED,12.72,WEST,LOAN
TXN0006353,CUST8503,ACC690660,2024-08-14,DEBIT,92253.09,USD,BR747,PENDING,56.59,WEST,MORTGAGE
TXN0006354,CUST5982,ACC592571,2024-03-16,WITHDRAWAL,25761.44,USD,BR206,PENDING,,SOUTH,LOAN
TXN0006355,,ACC120339,2024-01-28,WITHDRAWAL,85384.55,USD,BR906,COMPLETED,66.15,WEST,CREDIT
TXN0006356,CUST6021,ACC428686,2024-02-18,DEBIT,-22998.0,AUD,BR329,COMPLETED,8.74,NORTH,LOAN
TXN0006357,CUST3813,ACC635780,2024-01-30,DEBIT,52477.58,USD,BR246,COMPLETED,94.53,,CHECKING
TXN0006358,CUST5259,ACC200225,2024-10-08,CREDIT,-37400.36,USD,BR482,COMPLETED,26.71,WEST,LOAN
TXN0006359,CUST4715,ACC502803,2024-03-11,DEBIT,49641.53,EUR,BR325,FAILED,91.88,NORTH,CREDIT
TXN0006360,CUST8933,ACC886633,2024-05-16,TRANSFER,-15810.46,GBP,BR354,COMPLETED,11.53,CENTRAL,CHECKING
TXN0006361,CUST7093,ACC255561,2024-11-25,CREDIT,26273.27,USD,BR243,COMPLETED,68.27,WEST,CHECKING
TXN0006362,CUST5720,ACC753899,2024-01-09,CREDIT,65896.74,EUR,BR819,COMPLETED,48.42,WEST,CHECKING
TXN0006363,CUST1775,ACC437279,2024-03-12,CREDIT,80021.68,USD,BR466,PENDING,90.02,CENTRAL,CHECKING
TXN0006364,CUST3430,ACC185257,2024-12-27,CREDIT,78426.4,USD,BR632,FAILED,16.09,SOUTH,SAVINGS
TXN0006365,CUST6785,ACC654943,2024-10-03,DEBIT,69274.23,USD,BR875,PENDING,42.63,CENTRAL,CREDIT
TXN0006366,CUST5659,ACC614788,2024-02-16,CREDIT,79591.99,EUR,BR674,FAILED,96.46,NORTH,MORTGAGE
TXN0006367,CUST8469,ACC585164,2024-12-18,CREDIT,44907.27,USD,BR621,COMPLETED,91.56,CENTRAL,SAVINGS
TXN0006368,CUST3725,ACC731871,2024-09-16,PAYMENT,-9221.57,USD,BR900,REVERSED,87.2,WEST,CHECKING
TXN0006369,CUST3634,ACC863181,2024-03-18,DEBIT,61882.03,USD,BR366,COMPLETED,62.66,EAST,CREDIT
TXN0006370,CUST9770,ACC378928,2024-03-11,PAYMENT,52104.43,EUR,BR889,COMPLETED,19.21,SOUTH,CREDIT
TXN0006371,CUST5673,ACC170176,2024-11-30,DEBIT,65113.57,USD,BR760,REVERSED,51.1,CENTRAL,LOAN
TXN0006372,CUST3986,ACC571319,2024-04-23,PAYMENT,90030.64,USD,BR899,COMPLETED,80.23,NORTH,CHECKING
TXN0006373,CUST3873,ACC508500,2024-09-19,PAYMENT,39354.51,,BR806,PENDING,74.66,EAST,CHECKING
TXN0006374,CUST3514,ACC915197,2024-08-16,DEBIT,56536.15,AUD,BR117,COMPLETED,92.81,WEST,LOAN
TXN0006375,CUST3641,ACC302565,2024-11-01,DEBIT,67171.05,USD,BR411,REVERSED,85.27,NORTH,MORTGAGE
TXN0006376,CUST4897,ACC929718,2024-05-27,DEBIT,18633.77,USD,BR876,COMPLETED,18.15,,CREDIT
TXN0006377,CUST2915,ACC907346,2024-01-01,DEBIT,57555.95,GBP,BR180,COMPLETED,86.9,EAST,SAVINGS
TXN0006378,CUST1674,ACC389627,2024-03-17,WITHDRAWAL,96869.95,USD,BR532,FAILED,42.7,SOUTH,LOAN
TXN0006379,CUST6187,ACC846489,2024-07-19,DEBIT,-36152.47,EUR,BR276,PENDING,18.54,NORTH,SAVINGS
TXN0006380,CUST3072,ACC250033,2024-03-13,WITHDRAWAL,78879.39,,BR597,REVERSED,90.81,EAST,SAVINGS
TXN0006381,CUST8223,ACC481453,2024-01-18,DEBIT,87317.28,USD,BR381,REVERSED,96.73,CENTRAL,LOAN
TXN0006382,CUST5266,ACC988954,2024-09-28,CREDIT,-5099.41,,BR281,COMPLETED,66.96,EAST,CREDIT
TXN0006383,CUST7056,ACC915539,2024-06-26,DEBIT,29540.89,USD,BR240,PENDING,4.82,WEST,SAVINGS
TXN0006384,CUST4022,ACC161888,2024-09-13,PAYMENT,88124.08,USD,BR199,COMPLETED,46.08,SOUTH,LOAN
TXN0006385,CUST4361,ACC596759,2024-02-05,TRANSFER,98868.01,USD,BR231,COMPLETED,26.69,NORTH,SAVINGS
TXN0006386,CUST1568,ACC358563,2024-09-11,WITHDRAWAL,-46997.73,AUD,BR787,COMPLETED,64.33,NORTH,CHECKING
TXN0006387,CUST6192,ACC334181,2024-05-14,CREDIT,-49255.07,EUR,BR946,COMPLETED,6.45,EAST,CREDIT
TXN0006388,CUST6633,ACC763821,2024-12-18,CREDIT,49082.44,USD,BR214,COMPLETED,26.71,EAST,CHECKING
TXN0006389,CUST3423,ACC103201,2024-06-15,PAYMENT,7673.35,USD,BR190,REVERSED,52.23,NORTH,CHECKING
TXN0006390,CUST7109,ACC443109,2024-03-10,WITHDRAWAL,77610.35,GBP,BR862,COMPLETED,5.16,WEST,SAVINGS
TXN0006391,CUST8347,ACC473470,2024-08-27,CREDIT,79590.17,EUR,BR960,FAILED,23.59,NORTH,CREDIT
TXN0006392,CUST9845,ACC964904,2024-04-26,WITHDRAWAL,-11739.7,USD,BR881,COMPLETED,51.39,SOUTH,LOAN
TXN0006393,CUST3663,ACC750801,2024-07-02,WITHDRAWAL,10776.58,USD,BR955,COMPLETED,41.45,EAST,SAVINGS
TXN0006394,CUST9743,ACC605993,2024-11-22,WITHDRAWAL,82295.4,EUR,BR433,COMPLETED,10.99,NORTH,SAVINGS
TXN0006395,CUST5940,ACC689171,2024-04-08,DEBIT,69333.67,GBP,BR408,COMPLETED,69.68,SOUTH,CHECKING
TXN0006396,CUST2990,ACC253218,2024-07-29,PAYMENT,-26799.94,USD,BR767,COMPLETED,54.37,WEST,LOAN
TXN0006397,CUST1408,ACC921752,2024-06-08,CREDIT,62316.41,USD,BR378,COMPLETED,46.8,SOUTH,LOAN
TXN0006398,CUST7628,ACC386007,2024-03-22,DEBIT,34052.49,GBP,BR417,COMPLETED,13.78,SOUTH,CHECKING
TXN0006399,CUST9182,ACC435581,2024-04-23,DEBIT,76450.1,USD,BR762,COMPLETED,26.01,CENTRAL,MORTGAGE
TXN0006400,CUST3381,ACC608242,2024-06-25,CREDIT,25470.64,USD,BR626,COMPLETED,45.36,SOUTH,SAVINGS
TXN0006401,CUST8504,ACC429429,2024-08-20,DEBIT,34022.48,USD,BR870,COMPLETED,73.71,WEST,LOAN
TXN0006402,CUST6246,ACC734148,2024-01-09,TRANSFER,46602.97,EUR,BR458,COMPLETED,12.92,SOUTH,CHECKING
TXN0006403,CUST3556,ACC662361,2024-01-05,CREDIT,21488.63,AUD,BR115,COMPLETED,34.8,WEST,CREDIT
TXN0006404,CUST1070,ACC309776,2024-05-30,TRANSFER,-13414.26,AUD,BR249,COMPLETED,39.24,CENTRAL,CHECKING
TXN0006405,CUST9948,ACC964169,2024-02-14,CREDIT,9594.58,USD,BR793,COMPLETED,45.24,NORTH,SAVINGS
TXN0006406,CUST9313,ACC950110,2024-03-22,DEBIT,45789.95,USD,BR405,COMPLETED,87.46,NORTH,SAVINGS
TXN0006407,CUST6427,ACC777213,2024-11-13,CREDIT,70831.68,USD,BR874,COMPLETED,28.44,CENTRAL,MORTGAGE
TXN0006408,CUST5842,ACC297336,2024-02-18,DEBIT,12709.31,USD,BR517,COMPLETED,33.21,SOUTH,
TXN0006409,CUST8764,ACC726615,2024-10-13,CREDIT,-11803.5,EUR,BR814,FAILED,51.64,SOUTH,CHECKING
TXN0006410,CUST5748,ACC734473,2024-03-12,PAYMENT,35825.37,AUD,BR174,COMPLETED,32.8,EAST,LOAN
TXN0006411,CUST3409,ACC226209,2024-10-09,PAYMENT,88784.99,EUR,BR118,COMPLETED,15.73,WEST,CREDIT
TXN0006412,CUST8243,ACC409979,2024-12-25,DEBIT,17914.65,USD,BR794,COMPLETED,48.44,SOUTH,LOAN
TXN0006413,CUST6549,ACC869046,2024-06-18,TRANSFER,-43207.01,USD,BR807,COMPLETED,88.04,NORTH,CHECKING
TXN0006414,CUST2840,ACC163504,2024-02-24,DEBIT,-12765.28,USD,BR172,,33.41,EAST,SAVINGS
TXN0006415,CUST8847,ACC871222,2024-10-08,CREDIT,78470.37,USD,BR498,FAILED,43.09,SOUTH,LOAN
TXN0006416,CUST1656,ACC304412,2024-02-29,TRANSFER,2591.65,GBP,BR951,COMPLETED,100.0,WEST,MORTGAGE
TXN0006417,CUST3284,ACC648931,2024-12-17,TRANSFER,34435.42,AUD,BR646,COMPLETED,6.36,NORTH,CHECKING
TXN0006418,CUST2914,ACC937653,2024-08-02,DEBIT,78250.42,GBP,BR195,COMPLETED,54.55,CENTRAL,LOAN
TXN0006419,CUST6047,ACC628617,2024-02-05,WITHDRAWAL,18186.77,USD,BR103,COMPLETED,29.35,WEST,LOAN
TXN0006420,CUST1406,ACC396176,2024-11-17,CREDIT,13518.17,EUR,BR606,COMPLETED,51.61,EAST,CREDIT
TXN0006421,CUST7580,ACC360284,2024-03-31,DEBIT,77002.06,,BR204,FAILED,36.94,WEST,CREDIT
TXN0006422,CUST4610,ACC929118,2024-11-19,DEBIT,35747.47,EUR,BR352,COMPLETED,42.44,WEST,SAVINGS
TXN0006423,CUST8306,ACC494273,2024-06-16,DEBIT,-4008.28,AUD,BR593,COMPLETED,41.65,WEST,SAVINGS
TXN0006424,CUST6855,ACC543538,2024-06-26,TRANSFER,15282.56,USD,BR596,REVERSED,31.69,SOUTH,CREDIT
TXN0006425,CUST2515,ACC834680,2024-10-16,TRANSFER,18659.64,USD,BR794,COMPLETED,31.08,NORTH,LOAN
TXN0006426,CUST6347,ACC958350,2024-01-10,CREDIT,13765.44,EUR,BR694,COMPLETED,18.02,CENTRAL,SAVINGS
TXN0006427,CUST1901,ACC994121,2024-05-26,PAYMENT,92559.61,AUD,BR966,COMPLETED,99.28,SOUTH,CREDIT
TXN0006428,CUST4197,ACC111444,2024-12-06,WITHDRAWAL,63032.43,USD,BR861,COMPLETED,90.69,WEST,CHECKING
TXN0006429,CUST9625,ACC412661,2024-07-22,PAYMENT,53810.84,AUD,BR601,COMPLETED,53.01,SOUTH,CREDIT
TXN0006430,CUST4639,ACC373665,2024-02-28,CREDIT,-37757.88,EUR,BR337,COMPLETED,76.87,NORTH,SAVINGS
TXN0006431,CUST5553,ACC314161,2024-01-17,DEBIT,-31926.29,USD,BR115,COMPLETED,90.37,,SAVINGS
TXN0006432,CUST4206,ACC251057,2024-02-01,DEBIT,-21541.01,AUD,BR734,FAILED,82.11,SOUTH,CREDIT
TXN0006433,CUST1369,ACC410486,2024-08-25,DEBIT,4717.14,AUD,BR749,COMPLETED,72.84,WEST,SAVINGS
TXN0006434,CUST2369,ACC126511,2024-11-04,PAYMENT,7082.19,EUR,BR745,FAILED,40.06,NORTH,CHECKING
TXN0006435,CUST9821,ACC130221,2024-03-29,WITHDRAWAL,-12032.25,GBP,BR442,COMPLETED,21.63,CENTRAL,LOAN
TXN0006436,CUST8298,ACC783288,2024-04-22,CREDIT,1376.74,AUD,BR197,COMPLETED,12.96,EAST,MORTGAGE
TXN0006437,CUST2431,ACC775270,2024-01-29,CREDIT,48673.16,GBP,BR822,COMPLETED,67.49,EAST,CREDIT
TXN0006438,CUST9385,ACC899406,2024-05-15,TRANSFER,41682.11,USD,BR410,COMPLETED,66.96,EAST,CREDIT
TXN0006439,CUST7462,ACC541894,2024-08-06,DEBIT,-33016.41,EUR,BR749,COMPLETED,21.48,WEST,SAVINGS
TXN0006440,CUST4185,ACC182533,2024-07-28,WITHDRAWAL,15284.26,GBP,BR907,,48.95,WEST,SAVINGS
TXN0006441,CUST9035,ACC486538,2024-01-13,CREDIT,36905.61,,BR503,COMPLETED,62.65,EAST,CREDIT
TXN0006442,CUST6206,ACC587524,2024-01-28,CREDIT,76819.24,GBP,BR110,COMPLETED,78.6,EAST,CHECKING
TXN0006443,CUST9381,ACC913482,2024-02-13,PAYMENT,77024.79,AUD,BR557,COMPLETED,29.84,SOUTH,CHECKING
TXN0006444,CUST1918,ACC254785,2024-03-06,WITHDRAWAL,29642.1,USD,BR294,COMPLETED,25.7,CENTRAL,CHECKING
TXN0006445,CUST6915,ACC568383,2024-10-14,CREDIT,3255.52,USD,BR986,COMPLETED,3.64,EAST,SAVINGS
TXN0006446,CUST7513,ACC756293,2024-05-04,PAYMENT,62803.72,GBP,BR605,FAILED,57.55,WEST,CHECKING
TXN0006447,CUST3423,ACC500576,2024-09-24,TRANSFER,17124.95,EUR,BR276,COMPLETED,79.08,EAST,SAVINGS
TXN0006448,CUST8006,ACC682236,2024-03-14,TRANSFER,36274.29,USD,BR158,FAILED,88.92,SOUTH,CREDIT
TXN0006449,CUST7056,ACC264603,2024-08-22,DEBIT,-46076.31,USD,BR415,FAILED,64.2,WEST,CHECKING
TXN0006450,CUST7326,ACC722691,2024-02-14,DEBIT,6215.19,USD,BR140,PENDING,98.27,WEST,LOAN
TXN0006451,CUST7108,ACC565713,2024-01-16,DEBIT,47890.28,USD,BR349,COMPLETED,97.63,WEST,MORTGAGE
TXN0006452,CUST1199,ACC895304,2024-02-15,CREDIT,60048.85,GBP,BR750,PENDING,64.22,NORTH,SAVINGS
TXN0006453,CUST5663,ACC429344,2024-03-30,CREDIT,-18116.44,AUD,BR282,REVERSED,28.08,SOUTH,SAVINGS
TXN0006454,CUST6651,ACC212978,2024-04-12,PAYMENT,83656.76,USD,BR791,PENDING,79.6,SOUTH,SAVINGS
TXN0006455,CUST6756,ACC386840,2024-03-06,DEBIT,38682.13,USD,BR907,COMPLETED,44.87,CENTRAL,LOAN
TXN0006456,CUST6047,ACC578091,2024-10-17,CREDIT,50636.14,USD,BR405,COMPLETED,12.96,,LOAN
TXN0006457,CUST8300,ACC389353,2024-11-17,CREDIT,97043.4,USD,BR109,COMPLETED,95.49,EAST,SAVINGS
TXN0006458,CUST2435,ACC307388,2024-08-06,PAYMENT,22740.51,USD,BR390,FAILED,25.28,EAST,
TXN0006459,CUST4533,ACC840605,2024-02-05,CREDIT,49236.09,USD,BR410,PENDING,11.31,CENTRAL,SAVINGS
TXN0006460,CUST8278,ACC736005,2024-06-28,CREDIT,78358.19,EUR,BR120,COMPLETED,0.11,WEST,CREDIT
TXN0006461,CUST7809,ACC575354,2024-02-15,DEBIT,67764.55,EUR,BR205,COMPLETED,75.19,WEST,SAVINGS
TXN0006462,CUST8249,ACC398595,2024-03-05,CREDIT,21620.25,USD,BR262,COMPLETED,79.45,NORTH,CHECKING
TXN0006463,CUST5728,ACC270814,2024-01-16,DEBIT,22197.76,GBP,BR177,COMPLETED,26.89,EAST,CREDIT
TXN0006464,CUST3683,ACC714969,2024-12-01,CREDIT,73732.48,EUR,BR555,COMPLETED,50.57,EAST,CHECKING
TXN0006465,CUST7944,ACC234779,2024-05-15,PAYMENT,-33352.53,USD,BR669,COMPLETED,17.93,NORTH,LOAN
TXN0006466,CUST7786,ACC438484,2024-09-29,DEBIT,-44892.53,AUD,BR450,COMPLETED,94.76,EAST,SAVINGS
TXN0006467,CUST3286,ACC117779,2024-07-10,TRANSFER,70743.82,USD,BR534,,92.36,SOUTH,CHECKING
TXN0006468,CUST2410,ACC229934,2024-01-06,PAYMENT,76880.55,USD,BR824,COMPLETED,18.76,WEST,SAVINGS
TXN0006469,CUST3353,ACC154970,2024-09-11,DEBIT,20210.55,EUR,BR755,COMPLETED,51.3,CENTRAL,CHECKING
TXN0006470,CUST4404,ACC442399,2024-08-07,DEBIT,88785.89,GBP,BR993,COMPLETED,68.12,NORTH,SAVINGS
TXN0006471,CUST5968,ACC679417,2024-08-10,PAYMENT,-29784.62,EUR,BR310,COMPLETED,66.4,EAST,
TXN0006472,CUST8776,ACC600277,2024-06-15,DEBIT,4778.45,USD,BR771,COMPLETED,89.37,SOUTH,SAVINGS
TXN0006473,CUST9606,ACC486737,2024-04-24,PAYMENT,92745.56,EUR,BR874,FAILED,44.74,NORTH,SAVINGS
TXN0006474,CUST6495,ACC248638,2024-05-12,DEBIT,-47259.24,USD,BR417,PENDING,58.18,NORTH,SAVINGS
TXN0006475,CUST2083,ACC430583,2024-06-08,DEBIT,-37167.23,AUD,BR304,REVERSED,15.9,WEST,SAVINGS
TXN0006476,CUST7156,ACC972210,2024-07-14,CREDIT,5279.18,EUR,BR509,FAILED,84.02,SOUTH,SAVINGS
TXN0006477,CUST2449,ACC855500,2024-01-24,DEBIT,-7685.18,USD,BR171,COMPLETED,30.07,EAST,CREDIT
TXN0006478,CUST1108,ACC493246,2024-06-05,TRANSFER,42655.31,GBP,BR380,COMPLETED,45.66,NORTH,LOAN
TXN0006479,CUST7708,ACC676850,2024-12-01,CREDIT,-44632.84,USD,BR445,COMPLETED,63.0,WEST,CREDIT
TXN0006480,CUST5478,ACC126702,2024-03-31,DEBIT,74608.57,USD,BR473,COMPLETED,28.07,SOUTH,
TXN0006481,CUST7791,ACC759439,2024-03-14,CREDIT,43136.54,USD,BR943,COMPLETED,88.24,NORTH,CHECKING
TXN0006482,CUST3865,ACC555354,2024-08-13,DEBIT,43447.96,USD,BR133,COMPLETED,35.02,CENTRAL,SAVINGS
TXN0006483,CUST8571,ACC777724,2024-08-02,DEBIT,30734.08,USD,BR186,COMPLETED,74.94,NORTH,
TXN0006484,CUST3243,ACC439617,2024-04-22,DEBIT,18743.64,GBP,BR260,COMPLETED,59.76,CENTRAL,CHECKING
TXN0006485,CUST4264,ACC514751,2024-11-20,DEBIT,-1434.61,EUR,BR714,COMPLETED,42.44,CENTRAL,LOAN
TXN0006486,CUST4047,ACC286644,2024-06-02,CREDIT,5530.33,USD,BR116,COMPLETED,36.2,EAST,CHECKING
TXN0006487,CUST7254,ACC442475,2024-07-15,CREDIT,99004.25,EUR,BR357,COMPLETED,96.01,WEST,LOAN
TXN0006488,CUST5742,ACC742863,2024-01-13,TRANSFER,-17529.56,USD,BR344,REVERSED,75.16,EAST,CHECKING
TXN0006489,CUST9037,ACC976686,2024-02-24,TRANSFER,-11249.51,USD,BR184,COMPLETED,91.36,WEST,LOAN
TXN0006490,CUST1691,ACC897475,2024-11-14,DEBIT,85968.04,USD,BR263,COMPLETED,33.54,EAST,LOAN
TXN0006491,CUST5947,ACC136211,2024-02-15,DEBIT,90068.91,USD,BR641,COMPLETED,6.04,EAST,CREDIT
TXN0006492,CUST5979,ACC774885,2024-06-19,PAYMENT,32436.19,USD,BR545,COMPLETED,59.22,NORTH,CREDIT
TXN0006493,CUST9095,ACC396651,2024-05-01,DEBIT,3540.49,EUR,BR649,COMPLETED,48.45,,MORTGAGE
TXN0006494,CUST8593,ACC439753,2024-01-04,WITHDRAWAL,59884.43,USD,BR992,COMPLETED,47.72,SOUTH,LOAN
TXN0006495,CUST4678,ACC693092,2024-07-06,CREDIT,56427.81,USD,BR535,PENDING,78.42,CENTRAL,SAVINGS
TXN0006496,CUST1439,ACC893238,2024-09-12,DEBIT,48174.36,USD,BR538,COMPLETED,46.91,WEST,SAVINGS
TXN0006497,CUST1040,ACC696146,2024-11-16,TRANSFER,8556.44,USD,BR568,COMPLETED,3.63,WEST,CHECKING
TXN0006498,CUST3523,ACC141294,2024-04-14,DEBIT,75016.88,USD,BR549,COMPLETED,26.27,CENTRAL,CHECKING
TXN0006499,CUST5303,ACC636565,2024-06-07,DEBIT,62925.4,USD,BR453,REVERSED,25.93,NORTH,CHECKING
TXN0006500,CUST5917,ACC158572,2024-09-08,DEBIT,,EUR,BR492,FAILED,31.59,CENTRAL,CREDIT
TXN0006501,CUST8742,ACC857886,2024-03-17,PAYMENT,-13696.13,USD,BR400,PENDING,8.02,SOUTH,LOAN
TXN0006502,CUST3034,ACC852112,2024-05-12,WITHDRAWAL,739.6,AUD,BR508,COMPLETED,55.29,SOUTH,CHECKING
TXN0006503,CUST5713,ACC848331,2024-04-30,PAYMENT,-9276.94,USD,BR724,COMPLETED,20.52,CENTRAL,CHECKING
TXN0006504,CUST7834,ACC238272,2024-06-28,WITHDRAWAL,-22438.38,USD,BR928,COMPLETED,44.63,SOUTH,MORTGAGE
TXN0006505,CUST3938,ACC620803,2024-10-12,DEBIT,56287.35,USD,BR935,COMPLETED,22.43,SOUTH,LOAN
TXN0006506,CUST9059,ACC166980,2024-08-03,CREDIT,97426.66,USD,BR613,COMPLETED,96.99,EAST,CREDIT
TXN0006507,CUST5009,ACC171192,2024-02-12,CREDIT,-46042.3,USD,BR890,PENDING,44.09,EAST,LOAN
TXN0006508,CUST1466,ACC246707,2024-09-08,CREDIT,34793.9,USD,BR786,PENDING,8.71,CENTRAL,SAVINGS
TXN0006509,CUST2955,ACC258932,2024-07-28,TRANSFER,1219.19,USD,BR306,COMPLETED,42.94,WEST,MORTGAGE
TXN0006510,CUST5541,ACC207220,2024-09-30,PAYMENT,-17627.56,USD,BR491,PENDING,19.71,WEST,LOAN
TXN0006511,CUST9078,ACC648175,2024-03-27,CREDIT,-48520.34,USD,BR347,REVERSED,85.0,NORTH,CHECKING
TXN0006512,CUST2093,ACC271318,2024-03-24,DEBIT,17397.67,AUD,BR311,COMPLETED,1.69,CENTRAL,SAVINGS
TXN0006513,CUST6927,ACC848529,2024-06-11,DEBIT,20563.13,USD,BR881,COMPLETED,42.89,SOUTH,CHECKING
TXN0006514,CUST8872,ACC346429,2024-02-21,PAYMENT,60059.59,USD,BR254,COMPLETED,73.58,WEST,CREDIT
TXN0006515,CUST8144,ACC196321,2024-12-13,CREDIT,-30388.84,USD,BR135,PENDING,61.65,WEST,LOAN
TXN0006516,CUST5225,ACC891317,2024-03-05,TRANSFER,43754.13,USD,BR682,COMPLETED,12.6,NORTH,SAVINGS
TXN0006517,CUST8799,ACC477819,2024-08-22,PAYMENT,54328.17,EUR,BR389,COMPLETED,24.19,EAST,SAVINGS
TXN0006518,CUST2959,ACC474426,2024-12-08,CREDIT,-28563.45,GBP,BR635,COMPLETED,17.11,NORTH,SAVINGS
TXN0006519,CUST7114,ACC454584,2024-04-03,CREDIT,8361.02,EUR,BR861,REVERSED,90.55,WEST,SAVINGS
TXN0006520,CUST9397,ACC185101,2024-07-20,CREDIT,-952.29,USD,BR196,COMPLETED,62.06,SOUTH,LOAN
TXN0006521,CUST1287,ACC532686,2024-08-19,PAYMENT,26126.47,USD,BR516,COMPLETED,1.86,SOUTH,SAVINGS
TXN0006522,CUST5252,ACC460262,2024-01-02,WITHDRAWAL,33446.51,EUR,BR619,COMPLETED,6.34,NORTH,CHECKING
TXN0006523,CUST3668,ACC887324,2024-09-17,DEBIT,-40971.31,AUD,BR959,FAILED,65.04,NORTH,CREDIT
TXN0006524,CUST1958,ACC172956,2024-07-19,WITHDRAWAL,57608.29,USD,BR463,PENDING,0.74,WEST,LOAN
TXN0006525,CUST3394,ACC616377,2024-08-02,CREDIT,37160.3,USD,BR295,COMPLETED,85.84,SOUTH,CHECKING
TXN0006526,CUST6237,ACC520017,2024-12-26,DEBIT,-9094.64,USD,BR187,COMPLETED,86.73,WEST,CHECKING
TXN0006527,CUST8553,ACC671590,2024-07-17,PAYMENT,90758.13,USD,BR696,COMPLETED,85.99,NORTH,MORTGAGE
TXN0006528,CUST3219,ACC165169,2024-06-28,DEBIT,-26361.35,USD,BR692,COMPLETED,85.74,WEST,SAVINGS
TXN0006529,CUST6855,ACC650166,2024-12-23,DEBIT,82210.36,AUD,BR775,COMPLETED,93.44,EAST,CREDIT
TXN0006530,CUST3675,ACC536577,2024-07-23,DEBIT,97377.1,,BR710,PENDING,2.05,WEST,SAVINGS
TXN0006531,CUST1866,ACC772995,2024-03-19,DEBIT,72535.98,AUD,BR101,FAILED,99.89,EAST,MORTGAGE
TXN0006532,CUST5467,ACC928090,2024-03-07,TRANSFER,-46572.38,USD,BR804,COMPLETED,4.49,SOUTH,SAVINGS
TXN0006533,CUST6917,ACC515225,2024-05-21,DEBIT,11462.25,USD,BR637,COMPLETED,38.31,EAST,SAVINGS
TXN0006534,CUST7873,ACC828326,2024-02-09,DEBIT,13550.37,USD,BR583,REVERSED,55.45,SOUTH,LOAN
TXN0006535,CUST6832,ACC262512,2024-11-14,DEBIT,41519.14,EUR,BR932,COMPLETED,42.52,SOUTH,CHECKING
TXN0006536,CUST1798,ACC674721,2024-08-14,TRANSFER,-45333.09,USD,BR134,REVERSED,1.1,NORTH,CHECKING
TXN0006537,CUST5749,ACC962816,2024-07-28,WITHDRAWAL,45433.19,EUR,BR168,REVERSED,10.39,EAST,CHECKING
TXN0006538,CUST5778,ACC193819,2024-10-06,TRANSFER,66680.22,USD,BR874,COMPLETED,75.8,NORTH,CHECKING
TXN0006539,CUST9677,ACC953922,2024-08-14,CREDIT,15276.83,USD,BR411,FAILED,68.86,EAST,LOAN
TXN0006540,CUST2258,ACC317322,2024-09-18,DEBIT,81271.04,USD,BR489,COMPLETED,46.11,CENTRAL,SAVINGS
TXN0006541,CUST9419,ACC570284,2024-05-18,PAYMENT,-10369.57,USD,BR215,COMPLETED,44.04,NORTH,CHECKING
TXN0006542,CUST4175,ACC266786,2024-11-15,DEBIT,-24128.09,USD,BR627,FAILED,24.08,SOUTH,SAVINGS
TXN0006543,CUST4002,ACC220847,2024-05-30,CREDIT,85670.29,USD,BR580,COMPLETED,67.34,,CHECKING
TXN0006544,CUST2548,ACC899816,2024-08-30,CREDIT,40009.92,EUR,BR158,COMPLETED,14.44,WEST,CHECKING
TXN0006545,CUST3738,ACC373421,2024-08-27,WITHDRAWAL,73572.54,USD,BR902,COMPLETED,36.16,WEST,CHECKING
TXN0006546,CUST9908,ACC338442,2024-02-11,WITHDRAWAL,98224.84,EUR,BR743,COMPLETED,57.76,NORTH,CREDIT
TXN0006547,CUST6285,ACC350887,2024-12-05,CREDIT,-20518.1,USD,BR822,PENDING,52.51,EAST,SAVINGS
TXN0006548,CUST6180,ACC159259,2024-03-22,CREDIT,4053.81,USD,BR267,COMPLETED,21.73,WEST,LOAN
TXN0006549,CUST5932,ACC776078,2024-10-23,DEBIT,-41505.06,USD,BR587,COMPLETED,79.58,WEST,CHECKING
TXN0006550,CUST5447,ACC816724,2024-01-31,PAYMENT,22291.9,USD,BR814,COMPLETED,87.25,CENTRAL,CHECKING
TXN0006551,CUST6939,ACC684774,2024-11-23,CREDIT,74656.58,USD,BR941,PENDING,87.49,NORTH,SAVINGS
TXN0006552,CUST2570,ACC125401,2024-04-16,DEBIT,70295.19,GBP,BR333,COMPLETED,20.47,CENTRAL,SAVINGS
TXN0006553,CUST9755,ACC155032,2024-07-04,PAYMENT,14852.81,USD,BR736,REVERSED,27.18,SOUTH,LOAN
TXN0006554,CUST6761,ACC774132,2024-01-08,TRANSFER,-16409.87,USD,BR232,COMPLETED,32.48,SOUTH,LOAN
TXN0006555,CUST3354,ACC983837,2024-01-19,WITHDRAWAL,24359.56,GBP,BR372,COMPLETED,67.31,WEST,CHECKING
TXN0006556,CUST1211,ACC831159,2024-07-30,DEBIT,67139.39,EUR,BR918,COMPLETED,99.29,CENTRAL,MORTGAGE
TXN0006557,CUST3243,ACC336474,2024-02-25,DEBIT,52114.48,USD,BR499,COMPLETED,94.46,CENTRAL,CHECKING
TXN0006558,CUST9489,ACC601946,2024-09-18,CREDIT,-11592.73,USD,BR572,COMPLETED,71.0,CENTRAL,SAVINGS
TXN0006559,CUST5610,ACC144454,2024-06-04,PAYMENT,-8270.98,USD,BR651,COMPLETED,81.36,WEST,LOAN
TXN0006560,CUST7111,ACC144224,2024-09-13,CREDIT,-34074.36,USD,BR899,COMPLETED,7.17,SOUTH,SAVINGS
TXN0006561,CUST8944,ACC329639,2024-10-16,WITHDRAWAL,99062.55,USD,BR336,COMPLETED,84.35,SOUTH,SAVINGS
TXN0006562,CUST7750,ACC895373,2024-09-04,CREDIT,34637.69,USD,BR191,COMPLETED,59.72,SOUTH,SAVINGS
TXN0006563,CUST6575,ACC343967,2024-06-03,PAYMENT,-40305.56,USD,BR412,COMPLETED,67.56,CENTRAL,CHECKING
TXN0006564,CUST3671,ACC260044,2024-03-15,PAYMENT,-33245.56,GBP,BR806,REVERSED,53.34,WEST,LOAN
TXN0006565,CUST2678,ACC244360,2024-03-05,DEBIT,-21043.3,EUR,BR901,COMPLETED,76.67,EAST,SAVINGS
TXN0006566,CUST4569,ACC624900,2024-04-30,TRANSFER,52053.08,USD,BR497,FAILED,36.4,NORTH,SAVINGS
TXN0006567,CUST3532,ACC434977,2024-06-09,CREDIT,37291.29,USD,BR386,COMPLETED,0.18,WEST,SAVINGS
TXN0006568,CUST9247,ACC438637,2024-05-19,CREDIT,-46743.97,USD,BR261,REVERSED,98.23,EAST,CHECKING
TXN0006569,CUST4622,ACC506349,2024-04-17,CREDIT,75453.21,AUD,BR441,COMPLETED,94.08,,LOAN
TXN0006570,CUST4087,ACC892684,2024-06-06,DEBIT,20610.43,USD,BR890,COMPLETED,61.37,WEST,CREDIT
TXN0006571,CUST9612,ACC765143,2024-01-28,TRANSFER,-23960.01,USD,BR129,PENDING,13.34,NORTH,CHECKING
TXN0006572,CUST9717,ACC802821,2024-06-06,DEBIT,41107.7,USD,BR620,COMPLETED,5.23,NORTH,LOAN
TXN0006573,CUST2867,ACC515035,2024-08-02,CREDIT,1640.27,AUD,BR929,REVERSED,86.28,NORTH,LOAN
TXN0006574,CUST7837,ACC120191,2024-07-12,CREDIT,-35133.72,GBP,BR629,COMPLETED,8.54,SOUTH,LOAN
TXN0006575,CUST8544,ACC635032,2024-10-07,DEBIT,40965.7,USD,BR851,COMPLETED,75.05,CENTRAL,CHECKING
TXN0006576,CUST2251,ACC902723,2024-03-19,TRANSFER,2302.47,USD,BR279,COMPLETED,72.35,NORTH,SAVINGS
TXN0006577,CUST2909,ACC403708,2024-02-26,TRANSFER,41957.36,GBP,BR343,COMPLETED,19.75,SOUTH,CHECKING
TXN0006578,CUST3150,ACC616137,2024-03-18,CREDIT,29524.36,EUR,BR244,COMPLETED,40.49,NORTH,SAVINGS
TXN0006579,CUST1284,ACC124655,2024-02-14,DEBIT,22053.74,USD,BR892,COMPLETED,34.67,CENTRAL,SAVINGS
TXN0006580,CUST8856,ACC802170,2024-06-21,PAYMENT,26443.71,EUR,BR371,COMPLETED,45.26,SOUTH,SAVINGS
TXN0006581,CUST6705,ACC849461,2024-11-22,PAYMENT,-18776.05,USD,BR747,PENDING,31.74,NORTH,LOAN
TXN0006582,CUST6104,ACC830988,2024-08-09,WITHDRAWAL,21737.33,USD,BR303,COMPLETED,89.85,SOUTH,LOAN
TXN0006583,,ACC535094,2024-05-09,CREDIT,-43087.84,USD,BR739,COMPLETED,1.12,EAST,CREDIT
TXN0006584,CUST3277,ACC676749,2024-11-05,TRANSFER,28582.87,USD,BR520,FAILED,59.72,CENTRAL,LOAN
TXN0006585,CUST8240,ACC171262,2024-07-01,TRANSFER,-20498.51,EUR,BR954,COMPLETED,68.12,WEST,LOAN
TXN0006586,CUST9570,ACC142079,2024-03-24,CREDIT,63132.16,USD,BR684,COMPLETED,12.47,NORTH,CREDIT
TXN0006587,CUST6604,ACC309845,2024-07-01,TRANSFER,62429.58,USD,BR542,COMPLETED,29.94,WEST,LOAN
TXN0006588,CUST3821,ACC718312,2024-05-11,CREDIT,73724.11,USD,BR972,COMPLETED,12.27,NORTH,SAVINGS
TXN0006589,CUST5991,ACC137754,2024-10-21,DEBIT,36927.58,USD,BR741,COMPLETED,61.77,EAST,SAVINGS
TXN0006590,CUST1471,ACC318981,2024-03-29,CREDIT,-28787.14,EUR,BR839,COMPLETED,53.28,EAST,LOAN
TXN0006591,CUST2943,ACC340654,2024-01-09,DEBIT,92041.28,USD,BR412,PENDING,99.94,NORTH,LOAN
TXN0006592,CUST4643,ACC711046,2024-07-23,DEBIT,22048.77,AUD,BR835,COMPLETED,34.85,NORTH,CHECKING
TXN0006593,CUST3108,ACC615338,2024-12-03,TRANSFER,-15245.24,USD,BR787,COMPLETED,70.06,EAST,SAVINGS
TXN0006594,CUST3332,ACC107499,2024-12-19,TRANSFER,74680.31,EUR,BR558,COMPLETED,33.74,EAST,LOAN
TXN0006595,CUST4712,ACC466353,2024-05-21,WITHDRAWAL,14829.4,USD,BR794,REVERSED,97.67,WEST,CHECKING
TXN0006596,CUST6036,ACC835916,2024-05-24,TRANSFER,79068.73,USD,BR941,COMPLETED,28.41,CENTRAL,SAVINGS
TXN0006597,CUST3053,ACC184543,2024-11-25,PAYMENT,-23661.45,GBP,BR602,PENDING,98.09,SOUTH,SAVINGS
TXN0006598,CUST4438,ACC709834,2024-02-15,WITHDRAWAL,67005.8,USD,BR318,COMPLETED,44.01,CENTRAL,CHECKING
TXN0006599,CUST3133,ACC485999,2024-03-04,DEBIT,43527.67,USD,BR252,REVERSED,62.25,EAST,SAVINGS
TXN0006600,CUST2287,ACC633881,2024-02-21,CREDIT,-35349.64,GBP,BR355,COMPLETED,40.95,SOUTH,LOAN
TXN0006601,CUST7960,ACC969307,2024-12-09,CREDIT,-49432.87,USD,BR603,COMPLETED,80.93,NORTH,SAVINGS
TXN0006602,CUST2830,ACC272154,2024-12-29,DEBIT,54505.59,USD,BR260,COMPLETED,11.72,,LOAN
TXN0006603,CUST2273,ACC516474,2024-11-09,DEBIT,50911.09,EUR,BR361,COMPLETED,42.31,NORTH,CREDIT
TXN0006604,CUST1308,ACC323114,2024-09-09,PAYMENT,45806.27,USD,BR985,PENDING,90.76,,LOAN
TXN0006605,CUST8934,ACC259651,2024-04-10,CREDIT,86143.98,USD,BR705,COMPLETED,64.56,CENTRAL,LOAN
TXN0006606,CUST8065,ACC662277,2024-10-06,TRANSFER,41975.91,USD,BR830,COMPLETED,72.47,WEST,
TXN0006607,CUST1696,ACC107706,2024-10-08,DEBIT,-32302.46,USD,BR832,COMPLETED,23.43,,MORTGAGE
TXN0006608,CUST4217,ACC758169,2024-02-11,TRANSFER,54139.8,EUR,BR268,FAILED,62.39,WEST,CREDIT
TXN0006609,CUST2766,ACC880406,2024-09-28,CREDIT,35854.46,USD,BR718,COMPLETED,14.54,EAST,
TXN0006610,CUST1537,ACC753044,2024-03-16,PAYMENT,-4920.91,USD,BR269,COMPLETED,67.62,EAST,CREDIT
TXN0006611,CUST9412,ACC395087,2024-08-25,DEBIT,85166.77,USD,BR764,COMPLETED,67.52,WEST,SAVINGS
TXN0006612,CUST1971,ACC378550,2024-05-07,DEBIT,-44086.04,USD,BR188,COMPLETED,0.79,SOUTH,LOAN
TXN0006613,CUST8685,ACC683283,2024-01-02,PAYMENT,-39774.3,AUD,BR352,COMPLETED,1.69,NORTH,CREDIT
TXN0006614,CUST2948,ACC492482,2024-12-08,WITHDRAWAL,-33953.18,AUD,BR336,COMPLETED,49.78,CENTRAL,CREDIT
TXN0006615,CUST5145,ACC635696,2024-08-07,DEBIT,-26646.54,USD,BR241,COMPLETED,61.11,WEST,CREDIT
TXN0006616,CUST1709,ACC507287,2024-04-29,DEBIT,19322.13,USD,BR413,COMPLETED,82.2,EAST,CHECKING
TXN0006617,CUST2085,ACC267628,2024-06-06,CREDIT,39932.94,USD,BR105,COMPLETED,20.64,EAST,SAVINGS
TXN0006618,CUST5942,ACC975374,2024-04-25,WITHDRAWAL,-35835.2,USD,BR502,COMPLETED,2.42,NORTH,SAVINGS
TXN0006619,CUST1168,ACC311378,2024-06-21,DEBIT,15196.87,EUR,BR173,COMPLETED,59.07,SOUTH,CHECKING
TXN0006620,CUST2581,ACC890806,2024-12-12,WITHDRAWAL,3584.16,USD,BR629,COMPLETED,61.88,WEST,LOAN
TXN0006621,CUST3028,ACC737134,2024-10-27,CREDIT,2331.77,USD,BR512,COMPLETED,80.0,WEST,CREDIT
TXN0006622,CUST4365,ACC368727,2024-05-27,TRANSFER,96592.71,USD,BR801,PENDING,22.63,SOUTH,SAVINGS
TXN0006623,CUST4277,ACC450733,2024-09-13,DEBIT,48028.66,USD,BR729,COMPLETED,9.99,CENTRAL,MORTGAGE
TXN0006624,CUST4027,ACC305282,2024-09-14,CREDIT,-45875.81,USD,BR761,PENDING,28.11,NORTH,LOAN
TXN0006625,CUST6759,ACC442945,2024-04-01,CREDIT,-21715.14,USD,BR395,COMPLETED,5.28,EAST,LOAN
TXN0006626,CUST1479,ACC372988,2024-02-03,CREDIT,-15426.76,AUD,BR513,FAILED,11.31,NORTH,SAVINGS
TXN0006627,CUST2487,ACC511704,2024-09-27,PAYMENT,72040.2,USD,BR120,COMPLETED,39.45,SOUTH,CHECKING
TXN0006628,CUST3384,ACC224956,2024-09-21,WITHDRAWAL,62401.99,USD,BR466,FAILED,4.94,WEST,MORTGAGE
TXN0006629,CUST5544,ACC782059,2024-05-21,CREDIT,-41065.99,USD,BR505,COMPLETED,40.6,WEST,MORTGAGE
TXN0006630,CUST6698,ACC399244,2024-10-27,DEBIT,5115.91,USD,BR702,COMPLETED,7.46,WEST,CREDIT
TXN0006631,CUST6770,ACC573589,2024-08-02,DEBIT,92807.58,GBP,BR932,COMPLETED,98.75,NORTH,LOAN
TXN0006632,CUST3630,ACC130217,2024-10-01,DEBIT,97579.56,USD,BR253,COMPLETED,56.16,NORTH,LOAN
TXN0006633,CUST9202,ACC567186,2024-01-12,PAYMENT,51996.42,USD,BR558,COMPLETED,89.08,EAST,SAVINGS
TXN0006634,CUST4962,ACC732677,2024-07-26,DEBIT,46945.51,GBP,BR358,COMPLETED,41.87,WEST,MORTGAGE
TXN0006635,CUST9272,ACC783051,2024-07-26,CREDIT,-11928.8,USD,BR479,PENDING,46.56,NORTH,SAVINGS
TXN0006636,CUST2119,ACC804481,2024-05-12,PAYMENT,-17473.58,USD,BR127,COMPLETED,7.76,EAST,CHECKING
TXN0006637,CUST2623,ACC636666,2024-01-10,PAYMENT,92116.86,GBP,BR475,COMPLETED,57.53,NORTH,LOAN
TXN0006638,CUST1229,ACC907420,2024-06-26,CREDIT,-6487.84,USD,BR838,COMPLETED,15.55,EAST,CHECKING
TXN0006639,CUST9664,ACC525397,2024-02-20,DEBIT,-21667.28,USD,BR819,COMPLETED,19.93,SOUTH,SAVINGS
TXN0006640,CUST4555,ACC314528,2024-02-21,WITHDRAWAL,51349.72,USD,BR516,COMPLETED,98.79,WEST,SAVINGS
TXN0006641,CUST4138,ACC293810,2024-01-23,DEBIT,58151.62,USD,BR732,COMPLETED,19.05,CENTRAL,SAVINGS
TXN0006642,CUST5617,ACC218167,2024-04-03,DEBIT,3587.02,USD,BR467,COMPLETED,71.66,,SAVINGS
TXN0006643,CUST3814,ACC143683,2024-02-16,PAYMENT,79266.73,GBP,BR782,COMPLETED,26.87,CENTRAL,LOAN
TXN0006644,CUST9800,ACC506272,2024-03-23,WITHDRAWAL,61877.8,GBP,BR636,COMPLETED,25.35,SOUTH,CREDIT
TXN0006645,CUST1070,ACC943721,2024-07-08,DEBIT,99619.88,EUR,BR271,COMPLETED,12.9,NORTH,CREDIT
TXN0006646,CUST2616,ACC211914,2024-06-08,CREDIT,82992.23,USD,BR491,COMPLETED,64.46,SOUTH,SAVINGS
TXN0006647,CUST4506,ACC878896,2024-04-10,DEBIT,29485.17,USD,BR185,COMPLETED,18.18,CENTRAL,LOAN
TXN0006648,CUST9260,ACC315569,2024-12-02,DEBIT,-5013.56,USD,BR976,REVERSED,97.0,WEST,SAVINGS
TXN0006649,CUST8777,ACC309864,2024-05-22,DEBIT,-13649.53,AUD,BR539,COMPLETED,98.86,WEST,LOAN
TXN0006650,CUST7004,ACC896665,2024-02-12,CREDIT,57925.93,USD,BR854,COMPLETED,97.2,CENTRAL,CHECKING
TXN0006651,CUST4033,ACC697905,2024-04-05,CREDIT,-13801.81,USD,BR696,COMPLETED,16.34,WEST,CHECKING
TXN0006652,CUST8203,ACC871440,2024-05-06,WITHDRAWAL,44171.24,USD,BR197,FAILED,20.45,EAST,SAVINGS
TXN0006653,CUST2758,ACC883572,2027-01-01,CREDIT,44487.59,EUR,BR304,COMPLETED,62.73,WEST,MORTGAGE
TXN0006654,CUST3963,ACC413115,2024-03-01,PAYMENT,-1324.46,USD,BR383,REVERSED,68.11,,
TXN0006655,CUST6813,ACC973390,2024-12-28,CREDIT,60266.76,USD,BR327,FAILED,12.52,NORTH,CHECKING
TXN0006656,CUST7219,ACC823255,2024-07-24,DEBIT,-48540.7,USD,BR743,COMPLETED,82.06,SOUTH,CREDIT
TXN0006657,CUST7948,ACC806956,2024-01-27,TRANSFER,97169.65,EUR,BR877,FAILED,45.8,EAST,SAVINGS
TXN0006658,CUST4510,ACC324754,2024-06-08,CREDIT,-23103.41,EUR,BR634,FAILED,85.88,CENTRAL,SAVINGS
TXN0006659,CUST9425,ACC722076,2024-11-08,WITHDRAWAL,17282.94,EUR,BR791,COMPLETED,39.57,SOUTH,CHECKING
TXN0006660,CUST4728,ACC957588,2024-09-27,DEBIT,68551.33,USD,BR870,COMPLETED,78.21,WEST,CHECKING
TXN0006661,CUST7677,ACC418107,2024-08-05,PAYMENT,52567.67,GBP,BR172,PENDING,88.51,SOUTH,LOAN
TXN0006662,CUST2848,ACC478471,2024-01-03,DEBIT,-38101.83,USD,BR259,COMPLETED,75.24,CENTRAL,SAVINGS
TXN0006663,CUST6149,ACC586308,2024-05-02,DEBIT,18092.3,USD,BR883,COMPLETED,87.63,EAST,SAVINGS
TXN0006664,CUST3025,ACC157008,2024-09-11,CREDIT,-19347.7,USD,BR447,PENDING,73.16,SOUTH,SAVINGS
TXN0006665,CUST8633,ACC779299,2024-03-13,DEBIT,-38807.01,USD,BR673,REVERSED,57.32,NORTH,SAVINGS
TXN0006666,CUST2807,ACC756531,2024-02-21,DEBIT,-26242.47,GBP,BR148,COMPLETED,62.59,NORTH,LOAN
TXN0006667,CUST9515,ACC340973,2024-12-31,DEBIT,-43012.55,USD,BR289,COMPLETED,57.62,WEST,SAVINGS
TXN0006668,CUST3226,ACC694381,2024-11-24,PAYMENT,76215.21,,BR427,FAILED,6.93,WEST,CREDIT
TXN0006669,CUST9123,ACC984539,2024-09-15,TRANSFER,2875.05,GBP,BR985,COMPLETED,29.7,WEST,MORTGAGE
TXN0006670,CUST6918,ACC364589,2024-07-16,CREDIT,-26308.93,USD,BR501,COMPLETED,75.14,WEST,CREDIT
TXN0006671,CUST5723,ACC327337,2024-01-28,DEBIT,16527.14,USD,BR273,PENDING,48.03,SOUTH,CHECKING
TXN0006672,CUST1665,ACC635926,2024-01-30,CREDIT,40948.66,EUR,BR185,COMPLETED,53.13,SOUTH,SAVINGS
TXN0006673,CUST2347,ACC124969,2024-04-13,CREDIT,-8311.89,USD,BR713,COMPLETED,80.57,EAST,CHECKING
TXN0006674,CUST6375,ACC424955,2024-03-24,PAYMENT,76285.12,USD,BR553,PENDING,0.64,WEST,CREDIT
TXN0006675,CUST9088,ACC112960,2024-02-01,CREDIT,45053.14,GBP,BR376,COMPLETED,91.76,SOUTH,CHECKING
TXN0006676,CUST2895,ACC326936,2024-12-23,CREDIT,51336.03,USD,BR586,PENDING,83.67,CENTRAL,SAVINGS
TXN0006677,CUST7304,ACC969885,2024-04-13,PAYMENT,55442.98,GBP,BR546,COMPLETED,95.04,WEST,SAVINGS
TXN0006678,CUST5646,ACC289707,2024-02-23,DEBIT,-13087.81,USD,BR148,COMPLETED,93.05,SOUTH,SAVINGS
TXN0006679,CUST8486,ACC450153,2024-10-31,DEBIT,19877.92,EUR,BR406,COMPLETED,59.7,CENTRAL,MORTGAGE
TXN0006680,CUST6111,ACC316376,2024-08-16,CREDIT,9186.25,GBP,BR850,PENDING,55.33,WEST,CREDIT
TXN0006681,CUST8273,ACC623860,2024-10-08,TRANSFER,33752.64,USD,BR404,COMPLETED,95.88,NORTH,SAVINGS
TXN0006682,CUST4700,ACC854914,2024-10-30,DEBIT,19205.05,USD,BR159,COMPLETED,61.44,EAST,MORTGAGE
TXN0006683,CUST7672,ACC507446,2024-11-14,DEBIT,56110.06,USD,BR404,COMPLETED,96.82,EAST,CHECKING
TXN0006684,CUST5761,ACC854942,2024-11-05,DEBIT,38377.56,USD,BR250,PENDING,92.66,NORTH,SAVINGS
TXN0006685,CUST8011,ACC443260,2024-01-26,WITHDRAWAL,-13911.13,USD,BR372,COMPLETED,80.2,SOUTH,CREDIT
TXN0006686,CUST4093,ACC580126,2024-02-11,WITHDRAWAL,26530.07,USD,BR211,COMPLETED,4.72,EAST,CREDIT
TXN0006687,CUST2140,ACC509735,2024-02-15,DEBIT,49901.34,USD,BR395,PENDING,65.94,WEST,CHECKING
TXN0006688,CUST8793,ACC731046,2024-05-21,DEBIT,35409.33,GBP,BR249,COMPLETED,38.7,WEST,SAVINGS
TXN0006689,CUST7020,ACC890478,2024-01-17,DEBIT,-9739.85,AUD,BR809,REVERSED,,EAST,LOAN
TXN0006690,CUST3937,ACC273284,2024-01-07,DEBIT,39176.98,USD,BR793,PENDING,12.97,WEST,MORTGAGE
TXN0006691,CUST1209,ACC615566,2024-04-17,PAYMENT,70200.5,USD,BR526,COMPLETED,68.04,WEST,SAVINGS
TXN0006692,CUST9055,ACC603500,2024-06-01,TRANSFER,78254.53,AUD,BR422,PENDING,51.75,NORTH,SAVINGS
TXN0006693,CUST2723,ACC688072,2024-08-31,CREDIT,95128.45,GBP,BR484,COMPLETED,41.05,CENTRAL,SAVINGS
TXN0006694,CUST7494,ACC725727,2024-02-29,WITHDRAWAL,16366.5,USD,BR258,COMPLETED,34.65,EAST,SAVINGS
TXN0006695,CUST8177,ACC399203,2024-05-03,DEBIT,25963.82,USD,BR532,COMPLETED,0.8,NORTH,SAVINGS
TXN0006696,CUST9563,ACC933621,2024-02-24,DEBIT,22019.04,AUD,BR172,COMPLETED,21.52,EAST,CHECKING
TXN0006697,CUST2392,ACC799425,2024-12-19,DEBIT,24679.51,USD,BR991,FAILED,90.5,WEST,SAVINGS
TXN0006698,CUST2953,ACC999006,2024-09-11,WITHDRAWAL,30756.16,USD,BR504,COMPLETED,68.01,NORTH,MORTGAGE
TXN0006699,CUST3348,ACC360590,2024-02-20,CREDIT,87898.53,USD,BR156,COMPLETED,97.82,NORTH,CREDIT
TXN0006700,CUST7468,ACC181447,2024-10-28,DEBIT,-37480.24,USD,BR362,FAILED,57.84,NORTH,CREDIT
TXN0006701,CUST7563,ACC746311,2024-08-26,PAYMENT,,USD,BR513,FAILED,82.01,EAST,LOAN
TXN0006702,CUST2666,ACC212471,2024-11-29,CREDIT,16467.03,EUR,BR404,PENDING,42.15,SOUTH,LOAN
TXN0006703,CUST3764,ACC100283,2024-10-11,DEBIT,55743.96,GBP,BR352,COMPLETED,68.77,NORTH,LOAN
TXN0006704,CUST2060,ACC994101,2024-07-31,CREDIT,78539.52,USD,BR127,,49.37,CENTRAL,CHECKING
TXN0006705,CUST6959,ACC132715,2024-01-24,TRANSFER,-25190.58,USD,BR999,,4.69,NORTH,SAVINGS
TXN0006706,CUST4261,ACC749358,2024-02-23,CREDIT,6573.18,USD,BR836,PENDING,51.24,EAST,CREDIT
TXN0006707,CUST6548,ACC152458,2024-11-18,CREDIT,43064.32,EUR,BR127,PENDING,18.74,WEST,CHECKING
TXN0006708,CUST4281,ACC998803,2024-07-17,DEBIT,69156.62,GBP,BR549,COMPLETED,69.64,CENTRAL,SAVINGS
TXN0006709,CUST7623,ACC111756,2024-03-20,PAYMENT,-2975.59,EUR,BR264,COMPLETED,56.65,NORTH,CREDIT
TXN0006710,CUST3011,ACC387552,2024-06-30,WITHDRAWAL,75227.59,EUR,BR412,COMPLETED,77.82,EAST,CREDIT
TXN0006711,CUST4815,ACC100009,2024-12-16,CREDIT,-7745.22,EUR,BR574,COMPLETED,53.51,SOUTH,SAVINGS
TXN0006712,CUST7958,ACC418186,2024-11-11,CREDIT,61548.36,USD,BR502,COMPLETED,51.12,SOUTH,SAVINGS
TXN0006713,CUST9177,ACC566679,2024-01-27,CREDIT,22911.54,USD,BR496,REVERSED,57.8,SOUTH,LOAN
TXN0006714,CUST5563,ACC499948,2024-09-16,DEBIT,-38853.71,GBP,BR806,COMPLETED,45.8,NORTH,CHECKING
TXN0006715,CUST5472,ACC864147,2024-05-12,CREDIT,27068.88,EUR,BR110,COMPLETED,91.58,WEST,CREDIT
TXN0006716,CUST7557,ACC695707,2024-02-20,DEBIT,-28891.17,USD,BR465,COMPLETED,2.55,CENTRAL,CREDIT
TXN0006717,CUST6834,ACC267234,2024-10-24,TRANSFER,-7150.85,EUR,BR893,COMPLETED,78.12,CENTRAL,SAVINGS
TXN0006718,CUST8795,ACC201955,2024-11-27,TRANSFER,-10419.12,USD,BR835,COMPLETED,7.19,NORTH,CHECKING
TXN0006719,CUST7626,ACC156138,2024-05-25,DEBIT,55654.79,AUD,BR323,COMPLETED,53.6,SOUTH,CREDIT
TXN0006720,CUST8938,ACC485928,2024-11-21,PAYMENT,-48807.28,USD,BR173,COMPLETED,48.68,CENTRAL,MORTGAGE
TXN0006721,CUST9379,ACC325767,2024-08-26,CREDIT,70851.02,USD,BR960,COMPLETED,60.05,WEST,CREDIT
TXN0006722,CUST5569,ACC777141,2024-09-25,DEBIT,35016.82,USD,BR323,COMPLETED,42.92,WEST,CREDIT
TXN0006723,CUST3414,ACC300053,2024-06-17,TRANSFER,-29802.33,EUR,BR731,PENDING,37.5,EAST,LOAN
TXN0006724,CUST8448,ACC543721,2024-07-05,DEBIT,66338.76,USD,BR820,COMPLETED,13.96,SOUTH,SAVINGS
TXN0006725,CUST2770,ACC877882,2024-01-05,WITHDRAWAL,-8025.46,USD,BR592,COMPLETED,51.29,WEST,SAVINGS
TXN0006726,CUST3001,ACC490931,2024-11-17,CREDIT,68006.99,USD,BR874,COMPLETED,61.16,SOUTH,SAVINGS
TXN0006727,CUST5107,ACC179796,2024-03-02,TRANSFER,-12725.93,USD,BR641,COMPLETED,35.01,WEST,CHECKING
TXN0006728,CUST9017,ACC393578,2024-02-09,DEBIT,-41565.64,USD,BR314,COMPLETED,,CENTRAL,MORTGAGE
TXN0006729,CUST9147,ACC537766,2024-04-15,DEBIT,88884.65,EUR,BR573,COMPLETED,53.97,NORTH,LOAN
TXN0006730,CUST4781,ACC785376,2024-08-12,PAYMENT,13349.99,EUR,BR390,PENDING,57.22,,LOAN
TXN0006731,CUST3205,ACC123482,2024-06-23,DEBIT,15670.41,EUR,BR589,PENDING,65.51,SOUTH,CHECKING
TXN0006732,CUST1486,ACC411919,2024-04-24,TRANSFER,88474.41,AUD,BR485,REVERSED,98.46,NORTH,SAVINGS
TXN0006733,CUST2631,ACC907868,2024-06-21,CREDIT,-6334.17,GBP,BR488,COMPLETED,60.62,SOUTH,SAVINGS
TXN0006734,CUST1865,ACC136692,2024-09-28,PAYMENT,9348.66,USD,BR912,COMPLETED,10.15,SOUTH,CHECKING
TXN0006735,CUST2117,ACC225909,2024-03-25,DEBIT,70054.6,USD,BR839,COMPLETED,61.29,SOUTH,LOAN
TXN0006736,CUST9161,ACC416722,2024-12-27,CREDIT,-2322.48,USD,BR717,COMPLETED,90.52,SOUTH,SAVINGS
TXN0006737,CUST1438,ACC248728,2024-03-02,CREDIT,-38157.85,USD,BR900,COMPLETED,21.41,WEST,SAVINGS
TXN0006738,CUST3934,ACC375487,2024-01-12,CREDIT,-18573.0,EUR,BR329,COMPLETED,83.88,WEST,SAVINGS
TXN0006739,CUST7269,ACC579123,2024-08-29,PAYMENT,-18646.06,EUR,BR604,COMPLETED,76.89,NORTH,LOAN
TXN0006740,CUST6356,ACC939444,2024-03-26,CREDIT,-40534.97,USD,BR583,COMPLETED,52.98,NORTH,LOAN
TXN0006741,CUST3502,ACC314607,2024-10-12,PAYMENT,-38081.0,USD,BR845,COMPLETED,90.93,NORTH,CHECKING
TXN0006742,CUST5960,ACC226169,2024-09-27,CREDIT,82338.9,USD,BR593,COMPLETED,32.08,EAST,CHECKING
TXN0006743,CUST2578,ACC767638,2024-12-12,DEBIT,57891.4,GBP,BR907,COMPLETED,22.21,,LOAN
TXN0006744,CUST2253,ACC880413,2024-08-15,TRANSFER,26673.6,EUR,BR289,COMPLETED,91.42,NORTH,SAVINGS
TXN0006745,CUST9518,ACC814949,2024-09-24,PAYMENT,5406.78,EUR,BR412,COMPLETED,44.19,SOUTH,CREDIT
TXN0006746,CUST9064,ACC931271,2024-01-02,DEBIT,16438.05,USD,BR890,COMPLETED,10.99,WEST,LOAN
TXN0006747,CUST8635,ACC131842,2024-08-29,CREDIT,-16212.79,USD,BR863,FAILED,55.04,EAST,LOAN
TXN0006748,CUST4308,ACC599651,2024-03-11,TRANSFER,81292.34,AUD,BR280,COMPLETED,37.14,WEST,MORTGAGE
TXN0006749,CUST5809,ACC283061,2024-08-27,DEBIT,71891.87,USD,BR363,COMPLETED,87.54,WEST,CHECKING
TXN0006750,CUST9157,ACC115040,2024-11-02,DEBIT,,GBP,BR272,FAILED,0.93,NORTH,CREDIT
TXN0006751,CUST9032,ACC218055,2024-01-29,CREDIT,54160.87,USD,BR594,FAILED,93.86,NORTH,CREDIT
TXN0006752,,ACC190277,2024-04-26,PAYMENT,58584.92,USD,BR622,,38.99,CENTRAL,LOAN
TXN0006753,CUST5287,ACC860017,2024-08-27,DEBIT,57374.12,USD,BR419,PENDING,92.41,EAST,CREDIT
TXN0006754,CUST9887,ACC346208,2024-02-27,PAYMENT,98065.15,EUR,BR901,COMPLETED,20.45,WEST,
TXN0006755,CUST6629,ACC577358,2024-07-31,CREDIT,53958.19,USD,BR808,COMPLETED,53.15,WEST,SAVINGS
TXN0006756,CUST9856,ACC707940,2024-02-24,WITHDRAWAL,-8715.2,USD,BR173,COMPLETED,36.16,CENTRAL,SAVINGS
TXN0006757,CUST9955,ACC828674,2024-08-06,TRANSFER,-21416.29,USD,BR280,COMPLETED,13.21,SOUTH,SAVINGS
TXN0006758,CUST1289,ACC684523,2024-01-15,TRANSFER,85778.55,USD,BR966,COMPLETED,14.74,NORTH,SAVINGS
TXN0006759,CUST1517,ACC386402,2024-10-09,CREDIT,17651.71,USD,BR651,COMPLETED,92.1,NORTH,CHECKING
TXN0006760,CUST8051,ACC383185,2024-12-19,WITHDRAWAL,12227.93,USD,BR783,COMPLETED,61.98,NORTH,CHECKING
TXN0006761,CUST2951,ACC123654,2024-09-19,CREDIT,-45834.7,USD,BR603,COMPLETED,77.57,CENTRAL,SAVINGS
TXN0006762,CUST7285,ACC837019,2024-02-26,TRANSFER,24950.31,USD,BR755,COMPLETED,42.56,CENTRAL,LOAN
TXN0006763,CUST8374,ACC690590,2024-11-11,DEBIT,-15017.41,USD,BR522,COMPLETED,23.38,SOUTH,SAVINGS
TXN0006764,CUST6153,ACC603028,2024-08-28,WITHDRAWAL,-22267.21,EUR,BR888,COMPLETED,36.01,EAST,SAVINGS
TXN0006765,CUST7165,ACC166357,2024-03-20,DEBIT,-34451.92,USD,BR903,COMPLETED,44.93,WEST,LOAN
TXN0006766,CUST8250,ACC866964,2024-03-07,CREDIT,89985.9,GBP,BR208,,76.14,NORTH,LOAN
TXN0006767,CUST8531,ACC825406,2024-04-13,PAYMENT,99733.9,EUR,BR236,COMPLETED,76.03,WEST,SAVINGS
TXN0006768,CUST1589,ACC260741,2024-12-12,TRANSFER,77493.46,,BR872,COMPLETED,46.42,CENTRAL,SAVINGS
TXN0006769,CUST1538,ACC325942,2024-11-01,DEBIT,16795.73,USD,BR853,COMPLETED,44.58,WEST,CHECKING
TXN0006770,CUST3897,ACC168322,2024-10-28,CREDIT,17971.63,USD,BR616,COMPLETED,84.52,SOUTH,SAVINGS
TXN0006771,CUST5965,ACC516849,2024-11-20,TRANSFER,-14592.75,USD,BR248,COMPLETED,90.96,SOUTH,CHECKING
TXN0006772,CUST3689,ACC810954,2024-07-15,CREDIT,39334.7,USD,BR536,COMPLETED,23.44,SOUTH,SAVINGS
TXN0006773,CUST9052,ACC495758,2024-05-08,DEBIT,71692.73,EUR,BR208,COMPLETED,76.55,WEST,LOAN
TXN0006774,CUST8056,ACC131350,2024-09-03,CREDIT,48844.78,USD,BR263,COMPLETED,10.25,EAST,CHECKING
TXN0006775,CUST3203,ACC138966,2024-09-08,TRANSFER,-37485.89,USD,BR386,PENDING,12.29,NORTH,CHECKING
TXN0006776,CUST6119,ACC621586,2024-03-02,TRANSFER,82846.51,USD,BR954,PENDING,69.51,EAST,CHECKING
TXN0006777,CUST7374,ACC553496,2024-10-01,DEBIT,-49146.15,USD,BR831,PENDING,80.57,SOUTH,CREDIT
TXN0006778,CUST8986,ACC970791,2024-04-11,DEBIT,49079.33,EUR,BR697,COMPLETED,53.11,CENTRAL,CREDIT
TXN0006779,CUST2792,ACC588323,2024-09-05,DEBIT,91613.59,USD,BR727,COMPLETED,65.68,SOUTH,SAVINGS
TXN0006780,CUST9037,ACC532458,2024-06-22,CREDIT,34852.11,EUR,BR987,PENDING,52.45,NORTH,SAVINGS
TXN0006781,CUST9837,ACC283524,2024-04-26,CREDIT,12059.72,AUD,BR959,PENDING,83.29,NORTH,CREDIT
TXN0006782,CUST8697,ACC113913,2024-01-21,WITHDRAWAL,-38487.62,AUD,BR666,PENDING,26.33,WEST,LOAN
TXN0006783,CUST8797,ACC704777,2024-08-17,DEBIT,69834.85,USD,BR572,REVERSED,0.94,CENTRAL,SAVINGS
TXN0006784,CUST3560,ACC146172,2024-08-02,PAYMENT,32740.54,EUR,BR559,COMPLETED,99.25,SOUTH,CREDIT
TXN0006785,CUST9301,ACC788505,2024-10-13,CREDIT,77926.05,EUR,BR723,COMPLETED,84.29,NORTH,SAVINGS
TXN0006786,CUST1913,ACC166071,2024-02-24,PAYMENT,87900.88,EUR,BR680,COMPLETED,63.16,WEST,CHECKING
TXN0006787,CUST7412,ACC906913,2024-01-04,TRANSFER,-26106.28,USD,BR714,PENDING,98.82,NORTH,LOAN
TXN0006788,CUST5315,ACC394464,2024-04-03,PAYMENT,58896.2,USD,BR964,COMPLETED,,EAST,CHECKING
TXN0006789,CUST9105,ACC844385,2024-05-26,DEBIT,84468.11,USD,BR393,COMPLETED,18.25,NORTH,MORTGAGE
TXN0006790,CUST7189,ACC395246,2024-10-07,DEBIT,-47667.42,USD,BR774,COMPLETED,10.94,EAST,CREDIT
TXN0006791,CUST6779,ACC853790,2024-01-08,CREDIT,-49987.06,GBP,BR951,COMPLETED,1.54,WEST,
TXN0006792,CUST5660,ACC602447,2024-12-10,PAYMENT,-38398.17,USD,BR961,COMPLETED,76.95,CENTRAL,SAVINGS
TXN0006793,CUST6250,ACC312544,2024-10-08,CREDIT,28632.73,EUR,BR617,COMPLETED,29.52,NORTH,CHECKING
TXN0006794,CUST2006,ACC940896,2024-07-06,WITHDRAWAL,195.91,EUR,BR175,COMPLETED,51.06,NORTH,SAVINGS
TXN0006795,CUST1461,ACC380268,2024-06-29,CREDIT,76971.38,EUR,BR696,PENDING,63.56,SOUTH,MORTGAGE
TXN0006796,CUST1739,ACC125598,2024-08-26,TRANSFER,39034.23,USD,BR419,COMPLETED,40.96,SOUTH,CREDIT
TXN0006797,CUST3100,ACC803848,2024-09-13,TRANSFER,88980.78,USD,BR809,FAILED,80.05,NORTH,SAVINGS
TXN0006798,CUST7003,ACC385173,2024-01-17,TRANSFER,-42049.65,USD,BR974,COMPLETED,79.13,EAST,LOAN
TXN0006799,CUST6715,ACC297205,2024-01-08,CREDIT,87332.47,EUR,BR138,COMPLETED,48.42,SOUTH,LOAN
TXN0006800,CUST1440,ACC346225,2024-03-27,PAYMENT,-3036.15,EUR,BR516,COMPLETED,93.78,EAST,CHECKING
TXN0006801,CUST6591,ACC823176,2024-11-29,TRANSFER,-37248.74,GBP,BR823,PENDING,81.36,WEST,LOAN
TXN0006802,CUST7235,ACC569750,2024-05-11,DEBIT,92517.16,AUD,BR664,COMPLETED,72.99,WEST,CHECKING
TXN0006803,CUST2594,ACC949717,2024-12-08,CREDIT,-12567.31,USD,BR224,COMPLETED,47.91,WEST,MORTGAGE
TXN0006804,CUST8014,ACC102043,2024-05-30,DEBIT,31372.81,USD,BR281,COMPLETED,56.06,CENTRAL,SAVINGS
TXN0006805,CUST6654,ACC781765,2024-04-09,TRANSFER,-43786.11,USD,BR967,COMPLETED,64.45,NORTH,CREDIT
TXN0006806,CUST6855,ACC146266,2024-03-10,DEBIT,-8487.95,GBP,BR569,FAILED,38.58,NORTH,LOAN
TXN0006807,CUST7749,ACC690570,2024-04-19,CREDIT,20644.12,USD,BR455,FAILED,38.64,NORTH,CREDIT
TXN0006808,CUST6755,ACC975972,2024-07-21,DEBIT,-40378.33,EUR,BR511,COMPLETED,83.05,EAST,CREDIT
TXN0006809,CUST1924,ACC998627,2024-04-05,DEBIT,33566.88,USD,BR192,COMPLETED,84.08,SOUTH,CHECKING
TXN0006810,CUST5001,ACC556491,2024-03-24,CREDIT,78012.6,USD,BR840,COMPLETED,56.29,SOUTH,LOAN
TXN0006811,CUST5056,ACC686095,2024-03-03,DEBIT,99085.34,USD,BR110,COMPLETED,19.96,EAST,CHECKING
TXN0006812,CUST4844,ACC837093,2024-07-19,CREDIT,-45118.48,EUR,BR401,COMPLETED,8.26,SOUTH,CREDIT
TXN0006813,CUST6113,ACC612258,2024-10-26,CREDIT,-4575.06,USD,BR137,COMPLETED,34.52,CENTRAL,CREDIT
TXN0006814,CUST2391,ACC930434,2024-01-20,TRANSFER,-42111.25,USD,BR672,REVERSED,87.66,NORTH,CHECKING
TXN0006815,CUST2073,ACC342767,2024-07-15,CREDIT,84127.75,USD,BR535,COMPLETED,94.67,CENTRAL,CHECKING
TXN0006816,CUST5995,ACC850328,2024-11-04,TRANSFER,61954.0,USD,BR583,REVERSED,83.03,SOUTH,SAVINGS
TXN0006817,CUST2875,ACC989671,2024-12-08,DEBIT,88408.59,,BR953,PENDING,83.06,SOUTH,SAVINGS
TXN0006818,CUST6531,ACC878594,2024-07-14,PAYMENT,56159.75,EUR,BR292,COMPLETED,27.07,NORTH,CHECKING
TXN0006819,CUST3781,ACC149591,2024-10-09,TRANSFER,35826.19,USD,BR246,,84.77,NORTH,CREDIT
TXN0006820,CUST1322,ACC400434,2024-06-29,DEBIT,-803.3,GBP,BR431,FAILED,87.36,WEST,SAVINGS
TXN0006821,CUST9821,ACC481718,2024-08-21,WITHDRAWAL,95050.94,AUD,BR910,COMPLETED,25.36,SOUTH,SAVINGS
TXN0006822,CUST6343,ACC192710,2024-05-12,CREDIT,84138.58,USD,BR633,COMPLETED,21.73,EAST,SAVINGS
TXN0006823,CUST1612,ACC727099,2024-07-22,CREDIT,88150.18,USD,BR502,COMPLETED,56.79,EAST,CHECKING
TXN0006824,CUST8551,ACC485138,2024-12-07,PAYMENT,44070.7,USD,BR615,COMPLETED,8.47,WEST,
TXN0006825,CUST7921,ACC578420,2024-08-29,DEBIT,-41282.28,USD,BR372,COMPLETED,52.64,NORTH,SAVINGS
TXN0006826,CUST9433,ACC960581,2024-01-11,CREDIT,94618.75,EUR,BR633,COMPLETED,90.44,SOUTH,CHECKING
TXN0006827,CUST7900,ACC595426,2024-07-18,DEBIT,22287.85,,BR173,COMPLETED,46.56,WEST,SAVINGS
TXN0006828,CUST5368,ACC671044,2024-08-14,DEBIT,40063.8,AUD,BR130,COMPLETED,74.1,NORTH,CREDIT
TXN0006829,CUST1334,ACC271856,2024-12-15,DEBIT,-21418.88,USD,BR487,PENDING,44.19,SOUTH,LOAN
TXN0006830,CUST8695,ACC491399,2024-12-15,DEBIT,83302.6,USD,BR971,PENDING,26.14,NORTH,LOAN
TXN0006831,CUST1364,ACC790593,2024-07-01,TRANSFER,79361.09,USD,BR263,PENDING,72.37,EAST,CHECKING
TXN0006832,CUST6185,ACC489307,2024-02-03,DEBIT,69503.68,EUR,BR382,COMPLETED,63.91,SOUTH,SAVINGS
TXN0006833,CUST7188,ACC861474,2024-08-11,TRANSFER,97175.26,USD,BR571,COMPLETED,80.48,EAST,SAVINGS
TXN0006834,CUST7394,ACC677790,2024-11-13,DEBIT,24159.2,USD,BR176,COMPLETED,85.19,CENTRAL,CHECKING
TXN0006835,CUST6282,ACC667035,2024-12-19,DEBIT,22710.25,USD,BR496,PENDING,89.39,NORTH,LOAN
TXN0006836,CUST2601,ACC252773,2024-03-01,CREDIT,15553.2,EUR,BR455,COMPLETED,67.35,,SAVINGS
TXN0006837,CUST9001,ACC436290,2024-05-05,PAYMENT,-42547.19,USD,BR501,COMPLETED,73.19,EAST,SAVINGS
TXN0006838,CUST2639,ACC870907,2024-10-22,CREDIT,-899.81,GBP,BR730,COMPLETED,99.26,CENTRAL,SAVINGS
TXN0006839,CUST4373,ACC770369,2024-07-05,DEBIT,86915.16,GBP,BR298,COMPLETED,76.07,WEST,SAVINGS
TXN0006840,CUST6504,ACC463633,2024-12-22,DEBIT,76401.94,USD,BR744,COMPLETED,7.19,WEST,SAVINGS
TXN0006841,CUST9138,ACC526772,2024-03-13,DEBIT,-156.96,GBP,BR975,COMPLETED,48.28,SOUTH,MORTGAGE
TXN0006842,CUST9237,ACC282413,2024-02-15,CREDIT,-27549.63,EUR,BR874,COMPLETED,7.29,EAST,SAVINGS
TXN0006843,CUST6563,ACC708396,2024-06-13,CREDIT,20829.27,USD,BR815,COMPLETED,31.97,NORTH,SAVINGS
TXN0006844,CUST3730,ACC521296,2024-01-29,DEBIT,-48765.51,USD,BR903,COMPLETED,26.67,EAST,CREDIT
TXN0006845,CUST5907,ACC490185,2024-02-29,WITHDRAWAL,-8995.28,USD,BR901,PENDING,44.71,WEST,MORTGAGE
TXN0006846,CUST6952,ACC590192,2024-07-27,TRANSFER,-23080.65,USD,BR648,COMPLETED,87.98,CENTRAL,CHECKING
TXN0006847,CUST8143,ACC464314,2024-06-01,TRANSFER,10106.7,GBP,BR856,COMPLETED,72.73,SOUTH,CREDIT
TXN0006848,CUST4305,ACC904586,2024-03-15,CREDIT,-10859.15,USD,BR529,COMPLETED,61.25,EAST,SAVINGS
TXN0006849,CUST9142,ACC406655,2024-07-17,WITHDRAWAL,-41465.56,USD,BR424,COMPLETED,37.88,SOUTH,LOAN
TXN0006850,CUST2234,ACC254804,2024-02-07,CREDIT,38599.44,USD,BR171,COMPLETED,74.34,NORTH,SAVINGS
TXN0006851,CUST9779,ACC953779,2024-01-03,DEBIT,-10482.21,USD,BR286,COMPLETED,2.16,SOUTH,CREDIT
TXN0006852,CUST4507,ACC805332,2024-09-02,PAYMENT,61924.31,USD,BR126,,69.69,SOUTH,SAVINGS
TXN0006853,CUST5708,ACC888171,2024-01-05,DEBIT,25034.87,USD,BR444,COMPLETED,48.81,EAST,LOAN
TXN0006854,CUST5344,ACC618532,2024-04-21,CREDIT,63530.7,USD,BR369,COMPLETED,95.7,SOUTH,SAVINGS
TXN0006855,CUST1778,ACC808534,2024-04-11,DEBIT,67054.06,USD,BR213,COMPLETED,73.66,NORTH,SAVINGS
TXN0006856,CUST5871,ACC668609,2024-07-05,WITHDRAWAL,64012.22,USD,BR463,COMPLETED,88.13,SOUTH,SAVINGS
TXN0006857,CUST7586,ACC527636,2024-01-24,PAYMENT,626.44,GBP,BR910,COMPLETED,50.03,CENTRAL,SAVINGS
TXN0006858,CUST4700,ACC477832,2024-11-28,WITHDRAWAL,-11322.12,EUR,BR231,COMPLETED,29.8,WEST,
TXN0006859,CUST2506,ACC552682,2024-09-24,PAYMENT,-34115.93,USD,BR614,COMPLETED,72.88,NORTH,
TXN0006860,CUST2552,ACC190644,2024-05-12,CREDIT,27733.42,,BR126,COMPLETED,11.91,NORTH,CHECKING
TXN0006861,CUST6518,ACC731402,2024-03-21,PAYMENT,24796.43,USD,BR846,COMPLETED,57.23,SOUTH,LOAN
TXN0006862,CUST5478,ACC365499,2024-05-24,CREDIT,24849.84,USD,BR595,COMPLETED,75.41,SOUTH,
TXN0006863,CUST2102,ACC244327,2024-04-18,DEBIT,69000.17,USD,BR613,COMPLETED,90.22,SOUTH,SAVINGS
TXN0006864,CUST9700,ACC448970,2024-12-25,DEBIT,-4983.6,AUD,BR531,COMPLETED,,SOUTH,CHECKING
TXN0006865,CUST8786,ACC476091,2024-12-21,DEBIT,33711.27,USD,BR868,COMPLETED,12.3,EAST,
TXN0006866,CUST7997,ACC776818,2024-02-27,PAYMENT,68310.47,EUR,BR406,COMPLETED,47.48,EAST,SAVINGS
TXN0006867,CUST4436,ACC589218,2024-11-13,TRANSFER,7402.37,USD,BR575,COMPLETED,,WEST,CREDIT
TXN0006868,CUST6690,ACC572665,2024-10-02,DEBIT,5364.1,USD,BR884,COMPLETED,98.23,SOUTH,LOAN
TXN0006869,CUST2256,ACC890315,2024-04-23,CREDIT,33450.79,EUR,BR595,COMPLETED,37.85,WEST,LOAN
TXN0006870,,ACC665404,2024-10-22,PAYMENT,92087.54,USD,BR107,COMPLETED,63.88,EAST,CHECKING
TXN0006871,CUST9268,ACC813385,2024-03-11,CREDIT,35128.35,GBP,BR216,COMPLETED,94.33,EAST,SAVINGS
TXN0006872,CUST5913,ACC272256,2024-05-27,CREDIT,50674.65,USD,BR530,COMPLETED,80.9,WEST,LOAN
TXN0006873,CUST8092,ACC144832,2024-10-04,CREDIT,79421.39,USD,BR695,PENDING,8.33,NORTH,CHECKING
TXN0006874,CUST9846,ACC460137,2024-05-29,CREDIT,3118.14,USD,BR484,COMPLETED,66.66,SOUTH,CREDIT
TXN0006875,CUST6133,ACC630949,2024-09-14,TRANSFER,23516.37,GBP,BR241,COMPLETED,20.44,NORTH,LOAN
TXN0006876,CUST4278,ACC755425,2024-02-03,WITHDRAWAL,33498.67,USD,BR116,COMPLETED,25.92,WEST,CHECKING
TXN0006877,CUST7788,ACC252096,2024-04-22,CREDIT,10224.02,USD,BR862,COMPLETED,98.15,SOUTH,CREDIT
TXN0006878,CUST7591,ACC727879,2024-01-13,TRANSFER,60702.53,USD,BR254,COMPLETED,88.58,SOUTH,SAVINGS
TXN0006879,CUST5116,ACC458245,2024-01-06,DEBIT,7212.46,EUR,BR779,COMPLETED,26.87,WEST,SAVINGS
TXN0006880,CUST9443,ACC666452,2024-06-03,DEBIT,93620.95,USD,BR345,COMPLETED,93.73,WEST,LOAN
TXN0006881,CUST8425,ACC763431,2024-02-24,WITHDRAWAL,83137.82,USD,BR297,COMPLETED,,NORTH,LOAN
TXN0006882,CUST9971,ACC972428,2024-08-05,CREDIT,-10602.02,USD,BR489,COMPLETED,67.96,NORTH,CREDIT
TXN0006883,CUST3958,ACC880973,2024-11-03,PAYMENT,60118.28,USD,BR228,COMPLETED,55.25,CENTRAL,SAVINGS
TXN0006884,CUST1304,ACC267172,2024-02-08,DEBIT,-36288.72,USD,BR603,PENDING,47.34,WEST,SAVINGS
TXN0006885,CUST9457,ACC992440,2024-01-08,DEBIT,-5150.22,EUR,BR131,COMPLETED,47.6,WEST,LOAN
TXN0006886,CUST4056,ACC937534,2024-06-10,CREDIT,97531.85,USD,BR509,COMPLETED,38.08,SOUTH,LOAN
TXN0006887,CUST9178,ACC701560,2024-04-27,TRANSFER,61989.89,USD,BR480,PENDING,57.51,NORTH,CREDIT
TXN0006888,CUST4489,ACC246298,2024-01-24,DEBIT,43619.68,USD,BR886,COMPLETED,64.49,WEST,CREDIT
TXN0006889,CUST8656,ACC955908,2024-03-16,TRANSFER,88654.09,EUR,BR349,COMPLETED,77.55,EAST,CHECKING
TXN0006890,CUST5389,ACC930763,2024-02-21,CREDIT,64863.01,USD,BR789,COMPLETED,36.27,NORTH,SAVINGS
TXN0006891,CUST9728,ACC315810,2024-07-07,TRANSFER,62307.99,USD,BR673,PENDING,81.6,WEST,LOAN
TXN0006892,CUST8106,ACC964745,2024-02-06,TRANSFER,24052.78,USD,BR173,REVERSED,1.07,WEST,CHECKING
TXN0006893,CUST1981,ACC826888,2024-07-12,CREDIT,44373.4,EUR,BR313,COMPLETED,76.03,EAST,CHECKING
TXN0006894,CUST9556,ACC515603,2024-08-31,CREDIT,29505.22,EUR,BR931,COMPLETED,9.07,WEST,CHECKING
TXN0006895,CUST4287,ACC185714,2024-07-05,DEBIT,-40912.24,USD,BR583,COMPLETED,86.47,WEST,SAVINGS
TXN0006896,CUST6968,ACC963442,2024-12-31,TRANSFER,1982.29,GBP,BR653,COMPLETED,44.11,WEST,LOAN
TXN0006897,CUST8577,ACC539328,2024-10-08,CREDIT,-43455.93,GBP,BR707,COMPLETED,91.67,CENTRAL,SAVINGS
TXN0006898,CUST3420,ACC217314,2024-07-17,CREDIT,-739.08,USD,BR438,COMPLETED,80.22,WEST,CREDIT
TXN0006899,CUST4938,ACC625738,2024-12-23,CREDIT,-31421.15,USD,BR496,COMPLETED,64.23,SOUTH,SAVINGS
TXN0006900,CUST3465,ACC670421,2024-05-28,DEBIT,15738.24,USD,BR806,COMPLETED,67.55,SOUTH,CHECKING
TXN0006901,,ACC144017,2024-07-25,DEBIT,26769.69,USD,BR240,REVERSED,,SOUTH,SAVINGS
TXN0006902,CUST8133,ACC644807,2024-12-31,TRANSFER,12257.64,USD,BR306,FAILED,,WEST,CHECKING
TXN0006903,CUST7721,ACC208858,2024-05-05,CREDIT,65636.25,USD,BR435,COMPLETED,79.61,WEST,CHECKING
TXN0006904,CUST6220,ACC703418,2024-04-28,WITHDRAWAL,-23483.13,USD,BR401,FAILED,55.55,WEST,LOAN
TXN0006905,CUST2055,ACC104236,2024-12-07,TRANSFER,26477.17,USD,BR983,PENDING,17.73,WEST,SAVINGS
TXN0006906,CUST4335,ACC367090,2024-11-10,WITHDRAWAL,,AUD,BR331,COMPLETED,18.96,NORTH,SAVINGS
TXN0006907,CUST7757,ACC677187,2024-06-17,CREDIT,92104.89,AUD,BR474,COMPLETED,42.2,SOUTH,CREDIT
TXN0006908,CUST5373,ACC796922,2024-04-29,TRANSFER,16636.77,EUR,BR765,PENDING,31.27,SOUTH,
TXN0006909,CUST5702,ACC272702,2024-06-07,TRANSFER,-6002.87,USD,BR169,COMPLETED,23.17,SOUTH,CREDIT
TXN0006910,CUST3631,ACC875643,2024-10-08,DEBIT,-11782.01,EUR,BR266,COMPLETED,84.65,NORTH,
TXN0006911,CUST5201,ACC337798,2024-02-16,PAYMENT,11647.08,EUR,BR702,PENDING,90.63,CENTRAL,LOAN
TXN0006912,CUST4868,ACC817237,2024-02-17,CREDIT,34515.99,USD,BR119,COMPLETED,92.46,CENTRAL,
TXN0006913,CUST7649,ACC844229,2024-01-02,CREDIT,25736.4,USD,BR418,PENDING,,SOUTH,SAVINGS
TXN0006914,CUST4907,ACC925988,2024-06-15,PAYMENT,-5778.05,USD,BR468,PENDING,13.35,EAST,SAVINGS
TXN0006915,CUST2860,ACC451167,2024-01-09,DEBIT,81114.63,USD,BR658,COMPLETED,63.36,EAST,SAVINGS
TXN0006916,CUST3456,ACC612942,2024-03-01,PAYMENT,89036.28,USD,BR918,COMPLETED,25.59,WEST,MORTGAGE
TXN0006917,CUST4144,ACC222600,2024-05-21,CREDIT,16792.77,EUR,BR679,PENDING,79.98,CENTRAL,SAVINGS
TXN0006918,CUST1453,ACC441298,2024-09-12,DEBIT,7322.76,USD,BR931,COMPLETED,31.14,NORTH,SAVINGS
TXN0006919,CUST5023,ACC867405,2024-08-03,PAYMENT,30845.99,EUR,BR525,FAILED,77.31,SOUTH,LOAN
TXN0006920,CUST6087,ACC977101,2024-05-12,CREDIT,15870.77,EUR,BR324,COMPLETED,38.16,SOUTH,CREDIT
TXN0006921,CUST8604,ACC935623,2024-03-20,DEBIT,-48408.55,USD,BR824,COMPLETED,26.78,SOUTH,CREDIT
TXN0006922,CUST8952,ACC491456,2024-09-08,DEBIT,14376.05,USD,BR664,PENDING,50.61,WEST,SAVINGS
TXN0006923,CUST8145,ACC675092,2024-09-15,DEBIT,-38328.65,AUD,BR462,COMPLETED,2.94,NORTH,LOAN
TXN0006924,CUST7914,ACC514146,2024-10-26,DEBIT,-10298.16,USD,BR959,COMPLETED,21.55,SOUTH,CHECKING
TXN0006925,CUST1606,ACC648532,2024-08-05,PAYMENT,13890.36,USD,BR717,COMPLETED,11.76,WEST,MORTGAGE
TXN0006926,CUST4309,ACC788801,2024-03-03,DEBIT,36517.22,USD,BR472,REVERSED,35.38,SOUTH,CHECKING
TXN0006927,CUST3610,ACC959162,2024-06-12,TRANSFER,-26875.78,USD,BR241,COMPLETED,12.95,SOUTH,SAVINGS
TXN0006928,CUST5468,ACC511880,2024-08-29,CREDIT,89782.87,USD,BR397,COMPLETED,58.25,WEST,SAVINGS
TXN0006929,CUST3235,ACC329713,2024-05-06,TRANSFER,39395.26,USD,BR936,COMPLETED,74.01,SOUTH,LOAN
TXN0006930,CUST1477,ACC705048,2024-10-09,WITHDRAWAL,47583.56,USD,BR979,COMPLETED,91.78,,CREDIT
TXN0006931,CUST5233,ACC468191,2024-06-21,CREDIT,20129.19,USD,BR149,COMPLETED,9.72,NORTH,
TXN0006932,CUST5551,ACC886249,2024-06-13,TRANSFER,11667.46,USD,BR447,REVERSED,75.96,CENTRAL,CHECKING
TXN0006933,CUST3883,ACC527817,2024-02-26,CREDIT,-34284.12,EUR,BR970,PENDING,81.25,CENTRAL,MORTGAGE
TXN0006934,CUST1691,ACC821211,2024-03-11,DEBIT,-42894.27,AUD,BR140,FAILED,39.07,SOUTH,
TXN0006935,CUST8960,ACC888073,2024-10-06,TRANSFER,-12263.7,,BR158,FAILED,19.42,SOUTH,SAVINGS
TXN0006936,CUST1326,ACC211596,2024-02-09,DEBIT,79831.98,,BR384,COMPLETED,12.71,NORTH,LOAN
TXN0006937,CUST1906,ACC336783,2024-08-17,PAYMENT,67514.22,USD,BR947,COMPLETED,72.94,WEST,MORTGAGE
TXN0006938,,ACC771580,2024-09-09,TRANSFER,-1633.09,GBP,BR423,COMPLETED,72.33,SOUTH,LOAN
TXN0006939,,ACC775180,2024-06-17,DEBIT,-45605.58,USD,BR907,PENDING,82.3,CENTRAL,LOAN
TXN0006940,CUST5882,ACC575690,2024-02-20,PAYMENT,24147.1,USD,BR189,COMPLETED,91.76,EAST,CREDIT
TXN0006941,CUST2041,ACC263264,2024-03-09,CREDIT,-47914.63,GBP,BR864,COMPLETED,97.05,WEST,LOAN
TXN0006942,CUST7668,ACC974878,2024-04-29,TRANSFER,53171.77,EUR,BR913,COMPLETED,40.55,WEST,LOAN
TXN0006943,CUST6954,ACC827651,2024-10-30,DEBIT,80606.49,USD,BR122,COMPLETED,95.3,SOUTH,CHECKING
TXN0006944,CUST2479,ACC889912,2024-07-09,CREDIT,2179.49,USD,BR850,COMPLETED,68.34,,SAVINGS
TXN0006945,CUST7502,ACC297479,2024-10-15,CREDIT,94230.61,USD,BR508,COMPLETED,1.2,EAST,SAVINGS
TXN0006946,CUST3302,ACC850992,2024-09-11,CREDIT,56553.82,EUR,BR758,COMPLETED,0.82,NORTH,SAVINGS
TXN0006947,CUST4867,ACC100625,2024-09-16,PAYMENT,30532.67,USD,BR490,REVERSED,12.48,CENTRAL,MORTGAGE
TXN0006948,CUST2833,ACC932143,2024-02-20,TRANSFER,-49105.01,EUR,BR882,COMPLETED,32.99,NORTH,SAVINGS
TXN0006949,CUST9196,ACC629018,2024-06-23,DEBIT,84868.35,USD,BR517,COMPLETED,60.01,NORTH,CHECKING
TXN0006950,CUST2976,ACC938792,2024-07-04,PAYMENT,86888.43,USD,BR112,REVERSED,22.33,CENTRAL,LOAN
TXN0006951,CUST9551,ACC213037,2024-05-12,TRANSFER,33039.55,USD,BR482,PENDING,73.14,SOUTH,SAVINGS
TXN0006952,CUST9605,ACC619257,2024-03-20,CREDIT,-23147.09,USD,BR669,COMPLETED,14.81,EAST,SAVINGS
TXN0006953,CUST5125,ACC251367,2024-07-11,PAYMENT,-7407.74,GBP,BR625,COMPLETED,72.86,SOUTH,CHECKING
TXN0006954,CUST9133,ACC175714,2024-11-23,DEBIT,5158.48,USD,BR145,FAILED,83.72,NORTH,SAVINGS
TXN0006955,CUST2478,ACC828694,2024-01-24,DEBIT,18483.02,EUR,BR692,PENDING,73.16,CENTRAL,LOAN
TXN0006956,CUST4900,ACC421447,2024-12-09,CREDIT,-34603.08,AUD,BR423,COMPLETED,43.81,SOUTH,LOAN
TXN0006957,CUST3003,ACC353580,2024-11-02,PAYMENT,43769.81,GBP,BR682,FAILED,55.37,CENTRAL,SAVINGS
TXN0006958,CUST6134,ACC892514,2024-08-24,CREDIT,88146.56,AUD,BR260,FAILED,78.75,CENTRAL,CREDIT
TXN0006959,CUST6395,ACC525847,2024-03-23,DEBIT,22332.8,USD,BR756,PENDING,50.34,NORTH,CHECKING
TXN0006960,CUST7388,ACC417569,2024-04-26,DEBIT,-43138.89,USD,BR367,COMPLETED,20.96,NORTH,SAVINGS
TXN0006961,CUST4865,ACC965318,2024-07-15,CREDIT,14180.44,USD,BR316,COMPLETED,56.15,CENTRAL,SAVINGS
TXN0006962,CUST7928,ACC319408,2024-01-10,DEBIT,-30315.96,USD,BR693,COMPLETED,68.89,CENTRAL,CREDIT
TXN0006963,CUST4571,ACC668293,2024-03-19,CREDIT,-36149.05,USD,BR755,COMPLETED,81.97,NORTH,SAVINGS
TXN0006964,CUST3363,ACC769252,2024-05-31,DEBIT,58919.13,EUR,BR768,PENDING,10.3,CENTRAL,CREDIT
TXN0006965,CUST2750,ACC201279,2024-05-29,PAYMENT,69757.1,USD,BR615,COMPLETED,16.68,EAST,SAVINGS
TXN0006966,,ACC954059,2024-08-10,PAYMENT,-23468.52,USD,BR187,COMPLETED,28.51,EAST,CHECKING
TXN0006967,CUST4507,ACC300284,2024-07-08,PAYMENT,63958.49,AUD,BR444,COMPLETED,19.5,WEST,SAVINGS
TXN0006968,CUST5498,ACC124647,2024-05-23,CREDIT,-5091.07,USD,BR639,COMPLETED,58.35,NORTH,CREDIT
TXN0006969,CUST8200,ACC117007,2024-08-04,DEBIT,79620.21,GBP,BR741,PENDING,,WEST,LOAN
TXN0006970,CUST7690,ACC132608,2024-08-24,WITHDRAWAL,-11158.27,AUD,BR623,REVERSED,21.37,WEST,SAVINGS
TXN0006971,CUST5166,ACC410152,2024-08-27,TRANSFER,-48399.02,USD,BR352,PENDING,27.87,NORTH,CHECKING
TXN0006972,CUST1916,ACC226956,2024-03-13,DEBIT,45263.61,USD,BR266,COMPLETED,66.92,EAST,MORTGAGE
TXN0006973,CUST9034,ACC317146,2024-01-19,WITHDRAWAL,69332.59,EUR,BR258,COMPLETED,90.44,WEST,SAVINGS
TXN0006974,CUST9740,ACC294735,2024-07-02,CREDIT,-33388.27,USD,BR483,COMPLETED,59.26,WEST,CHECKING
TXN0006975,CUST7139,ACC967860,2024-02-03,DEBIT,-26233.95,USD,BR946,COMPLETED,73.56,CENTRAL,SAVINGS
TXN0006976,CUST2850,ACC913766,2024-08-14,CREDIT,92808.19,USD,BR600,COMPLETED,51.65,NORTH,CHECKING
TXN0006977,CUST6185,ACC813536,2024-02-22,DEBIT,61798.29,USD,BR157,COMPLETED,22.04,EAST,CHECKING
TXN0006978,CUST9941,ACC174801,2024-01-14,DEBIT,43323.94,EUR,BR272,PENDING,84.27,CENTRAL,SAVINGS
TXN0006979,CUST7943,ACC170277,2024-08-23,CREDIT,30210.43,EUR,BR213,COMPLETED,40.92,WEST,SAVINGS
TXN0006980,CUST8780,ACC365744,2024-04-14,CREDIT,-20558.15,USD,BR209,COMPLETED,5.64,NORTH,SAVINGS
TXN0006981,CUST5036,ACC574584,2024-02-01,DEBIT,93060.38,GBP,BR521,COMPLETED,82.45,NORTH,CREDIT
TXN0006982,CUST5550,ACC224731,2024-09-13,PAYMENT,19580.05,USD,BR655,COMPLETED,95.41,NORTH,CREDIT
TXN0006983,CUST3374,ACC542412,2024-08-25,TRANSFER,95947.79,EUR,BR866,COMPLETED,17.42,NORTH,LOAN
TXN0006984,CUST6947,ACC474880,2024-03-03,CREDIT,67771.84,USD,BR499,COMPLETED,22.96,SOUTH,SAVINGS
TXN0006985,CUST8786,ACC793722,2024-07-04,DEBIT,-41842.25,USD,BR512,COMPLETED,53.64,EAST,SAVINGS
TXN0006986,CUST7025,ACC522576,2024-07-15,DEBIT,28581.62,EUR,BR780,COMPLETED,39.15,WEST,SAVINGS
TXN0006987,CUST6049,ACC111081,2024-05-14,CREDIT,36434.94,AUD,BR937,COMPLETED,35.74,WEST,CREDIT
TXN0006988,CUST1345,ACC831715,2024-11-29,TRANSFER,-24413.3,EUR,BR144,COMPLETED,9.8,CENTRAL,LOAN
TXN0006989,CUST1570,ACC726587,2024-09-03,CREDIT,65553.99,EUR,BR264,COMPLETED,41.24,SOUTH,CHECKING
TXN0006990,CUST1895,ACC414798,2024-09-29,PAYMENT,1793.88,USD,BR937,COMPLETED,96.79,NORTH,SAVINGS
TXN0006991,CUST4926,ACC459839,2024-11-24,PAYMENT,37599.61,USD,BR651,FAILED,69.33,NORTH,SAVINGS
TXN0006992,CUST5144,ACC506582,2024-04-27,CREDIT,-9859.23,USD,BR723,COMPLETED,87.59,,CHECKING
TXN0006993,CUST7302,ACC493127,2024-09-03,WITHDRAWAL,-7013.76,USD,BR783,COMPLETED,68.99,SOUTH,LOAN
TXN0006994,CUST6067,ACC318573,2024-12-06,DEBIT,19798.63,USD,BR817,REVERSED,26.4,EAST,LOAN
TXN0006995,CUST6945,ACC418543,2024-02-01,CREDIT,81738.48,EUR,BR286,COMPLETED,61.22,WEST,CHECKING
TXN0006996,CUST2999,ACC549339,2024-04-20,TRANSFER,8662.03,AUD,BR637,PENDING,36.99,NORTH,LOAN
TXN0006997,CUST9763,ACC749338,2024-02-20,DEBIT,60177.16,EUR,BR999,COMPLETED,5.0,EAST,
TXN0006998,CUST4872,ACC718335,2024-09-06,DEBIT,30010.68,,BR972,COMPLETED,98.66,WEST,CREDIT
TXN0006999,CUST8248,ACC601680,2024-06-11,DEBIT,79084.81,EUR,BR195,REVERSED,86.69,EAST,LOAN
TXN0007000,CUST7364,ACC766076,2024-06-06,DEBIT,-45611.51,USD,BR363,COMPLETED,36.52,WEST,LOAN
TXN0007001,CUST1128,ACC744667,2024-04-26,PAYMENT,-23545.08,USD,BR729,REVERSED,94.81,WEST,CHECKING
TXN0007002,CUST7438,ACC722158,2024-09-28,CREDIT,66131.24,USD,BR618,PENDING,12.1,NORTH,MORTGAGE
TXN0007003,CUST5186,ACC143908,2024-01-09,DEBIT,1336.31,AUD,BR720,COMPLETED,55.63,SOUTH,MORTGAGE
TXN0007004,CUST5929,ACC812106,2024-04-05,DEBIT,10750.7,USD,BR503,PENDING,56.08,SOUTH,SAVINGS
TXN0007005,CUST2478,ACC615200,2024-08-14,TRANSFER,-30642.13,USD,BR458,COMPLETED,66.19,WEST,CHECKING
TXN0007006,CUST4857,ACC133049,2024-05-31,CREDIT,29817.55,USD,BR544,COMPLETED,7.68,WEST,CHECKING
TXN0007007,CUST5872,ACC624282,2024-02-07,CREDIT,12241.23,USD,BR980,COMPLETED,94.17,EAST,SAVINGS
TXN0007008,CUST4446,ACC435158,2024-06-03,TRANSFER,61448.22,USD,BR772,COMPLETED,0.32,NORTH,SAVINGS
TXN0007009,CUST3625,ACC468571,2024-09-14,CREDIT,78954.49,USD,BR703,COMPLETED,10.72,EAST,SAVINGS
TXN0007010,CUST8190,ACC132548,2024-06-15,DEBIT,30957.56,USD,BR777,COMPLETED,65.8,NORTH,CREDIT
TXN0007011,CUST6196,ACC368207,2024-12-27,CREDIT,-27691.72,USD,BR973,FAILED,11.57,EAST,SAVINGS
TXN0007012,CUST7656,ACC834665,2024-08-23,DEBIT,23633.38,USD,BR196,COMPLETED,82.31,NORTH,CHECKING
TXN0007013,CUST1555,ACC596602,2024-12-09,PAYMENT,48727.01,AUD,BR946,COMPLETED,54.76,CENTRAL,CREDIT
TXN0007014,CUST5489,ACC936587,2024-04-02,DEBIT,68819.06,USD,BR830,COMPLETED,15.68,NORTH,MORTGAGE
TXN0007015,,ACC502396,2024-07-15,DEBIT,77485.39,USD,BR593,PENDING,22.83,SOUTH,CHECKING
TXN0007016,CUST9055,ACC889491,2024-01-26,CREDIT,81249.19,USD,BR665,COMPLETED,10.59,EAST,CREDIT
TXN0007017,CUST8718,ACC665200,2024-03-23,CREDIT,-24739.62,USD,BR213,COMPLETED,65.84,NORTH,CREDIT
TXN0007018,CUST7765,ACC907180,2024-10-15,DEBIT,-42910.19,EUR,BR883,REVERSED,65.89,WEST,
TXN0007019,CUST6451,ACC202767,2024-03-29,CREDIT,48065.6,USD,BR474,REVERSED,7.97,SOUTH,SAVINGS
TXN0007020,CUST7920,ACC543234,2024-06-19,CREDIT,57740.48,EUR,BR364,COMPLETED,43.26,,CHECKING
TXN0007021,CUST2644,ACC822040,2024-05-12,TRANSFER,18651.85,AUD,BR791,COMPLETED,38.77,CENTRAL,CREDIT
TXN0007022,CUST3627,ACC715644,2024-07-20,CREDIT,-16027.27,USD,BR868,COMPLETED,52.07,CENTRAL,CREDIT
TXN0007023,CUST5275,ACC750360,2024-12-16,TRANSFER,5749.24,USD,BR665,COMPLETED,47.59,SOUTH,CHECKING
TXN0007024,CUST9295,ACC468107,2024-09-27,DEBIT,557.65,USD,BR815,FAILED,27.59,EAST,SAVINGS
TXN0007025,CUST2087,ACC818115,2024-07-25,CREDIT,2761.35,AUD,BR292,COMPLETED,85.42,WEST,MORTGAGE
TXN0007026,CUST6764,ACC614125,2024-03-16,CREDIT,82431.66,USD,BR493,FAILED,,EAST,LOAN
TXN0007027,CUST7895,ACC128655,2024-08-18,DEBIT,-34158.67,EUR,BR922,COMPLETED,48.15,NORTH,CREDIT
TXN0007028,CUST9973,ACC498424,2024-04-05,CREDIT,-31512.54,USD,BR188,COMPLETED,36.56,WEST,CHECKING
TXN0007029,CUST6353,ACC140550,2024-10-11,DEBIT,15716.73,USD,BR858,COMPLETED,86.78,NORTH,SAVINGS
TXN0007030,CUST8426,ACC611126,2024-09-21,CREDIT,6817.72,EUR,BR899,REVERSED,91.43,CENTRAL,LOAN
TXN0007031,CUST1448,ACC895921,2024-06-02,DEBIT,-38466.68,USD,BR170,COMPLETED,82.98,NORTH,SAVINGS
TXN0007032,CUST1853,ACC191046,2024-01-24,DEBIT,55792.3,USD,BR423,COMPLETED,89.32,,CHECKING
TXN0007033,CUST4010,ACC597939,2024-08-17,CREDIT,-27248.98,GBP,BR347,COMPLETED,98.87,SOUTH,CHECKING
TXN0007034,CUST8264,ACC364405,2024-08-01,DEBIT,35881.09,EUR,BR671,PENDING,17.91,NORTH,LOAN
TXN0007035,CUST3229,ACC670147,2024-08-07,CREDIT,81394.01,GBP,BR325,COMPLETED,43.62,WEST,LOAN
TXN0007036,CUST1050,ACC196520,2024-05-08,CREDIT,95241.06,USD,BR327,COMPLETED,6.82,EAST,LOAN
TXN0007037,CUST7564,ACC186994,2024-03-10,DEBIT,31253.13,USD,BR486,COMPLETED,93.83,WEST,MORTGAGE
TXN0007038,CUST4278,ACC357309,2024-01-06,CREDIT,9485.13,EUR,BR497,COMPLETED,78.66,NORTH,LOAN
TXN0007039,CUST6006,ACC859461,2024-08-16,DEBIT,81020.82,USD,BR880,COMPLETED,6.97,SOUTH,LOAN
TXN0007040,CUST6140,ACC970978,2024-11-30,DEBIT,-21070.65,USD,BR754,COMPLETED,97.51,NORTH,SAVINGS
TXN0007041,CUST2347,ACC850369,2024-07-12,TRANSFER,78382.13,USD,BR968,FAILED,56.08,EAST,LOAN
TXN0007042,CUST2815,ACC761964,2024-12-15,TRANSFER,-41847.38,EUR,BR891,COMPLETED,63.6,SOUTH,CREDIT
TXN0007043,CUST3585,ACC198572,2024-04-15,DEBIT,67082.25,USD,BR412,FAILED,92.89,CENTRAL,SAVINGS
TXN0007044,CUST5089,ACC576773,2024-03-14,TRANSFER,-13479.6,USD,BR391,COMPLETED,92.29,NORTH,LOAN
TXN0007045,CUST9460,ACC498302,2024-09-01,CREDIT,79258.82,USD,BR704,COMPLETED,7.62,SOUTH,SAVINGS
TXN0007046,CUST3131,ACC885438,2024-02-04,WITHDRAWAL,27014.85,USD,BR301,COMPLETED,3.06,NORTH,CREDIT
TXN0007047,,ACC453771,2024-12-27,PAYMENT,-21798.87,USD,BR389,COMPLETED,78.57,SOUTH,CREDIT
TXN0007048,CUST6233,ACC353103,2024-04-15,CREDIT,-28355.99,EUR,BR577,COMPLETED,39.95,SOUTH,LOAN
TXN0007049,CUST8397,ACC732929,2024-06-22,DEBIT,-40908.02,EUR,BR817,COMPLETED,79.83,EAST,CHECKING
TXN0007050,CUST8837,ACC592075,2024-04-16,WITHDRAWAL,-27774.2,AUD,BR388,COMPLETED,29.78,SOUTH,CREDIT
TXN0007051,CUST3187,ACC136010,2024-10-07,DEBIT,-1065.96,EUR,BR334,COMPLETED,33.16,WEST,CHECKING
TXN0007052,CUST5270,ACC438556,2024-07-24,TRANSFER,-8613.83,AUD,BR153,FAILED,15.73,EAST,SAVINGS
TXN0007053,CUST3842,ACC424863,2024-08-31,WITHDRAWAL,-43099.91,EUR,BR338,COMPLETED,49.34,CENTRAL,LOAN
TXN0007054,CUST6367,ACC679470,2024-08-01,WITHDRAWAL,32436.97,USD,BR401,COMPLETED,25.87,CENTRAL,SAVINGS
TXN0007055,CUST5616,ACC914915,2024-12-20,WITHDRAWAL,91785.65,GBP,BR758,COMPLETED,8.61,EAST,SAVINGS
TXN0007056,CUST4254,ACC838239,2024-03-11,WITHDRAWAL,-47056.99,USD,BR245,COMPLETED,41.16,SOUTH,LOAN
TXN0007057,CUST2382,ACC996157,2024-07-02,DEBIT,42166.66,USD,BR540,PENDING,75.45,CENTRAL,LOAN
TXN0007058,CUST7791,ACC573116,2024-11-05,CREDIT,-47248.8,USD,BR576,COMPLETED,98.63,EAST,LOAN
TXN0007059,CUST7022,ACC327074,2024-03-05,CREDIT,15879.0,USD,BR660,COMPLETED,90.51,EAST,SAVINGS
TXN0007060,CUST3980,ACC743529,2024-04-21,CREDIT,70113.5,USD,BR865,COMPLETED,8.5,SOUTH,CHECKING
TXN0007061,CUST7447,ACC530552,2024-09-27,CREDIT,19462.99,USD,BR895,REVERSED,73.75,WEST,LOAN
TXN0007062,CUST7182,ACC199566,2024-08-08,TRANSFER,-19354.35,USD,BR374,COMPLETED,65.69,WEST,LOAN
TXN0007063,CUST4677,ACC110793,2024-09-15,CREDIT,93791.17,GBP,BR931,REVERSED,71.99,SOUTH,LOAN
TXN0007064,CUST1339,ACC817041,2024-08-31,TRANSFER,47416.68,USD,BR449,COMPLETED,63.85,NORTH,LOAN
TXN0007065,CUST1376,ACC234620,2024-11-06,CREDIT,33826.86,USD,BR920,COMPLETED,37.96,,SAVINGS
TXN0007066,CUST4747,ACC722255,2024-01-27,DEBIT,86704.49,AUD,BR505,COMPLETED,60.49,WEST,LOAN
TXN0007067,CUST2457,ACC808043,2024-07-27,DEBIT,72583.58,USD,BR544,COMPLETED,79.94,WEST,LOAN
TXN0007068,CUST8576,ACC918764,2024-12-09,TRANSFER,30372.52,GBP,BR849,COMPLETED,46.75,CENTRAL,CREDIT
TXN0007069,CUST4248,ACC129607,2024-12-21,TRANSFER,-19986.57,USD,BR987,COMPLETED,69.64,WEST,CHECKING
TXN0007070,CUST5289,ACC630888,2024-01-16,CREDIT,83316.78,USD,BR166,PENDING,6.62,EAST,CHECKING
TXN0007071,CUST3764,ACC566018,2024-05-14,CREDIT,83805.12,AUD,BR211,PENDING,14.66,EAST,CREDIT
TXN0007072,CUST1815,ACC172456,2027-01-01,CREDIT,63200.38,USD,BR885,PENDING,32.9,SOUTH,CHECKING
TXN0007073,CUST7570,ACC626461,2024-09-24,CREDIT,97336.19,EUR,BR436,COMPLETED,6.4,CENTRAL,SAVINGS
TXN0007074,CUST8027,ACC290036,2024-07-20,DEBIT,45958.28,USD,BR458,COMPLETED,59.23,SOUTH,SAVINGS
TXN0007075,CUST5262,ACC585679,2024-10-29,DEBIT,15552.64,USD,BR508,REVERSED,35.59,WEST,MORTGAGE
TXN0007076,CUST3445,ACC388086,2024-12-13,WITHDRAWAL,-1608.01,USD,BR675,COMPLETED,53.74,NORTH,MORTGAGE
TXN0007077,CUST2459,ACC830994,2024-04-29,CREDIT,-6069.04,USD,BR760,COMPLETED,44.88,NORTH,CREDIT
TXN0007078,CUST7028,ACC692497,2024-03-31,TRANSFER,-6920.56,EUR,BR178,COMPLETED,79.03,WEST,CHECKING
TXN0007079,CUST3787,ACC507034,2024-01-30,WITHDRAWAL,94021.87,EUR,BR518,COMPLETED,7.25,NORTH,CHECKING
TXN0007080,CUST2922,ACC940231,2024-12-21,WITHDRAWAL,94345.31,GBP,BR103,COMPLETED,,SOUTH,CHECKING
TXN0007081,CUST1231,ACC661683,2024-06-20,DEBIT,77747.51,USD,BR710,COMPLETED,9.39,NORTH,SAVINGS
TXN0007082,CUST9615,ACC785456,2024-07-08,DEBIT,63286.98,USD,BR492,COMPLETED,53.01,SOUTH,LOAN
TXN0007083,CUST8129,ACC859516,2024-04-30,PAYMENT,68510.14,EUR,BR414,PENDING,27.4,NORTH,LOAN
TXN0007084,CUST8433,ACC151081,2024-05-12,TRANSFER,-15284.23,USD,BR787,FAILED,81.11,WEST,CHECKING
TXN0007085,CUST9096,ACC365503,2024-01-04,TRANSFER,-45901.94,GBP,BR158,COMPLETED,56.1,EAST,CREDIT
TXN0007086,CUST2941,ACC714110,2024-06-26,TRANSFER,-49127.63,,BR478,COMPLETED,50.61,WEST,CREDIT
TXN0007087,CUST4677,ACC223384,2024-01-14,TRANSFER,14589.3,USD,BR549,PENDING,2.4,SOUTH,CHECKING
TXN0007088,,ACC832133,2024-12-17,TRANSFER,,USD,BR623,COMPLETED,64.04,NORTH,SAVINGS
TXN0007089,CUST4121,ACC641837,2024-09-25,TRANSFER,71789.3,USD,BR605,COMPLETED,39.28,WEST,SAVINGS
TXN0007090,CUST5361,ACC614954,2024-11-05,PAYMENT,75481.23,USD,BR969,REVERSED,57.35,NORTH,MORTGAGE
TXN0007091,CUST5717,ACC282366,2024-03-15,DEBIT,57185.3,USD,BR538,COMPLETED,89.77,SOUTH,CREDIT
TXN0007092,CUST9096,ACC573668,2024-08-30,DEBIT,-49803.22,USD,BR527,COMPLETED,67.0,SOUTH,CHECKING
TXN0007093,CUST7259,ACC407641,2024-04-12,DEBIT,30052.3,USD,BR128,COMPLETED,93.27,WEST,SAVINGS
TXN0007094,CUST3133,ACC995017,2024-10-22,TRANSFER,54446.92,AUD,BR880,COMPLETED,0.37,SOUTH,CHECKING
TXN0007095,CUST8066,ACC270651,2024-08-02,PAYMENT,92759.56,USD,BR891,COMPLETED,84.4,WEST,SAVINGS
TXN0007096,CUST4385,ACC141750,2024-02-12,WITHDRAWAL,24474.85,USD,BR849,COMPLETED,94.24,,CHECKING
TXN0007097,CUST4531,ACC404387,2024-06-16,DEBIT,-44277.31,USD,BR177,COMPLETED,84.29,WEST,SAVINGS
TXN0007098,CUST5636,ACC730320,2024-11-01,TRANSFER,-8612.05,USD,BR582,COMPLETED,76.38,CENTRAL,CHECKING
TXN0007099,CUST4102,ACC447514,2024-08-18,DEBIT,79330.44,EUR,BR657,FAILED,6.23,CENTRAL,LOAN
TXN0007100,CUST7853,ACC547460,2024-08-07,WITHDRAWAL,52486.25,USD,BR261,COMPLETED,90.03,SOUTH,SAVINGS
TXN0007101,CUST3955,ACC215002,2024-05-11,DEBIT,20546.59,GBP,BR792,COMPLETED,37.84,EAST,LOAN
TXN0007102,CUST7693,ACC820169,2024-01-05,CREDIT,43572.82,USD,BR737,COMPLETED,81.32,EAST,LOAN
TXN0007103,CUST3391,ACC262315,2024-06-09,TRANSFER,-49202.78,USD,BR490,PENDING,30.8,SOUTH,CHECKING
TXN0007104,CUST1471,ACC978050,2024-04-08,DEBIT,-7602.03,EUR,BR973,COMPLETED,45.23,EAST,LOAN
TXN0007105,CUST5754,ACC180552,2024-12-15,CREDIT,82536.66,USD,BR198,COMPLETED,9.01,EAST,SAVINGS
TXN0007106,CUST5289,ACC308795,2024-12-01,TRANSFER,96629.11,EUR,BR986,COMPLETED,31.66,CENTRAL,SAVINGS
TXN0007107,CUST4858,ACC605566,2024-06-13,PAYMENT,45317.88,EUR,BR977,FAILED,6.48,SOUTH,CHECKING
TXN0007108,CUST8388,ACC609867,2024-07-29,CREDIT,92081.74,EUR,BR391,PENDING,,NORTH,
TXN0007109,CUST5068,ACC361140,2024-08-18,CREDIT,62136.49,USD,BR866,PENDING,18.65,WEST,LOAN
TXN0007110,CUST7056,ACC105969,2024-01-30,CREDIT,73215.3,AUD,BR743,PENDING,32.11,SOUTH,SAVINGS
TXN0007111,CUST8506,ACC506117,2024-08-30,PAYMENT,-41347.24,GBP,BR582,COMPLETED,36.2,SOUTH,CHECKING
TXN0007112,CUST2404,ACC913422,2024-09-13,TRANSFER,20483.48,EUR,BR332,REVERSED,90.83,EAST,LOAN
TXN0007113,CUST1169,ACC880697,2024-10-31,PAYMENT,-31026.76,EUR,BR117,COMPLETED,3.58,WEST,CHECKING
TXN0007114,CUST8682,ACC945993,2024-08-25,TRANSFER,48228.05,USD,BR563,COMPLETED,17.07,EAST,CREDIT
TXN0007115,CUST3182,ACC785633,2024-09-12,WITHDRAWAL,36542.48,USD,BR399,COMPLETED,26.48,CENTRAL,CREDIT
TXN0007116,CUST6296,ACC285211,2024-12-29,CREDIT,-26029.13,USD,BR654,REVERSED,82.6,EAST,CREDIT
TXN0007117,CUST7513,ACC909985,2024-06-22,PAYMENT,18316.76,USD,BR836,COMPLETED,63.43,WEST,LOAN
TXN0007118,CUST4476,ACC495019,2024-06-25,DEBIT,-10567.2,USD,BR129,COMPLETED,53.07,SOUTH,CREDIT
TXN0007119,CUST7283,ACC146005,2024-05-10,DEBIT,-32962.67,EUR,BR253,COMPLETED,1.17,EAST,SAVINGS
TXN0007120,CUST7935,ACC416960,2024-03-22,CREDIT,-21789.08,USD,BR567,COMPLETED,87.85,CENTRAL,MORTGAGE
TXN0007121,CUST5198,ACC291551,2024-08-11,TRANSFER,52844.34,USD,BR712,COMPLETED,46.52,NORTH,CHECKING
TXN0007122,CUST2196,ACC334275,2024-02-09,DEBIT,65191.25,USD,BR609,PENDING,82.26,NORTH,SAVINGS
TXN0007123,CUST2561,ACC456589,2024-10-27,DEBIT,-1903.75,USD,BR848,COMPLETED,73.21,NORTH,
TXN0007124,CUST1962,ACC816212,2024-12-26,CREDIT,44586.59,USD,BR829,PENDING,87.57,NORTH,LOAN
TXN0007125,CUST1853,ACC711917,2024-01-15,DEBIT,-42510.0,USD,BR816,COMPLETED,28.7,WEST,SAVINGS
TXN0007126,CUST6453,ACC986611,2024-05-03,PAYMENT,78138.63,GBP,BR237,COMPLETED,17.94,EAST,MORTGAGE
TXN0007127,CUST4847,ACC617316,2024-09-26,WITHDRAWAL,84253.48,USD,BR608,PENDING,64.37,NORTH,CHECKING
TXN0007128,CUST8715,ACC339843,2024-05-12,DEBIT,31812.86,EUR,BR307,COMPLETED,87.59,EAST,SAVINGS
TXN0007129,CUST6804,ACC848502,2024-03-16,TRANSFER,92634.8,AUD,BR112,COMPLETED,93.95,SOUTH,CHECKING
TXN0007130,CUST1745,ACC566266,2024-04-02,DEBIT,87333.55,USD,BR214,COMPLETED,59.02,WEST,MORTGAGE
TXN0007131,CUST1087,ACC947688,2024-09-01,TRANSFER,-739.51,USD,BR943,COMPLETED,8.77,WEST,SAVINGS
TXN0007132,CUST5155,ACC834821,2024-04-17,DEBIT,22329.53,USD,BR701,COMPLETED,74.65,CENTRAL,LOAN
TXN0007133,CUST9266,ACC221728,2024-07-25,CREDIT,85435.49,USD,BR728,COMPLETED,53.51,CENTRAL,LOAN
TXN0007134,CUST7241,ACC206470,2024-03-07,WITHDRAWAL,26191.41,USD,BR537,COMPLETED,45.53,WEST,SAVINGS
TXN0007135,CUST5956,ACC272420,2024-08-21,CREDIT,-49964.35,USD,BR739,COMPLETED,18.6,WEST,CREDIT
TXN0007136,CUST7466,ACC245967,2024-04-15,DEBIT,-7587.56,USD,BR908,REVERSED,61.96,WEST,CREDIT
TXN0007137,CUST7076,ACC238410,2024-04-02,DEBIT,22707.24,USD,BR989,COMPLETED,39.89,EAST,SAVINGS
TXN0007138,CUST3166,ACC876319,2024-01-31,DEBIT,-46345.74,USD,BR698,COMPLETED,7.04,WEST,LOAN
TXN0007139,CUST1673,ACC734604,2024-12-27,CREDIT,-26012.97,USD,BR412,COMPLETED,,CENTRAL,CREDIT
TXN0007140,CUST3938,ACC690107,2024-03-31,PAYMENT,-25308.5,AUD,BR504,COMPLETED,7.22,WEST,LOAN
TXN0007141,CUST5264,ACC124828,2024-03-30,WITHDRAWAL,-1174.58,USD,BR960,COMPLETED,70.79,SOUTH,LOAN
TXN0007142,CUST3783,ACC559378,2024-11-25,TRANSFER,-49599.7,AUD,BR481,PENDING,61.83,,CHECKING
TXN0007143,CUST9253,ACC620246,2024-03-16,DEBIT,-25430.52,USD,BR914,FAILED,66.07,EAST,SAVINGS
TXN0007144,CUST9074,ACC484487,2024-09-03,TRANSFER,-2789.93,GBP,BR901,COMPLETED,85.11,NORTH,CHECKING
TXN0007145,CUST6557,ACC932923,2024-02-22,WITHDRAWAL,-22432.34,USD,BR924,COMPLETED,50.91,SOUTH,MORTGAGE
TXN0007146,CUST8669,ACC832871,2024-02-24,PAYMENT,5567.71,EUR,BR256,COMPLETED,85.49,NORTH,CREDIT
TXN0007147,CUST3161,ACC550859,2024-02-08,CREDIT,-28994.7,AUD,BR208,COMPLETED,53.31,NORTH,SAVINGS
TXN0007148,CUST2468,ACC121535,2024-08-25,DEBIT,30436.64,USD,BR586,COMPLETED,33.86,WEST,LOAN
TXN0007149,CUST6198,ACC842820,2024-07-08,DEBIT,-39055.08,AUD,BR399,COMPLETED,49.33,WEST,SAVINGS
TXN0007150,CUST9690,ACC650686,2024-11-29,WITHDRAWAL,76331.77,USD,BR995,COMPLETED,70.34,WEST,SAVINGS
TXN0007151,CUST8093,ACC827514,2024-09-07,CREDIT,84754.68,AUD,BR480,COMPLETED,6.49,NORTH,SAVINGS
TXN0007152,CUST3323,ACC486178,2024-08-06,WITHDRAWAL,-32440.05,USD,BR768,PENDING,98.93,EAST,SAVINGS
TXN0007153,CUST5266,ACC765669,2024-11-06,TRANSFER,-578.57,USD,BR500,COMPLETED,29.45,NORTH,SAVINGS
TXN0007154,CUST2914,ACC669884,2024-03-02,WITHDRAWAL,-12066.19,USD,BR421,COMPLETED,92.11,EAST,SAVINGS
TXN0007155,CUST6132,ACC211493,2024-09-08,WITHDRAWAL,-37906.9,EUR,BR669,REVERSED,69.82,CENTRAL,CREDIT
TXN0007156,CUST1723,ACC538959,2024-02-24,PAYMENT,70146.29,,BR695,FAILED,48.86,SOUTH,LOAN
TXN0007157,CUST3095,ACC596666,2024-08-04,DEBIT,32928.66,EUR,BR809,COMPLETED,54.11,CENTRAL,CHECKING
TXN0007158,CUST9179,ACC135165,2024-03-25,DEBIT,21097.51,EUR,BR659,REVERSED,58.94,WEST,MORTGAGE
TXN0007159,CUST5603,ACC392450,2024-01-30,CREDIT,64115.39,USD,BR648,COMPLETED,88.03,SOUTH,SAVINGS
TXN0007160,CUST6907,ACC557484,2024-05-30,DEBIT,66200.93,USD,BR372,COMPLETED,72.67,NORTH,CHECKING
TXN0007161,CUST8046,ACC684352,2024-03-21,TRANSFER,-47981.19,USD,BR300,COMPLETED,52.58,NORTH,MORTGAGE
TXN0007162,CUST5635,ACC836150,2024-11-11,CREDIT,4216.54,USD,BR922,COMPLETED,57.83,EAST,SAVINGS
TXN0007163,CUST5312,ACC542766,2024-10-05,TRANSFER,-18760.38,USD,BR666,COMPLETED,1.9,WEST,CREDIT
TXN0007164,CUST5321,ACC170190,2024-07-09,DEBIT,79817.99,USD,BR533,COMPLETED,36.68,WEST,SAVINGS
TXN0007165,CUST9470,ACC168341,2024-02-28,CREDIT,61926.09,USD,BR675,COMPLETED,73.27,SOUTH,LOAN
TXN0007166,CUST6128,ACC191480,2024-05-27,TRANSFER,-31945.42,GBP,BR402,COMPLETED,80.67,,CHECKING
TXN0007167,CUST8139,ACC375540,2024-05-17,PAYMENT,29589.75,USD,BR946,PENDING,26.78,NORTH,MORTGAGE
TXN0007168,CUST3703,ACC796990,2024-10-09,TRANSFER,-9915.02,USD,BR410,COMPLETED,57.14,WEST,SAVINGS
TXN0007169,CUST6169,ACC475015,2024-07-25,DEBIT,26932.29,AUD,BR962,COMPLETED,4.19,CENTRAL,SAVINGS
TXN0007170,CUST9049,ACC597680,2024-10-22,PAYMENT,3828.43,AUD,BR331,COMPLETED,90.94,EAST,LOAN
TXN0007171,CUST3478,ACC520821,2024-10-10,DEBIT,-36111.79,EUR,BR805,COMPLETED,42.64,EAST,LOAN
TXN0007172,CUST8208,ACC631747,2024-04-29,PAYMENT,-6576.0,USD,BR670,COMPLETED,32.75,CENTRAL,LOAN
TXN0007173,CUST1871,ACC355047,2024-01-17,DEBIT,-30923.67,USD,BR123,COMPLETED,37.58,CENTRAL,LOAN
TXN0007174,CUST4095,ACC244207,2024-07-10,DEBIT,95166.03,GBP,BR783,COMPLETED,71.28,NORTH,LOAN
TXN0007175,CUST3435,ACC226889,2024-03-30,CREDIT,90448.22,EUR,BR501,COMPLETED,44.85,NORTH,LOAN
TXN0007176,CUST1894,ACC125280,2024-02-23,WITHDRAWAL,-49513.8,USD,BR635,,84.7,EAST,SAVINGS
TXN0007177,CUST4766,ACC269864,2024-08-05,PAYMENT,-11256.31,GBP,BR380,COMPLETED,31.68,EAST,SAVINGS
TXN0007178,CUST4000,ACC190573,2024-10-23,CREDIT,88754.1,USD,BR208,COMPLETED,69.52,EAST,MORTGAGE
TXN0007179,CUST1587,ACC698129,2024-01-05,DEBIT,96630.26,USD,BR945,COMPLETED,57.02,WEST,MORTGAGE
TXN0007180,CUST8704,ACC295864,2024-04-16,DEBIT,60246.46,USD,BR410,COMPLETED,4.59,WEST,CREDIT
TXN0007181,CUST5263,ACC796926,2024-10-26,WITHDRAWAL,6052.27,USD,BR482,FAILED,47.72,WEST,SAVINGS
TXN0007182,CUST3679,ACC306063,2024-04-01,CREDIT,-316.92,GBP,BR577,PENDING,13.38,WEST,SAVINGS
TXN0007183,CUST8653,ACC567771,2024-04-05,TRANSFER,37071.58,EUR,BR689,COMPLETED,50.42,CENTRAL,CREDIT
TXN0007184,CUST8150,ACC791915,2024-01-16,DEBIT,87129.93,USD,BR462,COMPLETED,60.47,CENTRAL,CHECKING
TXN0007185,CUST2900,ACC672437,2024-04-02,DEBIT,-18073.85,EUR,BR455,PENDING,94.93,WEST,CHECKING
TXN0007186,CUST9108,ACC491451,2024-07-30,DEBIT,70332.73,USD,BR854,COMPLETED,93.08,,SAVINGS
TXN0007187,CUST1668,ACC684443,2024-10-18,DEBIT,-26896.28,USD,BR931,FAILED,92.67,WEST,CHECKING
TXN0007188,CUST8233,ACC375782,2024-10-08,CREDIT,11074.88,USD,BR981,COMPLETED,69.51,WEST,CREDIT
TXN0007189,CUST6841,ACC601093,2024-01-08,TRANSFER,43745.1,EUR,BR839,COMPLETED,60.58,NORTH,
TXN0007190,CUST8949,ACC170064,2024-02-18,CREDIT,67689.08,USD,BR917,COMPLETED,39.05,EAST,CREDIT
TXN0007191,CUST8499,ACC928373,2024-05-16,CREDIT,7401.12,GBP,BR913,COMPLETED,23.98,WEST,LOAN
TXN0007192,CUST9077,ACC788141,2024-04-04,WITHDRAWAL,35761.74,EUR,BR565,COMPLETED,73.91,WEST,CREDIT
TXN0007193,CUST2843,ACC294521,2024-12-13,WITHDRAWAL,87605.89,GBP,BR301,PENDING,4.91,NORTH,CREDIT
TXN0007194,CUST3425,ACC710397,2024-07-22,DEBIT,-10215.74,USD,BR666,REVERSED,77.75,EAST,CHECKING
TXN0007195,CUST3025,ACC533330,2024-05-17,DEBIT,-16081.06,USD,BR985,REVERSED,62.46,NORTH,CHECKING
TXN0007196,CUST6727,ACC221477,2024-09-10,CREDIT,19820.18,USD,BR167,COMPLETED,14.96,NORTH,LOAN
TXN0007197,CUST2533,ACC686852,2024-02-09,WITHDRAWAL,41762.77,EUR,BR450,FAILED,52.79,WEST,SAVINGS
TXN0007198,CUST4337,ACC141686,2024-02-01,CREDIT,-43693.66,USD,BR748,FAILED,74.17,EAST,SAVINGS
TXN0007199,CUST5654,ACC343529,2024-08-04,DEBIT,90350.96,EUR,BR534,COMPLETED,56.11,CENTRAL,LOAN
TXN0007200,CUST3959,ACC312281,2024-10-06,PAYMENT,51157.78,USD,BR834,COMPLETED,0.13,WEST,CHECKING
TXN0007201,CUST3757,ACC254546,2024-01-13,PAYMENT,-23274.89,USD,BR562,COMPLETED,23.52,EAST,LOAN
TXN0007202,,ACC414932,2024-02-06,PAYMENT,-19451.76,GBP,BR691,COMPLETED,24.93,WEST,CHECKING
TXN0007203,CUST5469,ACC239685,2024-08-18,DEBIT,-42734.44,USD,BR709,COMPLETED,55.29,SOUTH,SAVINGS
TXN0007204,CUST4479,ACC882911,2024-08-25,DEBIT,96814.03,USD,BR580,COMPLETED,93.17,EAST,LOAN
TXN0007205,CUST1067,ACC835548,2024-01-10,CREDIT,5045.13,USD,BR758,COMPLETED,14.66,NORTH,CREDIT
TXN0007206,CUST9618,ACC509688,2024-04-20,WITHDRAWAL,-20195.77,USD,BR234,COMPLETED,96.97,WEST,SAVINGS
TXN0007207,CUST3958,ACC111737,2024-02-11,PAYMENT,71679.78,EUR,BR642,COMPLETED,49.71,NORTH,CREDIT
TXN0007208,CUST7822,ACC489921,2024-07-23,DEBIT,15840.71,USD,BR182,COMPLETED,17.65,SOUTH,MORTGAGE
TXN0007209,CUST2258,ACC162908,2024-04-09,DEBIT,-27693.21,USD,BR452,COMPLETED,41.08,,CREDIT
TXN0007210,CUST5033,ACC634979,2024-08-16,DEBIT,74415.69,EUR,BR534,FAILED,36.5,EAST,SAVINGS
TXN0007211,CUST9161,ACC926369,2024-01-21,TRANSFER,77148.41,USD,BR185,COMPLETED,1.43,NORTH,SAVINGS
TXN0007212,CUST2545,ACC112756,2024-06-24,PAYMENT,-19462.15,EUR,BR292,COMPLETED,13.36,NORTH,MORTGAGE
TXN0007213,CUST6384,ACC218229,2024-12-16,TRANSFER,-19222.52,USD,BR764,FAILED,89.54,WEST,LOAN
TXN0007214,CUST1425,ACC650044,2024-01-06,PAYMENT,76797.73,AUD,BR121,FAILED,29.51,EAST,CHECKING
TXN0007215,CUST5657,ACC798258,2024-01-17,TRANSFER,42347.5,USD,BR228,COMPLETED,30.19,CENTRAL,CHECKING
TXN0007216,CUST2998,ACC378803,2024-05-29,DEBIT,-29464.47,USD,BR908,PENDING,26.52,NORTH,LOAN
TXN0007217,CUST7458,ACC714017,2024-10-25,DEBIT,-3059.34,AUD,BR742,COMPLETED,15.78,EAST,LOAN
TXN0007218,CUST7120,ACC656289,2024-04-11,TRANSFER,98269.74,AUD,BR332,PENDING,28.83,EAST,CREDIT
TXN0007219,CUST2737,ACC109287,2024-04-16,CREDIT,-39572.22,EUR,BR977,COMPLETED,35.3,SOUTH,CREDIT
TXN0007220,CUST6300,ACC418079,2024-04-04,CREDIT,-16725.79,USD,BR265,,78.34,CENTRAL,CHECKING
TXN0007221,CUST3519,ACC950879,2024-07-30,PAYMENT,14538.08,USD,BR901,COMPLETED,65.12,WEST,SAVINGS
TXN0007222,CUST1473,ACC243719,2024-08-22,DEBIT,36790.37,USD,BR592,COMPLETED,37.43,SOUTH,SAVINGS
TXN0007223,CUST2328,ACC435050,2024-04-03,DEBIT,80445.12,USD,BR993,FAILED,78.97,WEST,SAVINGS
TXN0007224,CUST8540,ACC355512,2024-05-09,WITHDRAWAL,14601.89,USD,BR512,COMPLETED,18.52,CENTRAL,LOAN
TXN0007225,CUST8861,ACC603724,2024-05-23,DEBIT,-18865.66,USD,BR320,PENDING,63.95,WEST,MORTGAGE
TXN0007226,CUST8439,ACC940145,2024-07-11,PAYMENT,14128.28,GBP,BR709,REVERSED,64.92,WEST,LOAN
TXN0007227,CUST5412,ACC323934,2024-10-22,DEBIT,51698.37,USD,BR192,COMPLETED,34.26,CENTRAL,CHECKING
TXN0007228,CUST1095,ACC297831,2024-04-24,DEBIT,-20756.18,USD,BR503,COMPLETED,66.75,NORTH,CREDIT
TXN0007229,CUST6397,ACC796292,2024-02-27,PAYMENT,48668.1,USD,BR828,PENDING,83.58,NORTH,CREDIT
TXN0007230,CUST1718,ACC597821,2024-08-13,TRANSFER,85169.13,USD,BR746,PENDING,33.34,CENTRAL,CHECKING
TXN0007231,CUST8423,ACC601508,2024-03-22,CREDIT,95309.28,USD,BR895,COMPLETED,29.58,SOUTH,CREDIT
TXN0007232,CUST6323,ACC601989,2024-10-15,DEBIT,53947.56,USD,BR734,COMPLETED,69.61,EAST,SAVINGS
TXN0007233,CUST3118,ACC324523,2024-05-22,WITHDRAWAL,39427.09,USD,BR390,COMPLETED,33.39,NORTH,SAVINGS
TXN0007234,CUST4463,ACC203858,2024-08-15,DEBIT,68829.64,USD,BR897,COMPLETED,49.34,EAST,MORTGAGE
TXN0007235,CUST1797,ACC280793,2024-08-09,CREDIT,5924.89,USD,BR716,REVERSED,,NORTH,CHECKING
TXN0007236,CUST5635,ACC506698,2024-05-03,PAYMENT,13106.94,USD,BR611,COMPLETED,90.34,EAST,SAVINGS
TXN0007237,CUST6294,ACC679896,2027-01-01,TRANSFER,64094.45,USD,BR311,PENDING,5.04,WEST,SAVINGS
TXN0007238,CUST1909,ACC764164,2024-01-03,CREDIT,5223.98,USD,BR889,COMPLETED,10.72,NORTH,MORTGAGE
TXN0007239,CUST2158,ACC757488,2024-10-03,WITHDRAWAL,63122.14,USD,BR941,COMPLETED,19.4,EAST,CREDIT
TXN0007240,CUST9964,ACC667702,2024-04-23,WITHDRAWAL,37548.9,EUR,BR691,COMPLETED,31.76,EAST,CHECKING
TXN0007241,CUST7248,ACC942918,2024-10-15,DEBIT,98834.95,USD,BR561,PENDING,52.6,CENTRAL,LOAN
TXN0007242,,ACC174363,2024-01-17,DEBIT,87422.03,GBP,BR502,COMPLETED,,WEST,SAVINGS
TXN0007243,CUST7534,ACC253209,2024-07-22,CREDIT,7221.13,USD,BR635,FAILED,47.71,EAST,CREDIT
TXN0007244,CUST5180,ACC799486,2024-06-15,DEBIT,-15093.42,USD,BR574,COMPLETED,10.52,WEST,MORTGAGE
TXN0007245,CUST3916,ACC233122,2024-05-13,CREDIT,47963.11,USD,BR796,PENDING,52.12,EAST,LOAN
TXN0007246,CUST4933,ACC999516,2024-02-01,WITHDRAWAL,96818.03,USD,BR811,COMPLETED,31.11,EAST,SAVINGS
TXN0007247,CUST7535,ACC634635,2024-03-21,CREDIT,30116.46,USD,BR492,COMPLETED,35.1,EAST,SAVINGS
TXN0007248,CUST2461,ACC252465,2024-06-28,DEBIT,42605.4,AUD,BR475,COMPLETED,36.61,NORTH,CREDIT
TXN0007249,CUST1336,ACC897460,2024-11-11,DEBIT,36840.69,USD,BR697,COMPLETED,75.92,EAST,CHECKING
TXN0007250,CUST4411,ACC171296,2024-11-09,WITHDRAWAL,81611.13,AUD,BR518,PENDING,91.9,SOUTH,CHECKING
TXN0007251,CUST3669,ACC600892,2024-10-08,WITHDRAWAL,67158.36,EUR,BR402,COMPLETED,94.24,CENTRAL,CHECKING
TXN0007252,CUST7365,ACC638322,2024-06-15,PAYMENT,-14021.98,AUD,BR979,PENDING,47.55,CENTRAL,CREDIT
TXN0007253,CUST7592,ACC176116,2024-02-25,CREDIT,51068.28,USD,BR611,COMPLETED,80.76,WEST,CREDIT
TXN0007254,CUST5668,ACC693659,2024-12-23,TRANSFER,-43044.74,USD,BR211,COMPLETED,37.56,CENTRAL,LOAN
TXN0007255,CUST3525,ACC272734,2024-11-05,DEBIT,-20228.67,USD,BR646,COMPLETED,33.37,EAST,CHECKING
TXN0007256,,ACC359069,2024-04-22,PAYMENT,-7821.33,AUD,BR909,FAILED,68.98,WEST,CHECKING
TXN0007257,CUST5891,ACC757395,2024-11-05,CREDIT,71567.46,USD,BR961,COMPLETED,56.68,CENTRAL,SAVINGS
TXN0007258,CUST9042,ACC890011,2024-04-25,TRANSFER,-18471.33,AUD,BR182,COMPLETED,74.88,WEST,SAVINGS
TXN0007259,CUST8083,ACC533595,2024-03-06,PAYMENT,71940.49,USD,BR790,COMPLETED,63.78,CENTRAL,MORTGAGE
TXN0007260,CUST6080,ACC980563,2024-08-24,DEBIT,53725.28,USD,BR593,COMPLETED,68.94,NORTH,SAVINGS
TXN0007261,CUST3151,ACC756013,2024-12-24,WITHDRAWAL,28773.06,USD,BR464,COMPLETED,15.84,EAST,SAVINGS
TXN0007262,CUST6882,ACC479293,2024-03-21,PAYMENT,63835.1,GBP,BR332,PENDING,66.79,SOUTH,SAVINGS
TXN0007263,CUST2574,ACC336288,2024-09-09,TRANSFER,-34453.29,USD,BR372,FAILED,37.49,NORTH,LOAN
TXN0007264,CUST7020,ACC968195,2024-04-02,PAYMENT,35499.6,USD,BR139,PENDING,59.09,CENTRAL,CREDIT
TXN0007265,CUST9399,ACC375218,2024-10-03,PAYMENT,-49389.9,USD,BR694,PENDING,34.36,CENTRAL,CREDIT
TXN0007266,CUST4274,ACC526132,2024-02-14,TRANSFER,-28223.64,USD,BR542,PENDING,76.92,CENTRAL,SAVINGS
TXN0007267,CUST9021,ACC162571,2024-03-22,WITHDRAWAL,-45935.8,GBP,BR210,COMPLETED,29.31,SOUTH,MORTGAGE
TXN0007268,CUST8298,ACC888918,2024-10-20,CREDIT,58942.34,USD,BR748,COMPLETED,8.48,NORTH,LOAN
TXN0007269,CUST7358,ACC552849,2024-03-01,DEBIT,48844.43,USD,BR688,PENDING,90.34,EAST,MORTGAGE
TXN0007270,CUST8805,ACC144993,2024-07-17,TRANSFER,24348.88,USD,BR754,COMPLETED,24.73,NORTH,CHECKING
TXN0007271,CUST5398,ACC436055,2024-04-23,DEBIT,-11224.15,USD,BR732,COMPLETED,92.92,NORTH,CHECKING
TXN0007272,CUST7931,ACC918551,2024-06-27,CREDIT,-46362.38,EUR,BR551,FAILED,47.39,CENTRAL,MORTGAGE
TXN0007273,CUST2478,ACC513798,2024-11-29,TRANSFER,-3449.8,EUR,BR890,PENDING,91.1,SOUTH,SAVINGS
TXN0007274,CUST7922,ACC129009,2024-01-25,WITHDRAWAL,66217.41,AUD,BR745,COMPLETED,49.6,SOUTH,SAVINGS
TXN0007275,CUST7033,ACC301961,2024-06-01,DEBIT,31940.42,USD,BR958,FAILED,17.64,SOUTH,SAVINGS
TXN0007276,CUST4053,ACC804282,2027-01-01,CREDIT,15327.48,USD,BR452,COMPLETED,17.11,EAST,CREDIT
TXN0007277,CUST8112,ACC861785,2024-08-07,DEBIT,6930.15,USD,BR216,COMPLETED,33.21,EAST,SAVINGS
TXN0007278,CUST7979,ACC491834,2024-01-31,DEBIT,27264.59,USD,BR189,FAILED,30.56,SOUTH,SAVINGS
TXN0007279,CUST2522,ACC509758,2024-03-05,CREDIT,20095.31,USD,BR922,COMPLETED,61.14,,CHECKING
TXN0007280,CUST1662,ACC571679,2024-08-08,CREDIT,71767.09,AUD,BR597,COMPLETED,64.2,SOUTH,LOAN
TXN0007281,CUST9410,ACC735894,2024-08-02,CREDIT,47847.58,EUR,BR423,FAILED,44.43,CENTRAL,SAVINGS
TXN0007282,CUST6599,ACC977000,2024-08-19,DEBIT,8304.75,USD,BR529,COMPLETED,82.57,WEST,LOAN
TXN0007283,CUST8594,ACC335637,2024-07-21,CREDIT,60733.31,EUR,BR323,COMPLETED,0.33,WEST,SAVINGS
TXN0007284,,ACC884972,2024-11-26,CREDIT,19616.32,USD,BR941,COMPLETED,65.45,CENTRAL,LOAN
TXN0007285,CUST3540,ACC233511,2024-06-18,DEBIT,21494.79,USD,BR919,FAILED,86.68,SOUTH,CHECKING
TXN0007286,CUST9115,ACC602651,2024-03-28,TRANSFER,25935.92,EUR,BR389,REVERSED,12.66,NORTH,MORTGAGE
TXN0007287,CUST9638,ACC744764,2024-08-20,PAYMENT,12769.74,EUR,BR940,REVERSED,60.06,NORTH,SAVINGS
TXN0007288,CUST9596,ACC928865,2024-03-26,DEBIT,13993.08,GBP,BR386,COMPLETED,44.06,WEST,MORTGAGE
TXN0007289,CUST2375,ACC634299,2024-10-10,CREDIT,11998.94,USD,BR159,,55.65,CENTRAL,LOAN
TXN0007290,CUST5762,ACC526279,2024-11-25,CREDIT,-45658.47,USD,BR522,COMPLETED,94.25,NORTH,MORTGAGE
TXN0007291,CUST8671,ACC777423,2024-06-04,DEBIT,-19226.18,USD,BR151,COMPLETED,14.96,WEST,SAVINGS
TXN0007292,CUST8165,ACC892125,2024-07-01,WITHDRAWAL,99334.78,USD,BR256,COMPLETED,5.37,EAST,CHECKING
TXN0007293,CUST2297,ACC766206,2024-04-15,CREDIT,-20970.2,USD,BR220,,65.54,CENTRAL,CREDIT
TXN0007294,CUST8825,ACC264925,2024-10-28,DEBIT,-41317.41,USD,BR135,PENDING,69.55,WEST,LOAN
TXN0007295,CUST5921,ACC353063,2024-09-07,DEBIT,33213.01,USD,BR702,COMPLETED,40.5,SOUTH,SAVINGS
TXN0007296,CUST3434,ACC728074,2024-05-15,TRANSFER,28879.15,USD,BR203,COMPLETED,47.96,WEST,CREDIT
TXN0007297,CUST3093,ACC646579,2024-11-15,CREDIT,94164.37,USD,BR492,COMPLETED,81.43,CENTRAL,CHECKING
TXN0007298,CUST5921,ACC401599,2024-11-16,DEBIT,-19812.89,AUD,BR932,COMPLETED,40.06,CENTRAL,SAVINGS
TXN0007299,CUST5073,ACC621282,2024-10-27,PAYMENT,82439.17,AUD,BR906,PENDING,16.77,WEST,CREDIT
TXN0007300,CUST9570,ACC910653,2024-07-10,PAYMENT,-43525.72,USD,BR987,COMPLETED,36.52,SOUTH,CREDIT
TXN0007301,CUST8007,ACC178701,2024-01-12,DEBIT,19059.11,USD,BR286,COMPLETED,53.67,NORTH,SAVINGS
TXN0007302,CUST5841,ACC553762,2024-08-19,CREDIT,-35994.86,USD,BR543,COMPLETED,59.59,CENTRAL,SAVINGS
TXN0007303,CUST1781,ACC728958,2024-01-01,DEBIT,69571.36,GBP,BR729,COMPLETED,10.67,,LOAN
TXN0007304,CUST2253,ACC132415,2024-09-15,WITHDRAWAL,37118.35,GBP,BR525,COMPLETED,7.74,SOUTH,CHECKING
TXN0007305,CUST1738,ACC537588,2024-10-06,DEBIT,-24541.14,AUD,BR735,COMPLETED,81.03,EAST,LOAN
TXN0007306,CUST9411,ACC169556,2024-08-10,DEBIT,19621.22,USD,BR529,COMPLETED,42.82,WEST,SAVINGS
TXN0007307,CUST2763,ACC688971,2024-06-03,DEBIT,-42443.62,USD,BR591,COMPLETED,88.02,WEST,MORTGAGE
TXN0007308,CUST9366,ACC188963,2024-01-02,PAYMENT,53113.33,USD,BR266,COMPLETED,8.87,CENTRAL,SAVINGS
TXN0007309,CUST7961,ACC838694,2024-08-02,DEBIT,4290.57,USD,BR890,COMPLETED,20.78,SOUTH,CHECKING
TXN0007310,CUST7766,ACC914793,2024-09-10,WITHDRAWAL,28545.71,USD,BR894,PENDING,42.33,WEST,CHECKING
TXN0007311,CUST2548,ACC252634,2024-07-05,TRANSFER,88328.79,USD,BR565,COMPLETED,,NORTH,SAVINGS
TXN0007312,CUST8612,ACC910463,2027-01-01,CREDIT,-29208.7,AUD,BR907,REVERSED,56.81,NORTH,SAVINGS
TXN0007313,CUST5151,ACC772556,2024-01-12,CREDIT,-49522.86,USD,BR616,PENDING,84.85,SOUTH,CHECKING
TXN0007314,CUST6823,ACC141889,2024-03-27,TRANSFER,26051.29,EUR,BR813,COMPLETED,52.22,,LOAN
TXN0007315,CUST5175,ACC487470,2024-01-23,TRANSFER,43799.57,USD,BR954,COMPLETED,53.07,NORTH,CHECKING
TXN0007316,CUST2339,ACC390863,2024-10-06,CREDIT,69411.09,USD,BR952,COMPLETED,80.92,EAST,CHECKING
TXN0007317,CUST9248,ACC512370,2024-01-06,TRANSFER,74421.04,GBP,BR344,COMPLETED,22.47,EAST,SAVINGS
TXN0007318,CUST1266,ACC394475,2024-12-06,DEBIT,12104.36,USD,BR319,COMPLETED,60.66,WEST,CHECKING
TXN0007319,CUST2866,ACC587070,2024-02-22,WITHDRAWAL,-21781.71,USD,BR279,COMPLETED,85.22,WEST,CHECKING
TXN0007320,CUST8583,ACC781749,2024-10-16,DEBIT,19059.13,AUD,BR929,COMPLETED,70.54,EAST,
TXN0007321,CUST3941,ACC946003,2024-03-28,PAYMENT,90175.68,USD,BR930,COMPLETED,67.91,WEST,SAVINGS
TXN0007322,CUST3985,ACC458070,2024-10-31,DEBIT,52839.33,USD,BR282,COMPLETED,11.31,CENTRAL,SAVINGS
TXN0007323,CUST7438,ACC418239,2024-01-24,TRANSFER,25822.96,USD,BR488,COMPLETED,8.02,EAST,SAVINGS
TXN0007324,CUST1741,ACC976949,2024-03-25,DEBIT,47525.68,USD,BR312,COMPLETED,3.33,SOUTH,SAVINGS
TXN0007325,CUST2364,ACC661293,2024-04-05,DEBIT,81903.92,GBP,BR603,FAILED,47.11,WEST,LOAN
TXN0007326,CUST7819,ACC734698,2024-02-09,TRANSFER,31666.44,USD,BR304,COMPLETED,87.35,NORTH,MORTGAGE
TXN0007327,CUST5876,ACC442976,2024-07-09,PAYMENT,36097.03,USD,BR166,COMPLETED,62.36,EAST,SAVINGS
TXN0007328,CUST6143,ACC423110,2024-06-02,TRANSFER,-48309.0,USD,BR678,REVERSED,36.48,CENTRAL,MORTGAGE
TXN0007329,CUST8454,ACC996929,2024-05-01,DEBIT,6760.23,EUR,BR522,COMPLETED,23.27,WEST,SAVINGS
TXN0007330,CUST8371,ACC592738,2024-11-13,PAYMENT,82632.23,EUR,BR915,COMPLETED,10.2,WEST,CHECKING
TXN0007331,CUST5342,ACC636283,2024-01-17,DEBIT,9842.12,USD,BR629,COMPLETED,67.92,EAST,SAVINGS
TXN0007332,CUST6592,ACC611482,2024-05-23,CREDIT,68904.06,EUR,BR278,COMPLETED,67.41,CENTRAL,SAVINGS
TXN0007333,CUST4066,ACC504848,2024-05-12,DEBIT,52139.9,USD,BR411,COMPLETED,51.42,CENTRAL,CHECKING
TXN0007334,CUST4458,ACC894210,2024-10-04,PAYMENT,28536.94,GBP,BR298,COMPLETED,7.71,WEST,LOAN
TXN0007335,CUST4032,ACC980287,2024-10-20,TRANSFER,81286.55,EUR,BR530,COMPLETED,43.64,NORTH,SAVINGS
TXN0007336,CUST2281,ACC821893,2024-01-18,CREDIT,-26055.62,EUR,BR695,PENDING,16.09,EAST,CHECKING
TXN0007337,CUST5248,ACC718199,2024-10-26,WITHDRAWAL,38199.02,USD,BR612,COMPLETED,59.56,WEST,LOAN
TXN0007338,CUST2742,ACC829022,2024-04-25,PAYMENT,-3263.31,USD,BR173,COMPLETED,75.55,NORTH,CHECKING
TXN0007339,CUST8107,ACC687399,2024-03-29,CREDIT,79838.1,USD,BR872,FAILED,25.18,NORTH,SAVINGS
TXN0007340,CUST9755,ACC815321,2024-03-21,DEBIT,5422.8,USD,BR229,COMPLETED,24.03,CENTRAL,LOAN
TXN0007341,CUST1293,ACC734603,2024-06-27,DEBIT,31644.75,GBP,BR147,COMPLETED,79.29,NORTH,LOAN
TXN0007342,CUST1095,ACC728455,2024-04-08,TRANSFER,-10061.11,EUR,BR145,COMPLETED,,WEST,SAVINGS
TXN0007343,CUST7470,ACC793117,2024-05-06,TRANSFER,-1621.2,AUD,BR540,COMPLETED,95.21,EAST,MORTGAGE
TXN0007344,CUST2911,ACC923987,2024-04-15,DEBIT,89334.86,GBP,BR584,COMPLETED,62.06,WEST,LOAN
TXN0007345,CUST1217,ACC701870,2024-03-29,DEBIT,13343.46,EUR,BR669,COMPLETED,97.52,NORTH,CREDIT
TXN0007346,CUST3813,ACC243935,2024-01-04,DEBIT,66436.34,AUD,BR804,COMPLETED,0.91,EAST,CHECKING
TXN0007347,CUST8817,ACC592126,2024-03-26,DEBIT,51642.29,EUR,BR729,PENDING,6.19,,CHECKING
TXN0007348,CUST8539,ACC453449,2024-05-05,TRANSFER,39517.42,GBP,BR559,COMPLETED,40.42,EAST,MORTGAGE
TXN0007349,CUST7637,ACC195407,2024-07-02,DEBIT,,EUR,BR261,COMPLETED,43.35,WEST,SAVINGS
TXN0007350,CUST8974,ACC825010,2024-02-04,DEBIT,-7177.27,GBP,BR532,FAILED,64.13,EAST,CHECKING
TXN0007351,CUST5961,ACC613462,2024-01-21,PAYMENT,49873.95,EUR,BR569,COMPLETED,36.62,WEST,MORTGAGE
TXN0007352,CUST6910,ACC459042,2024-03-19,TRANSFER,41446.61,USD,BR223,PENDING,25.21,CENTRAL,SAVINGS
TXN0007353,,ACC658617,2024-07-10,TRANSFER,18451.1,EUR,BR479,COMPLETED,33.66,SOUTH,CREDIT
TXN0007354,CUST5958,ACC642111,2024-11-29,CREDIT,40675.64,,BR532,COMPLETED,80.35,EAST,CHECKING
TXN0007355,CUST2435,ACC746307,2024-06-18,DEBIT,-48741.79,USD,BR698,,5.13,WEST,CREDIT
TXN0007356,CUST3049,ACC762035,2024-06-25,DEBIT,-31503.31,USD,BR188,COMPLETED,15.34,NORTH,SAVINGS
TXN0007357,CUST3213,ACC165991,2024-01-31,CREDIT,33641.44,USD,BR753,,36.26,CENTRAL,CREDIT
TXN0007358,CUST1227,ACC363814,2024-02-28,DEBIT,29675.88,EUR,BR408,COMPLETED,36.03,SOUTH,CHECKING
TXN0007359,CUST4126,ACC759681,2024-11-12,DEBIT,-10339.43,USD,BR841,COMPLETED,88.44,,SAVINGS
TXN0007360,CUST2833,ACC381240,2024-04-25,CREDIT,58732.08,EUR,BR830,COMPLETED,86.25,SOUTH,SAVINGS
TXN0007361,CUST1260,ACC384427,2024-06-21,TRANSFER,42670.23,USD,BR579,COMPLETED,16.07,CENTRAL,SAVINGS
TXN0007362,CUST4083,ACC402982,2024-05-25,DEBIT,87117.56,USD,BR925,COMPLETED,25.31,EAST,SAVINGS
TXN0007363,CUST1439,ACC723309,2024-06-17,DEBIT,1861.89,USD,BR115,COMPLETED,83.18,WEST,MORTGAGE
TXN0007364,CUST4428,ACC638462,2024-12-15,DEBIT,58814.18,EUR,BR174,COMPLETED,0.63,CENTRAL,CHECKING
TXN0007365,CUST8882,ACC338909,2024-01-18,DEBIT,-11388.25,USD,BR261,PENDING,19.27,NORTH,SAVINGS
TXN0007366,CUST3378,ACC428258,2024-04-25,DEBIT,29606.12,EUR,BR733,PENDING,73.39,WEST,SAVINGS
TXN0007367,CUST4961,ACC439910,2024-07-26,DEBIT,18408.09,AUD,BR946,COMPLETED,60.86,CENTRAL,SAVINGS
TXN0007368,CUST8139,ACC351044,2024-10-24,CREDIT,36027.27,EUR,BR656,FAILED,88.94,EAST,SAVINGS
TXN0007369,CUST9824,ACC693509,2024-09-15,PAYMENT,91618.44,,BR316,COMPLETED,27.25,CENTRAL,SAVINGS
TXN0007370,CUST4127,ACC300557,2024-10-10,CREDIT,69750.5,USD,BR791,COMPLETED,66.52,WEST,CHECKING
TXN0007371,CUST2410,ACC465442,2024-10-13,DEBIT,-9241.06,EUR,BR886,FAILED,17.16,WEST,SAVINGS
TXN0007372,CUST5930,ACC421228,2024-05-25,TRANSFER,91644.95,USD,BR701,COMPLETED,79.78,NORTH,LOAN
TXN0007373,CUST8592,ACC301165,2024-12-21,TRANSFER,-12997.46,EUR,BR866,COMPLETED,31.71,SOUTH,CHECKING
TXN0007374,CUST3427,ACC965846,2024-04-16,CREDIT,-11753.34,USD,BR887,COMPLETED,75.83,EAST,SAVINGS
TXN0007375,CUST8765,ACC451271,2024-11-15,DEBIT,85010.64,EUR,BR361,COMPLETED,0.58,CENTRAL,
TXN0007376,CUST7912,ACC642818,2024-04-09,CREDIT,-2252.1,EUR,BR802,COMPLETED,55.3,NORTH,SAVINGS
TXN0007377,CUST1357,ACC808942,2024-05-05,DEBIT,6572.0,USD,BR465,COMPLETED,45.3,NORTH,CREDIT
TXN0007378,CUST2908,ACC531530,2024-04-08,WITHDRAWAL,53807.63,,BR399,COMPLETED,60.6,CENTRAL,CHECKING
TXN0007379,CUST3721,ACC392051,2024-03-24,CREDIT,87397.91,USD,BR180,COMPLETED,39.06,CENTRAL,CREDIT
TXN0007380,CUST3497,ACC376729,2024-05-30,CREDIT,45160.24,USD,BR999,COMPLETED,51.54,EAST,MORTGAGE
TXN0007381,CUST8295,ACC726797,2024-05-06,TRANSFER,8033.46,USD,BR901,COMPLETED,27.97,SOUTH,CHECKING
TXN0007382,CUST8947,ACC544436,2024-07-20,TRANSFER,-22580.3,USD,BR491,PENDING,65.33,WEST,SAVINGS
TXN0007383,CUST8724,ACC802215,2024-03-24,PAYMENT,-17517.29,USD,BR382,FAILED,79.32,WEST,SAVINGS
TXN0007384,CUST1321,ACC791128,2024-10-30,DEBIT,50494.95,EUR,BR495,COMPLETED,26.98,EAST,LOAN
TXN0007385,CUST8364,ACC297502,2024-08-06,WITHDRAWAL,25653.14,EUR,BR127,COMPLETED,98.45,CENTRAL,CREDIT
TXN0007386,CUST4975,ACC905635,2024-03-08,DEBIT,-45567.14,USD,BR599,COMPLETED,59.7,SOUTH,SAVINGS
TXN0007387,CUST4298,ACC742833,2024-01-04,DEBIT,55484.91,USD,BR802,FAILED,83.25,NORTH,CREDIT
TXN0007388,CUST5830,ACC925117,2024-10-02,CREDIT,62154.16,USD,BR210,COMPLETED,9.29,EAST,CHECKING
TXN0007389,CUST7418,ACC246043,2024-01-14,DEBIT,12253.3,GBP,BR459,COMPLETED,52.46,CENTRAL,SAVINGS
TXN0007390,CUST1834,ACC941214,2024-06-26,TRANSFER,-41583.13,GBP,BR143,COMPLETED,62.6,CENTRAL,SAVINGS
TXN0007391,CUST6469,ACC907308,2024-10-15,CREDIT,88285.0,USD,BR101,PENDING,59.6,CENTRAL,SAVINGS
TXN0007392,CUST1129,ACC821768,2024-10-02,WITHDRAWAL,40876.08,USD,BR541,REVERSED,98.73,EAST,MORTGAGE
TXN0007393,CUST2682,ACC409345,2024-11-26,TRANSFER,36694.2,USD,BR755,COMPLETED,19.07,CENTRAL,SAVINGS
TXN0007394,CUST8074,ACC299193,2024-04-28,PAYMENT,45312.11,USD,BR811,COMPLETED,58.85,NORTH,SAVINGS
TXN0007395,CUST7810,ACC820480,2024-03-03,TRANSFER,-4446.08,USD,BR794,COMPLETED,1.97,CENTRAL,LOAN
TXN0007396,CUST9121,ACC819301,2024-03-05,CREDIT,46051.79,USD,BR502,COMPLETED,50.6,CENTRAL,CHECKING
TXN0007397,CUST5764,ACC479046,2024-05-17,DEBIT,29680.65,USD,BR455,PENDING,33.29,EAST,CREDIT
TXN0007398,CUST1606,ACC847237,2024-05-18,DEBIT,58719.85,USD,BR269,COMPLETED,33.38,EAST,SAVINGS
TXN0007399,CUST8987,ACC669141,2024-02-16,DEBIT,-48707.87,USD,BR661,COMPLETED,9.49,NORTH,LOAN
TXN0007400,CUST7548,ACC679761,2024-03-23,DEBIT,55406.23,GBP,BR439,COMPLETED,57.82,SOUTH,CREDIT
TXN0007401,CUST8964,ACC436742,2024-10-23,DEBIT,16769.73,USD,BR305,COMPLETED,15.55,CENTRAL,
TXN0007402,CUST9410,ACC314396,2024-01-30,CREDIT,-24053.3,USD,BR151,COMPLETED,33.46,NORTH,CREDIT
TXN0007403,CUST8993,ACC936795,2024-08-15,DEBIT,96344.34,EUR,BR132,COMPLETED,51.17,WEST,LOAN
TXN0007404,CUST4799,ACC585166,2024-06-19,DEBIT,66391.21,AUD,BR366,COMPLETED,11.57,EAST,CREDIT
TXN0007405,CUST1994,ACC710008,2024-11-02,CREDIT,55905.81,USD,BR435,COMPLETED,53.96,WEST,CHECKING
TXN0007406,CUST9655,ACC645377,2024-07-20,DEBIT,76143.14,USD,BR483,COMPLETED,56.86,SOUTH,SAVINGS
TXN0007407,CUST1311,ACC281839,2024-06-09,DEBIT,15822.28,USD,BR580,COMPLETED,52.75,EAST,LOAN
TXN0007408,CUST7914,ACC222904,2024-11-09,DEBIT,-30991.52,EUR,BR811,COMPLETED,74.79,EAST,SAVINGS
TXN0007409,CUST6174,ACC859790,2024-11-03,DEBIT,60242.92,USD,BR769,COMPLETED,72.58,WEST,LOAN
TXN0007410,CUST2040,ACC857850,2024-11-10,DEBIT,81173.83,EUR,BR621,COMPLETED,76.73,CENTRAL,
TXN0007411,CUST5388,ACC405619,2024-03-09,CREDIT,29125.44,USD,BR509,COMPLETED,46.49,SOUTH,SAVINGS
TXN0007412,CUST7834,ACC769615,2024-01-29,TRANSFER,-46531.33,USD,BR646,COMPLETED,66.63,SOUTH,CREDIT
TXN0007413,CUST8755,ACC359026,2024-03-01,DEBIT,98943.09,USD,BR983,COMPLETED,19.76,SOUTH,CHECKING
TXN0007414,,ACC315727,2024-03-14,PAYMENT,-37955.66,USD,BR919,PENDING,15.91,NORTH,LOAN
TXN0007415,CUST9106,ACC727186,2024-05-04,CREDIT,67977.91,USD,BR443,COMPLETED,89.48,WEST,CHECKING
TXN0007416,CUST6681,ACC928317,2024-09-11,TRANSFER,-1995.03,EUR,BR733,COMPLETED,71.54,EAST,CHECKING
TXN0007417,CUST8345,ACC764214,2024-07-24,TRANSFER,31076.86,USD,BR286,,,WEST,MORTGAGE
TXN0007418,CUST8147,ACC970726,2024-04-11,DEBIT,45490.55,USD,BR253,FAILED,20.26,EAST,CHECKING
TXN0007419,CUST1340,ACC453760,2024-02-08,CREDIT,-14759.77,EUR,BR255,PENDING,43.98,SOUTH,CREDIT
TXN0007420,CUST3643,ACC291971,2024-09-03,CREDIT,60099.65,USD,BR982,PENDING,82.75,SOUTH,CREDIT
TXN0007421,CUST5718,ACC778929,2024-08-23,DEBIT,-19957.02,,BR229,COMPLETED,55.57,SOUTH,LOAN
TXN0007422,CUST4149,ACC948903,2024-06-07,CREDIT,-38326.01,GBP,BR986,COMPLETED,50.82,EAST,SAVINGS
TXN0007423,CUST8688,ACC621095,2024-10-28,CREDIT,72782.33,USD,BR856,COMPLETED,93.39,SOUTH,CHECKING
TXN0007424,CUST6633,ACC493214,2024-07-09,CREDIT,95960.84,USD,BR153,COMPLETED,53.6,SOUTH,LOAN
TXN0007425,CUST8178,ACC357565,2024-05-22,WITHDRAWAL,-32083.74,EUR,BR118,PENDING,77.32,WEST,CHECKING
TXN0007426,CUST4802,ACC510654,2024-03-22,TRANSFER,21703.05,USD,BR887,COMPLETED,33.0,WEST,LOAN
TXN0007427,CUST9317,ACC607870,2024-02-03,CREDIT,733.11,AUD,BR494,COMPLETED,29.66,CENTRAL,SAVINGS
TXN0007428,CUST4599,ACC851872,2024-01-08,WITHDRAWAL,97327.74,USD,BR913,COMPLETED,74.97,WEST,SAVINGS
TXN0007429,CUST6556,ACC383891,2024-07-15,DEBIT,-9484.92,USD,BR454,COMPLETED,69.35,CENTRAL,CREDIT
TXN0007430,CUST8675,ACC695789,2024-04-03,DEBIT,39130.06,GBP,BR838,COMPLETED,21.74,WEST,CREDIT
TXN0007431,CUST3148,ACC581379,2024-10-31,PAYMENT,-8668.51,USD,BR795,COMPLETED,37.99,NORTH,LOAN
TXN0007432,CUST5806,ACC663513,2024-05-17,PAYMENT,58391.07,USD,BR738,COMPLETED,51.85,SOUTH,MORTGAGE
TXN0007433,CUST7395,ACC457983,2024-11-24,PAYMENT,-13062.22,USD,BR589,REVERSED,,CENTRAL,CHECKING
TXN0007434,CUST7829,ACC253448,2024-02-17,DEBIT,75260.05,USD,BR762,COMPLETED,25.27,WEST,CHECKING
TXN0007435,CUST6902,ACC367099,2024-10-16,CREDIT,24517.08,AUD,BR562,REVERSED,82.82,EAST,LOAN
TXN0007436,CUST8738,ACC735420,2024-04-14,DEBIT,31692.54,USD,BR413,PENDING,84.88,WEST,LOAN
TXN0007437,CUST3654,ACC175550,2024-08-17,DEBIT,,USD,BR757,COMPLETED,70.02,EAST,CHECKING
TXN0007438,CUST4394,ACC364802,2024-06-24,CREDIT,58361.77,GBP,BR218,COMPLETED,41.57,NORTH,LOAN
TXN0007439,CUST5627,ACC230473,2024-11-14,CREDIT,-44147.05,USD,BR404,COMPLETED,65.16,SOUTH,SAVINGS
TXN0007440,CUST2412,ACC494853,2024-02-20,CREDIT,47392.01,GBP,BR378,COMPLETED,43.35,SOUTH,SAVINGS
TXN0007441,CUST8911,ACC952612,2024-10-27,DEBIT,42499.15,USD,BR238,REVERSED,95.64,WEST,CHECKING
TXN0007442,CUST3115,ACC677433,2024-03-08,TRANSFER,11275.37,USD,BR753,COMPLETED,74.88,SOUTH,LOAN
TXN0007443,CUST3839,ACC512175,2024-04-02,TRANSFER,-29770.63,GBP,BR157,FAILED,56.36,NORTH,SAVINGS
TXN0007444,CUST4268,ACC103425,2024-07-21,PAYMENT,29181.54,USD,BR184,COMPLETED,74.43,WEST,CHECKING
TXN0007445,CUST3561,ACC169778,2024-08-16,CREDIT,73736.97,USD,BR619,COMPLETED,65.85,CENTRAL,SAVINGS
TXN0007446,CUST9063,ACC298105,2024-02-08,TRANSFER,88238.13,EUR,BR774,COMPLETED,40.21,WEST,
TXN0007447,CUST2653,ACC951434,2024-12-25,DEBIT,16079.67,USD,BR102,COMPLETED,62.36,CENTRAL,CHECKING
TXN0007448,CUST7815,ACC367188,2024-04-27,TRANSFER,-8863.74,EUR,BR315,FAILED,69.25,SOUTH,LOAN
TXN0007449,CUST9089,ACC619103,2024-02-21,CREDIT,87324.47,USD,BR392,COMPLETED,18.69,WEST,SAVINGS
TXN0007450,CUST5975,ACC576851,2024-09-03,PAYMENT,-12040.01,AUD,BR247,COMPLETED,91.52,SOUTH,CREDIT
TXN0007451,CUST4845,ACC677392,2024-07-09,CREDIT,-47967.1,USD,BR101,COMPLETED,58.8,NORTH,SAVINGS
TXN0007452,CUST4431,ACC711931,2024-04-28,DEBIT,-32760.51,AUD,BR834,PENDING,5.29,WEST,SAVINGS
TXN0007453,CUST1770,ACC961046,2024-07-24,CREDIT,16332.69,EUR,BR487,COMPLETED,,EAST,LOAN
TXN0007454,CUST1297,ACC390551,2024-03-06,CREDIT,-5854.63,USD,BR851,COMPLETED,90.59,WEST,MORTGAGE
TXN0007455,CUST6878,ACC635946,2024-08-04,PAYMENT,95578.65,EUR,BR662,COMPLETED,29.68,SOUTH,CHECKING
TXN0007456,CUST5273,ACC695018,2024-05-20,CREDIT,-29162.83,USD,BR578,PENDING,49.34,WEST,SAVINGS
TXN0007457,CUST6849,ACC540919,2024-08-30,CREDIT,39984.81,AUD,BR968,COMPLETED,93.54,NORTH,LOAN
TXN0007458,CUST3598,ACC308865,2027-01-01,DEBIT,54695.68,AUD,BR277,COMPLETED,98.08,NORTH,CHECKING
TXN0007459,CUST3862,ACC378607,2024-03-18,PAYMENT,26649.7,GBP,BR169,COMPLETED,21.84,WEST,SAVINGS
TXN0007460,CUST9248,ACC153470,2024-12-07,DEBIT,-2508.28,USD,BR611,PENDING,83.53,CENTRAL,SAVINGS
TXN0007461,CUST1523,ACC548483,2024-09-17,DEBIT,14115.18,USD,BR128,COMPLETED,51.3,WEST,LOAN
TXN0007462,CUST2043,ACC758623,2024-11-18,DEBIT,44669.07,EUR,BR387,PENDING,90.99,WEST,MORTGAGE
TXN0007463,CUST6533,ACC613340,2024-07-23,DEBIT,-2585.66,EUR,BR954,COMPLETED,58.39,EAST,SAVINGS
TXN0007464,CUST8055,ACC724187,2024-05-08,WITHDRAWAL,1540.43,,BR841,COMPLETED,,EAST,CREDIT
TXN0007465,CUST2867,ACC213329,2024-07-15,CREDIT,78105.47,USD,BR539,PENDING,86.68,CENTRAL,SAVINGS
TXN0007466,CUST4714,ACC599508,2024-02-22,DEBIT,-27546.65,GBP,BR527,COMPLETED,87.7,NORTH,CHECKING
TXN0007467,CUST2977,ACC558408,2024-03-13,PAYMENT,115.05,EUR,BR637,FAILED,17.29,WEST,SAVINGS
TXN0007468,CUST4671,ACC505678,2024-12-25,DEBIT,68237.25,USD,BR583,COMPLETED,19.76,WEST,CHECKING
TXN0007469,CUST8968,ACC428353,2024-01-14,CREDIT,10285.09,USD,BR757,COMPLETED,18.08,WEST,MORTGAGE
TXN0007470,CUST5224,ACC225246,2024-11-13,DEBIT,-23821.46,USD,BR910,COMPLETED,55.24,EAST,SAVINGS
TXN0007471,CUST6575,ACC246514,2024-08-05,DEBIT,-23201.66,USD,BR128,PENDING,21.24,WEST,CREDIT
TXN0007472,CUST6820,ACC289902,2024-03-02,DEBIT,41065.22,AUD,BR777,COMPLETED,60.09,WEST,CHECKING
TXN0007473,CUST1764,ACC228887,2027-01-01,PAYMENT,99096.37,EUR,BR922,REVERSED,44.24,EAST,CHECKING
TXN0007474,CUST5382,ACC478887,2024-04-27,DEBIT,-25697.42,USD,BR834,FAILED,83.53,WEST,SAVINGS
TXN0007475,CUST3476,ACC897048,2024-01-14,DEBIT,97401.43,EUR,BR786,,30.52,WEST,CHECKING
TXN0007476,CUST9444,ACC940223,2024-01-03,WITHDRAWAL,13003.53,USD,BR671,FAILED,85.58,NORTH,SAVINGS
TXN0007477,CUST2706,ACC157149,2027-01-01,TRANSFER,42383.76,USD,BR223,COMPLETED,64.99,WEST,LOAN
TXN0007478,CUST1826,ACC143027,2024-10-30,DEBIT,-43449.29,USD,BR918,PENDING,55.61,EAST,CHECKING
TXN0007479,CUST8173,ACC988327,2024-03-22,DEBIT,49931.08,USD,BR600,COMPLETED,27.11,SOUTH,SAVINGS
TXN0007480,CUST8489,ACC173693,2024-12-03,TRANSFER,-35166.03,USD,BR725,COMPLETED,78.57,NORTH,CREDIT
TXN0007481,CUST2817,ACC390828,2024-09-29,DEBIT,98358.49,EUR,BR497,PENDING,44.85,CENTRAL,CREDIT
TXN0007482,CUST2734,ACC212681,2024-05-17,PAYMENT,-11032.35,EUR,BR245,COMPLETED,95.08,NORTH,MORTGAGE
TXN0007483,CUST2669,ACC675134,2024-06-10,TRANSFER,-15850.31,USD,BR227,COMPLETED,18.78,NORTH,CREDIT
TXN0007484,CUST1687,ACC661221,2024-03-11,DEBIT,-25453.87,USD,BR182,COMPLETED,2.12,CENTRAL,CHECKING
TXN0007485,CUST9311,ACC381452,2024-05-18,DEBIT,57590.46,USD,BR544,COMPLETED,28.4,WEST,LOAN
TXN0007486,CUST2727,ACC233611,2024-02-01,TRANSFER,89172.47,GBP,BR595,COMPLETED,23.76,WEST,SAVINGS
TXN0007487,CUST3736,ACC921947,2024-04-07,DEBIT,33564.74,USD,BR211,COMPLETED,73.8,EAST,SAVINGS
TXN0007488,CUST2934,ACC200548,2024-03-26,TRANSFER,50637.95,USD,BR250,COMPLETED,74.1,WEST,CHECKING
TXN0007489,CUST4365,ACC879116,2024-12-27,TRANSFER,28842.15,USD,BR340,COMPLETED,46.71,CENTRAL,CREDIT
TXN0007490,,ACC820082,2024-02-24,CREDIT,98353.32,USD,BR141,REVERSED,77.52,EAST,CREDIT
TXN0007491,CUST3572,ACC543824,2024-02-02,DEBIT,42422.22,USD,BR371,PENDING,9.68,NORTH,LOAN
TXN0007492,CUST5786,ACC314845,2024-06-30,TRANSFER,70522.72,USD,BR498,COMPLETED,94.96,SOUTH,CHECKING
TXN0007493,CUST8233,ACC141877,2024-12-19,TRANSFER,75147.42,,BR813,COMPLETED,55.07,WEST,CHECKING
TXN0007494,CUST9288,ACC792371,2024-04-27,DEBIT,49961.34,USD,BR451,PENDING,50.05,CENTRAL,LOAN
TXN0007495,CUST9165,ACC694088,2024-06-18,TRANSFER,40873.45,USD,BR619,COMPLETED,26.6,WEST,CREDIT
TXN0007496,CUST2626,ACC162788,2024-06-30,DEBIT,8541.55,EUR,BR331,COMPLETED,53.4,EAST,LOAN
TXN0007497,CUST3527,ACC110334,2024-01-06,CREDIT,-26729.71,EUR,BR506,FAILED,24.99,NORTH,LOAN
TXN0007498,CUST6959,ACC216844,2024-06-11,CREDIT,47034.86,USD,BR925,COMPLETED,86.86,CENTRAL,CHECKING
TXN0007499,CUST6482,ACC454005,2024-02-18,CREDIT,-12067.34,USD,BR473,COMPLETED,74.59,SOUTH,CHECKING
TXN0007500,CUST3257,ACC754688,2024-05-18,PAYMENT,47377.51,GBP,BR718,COMPLETED,4.55,CENTRAL,CHECKING
TXN0007501,CUST3014,ACC854525,2024-04-17,CREDIT,60946.1,USD,BR723,COMPLETED,10.83,CENTRAL,LOAN
TXN0007502,CUST4307,ACC390637,2024-03-12,WITHDRAWAL,-21992.6,USD,BR652,COMPLETED,94.5,SOUTH,MORTGAGE
TXN0007503,CUST8194,ACC397992,2024-02-21,WITHDRAWAL,11841.97,EUR,BR102,FAILED,94.08,NORTH,SAVINGS
TXN0007504,CUST7811,ACC550680,2024-10-24,DEBIT,14609.46,EUR,BR865,COMPLETED,38.43,SOUTH,CHECKING
TXN0007505,CUST1107,ACC352371,2024-11-23,DEBIT,-36968.51,EUR,BR860,COMPLETED,79.25,SOUTH,SAVINGS
TXN0007506,CUST5019,ACC341684,2024-02-23,DEBIT,-16001.69,USD,BR790,COMPLETED,24.62,SOUTH,MORTGAGE
TXN0007507,CUST8760,ACC331145,2024-06-02,CREDIT,10216.62,USD,BR747,COMPLETED,96.41,SOUTH,LOAN
TXN0007508,CUST6592,ACC748347,2024-05-01,WITHDRAWAL,24585.64,USD,BR839,COMPLETED,42.82,NORTH,CHECKING
TXN0007509,CUST5698,ACC732984,2024-12-07,DEBIT,46213.76,EUR,BR198,COMPLETED,7.16,CENTRAL,CHECKING
TXN0007510,CUST9274,ACC698335,2024-01-26,DEBIT,-42229.14,USD,BR516,PENDING,77.49,CENTRAL,SAVINGS
TXN0007511,CUST3805,ACC888242,2024-09-21,DEBIT,87087.35,USD,BR786,COMPLETED,17.02,SOUTH,SAVINGS
TXN0007512,CUST2396,ACC379692,2024-08-14,DEBIT,-19884.32,EUR,BR525,PENDING,11.98,EAST,CHECKING
TXN0007513,CUST5358,ACC679459,2024-09-05,CREDIT,47773.48,AUD,BR466,COMPLETED,83.66,SOUTH,SAVINGS
TXN0007514,CUST7101,ACC470725,2024-10-29,DEBIT,-38119.68,EUR,BR658,COMPLETED,3.75,NORTH,CHECKING
TXN0007515,CUST7799,ACC981609,2024-08-24,PAYMENT,-4189.03,USD,BR935,PENDING,30.04,NORTH,LOAN
TXN0007516,CUST6908,ACC347843,2024-11-22,DEBIT,65803.6,USD,BR800,COMPLETED,34.56,EAST,LOAN
TXN0007517,CUST5021,ACC259072,2024-03-12,PAYMENT,-25860.26,USD,BR204,PENDING,72.64,WEST,SAVINGS
TXN0007518,CUST3483,ACC124069,2024-05-13,TRANSFER,,USD,BR951,FAILED,42.6,NORTH,CREDIT
TXN0007519,CUST9677,ACC680607,2024-08-26,PAYMENT,-15227.83,USD,BR330,COMPLETED,94.08,EAST,CHECKING
TXN0007520,CUST7909,ACC712494,2024-11-05,TRANSFER,4844.87,USD,BR532,COMPLETED,45.54,WEST,LOAN
TXN0007521,CUST4738,ACC432102,2024-03-05,CREDIT,47129.07,AUD,BR917,COMPLETED,76.54,CENTRAL,LOAN
TXN0007522,CUST3260,ACC899383,2024-07-10,DEBIT,-45281.81,USD,BR517,COMPLETED,45.23,CENTRAL,MORTGAGE
TXN0007523,,ACC330552,2024-12-20,CREDIT,59461.79,USD,BR819,COMPLETED,4.4,SOUTH,CREDIT
TXN0007524,CUST7773,ACC280189,2024-05-08,CREDIT,-27703.11,USD,BR267,COMPLETED,34.5,CENTRAL,CHECKING
TXN0007525,CUST7706,ACC944848,2024-03-08,DEBIT,14193.44,EUR,BR271,COMPLETED,62.08,NORTH,SAVINGS
TXN0007526,CUST8516,ACC965200,2024-03-19,TRANSFER,79266.18,USD,BR879,PENDING,33.79,CENTRAL,SAVINGS
TXN0007527,CUST9456,ACC501889,2024-02-17,PAYMENT,78302.83,GBP,BR256,PENDING,31.88,CENTRAL,CHECKING
TXN0007528,CUST6927,ACC313008,2024-09-13,DEBIT,45504.53,EUR,BR980,COMPLETED,60.92,EAST,CREDIT
TXN0007529,CUST1487,ACC668025,2024-10-06,DEBIT,-44543.66,USD,BR956,,31.17,EAST,CREDIT
TXN0007530,CUST8251,ACC746233,2024-04-30,DEBIT,69906.51,USD,BR139,PENDING,66.73,EAST,SAVINGS
TXN0007531,CUST3385,ACC118287,2024-12-28,CREDIT,-38679.64,USD,BR656,COMPLETED,81.6,EAST,CHECKING
TXN0007532,CUST1162,ACC268187,2024-05-10,TRANSFER,40730.26,USD,BR485,COMPLETED,89.1,SOUTH,LOAN
TXN0007533,CUST9476,ACC195606,2024-11-17,CREDIT,-44561.06,USD,BR984,COMPLETED,17.89,CENTRAL,SAVINGS
TXN0007534,CUST2140,ACC698988,2024-12-11,DEBIT,86061.18,USD,BR164,COMPLETED,30.33,,LOAN
TXN0007535,CUST2389,ACC876424,2024-06-13,DEBIT,-37461.87,USD,BR801,PENDING,66.3,EAST,CREDIT
TXN0007536,CUST6542,ACC743964,2024-12-24,DEBIT,-42956.49,USD,BR128,COMPLETED,17.14,SOUTH,LOAN
TXN0007537,CUST6157,ACC382831,2024-10-03,PAYMENT,-34043.05,USD,BR242,PENDING,94.34,NORTH,CREDIT
TXN0007538,CUST7580,ACC948875,2024-02-26,DEBIT,8834.18,USD,BR202,COMPLETED,70.73,EAST,MORTGAGE
TXN0007539,CUST3692,ACC609877,2024-10-29,DEBIT,75179.65,USD,BR343,FAILED,90.96,NORTH,LOAN
TXN0007540,CUST8111,ACC230614,2024-04-02,TRANSFER,38931.7,GBP,BR978,PENDING,95.98,WEST,SAVINGS
TXN0007541,CUST2007,ACC200331,2024-01-04,CREDIT,-1538.73,USD,BR121,COMPLETED,97.52,SOUTH,CREDIT
TXN0007542,,ACC358152,2024-06-03,DEBIT,972.78,GBP,BR826,COMPLETED,48.3,SOUTH,SAVINGS
TXN0007543,CUST1607,ACC986447,2024-10-04,CREDIT,-3352.72,USD,BR814,COMPLETED,50.5,EAST,SAVINGS
TXN0007544,CUST3473,ACC526143,2024-09-04,CREDIT,58038.83,USD,BR472,COMPLETED,83.6,EAST,LOAN
TXN0007545,CUST1947,ACC331707,2024-09-09,DEBIT,-44188.41,USD,BR125,COMPLETED,52.43,EAST,CREDIT
TXN0007546,CUST9516,ACC353781,2024-01-22,CREDIT,-35587.09,USD,BR994,COMPLETED,90.95,WEST,CHECKING
TXN0007547,,ACC581827,2024-08-08,CREDIT,82762.82,USD,BR684,COMPLETED,88.81,NORTH,CREDIT
TXN0007548,CUST7869,ACC739219,2024-09-09,DEBIT,80393.19,USD,BR490,COMPLETED,68.46,EAST,CREDIT
TXN0007549,CUST7586,ACC273688,2024-11-20,TRANSFER,78131.73,EUR,BR950,COMPLETED,57.45,NORTH,LOAN
TXN0007550,CUST5986,ACC281973,2024-07-14,DEBIT,-30456.04,USD,BR341,COMPLETED,58.56,WEST,SAVINGS
TXN0007551,CUST6139,ACC331044,2024-10-21,CREDIT,60278.97,GBP,BR716,COMPLETED,69.81,WEST,LOAN
TXN0007552,CUST6638,ACC393046,2024-04-11,DEBIT,23637.27,USD,BR687,COMPLETED,,SOUTH,SAVINGS
TXN0007553,CUST1129,ACC212603,2024-04-16,TRANSFER,-5282.64,EUR,BR366,FAILED,64.77,CENTRAL,CHECKING
TXN0007554,CUST5583,ACC103322,2024-04-30,CREDIT,63927.56,USD,BR596,PENDING,32.63,NORTH,MORTGAGE
TXN0007555,CUST9647,ACC350369,2024-03-28,TRANSFER,53632.14,USD,BR663,COMPLETED,,EAST,SAVINGS
TXN0007556,CUST3406,ACC803763,2024-10-28,CREDIT,70659.17,USD,BR298,COMPLETED,10.2,EAST,CHECKING
TXN0007557,CUST7618,ACC423479,2024-10-28,DEBIT,-49362.75,EUR,BR401,COMPLETED,27.13,WEST,SAVINGS
TXN0007558,,ACC556333,2024-10-12,DEBIT,47006.48,GBP,BR642,,36.02,NORTH,LOAN
TXN0007559,,ACC707794,2024-08-08,PAYMENT,-22865.31,USD,BR660,FAILED,27.82,NORTH,SAVINGS
TXN0007560,CUST9919,ACC728848,2024-06-30,DEBIT,57112.5,USD,BR173,COMPLETED,7.29,EAST,CHECKING
TXN0007561,CUST8244,ACC990859,2024-02-18,CREDIT,981.22,EUR,BR811,FAILED,51.81,SOUTH,SAVINGS
TXN0007562,,ACC505487,2024-07-02,DEBIT,51217.4,USD,BR372,COMPLETED,61.03,WEST,SAVINGS
TXN0007563,CUST7627,ACC567838,2024-11-12,DEBIT,35591.65,USD,BR506,COMPLETED,36.65,SOUTH,CHECKING
TXN0007564,CUST4232,ACC323753,2024-01-30,DEBIT,90090.33,AUD,BR106,COMPLETED,91.86,EAST,LOAN
TXN0007565,CUST5940,ACC343459,2024-03-25,PAYMENT,18662.38,USD,BR875,PENDING,39.17,NORTH,CREDIT
TXN0007566,CUST2380,ACC205242,2024-06-23,DEBIT,89597.51,GBP,BR788,PENDING,60.78,NORTH,SAVINGS
TXN0007567,CUST1605,ACC988439,2024-08-27,CREDIT,-20374.17,EUR,BR871,COMPLETED,96.64,WEST,CHECKING
TXN0007568,CUST9805,ACC185980,2024-10-04,TRANSFER,24861.23,USD,BR671,COMPLETED,10.21,SOUTH,CHECKING
TXN0007569,CUST6480,ACC528379,2024-12-06,DEBIT,93742.93,USD,BR248,COMPLETED,44.44,CENTRAL,SAVINGS
TXN0007570,CUST7389,ACC847031,2024-05-28,DEBIT,-26323.12,USD,BR366,PENDING,83.51,NORTH,SAVINGS
TXN0007571,CUST3064,ACC565707,2024-08-09,CREDIT,11749.94,EUR,BR812,REVERSED,91.24,CENTRAL,SAVINGS
TXN0007572,CUST9527,ACC564023,2024-05-20,DEBIT,9525.53,USD,BR554,COMPLETED,44.43,WEST,MORTGAGE
TXN0007573,CUST9860,ACC257690,2024-01-30,DEBIT,73143.85,,BR409,COMPLETED,95.97,EAST,CREDIT
TXN0007574,CUST5651,ACC875070,2024-09-23,CREDIT,85146.97,USD,BR115,FAILED,15.26,SOUTH,CREDIT
TXN0007575,CUST4501,ACC503151,2024-06-19,DEBIT,35432.55,USD,BR858,PENDING,82.08,SOUTH,SAVINGS
TXN0007576,CUST2520,ACC991904,2024-11-21,DEBIT,-34101.86,USD,BR579,COMPLETED,37.03,WEST,LOAN
TXN0007577,CUST9383,ACC744929,2024-09-14,TRANSFER,62422.58,USD,BR680,COMPLETED,89.55,EAST,CHECKING
TXN0007578,CUST6115,ACC887159,2024-07-02,CREDIT,-41132.31,USD,BR807,FAILED,53.19,NORTH,SAVINGS
TXN0007579,CUST9541,ACC498629,2024-09-26,DEBIT,29832.14,USD,BR977,COMPLETED,65.36,EAST,LOAN
TXN0007580,CUST6582,ACC124145,2024-09-28,TRANSFER,50175.26,USD,BR409,COMPLETED,14.1,NORTH,CHECKING
TXN0007581,CUST3621,ACC667557,2024-04-08,TRANSFER,62651.08,GBP,BR312,COMPLETED,53.11,EAST,MORTGAGE
TXN0007582,CUST1383,ACC902219,2024-10-04,CREDIT,-40141.22,USD,BR418,FAILED,63.83,NORTH,LOAN
TXN0007583,CUST1456,ACC384922,2024-03-28,DEBIT,-32308.27,EUR,BR419,COMPLETED,54.89,SOUTH,CHECKING
TXN0007584,CUST9846,ACC315093,2024-06-13,DEBIT,24203.17,EUR,BR391,COMPLETED,61.63,CENTRAL,SAVINGS
TXN0007585,CUST5238,ACC806017,2024-12-24,CREDIT,-17990.15,USD,BR917,COMPLETED,75.08,SOUTH,LOAN
TXN0007586,CUST4954,ACC615395,2024-08-11,CREDIT,86928.47,EUR,BR215,PENDING,60.81,SOUTH,CHECKING
TXN0007587,CUST5979,ACC557861,2024-12-29,TRANSFER,-49860.59,USD,BR786,PENDING,69.64,NORTH,LOAN
TXN0007588,CUST7926,ACC927942,2024-09-01,CREDIT,-27976.51,USD,BR578,PENDING,57.9,WEST,LOAN
TXN0007589,CUST9278,ACC649386,2024-03-10,TRANSFER,-44971.25,USD,BR942,COMPLETED,45.6,SOUTH,
TXN0007590,CUST2809,ACC458915,2024-07-26,TRANSFER,-46632.95,USD,BR477,COMPLETED,45.22,NORTH,LOAN
TXN0007591,CUST1982,ACC437725,2024-03-29,WITHDRAWAL,-9539.83,USD,BR485,COMPLETED,49.07,EAST,LOAN
TXN0007592,CUST7110,ACC121722,2024-01-10,WITHDRAWAL,-27845.76,USD,BR539,COMPLETED,32.89,NORTH,LOAN
TXN0007593,CUST5255,ACC623273,2024-09-17,DEBIT,18757.34,USD,BR968,FAILED,90.65,CENTRAL,CREDIT
TXN0007594,CUST9314,ACC632214,2024-05-16,DEBIT,13079.06,USD,BR494,FAILED,67.67,SOUTH,SAVINGS
TXN0007595,CUST6807,ACC745543,2024-07-22,TRANSFER,68358.72,AUD,BR191,COMPLETED,63.61,EAST,SAVINGS
TXN0007596,CUST3028,ACC506743,2024-09-03,WITHDRAWAL,-13220.09,EUR,BR951,COMPLETED,64.61,SOUTH,CHECKING
TXN0007597,CUST1782,ACC978936,2024-03-05,DEBIT,74807.31,EUR,BR714,PENDING,30.57,CENTRAL,SAVINGS
TXN0007598,CUST3043,ACC563669,2024-12-03,DEBIT,46953.96,AUD,BR507,PENDING,84.87,WEST,SAVINGS
TXN0007599,CUST8352,ACC736017,2024-10-26,TRANSFER,64417.91,USD,BR290,COMPLETED,83.33,CENTRAL,LOAN
TXN0007600,CUST5881,ACC315450,2024-03-27,CREDIT,12084.61,USD,BR189,COMPLETED,94.3,NORTH,LOAN
TXN0007601,CUST1085,ACC491078,2024-07-04,TRANSFER,-28977.73,EUR,BR327,COMPLETED,20.25,SOUTH,SAVINGS
TXN0007602,CUST8424,ACC251535,2024-06-05,CREDIT,14658.37,EUR,BR274,COMPLETED,51.02,WEST,CREDIT
TXN0007603,CUST6553,ACC837627,2024-04-20,WITHDRAWAL,52872.24,USD,BR341,COMPLETED,81.37,NORTH,SAVINGS
TXN0007604,CUST4868,ACC181114,2024-11-22,CREDIT,3419.82,USD,BR697,COMPLETED,7.6,NORTH,SAVINGS
TXN0007605,CUST9737,ACC730145,2024-06-12,PAYMENT,77105.03,USD,BR284,COMPLETED,78.05,CENTRAL,SAVINGS
TXN0007606,CUST4831,ACC977594,2024-07-10,DEBIT,95973.26,USD,BR735,COMPLETED,70.99,WEST,LOAN
TXN0007607,CUST6739,ACC832880,2024-02-11,DEBIT,-7332.81,USD,BR482,COMPLETED,90.78,NORTH,LOAN
TXN0007608,CUST5902,ACC816469,2024-10-26,DEBIT,83314.67,EUR,BR110,COMPLETED,98.61,EAST,CREDIT
TXN0007609,CUST5661,ACC496009,2024-07-19,CREDIT,50786.68,USD,BR217,PENDING,28.54,WEST,LOAN
TXN0007610,CUST3293,ACC276560,2024-03-27,TRANSFER,-10492.47,USD,BR791,COMPLETED,96.85,SOUTH,CHECKING
TXN0007611,CUST7187,ACC926351,2024-10-11,CREDIT,-37745.94,USD,BR970,REVERSED,58.38,WEST,SAVINGS
TXN0007612,CUST9514,ACC523631,2024-03-22,CREDIT,11687.51,EUR,BR701,COMPLETED,21.55,EAST,LOAN
TXN0007613,CUST5057,ACC317192,2024-03-29,CREDIT,-26455.65,GBP,BR594,REVERSED,70.34,SOUTH,CREDIT
TXN0007614,CUST2724,ACC328514,2024-04-03,DEBIT,6101.28,USD,BR929,COMPLETED,58.93,SOUTH,LOAN
TXN0007615,CUST6371,ACC429474,2024-06-28,DEBIT,35952.0,USD,BR493,COMPLETED,1.91,NORTH,SAVINGS
TXN0007616,CUST9461,ACC470425,2024-01-05,DEBIT,2853.53,EUR,BR184,PENDING,,WEST,LOAN
TXN0007617,CUST4154,ACC524780,2024-02-24,DEBIT,57557.31,USD,BR140,COMPLETED,55.95,,LOAN
TXN0007618,CUST6919,ACC387458,2024-09-30,WITHDRAWAL,97345.98,EUR,BR882,COMPLETED,,SOUTH,LOAN
TXN0007619,CUST8443,ACC360849,2024-04-03,CREDIT,93088.25,USD,BR298,COMPLETED,53.01,EAST,SAVINGS
TXN0007620,CUST2605,ACC849662,2024-06-29,DEBIT,30622.7,EUR,BR237,COMPLETED,61.15,SOUTH,SAVINGS
TXN0007621,CUST3401,ACC404798,2024-12-05,WITHDRAWAL,24779.94,GBP,BR922,COMPLETED,42.27,WEST,CHECKING
TXN0007622,CUST7974,ACC342111,2024-11-21,TRANSFER,3872.54,USD,BR204,COMPLETED,70.73,SOUTH,CHECKING
TXN0007623,CUST7751,ACC497875,2024-07-26,DEBIT,45897.3,EUR,BR501,COMPLETED,17.28,WEST,LOAN
TXN0007624,CUST2342,ACC729602,2024-03-27,DEBIT,34140.99,EUR,BR447,COMPLETED,71.17,SOUTH,CREDIT
TXN0007625,CUST2511,ACC592529,2024-06-02,TRANSFER,88455.78,USD,BR971,COMPLETED,31.72,NORTH,SAVINGS
TXN0007626,CUST2018,ACC125455,2024-08-16,TRANSFER,34567.01,EUR,BR924,COMPLETED,62.75,SOUTH,LOAN
TXN0007627,CUST7961,ACC819839,2024-03-29,DEBIT,60816.33,USD,BR614,COMPLETED,95.79,EAST,SAVINGS
TXN0007628,CUST3130,ACC690672,2024-10-09,DEBIT,-41099.84,USD,BR823,COMPLETED,13.7,CENTRAL,CHECKING
TXN0007629,CUST8802,ACC355928,2024-07-29,TRANSFER,58545.66,USD,BR104,COMPLETED,97.6,EAST,SAVINGS
TXN0007630,CUST4519,ACC776831,2024-04-06,TRANSFER,50965.86,USD,BR669,COMPLETED,18.18,NORTH,CHECKING
TXN0007631,CUST8309,ACC831466,2024-10-28,DEBIT,82240.57,EUR,BR570,PENDING,58.31,CENTRAL,
TXN0007632,CUST2279,ACC167837,2024-05-08,DEBIT,-25452.39,AUD,BR253,PENDING,91.75,NORTH,LOAN
TXN0007633,CUST7050,ACC574214,2024-04-02,DEBIT,68404.57,GBP,BR487,COMPLETED,82.53,CENTRAL,CREDIT
TXN0007634,CUST9622,ACC847707,2024-11-26,CREDIT,29412.62,USD,BR784,COMPLETED,8.36,SOUTH,CHECKING
TXN0007635,,ACC938966,2024-01-07,DEBIT,67681.88,USD,BR587,COMPLETED,98.93,CENTRAL,CHECKING
TXN0007636,CUST9502,ACC122942,2024-02-16,DEBIT,87537.48,USD,BR794,COMPLETED,26.94,NORTH,CHECKING
TXN0007637,CUST7468,ACC507759,2024-03-27,CREDIT,64405.04,EUR,BR134,COMPLETED,18.78,NORTH,CHECKING
TXN0007638,CUST5320,ACC699425,2024-03-24,PAYMENT,-42539.92,USD,BR993,COMPLETED,54.6,EAST,CHECKING
TXN0007639,CUST9172,ACC461951,2024-05-05,TRANSFER,79334.68,USD,BR811,COMPLETED,65.36,WEST,MORTGAGE
TXN0007640,CUST7937,ACC476984,2024-05-20,DEBIT,9904.94,GBP,BR439,COMPLETED,98.48,WEST,SAVINGS
TXN0007641,CUST8210,ACC499476,2024-02-14,DEBIT,91213.49,USD,BR774,COMPLETED,30.83,SOUTH,CHECKING
TXN0007642,,ACC121489,2024-05-27,PAYMENT,59280.15,USD,BR177,COMPLETED,34.19,EAST,CREDIT
TXN0007643,CUST7830,ACC614806,2024-10-18,CREDIT,-46929.42,USD,BR846,FAILED,33.93,NORTH,SAVINGS
TXN0007644,CUST3668,ACC557485,2024-10-20,WITHDRAWAL,48830.25,AUD,BR217,COMPLETED,10.98,WEST,CHECKING
TXN0007645,CUST3364,ACC859356,2024-03-30,TRANSFER,44076.74,USD,BR734,PENDING,,EAST,CHECKING
TXN0007646,CUST9286,ACC566959,2024-10-31,TRANSFER,99442.26,USD,BR329,COMPLETED,77.17,EAST,SAVINGS
TXN0007647,CUST3082,ACC544740,2024-01-06,DEBIT,40464.32,USD,BR965,COMPLETED,26.32,WEST,SAVINGS
TXN0007648,CUST8942,ACC193806,2024-01-07,DEBIT,24251.14,USD,BR636,COMPLETED,95.83,NORTH,SAVINGS
TXN0007649,CUST8499,ACC558607,2024-11-06,CREDIT,55736.13,USD,BR648,COMPLETED,2.06,WEST,CREDIT
TXN0007650,CUST3119,ACC367309,2024-12-25,DEBIT,-5763.15,GBP,BR319,COMPLETED,18.37,EAST,SAVINGS
TXN0007651,CUST9408,ACC465145,2024-12-01,DEBIT,66180.69,EUR,BR795,COMPLETED,93.05,EAST,LOAN
TXN0007652,CUST9669,ACC339659,2024-08-01,CREDIT,-15910.48,USD,BR163,COMPLETED,87.97,NORTH,LOAN
TXN0007653,CUST2934,ACC382194,2024-07-20,CREDIT,66355.92,USD,BR717,COMPLETED,29.66,CENTRAL,CREDIT
TXN0007654,CUST4483,ACC484402,2024-03-28,DEBIT,96289.78,AUD,BR118,COMPLETED,39.97,SOUTH,LOAN
TXN0007655,CUST8461,ACC372482,2024-12-21,DEBIT,38971.49,USD,BR377,PENDING,6.86,WEST,CREDIT
TXN0007656,CUST8755,ACC601775,2024-08-15,DEBIT,-3637.62,USD,BR449,COMPLETED,41.78,CENTRAL,SAVINGS
TXN0007657,CUST1534,ACC265777,2024-01-21,PAYMENT,51865.79,EUR,BR741,FAILED,52.89,CENTRAL,SAVINGS
TXN0007658,CUST3569,ACC276728,2024-03-09,TRANSFER,28795.01,USD,BR622,PENDING,46.51,EAST,CHECKING
TXN0007659,CUST7051,ACC329781,2024-07-28,TRANSFER,92304.98,EUR,BR189,COMPLETED,86.98,SOUTH,CHECKING
TXN0007660,CUST2945,ACC995113,2024-07-23,WITHDRAWAL,87276.93,USD,BR504,PENDING,95.85,CENTRAL,SAVINGS
TXN0007661,CUST7694,ACC713935,2024-01-01,DEBIT,53984.26,USD,BR781,COMPLETED,25.94,WEST,MORTGAGE
TXN0007662,CUST2807,ACC776340,2024-05-14,TRANSFER,59719.18,EUR,BR581,FAILED,63.11,SOUTH,SAVINGS
TXN0007663,CUST2980,ACC642291,2024-06-24,PAYMENT,81723.23,USD,BR957,PENDING,62.97,CENTRAL,MORTGAGE
TXN0007664,CUST7055,ACC728207,2024-01-27,TRANSFER,-41931.12,USD,BR291,COMPLETED,47.7,,CREDIT
TXN0007665,CUST5744,ACC656727,2024-10-24,TRANSFER,99567.49,GBP,BR715,COMPLETED,44.78,WEST,LOAN
TXN0007666,CUST1659,ACC949495,2024-07-03,WITHDRAWAL,84706.84,USD,BR980,COMPLETED,95.54,NORTH,MORTGAGE
TXN0007667,CUST9565,ACC305219,2024-08-08,DEBIT,91463.75,USD,BR184,COMPLETED,70.0,NORTH,SAVINGS
TXN0007668,CUST3511,ACC986993,2024-04-09,DEBIT,-30578.19,EUR,BR715,COMPLETED,59.84,WEST,SAVINGS
TXN0007669,CUST2929,ACC138056,2024-04-04,DEBIT,45443.56,USD,BR348,COMPLETED,67.07,WEST,CREDIT
TXN0007670,CUST7086,ACC499973,2024-02-04,TRANSFER,64677.68,,BR110,REVERSED,23.34,SOUTH,CREDIT
TXN0007671,CUST5995,ACC482281,2024-09-01,DEBIT,57905.77,USD,BR377,COMPLETED,19.53,NORTH,CREDIT
TXN0007672,CUST7135,ACC150309,2024-05-25,DEBIT,87026.65,USD,BR232,REVERSED,79.67,EAST,LOAN
TXN0007673,CUST5968,ACC897662,2024-11-27,WITHDRAWAL,22123.99,GBP,BR898,COMPLETED,68.39,WEST,SAVINGS
TXN0007674,CUST5816,ACC339683,2024-01-21,DEBIT,68064.56,USD,BR133,COMPLETED,71.22,SOUTH,SAVINGS
TXN0007675,CUST8961,ACC194343,2024-01-10,DEBIT,68382.05,EUR,BR189,COMPLETED,25.47,NORTH,SAVINGS
TXN0007676,CUST1458,ACC841452,2024-04-28,TRANSFER,70820.58,EUR,BR674,FAILED,38.0,NORTH,CHECKING
TXN0007677,CUST3340,ACC266465,2024-11-10,DEBIT,-18336.61,EUR,BR474,COMPLETED,27.32,CENTRAL,SAVINGS
TXN0007678,CUST3328,ACC196864,2024-02-08,DEBIT,66033.06,USD,BR699,COMPLETED,74.66,EAST,CHECKING
TXN0007679,CUST7910,ACC745346,2024-01-26,CREDIT,-34583.83,GBP,BR162,COMPLETED,77.92,CENTRAL,CREDIT
TXN0007680,CUST1797,ACC829088,2024-02-13,DEBIT,69263.13,USD,BR890,COMPLETED,6.37,NORTH,LOAN
TXN0007681,CUST5999,ACC679678,2024-10-21,TRANSFER,11510.79,USD,BR458,COMPLETED,4.74,NORTH,SAVINGS
TXN0007682,CUST5644,ACC152497,2024-04-22,DEBIT,44172.86,EUR,BR263,COMPLETED,73.02,SOUTH,CREDIT
TXN0007683,CUST4532,ACC362554,2024-05-05,WITHDRAWAL,68835.61,EUR,BR589,PENDING,24.53,WEST,SAVINGS
TXN0007684,CUST3999,ACC183105,2024-07-08,CREDIT,80544.7,USD,BR332,COMPLETED,92.88,EAST,CHECKING
TXN0007685,CUST9008,ACC650768,2024-04-12,PAYMENT,-46732.52,GBP,BR213,COMPLETED,85.77,CENTRAL,CREDIT
TXN0007686,CUST1034,ACC367539,2024-10-02,DEBIT,39465.49,USD,BR180,REVERSED,5.08,SOUTH,CHECKING
TXN0007687,CUST3004,ACC575110,2024-11-13,DEBIT,16343.88,EUR,BR883,COMPLETED,89.12,CENTRAL,CREDIT
TXN0007688,CUST9970,ACC256268,2024-03-31,DEBIT,-6263.72,AUD,BR663,COMPLETED,24.4,NORTH,CREDIT
TXN0007689,CUST6712,ACC407393,2024-03-09,DEBIT,97643.83,EUR,BR549,COMPLETED,75.73,WEST,CHECKING
TXN0007690,,ACC248514,2024-03-23,CREDIT,42041.31,USD,BR998,PENDING,62.5,EAST,SAVINGS
TXN0007691,CUST1732,ACC557067,2024-06-01,CREDIT,-25243.48,GBP,BR503,PENDING,4.16,CENTRAL,SAVINGS
TXN0007692,CUST7841,ACC392042,2024-08-25,CREDIT,35487.78,USD,BR459,COMPLETED,70.81,NORTH,CHECKING
TXN0007693,CUST8883,ACC295056,2024-02-17,DEBIT,-40095.8,USD,BR989,FAILED,60.68,EAST,CHECKING
TXN0007694,CUST6074,ACC340216,2024-02-14,CREDIT,45408.21,USD,BR520,COMPLETED,76.99,WEST,CREDIT
TXN0007695,CUST8411,ACC529354,2024-10-30,CREDIT,-30329.83,USD,BR603,COMPLETED,21.54,NORTH,SAVINGS
TXN0007696,CUST6534,ACC426734,2024-04-23,PAYMENT,-30698.49,GBP,BR290,COMPLETED,69.03,SOUTH,LOAN
TXN0007697,CUST7181,ACC274722,2024-07-14,DEBIT,-31002.89,EUR,BR290,COMPLETED,75.49,SOUTH,CHECKING
TXN0007698,CUST8786,ACC645792,2024-01-03,PAYMENT,3324.38,USD,BR381,FAILED,49.7,SOUTH,MORTGAGE
TXN0007699,CUST3175,ACC170022,2024-12-21,DEBIT,2298.04,USD,BR210,PENDING,79.22,SOUTH,MORTGAGE
TXN0007700,CUST3269,ACC343076,2024-01-24,DEBIT,40666.62,USD,BR260,,32.07,NORTH,LOAN
TXN0007701,CUST9270,ACC196753,2024-08-02,DEBIT,95441.59,USD,BR622,COMPLETED,35.11,SOUTH,CREDIT
TXN0007702,CUST8551,ACC751107,2024-01-11,DEBIT,-42453.1,USD,BR498,FAILED,65.06,NORTH,CHECKING
TXN0007703,CUST8371,ACC154679,2024-09-27,CREDIT,87967.21,USD,BR443,FAILED,48.26,CENTRAL,LOAN
TXN0007704,CUST8357,ACC700424,2024-03-14,CREDIT,64975.78,EUR,BR845,COMPLETED,74.34,NORTH,CHECKING
TXN0007705,CUST3440,ACC786420,2024-08-24,TRANSFER,-7372.13,USD,BR124,COMPLETED,10.09,NORTH,SAVINGS
TXN0007706,CUST6328,ACC921140,2024-09-05,CREDIT,38820.93,USD,BR816,COMPLETED,73.94,EAST,CREDIT
TXN0007707,CUST2463,ACC922359,2024-12-03,CREDIT,-49735.26,USD,BR354,COMPLETED,52.93,WEST,LOAN
TXN0007708,CUST7711,ACC877094,2024-01-20,DEBIT,46488.11,USD,BR966,COMPLETED,22.12,EAST,SAVINGS
TXN0007709,CUST7344,ACC284490,2024-06-13,DEBIT,20435.87,USD,BR628,FAILED,70.89,SOUTH,CHECKING
TXN0007710,CUST4814,ACC402244,2024-07-23,WITHDRAWAL,35946.44,USD,BR419,COMPLETED,7.37,EAST,SAVINGS
TXN0007711,CUST7478,ACC674555,2024-05-23,CREDIT,-36710.94,EUR,BR227,,19.44,EAST,LOAN
TXN0007712,CUST6554,ACC593091,2024-07-23,CREDIT,65052.85,USD,BR155,COMPLETED,86.78,EAST,CREDIT
TXN0007713,CUST9863,ACC543824,2024-02-26,DEBIT,74356.92,USD,BR198,PENDING,63.06,CENTRAL,SAVINGS
TXN0007714,CUST1750,ACC276083,2024-12-16,CREDIT,61506.91,USD,BR792,COMPLETED,35.81,NORTH,CHECKING
TXN0007715,CUST8259,ACC347721,2024-08-02,CREDIT,-15710.78,USD,BR680,COMPLETED,65.9,NORTH,SAVINGS
TXN0007716,CUST5544,ACC118016,2024-01-29,DEBIT,51782.0,EUR,BR462,COMPLETED,95.21,EAST,CHECKING
TXN0007717,CUST2450,ACC946964,2024-08-30,CREDIT,2611.54,USD,BR924,COMPLETED,45.37,NORTH,SAVINGS
TXN0007718,,ACC304876,2024-08-11,DEBIT,6835.77,USD,BR694,COMPLETED,77.45,CENTRAL,SAVINGS
TXN0007719,CUST1406,ACC731907,2024-03-07,CREDIT,94188.77,USD,BR718,COMPLETED,54.5,SOUTH,CREDIT
TXN0007720,CUST6060,ACC847140,2024-07-19,PAYMENT,47598.43,USD,BR743,PENDING,0.74,SOUTH,LOAN
TXN0007721,CUST3028,ACC180790,2024-05-24,DEBIT,99085.04,AUD,BR828,COMPLETED,7.7,EAST,CHECKING
TXN0007722,CUST2395,ACC170655,2024-04-21,CREDIT,-16556.85,USD,BR291,COMPLETED,10.26,WEST,CHECKING
TXN0007723,CUST4152,ACC910377,2024-12-28,DEBIT,-19313.7,USD,BR263,COMPLETED,2.9,SOUTH,CHECKING
TXN0007724,CUST9877,ACC206441,2024-09-26,PAYMENT,-10214.25,GBP,BR285,COMPLETED,33.55,CENTRAL,
TXN0007725,CUST1866,ACC382113,2024-12-31,DEBIT,-41618.92,USD,BR370,COMPLETED,58.71,EAST,CREDIT
TXN0007726,CUST9548,ACC956990,2024-06-30,CREDIT,80374.99,USD,BR699,,4.37,WEST,CHECKING
TXN0007727,CUST4103,ACC921185,2024-01-06,DEBIT,53766.52,USD,BR282,COMPLETED,1.17,CENTRAL,CHECKING
TXN0007728,CUST8796,ACC287412,2024-01-08,CREDIT,27116.87,USD,BR807,COMPLETED,68.45,WEST,MORTGAGE
TXN0007729,CUST9235,ACC659890,2024-10-20,CREDIT,-46983.91,EUR,BR996,COMPLETED,47.85,WEST,CHECKING
TXN0007730,CUST1305,ACC230167,2024-06-15,DEBIT,77997.84,GBP,BR377,COMPLETED,58.77,EAST,CHECKING
TXN0007731,CUST2970,ACC916902,2024-04-26,PAYMENT,-17531.7,GBP,BR360,COMPLETED,4.28,CENTRAL,CHECKING
TXN0007732,CUST9713,ACC585005,2024-08-25,CREDIT,90998.45,USD,BR910,COMPLETED,29.72,NORTH,SAVINGS
TXN0007733,CUST3944,ACC680322,2024-03-29,TRANSFER,-14098.95,GBP,BR977,FAILED,27.49,CENTRAL,SAVINGS
TXN0007734,CUST1310,ACC897819,2024-04-12,CREDIT,-683.19,EUR,BR369,COMPLETED,84.61,WEST,LOAN
TXN0007735,CUST5504,ACC486851,2024-05-18,CREDIT,47270.17,EUR,BR128,PENDING,73.85,EAST,SAVINGS
TXN0007736,CUST4371,ACC858339,2024-08-04,CREDIT,-14202.5,EUR,BR834,COMPLETED,6.08,EAST,SAVINGS
TXN0007737,CUST5018,ACC287615,2024-02-16,PAYMENT,89943.54,USD,BR860,COMPLETED,75.42,WEST,LOAN
TXN0007738,CUST8278,ACC260137,2024-08-15,CREDIT,30981.45,GBP,BR509,COMPLETED,23.01,EAST,SAVINGS
TXN0007739,CUST2386,ACC659580,2024-08-05,TRANSFER,67512.74,USD,BR542,COMPLETED,62.83,NORTH,CREDIT
TXN0007740,CUST9741,ACC295881,2024-12-03,TRANSFER,87457.02,USD,BR187,COMPLETED,15.45,WEST,CHECKING
TXN0007741,CUST6249,ACC357579,2024-03-16,PAYMENT,78532.41,EUR,BR972,COMPLETED,78.03,SOUTH,CREDIT
TXN0007742,CUST7583,ACC925133,2024-04-24,DEBIT,42906.63,EUR,BR453,COMPLETED,69.94,SOUTH,LOAN
TXN0007743,CUST1737,ACC109171,2024-12-10,DEBIT,61364.0,EUR,BR687,COMPLETED,55.35,NORTH,LOAN
TXN0007744,CUST9052,ACC441288,2024-02-26,DEBIT,-18609.32,EUR,BR744,COMPLETED,18.26,SOUTH,SAVINGS
TXN0007745,CUST1381,ACC996959,2024-04-15,TRANSFER,53645.5,USD,BR281,COMPLETED,93.79,NORTH,LOAN
TXN0007746,CUST6569,ACC280139,2024-04-11,TRANSFER,74912.07,USD,BR810,COMPLETED,76.02,NORTH,CHECKING
TXN0007747,CUST8160,ACC903575,2024-07-29,TRANSFER,-26592.98,USD,BR231,PENDING,83.94,EAST,SAVINGS
TXN0007748,CUST3957,ACC385566,2024-02-28,TRANSFER,-25469.29,USD,BR237,COMPLETED,66.44,SOUTH,SAVINGS
TXN0007749,CUST7798,ACC638177,2024-01-07,DEBIT,45576.25,USD,BR153,COMPLETED,16.9,SOUTH,CREDIT
TXN0007750,CUST1394,ACC952812,2024-11-25,PAYMENT,69122.22,USD,BR996,FAILED,9.06,EAST,CHECKING
TXN0007751,CUST9649,ACC121724,2024-11-12,CREDIT,-22626.78,GBP,BR705,PENDING,71.85,WEST,LOAN
TXN0007752,CUST6199,ACC625245,2024-05-12,TRANSFER,,GBP,BR602,COMPLETED,97.01,NORTH,CREDIT
TXN0007753,CUST7258,ACC629016,2024-05-24,DEBIT,-27171.71,USD,BR946,COMPLETED,22.49,CENTRAL,LOAN
TXN0007754,CUST5213,ACC159611,2024-12-30,DEBIT,95818.6,USD,BR494,COMPLETED,21.47,WEST,LOAN
TXN0007755,CUST2491,ACC512935,2024-02-17,DEBIT,26629.84,GBP,BR817,COMPLETED,14.41,NORTH,
TXN0007756,CUST2878,ACC241504,2024-08-10,CREDIT,-2099.6,USD,BR791,COMPLETED,25.13,NORTH,SAVINGS
TXN0007757,CUST2627,ACC275113,2024-06-02,DEBIT,-10613.62,EUR,BR384,COMPLETED,81.32,WEST,SAVINGS
TXN0007758,CUST9876,ACC150692,2024-03-11,PAYMENT,24367.9,USD,BR938,COMPLETED,10.54,NORTH,SAVINGS
TXN0007759,CUST3755,ACC591852,2024-04-12,DEBIT,33043.88,USD,BR653,FAILED,80.99,EAST,LOAN
TXN0007760,CUST5675,ACC263482,2024-02-20,TRANSFER,37543.62,AUD,BR495,COMPLETED,9.97,EAST,CHECKING
TXN0007761,CUST3359,ACC987658,2024-07-18,DEBIT,65082.22,USD,BR167,COMPLETED,97.21,SOUTH,SAVINGS
TXN0007762,CUST3992,ACC238717,2024-06-27,CREDIT,45347.06,GBP,BR664,REVERSED,20.05,WEST,LOAN
TXN0007763,CUST5187,ACC353677,2024-05-21,CREDIT,18359.45,USD,BR292,PENDING,86.33,WEST,CHECKING
TXN0007764,CUST2468,ACC738550,2024-05-27,DEBIT,23138.95,USD,BR866,REVERSED,89.2,NORTH,MORTGAGE
TXN0007765,CUST3526,ACC974805,2024-02-29,TRANSFER,5488.26,USD,BR674,,16.21,CENTRAL,LOAN
TXN0007766,CUST6026,ACC485027,2024-04-10,TRANSFER,-45761.11,USD,BR272,COMPLETED,51.76,WEST,
TXN0007767,CUST7672,ACC701740,2024-08-23,CREDIT,-46229.26,AUD,BR456,PENDING,76.13,NORTH,SAVINGS
TXN0007768,CUST3772,ACC921200,2024-04-01,DEBIT,5654.03,GBP,BR922,COMPLETED,58.0,SOUTH,MORTGAGE
TXN0007769,,ACC392843,2024-08-25,TRANSFER,46797.18,USD,BR445,PENDING,1.9,WEST,CREDIT
TXN0007770,CUST6329,ACC584867,2024-08-28,DEBIT,-47005.96,USD,BR805,REVERSED,81.9,,SAVINGS
TXN0007771,CUST3973,ACC357728,2024-12-03,TRANSFER,10327.09,EUR,BR702,COMPLETED,31.23,SOUTH,CREDIT
TXN0007772,CUST1445,ACC577043,2024-07-17,CREDIT,-30478.17,GBP,BR221,COMPLETED,29.51,SOUTH,LOAN
TXN0007773,CUST1958,ACC283652,2024-09-24,WITHDRAWAL,50309.66,USD,BR401,COMPLETED,44.33,WEST,CREDIT
TXN0007774,CUST5882,ACC844708,2024-07-04,PAYMENT,-22174.66,GBP,BR324,PENDING,10.88,CENTRAL,LOAN
TXN0007775,CUST7388,ACC215213,2024-09-01,CREDIT,10699.63,USD,BR280,COMPLETED,44.47,SOUTH,LOAN
TXN0007776,CUST2617,ACC848085,2024-08-03,PAYMENT,89751.24,USD,BR924,REVERSED,55.79,CENTRAL,CHECKING
TXN0007777,CUST6243,ACC360272,2024-01-17,PAYMENT,57069.17,GBP,BR176,COMPLETED,41.36,EAST,MORTGAGE
TXN0007778,CUST3334,ACC269960,2024-08-04,PAYMENT,81028.44,USD,BR914,COMPLETED,67.57,WEST,SAVINGS
TXN0007779,CUST7763,ACC771231,2024-12-20,CREDIT,81611.26,EUR,BR217,PENDING,99.51,WEST,CHECKING
TXN0007780,CUST6311,ACC735448,2024-04-16,DEBIT,-19676.35,USD,BR825,PENDING,28.11,CENTRAL,CHECKING
TXN0007781,CUST5225,ACC891164,2024-05-08,PAYMENT,14111.88,USD,BR594,COMPLETED,95.62,NORTH,LOAN
TXN0007782,CUST7152,ACC144327,2024-11-05,DEBIT,17950.6,USD,BR274,COMPLETED,84.89,SOUTH,SAVINGS
TXN0007783,CUST2981,ACC170332,2024-05-29,DEBIT,-49502.5,USD,BR386,COMPLETED,50.97,EAST,CHECKING
TXN0007784,CUST1849,ACC495758,2024-04-02,PAYMENT,65349.19,EUR,BR458,COMPLETED,87.19,CENTRAL,LOAN
TXN0007785,CUST4318,ACC242505,2024-11-15,PAYMENT,40955.24,GBP,BR486,COMPLETED,64.45,CENTRAL,CHECKING
TXN0007786,CUST4925,ACC100601,2024-01-24,DEBIT,-42113.49,USD,BR853,COMPLETED,47.23,WEST,LOAN
TXN0007787,CUST4874,ACC401153,2024-05-22,DEBIT,60806.64,USD,BR162,PENDING,87.7,WEST,MORTGAGE
TXN0007788,CUST9076,ACC583155,2024-08-07,TRANSFER,-43986.05,USD,BR898,REVERSED,44.64,NORTH,CHECKING
TXN0007789,CUST9333,ACC654584,2024-02-05,CREDIT,27013.62,EUR,BR452,COMPLETED,45.25,CENTRAL,MORTGAGE
TXN0007790,CUST9264,ACC937642,2024-08-30,PAYMENT,99812.0,USD,BR178,COMPLETED,78.02,SOUTH,LOAN
TXN0007791,CUST7308,ACC613756,2024-06-16,DEBIT,61374.96,EUR,BR624,COMPLETED,63.49,EAST,CREDIT
TXN0007792,CUST2885,ACC810436,2024-06-23,TRANSFER,46118.33,USD,BR279,COMPLETED,96.05,NORTH,CREDIT
TXN0007793,CUST5412,ACC890897,2024-02-21,CREDIT,16139.37,USD,BR156,COMPLETED,67.51,WEST,SAVINGS
TXN0007794,CUST1993,ACC514205,2024-09-18,DEBIT,88691.47,USD,BR639,COMPLETED,86.04,NORTH,CHECKING
TXN0007795,CUST6215,ACC677047,2024-10-08,CREDIT,24813.64,GBP,BR753,COMPLETED,78.93,CENTRAL,SAVINGS
TXN0007796,CUST8615,ACC667771,2024-08-13,CREDIT,49533.99,EUR,BR139,COMPLETED,37.93,CENTRAL,
TXN0007797,CUST7669,ACC861512,2024-01-11,PAYMENT,-25537.67,EUR,BR665,PENDING,56.87,NORTH,CREDIT
TXN0007798,CUST2072,ACC523518,2024-02-14,PAYMENT,95578.5,AUD,BR523,COMPLETED,48.79,EAST,
TXN0007799,CUST8932,ACC650555,2024-09-10,CREDIT,-21378.3,USD,BR216,COMPLETED,98.9,NORTH,LOAN
TXN0007800,CUST1473,ACC589286,2024-11-13,WITHDRAWAL,38337.59,USD,BR927,COMPLETED,96.76,NORTH,SAVINGS
TXN0007801,CUST7676,ACC778799,2024-11-11,DEBIT,15198.72,USD,BR562,FAILED,97.14,WEST,CHECKING
TXN0007802,CUST4829,ACC644898,2024-10-16,DEBIT,75150.07,GBP,BR625,COMPLETED,26.98,WEST,LOAN
TXN0007803,CUST1305,ACC471128,2024-04-06,DEBIT,8320.45,USD,BR102,COMPLETED,80.3,EAST,SAVINGS
TXN0007804,CUST5409,ACC924584,2024-03-29,TRANSFER,70830.79,USD,BR638,PENDING,61.88,SOUTH,CREDIT
TXN0007805,CUST2663,ACC734930,2024-06-02,DEBIT,71614.1,USD,BR606,COMPLETED,19.55,WEST,SAVINGS
TXN0007806,CUST5035,ACC705523,2024-12-23,DEBIT,-4918.74,USD,BR213,COMPLETED,91.98,WEST,SAVINGS
TXN0007807,CUST3057,ACC853250,2024-04-03,DEBIT,-8433.39,AUD,BR304,COMPLETED,37.92,CENTRAL,SAVINGS
TXN0007808,CUST5990,ACC978316,2024-01-22,DEBIT,-33855.6,USD,BR448,COMPLETED,60.09,WEST,LOAN
TXN0007809,CUST7664,ACC885743,2024-03-27,DEBIT,51829.43,USD,BR329,COMPLETED,56.88,,MORTGAGE
TXN0007810,,ACC524881,2024-05-26,CREDIT,37934.28,USD,BR630,COMPLETED,19.63,,LOAN
TXN0007811,CUST2374,ACC888142,2024-10-13,PAYMENT,51044.22,AUD,BR835,FAILED,28.8,EAST,CHECKING
TXN0007812,CUST9199,ACC363643,2024-04-22,TRANSFER,97270.06,EUR,BR414,COMPLETED,76.15,CENTRAL,SAVINGS
TXN0007813,CUST4333,ACC648898,2024-08-15,TRANSFER,87172.07,USD,BR552,COMPLETED,25.87,CENTRAL,CREDIT
TXN0007814,CUST3332,ACC527481,2024-06-06,WITHDRAWAL,17856.12,USD,BR982,COMPLETED,43.25,WEST,CHECKING
TXN0007815,CUST7116,ACC275002,2024-05-16,PAYMENT,57732.33,AUD,BR300,FAILED,25.76,WEST,CREDIT
TXN0007816,CUST9854,ACC627593,2024-05-16,PAYMENT,35304.99,USD,BR253,COMPLETED,78.82,EAST,SAVINGS
TXN0007817,CUST3755,ACC999601,2024-02-09,WITHDRAWAL,29096.18,USD,BR371,PENDING,89.12,WEST,CREDIT
TXN0007818,CUST5016,ACC624001,2024-09-11,PAYMENT,9965.57,USD,BR258,COMPLETED,49.72,CENTRAL,CHECKING
TXN0007819,CUST9806,ACC232372,2024-03-27,WITHDRAWAL,-27978.89,AUD,BR160,COMPLETED,57.23,SOUTH,CHECKING
TXN0007820,CUST7942,ACC943934,2024-04-22,CREDIT,40704.21,USD,BR807,COMPLETED,51.03,SOUTH,SAVINGS
TXN0007821,CUST8401,ACC138185,2024-05-17,PAYMENT,-34908.68,USD,BR466,COMPLETED,30.62,CENTRAL,SAVINGS
TXN0007822,CUST1684,ACC316943,2024-06-25,TRANSFER,,EUR,BR575,PENDING,25.0,WEST,CHECKING
TXN0007823,CUST1016,ACC176983,2024-08-07,DEBIT,2785.36,USD,BR160,COMPLETED,1.94,WEST,LOAN
TXN0007824,CUST8612,ACC728934,2024-06-20,CREDIT,-2648.08,USD,BR864,PENDING,50.36,,SAVINGS
TXN0007825,CUST5739,ACC485353,2024-04-10,WITHDRAWAL,58524.86,USD,BR328,COMPLETED,55.03,CENTRAL,MORTGAGE
TXN0007826,CUST3742,ACC982844,2024-09-13,CREDIT,-2951.4,GBP,BR541,PENDING,5.21,NORTH,CREDIT
TXN0007827,CUST1008,ACC412939,2024-07-18,PAYMENT,22250.99,EUR,BR472,COMPLETED,29.35,SOUTH,CHECKING
TXN0007828,CUST1985,ACC221148,2024-10-20,CREDIT,-7390.97,EUR,BR682,PENDING,21.52,EAST,CHECKING
TXN0007829,CUST8900,ACC733754,2024-05-10,CREDIT,77839.41,USD,BR884,COMPLETED,35.47,CENTRAL,LOAN
TXN0007830,CUST5477,ACC532446,2024-08-17,DEBIT,31509.32,USD,BR483,COMPLETED,16.36,WEST,SAVINGS
TXN0007831,CUST5110,ACC501156,2024-10-18,CREDIT,61147.45,EUR,BR694,COMPLETED,77.09,SOUTH,CHECKING
TXN0007832,CUST7228,ACC494206,2024-01-06,CREDIT,24119.66,EUR,BR291,FAILED,4.76,WEST,SAVINGS
TXN0007833,CUST6757,ACC414067,2024-03-25,DEBIT,-35171.24,USD,BR423,COMPLETED,89.98,CENTRAL,SAVINGS
TXN0007834,CUST4485,ACC491772,2024-07-02,WITHDRAWAL,46417.09,EUR,BR589,COMPLETED,99.16,NORTH,CREDIT
TXN0007835,CUST9361,ACC125035,2024-05-30,TRANSFER,60186.16,USD,BR126,COMPLETED,75.35,SOUTH,SAVINGS
TXN0007836,CUST5609,ACC429824,2024-10-01,CREDIT,,GBP,BR604,REVERSED,45.5,NORTH,CHECKING
TXN0007837,CUST1745,ACC610888,2024-07-08,TRANSFER,-19283.19,EUR,BR845,COMPLETED,68.56,WEST,SAVINGS
TXN0007838,CUST3644,ACC308355,2024-04-25,WITHDRAWAL,96402.81,EUR,BR291,COMPLETED,37.86,WEST,
TXN0007839,CUST9750,ACC886758,2024-07-12,PAYMENT,16895.61,USD,BR908,REVERSED,98.93,SOUTH,SAVINGS
TXN0007840,CUST2145,ACC116820,2024-03-11,DEBIT,91117.08,USD,BR590,COMPLETED,41.94,CENTRAL,SAVINGS
TXN0007841,CUST5925,ACC326041,2024-08-02,TRANSFER,-15841.98,EUR,BR962,COMPLETED,38.42,SOUTH,
TXN0007842,CUST2469,ACC556694,2024-10-13,WITHDRAWAL,68946.83,GBP,BR769,COMPLETED,41.65,WEST,SAVINGS
TXN0007843,CUST7476,ACC912721,2024-10-17,DEBIT,-18025.37,USD,BR860,PENDING,55.18,SOUTH,CREDIT
TXN0007844,CUST3014,ACC769467,2024-01-22,DEBIT,-5186.1,AUD,BR689,COMPLETED,7.08,CENTRAL,CHECKING
TXN0007845,CUST3288,ACC886796,2024-05-23,DEBIT,24265.57,USD,BR260,COMPLETED,45.54,SOUTH,CREDIT
TXN0007846,CUST5578,ACC254319,2024-12-18,DEBIT,84511.54,USD,BR715,COMPLETED,75.54,CENTRAL,SAVINGS
TXN0007847,CUST8077,ACC571796,2024-08-27,TRANSFER,81978.82,USD,BR101,COMPLETED,54.87,EAST,CHECKING
TXN0007848,CUST4454,ACC719110,2024-03-29,CREDIT,42439.12,GBP,BR816,FAILED,78.98,WEST,SAVINGS
TXN0007849,CUST9270,ACC928924,2024-04-11,CREDIT,13453.19,USD,BR368,COMPLETED,82.63,NORTH,SAVINGS
TXN0007850,CUST6215,ACC895613,2024-09-21,DEBIT,-35784.79,USD,BR825,COMPLETED,82.18,EAST,CHECKING
TXN0007851,,ACC885619,2024-08-10,CREDIT,19718.7,AUD,BR540,COMPLETED,67.09,WEST,SAVINGS
TXN0007852,CUST5282,ACC246638,2024-12-27,PAYMENT,4116.29,GBP,BR863,COMPLETED,,WEST,CREDIT
TXN0007853,CUST8417,ACC780600,2024-05-16,WITHDRAWAL,-42411.87,GBP,BR689,PENDING,4.63,EAST,MORTGAGE
TXN0007854,CUST5473,ACC932318,2024-02-02,CREDIT,-33116.08,AUD,BR862,COMPLETED,6.31,SOUTH,MORTGAGE
TXN0007855,CUST5029,ACC416640,2024-11-30,DEBIT,-46940.88,USD,BR730,COMPLETED,13.95,WEST,LOAN
TXN0007856,CUST6269,ACC515614,2024-01-07,WITHDRAWAL,-46939.85,GBP,BR650,COMPLETED,,NORTH,CREDIT
TXN0007857,CUST6597,ACC356368,2024-01-02,CREDIT,-43499.5,USD,BR874,COMPLETED,67.55,SOUTH,MORTGAGE
TXN0007858,CUST4450,ACC249228,2024-10-31,CREDIT,24806.82,USD,BR928,PENDING,74.99,CENTRAL,CHECKING
TXN0007859,CUST8533,ACC117173,2024-06-22,CREDIT,13622.59,USD,BR173,COMPLETED,35.06,CENTRAL,
TXN0007860,,ACC338101,2024-04-26,CREDIT,49436.77,USD,BR951,COMPLETED,43.24,NORTH,SAVINGS
TXN0007861,CUST1260,ACC560352,2024-09-13,DEBIT,65666.76,USD,BR171,PENDING,38.89,NORTH,SAVINGS
TXN0007862,CUST3190,ACC365205,2024-06-21,WITHDRAWAL,3516.41,USD,BR845,COMPLETED,73.13,SOUTH,CHECKING
TXN0007863,CUST1033,ACC610421,2024-11-16,DEBIT,72461.41,USD,BR548,COMPLETED,36.25,CENTRAL,MORTGAGE
TXN0007864,CUST8807,ACC518632,2024-06-09,CREDIT,28270.58,AUD,BR246,,15.4,WEST,CREDIT
TXN0007865,CUST1070,ACC589002,2024-09-03,DEBIT,87286.93,USD,BR187,COMPLETED,39.73,EAST,MORTGAGE
TXN0007866,CUST1156,ACC847519,2024-05-17,TRANSFER,80249.71,USD,BR765,COMPLETED,92.04,NORTH,CREDIT
TXN0007867,,ACC587802,2024-03-30,CREDIT,19609.77,USD,BR333,COMPLETED,92.34,WEST,LOAN
TXN0007868,CUST7769,ACC489616,2024-02-16,CREDIT,65267.48,USD,BR591,COMPLETED,78.72,EAST,CREDIT
TXN0007869,CUST9011,ACC314635,2024-07-19,DEBIT,2655.23,EUR,BR152,COMPLETED,4.92,SOUTH,CHECKING
TXN0007870,CUST7435,ACC585804,2024-05-22,PAYMENT,45474.93,USD,BR285,COMPLETED,53.18,EAST,LOAN
TXN0007871,CUST9816,ACC236749,2024-04-30,CREDIT,91344.63,USD,BR819,COMPLETED,10.49,SOUTH,SAVINGS
TXN0007872,CUST2329,ACC535997,2024-06-13,CREDIT,-15904.28,USD,BR541,COMPLETED,47.72,CENTRAL,SAVINGS
TXN0007873,CUST2270,ACC153840,2024-10-29,CREDIT,84621.24,USD,BR841,COMPLETED,66.27,WEST,CHECKING
TXN0007874,CUST9825,ACC357284,2024-11-04,TRANSFER,-41988.93,EUR,BR173,COMPLETED,58.84,EAST,CREDIT
TXN0007875,CUST1507,ACC252607,2024-01-09,PAYMENT,47449.75,EUR,BR492,,39.61,NORTH,LOAN
TXN0007876,CUST8293,ACC771112,2024-01-17,TRANSFER,13270.33,USD,BR600,COMPLETED,26.41,WEST,CREDIT
TXN0007877,CUST3022,ACC206204,2024-10-24,TRANSFER,-35666.93,USD,BR194,COMPLETED,36.15,WEST,CHECKING
TXN0007878,,ACC409768,2024-04-22,PAYMENT,55026.51,USD,BR495,COMPLETED,65.05,CENTRAL,CREDIT
TXN0007879,CUST7166,ACC492204,2024-09-01,DEBIT,-364.14,GBP,BR806,COMPLETED,44.59,NORTH,CHECKING
TXN0007880,CUST6864,ACC155699,2024-09-30,DEBIT,-17635.14,USD,BR586,COMPLETED,35.42,EAST,MORTGAGE
TXN0007881,CUST7336,ACC467583,2024-02-09,CREDIT,24391.25,EUR,BR285,COMPLETED,47.61,EAST,LOAN
TXN0007882,CUST3903,ACC587681,2024-05-14,CREDIT,84607.22,AUD,BR936,COMPLETED,65.12,SOUTH,CREDIT
TXN0007883,CUST1138,ACC505334,2024-12-10,DEBIT,97941.57,AUD,BR609,COMPLETED,78.75,CENTRAL,SAVINGS
TXN0007884,CUST3044,ACC785173,2024-08-06,DEBIT,-18770.92,USD,BR154,COMPLETED,25.02,SOUTH,SAVINGS
TXN0007885,CUST8580,ACC554434,2024-01-26,TRANSFER,59527.68,USD,BR254,COMPLETED,51.62,SOUTH,MORTGAGE
TXN0007886,CUST7069,ACC181918,2024-06-05,TRANSFER,20149.61,USD,BR248,PENDING,2.28,NORTH,CHECKING
TXN0007887,CUST4161,ACC727296,2024-09-07,DEBIT,36331.86,USD,BR848,COMPLETED,30.29,EAST,CHECKING
TXN0007888,CUST8283,ACC408230,2024-11-27,PAYMENT,74207.92,USD,BR399,PENDING,95.47,WEST,LOAN
TXN0007889,CUST1153,ACC472007,2024-11-21,CREDIT,-24835.27,EUR,BR181,COMPLETED,29.92,CENTRAL,CHECKING
TXN0007890,CUST4629,ACC960979,2024-07-29,TRANSFER,80648.97,EUR,BR138,COMPLETED,32.73,EAST,SAVINGS
TXN0007891,CUST1324,ACC637459,2024-02-18,CREDIT,93293.35,GBP,BR904,COMPLETED,54.01,NORTH,LOAN
TXN0007892,CUST5606,ACC678401,2024-05-30,TRANSFER,-6952.33,AUD,BR269,PENDING,47.12,NORTH,CHECKING
TXN0007893,CUST6862,ACC600284,2024-04-23,PAYMENT,76381.63,USD,BR527,COMPLETED,73.77,EAST,CHECKING
TXN0007894,CUST4137,ACC142492,2024-08-21,DEBIT,7720.0,USD,BR265,COMPLETED,55.97,SOUTH,CHECKING
TXN0007895,CUST2474,ACC988326,2024-09-15,DEBIT,-21904.05,USD,BR199,COMPLETED,67.75,EAST,LOAN
TXN0007896,CUST5967,ACC602748,2024-09-24,TRANSFER,9283.33,AUD,BR116,COMPLETED,46.41,WEST,SAVINGS
TXN0007897,CUST4623,ACC171046,2024-05-14,DEBIT,,USD,BR647,FAILED,5.28,CENTRAL,SAVINGS
TXN0007898,CUST4838,ACC469604,2024-05-21,DEBIT,41653.26,USD,BR311,COMPLETED,31.6,SOUTH,LOAN
TXN0007899,CUST9090,ACC447553,2024-04-18,PAYMENT,-2411.1,USD,BR113,COMPLETED,13.26,WEST,CREDIT
TXN0007900,CUST6947,ACC302877,2024-08-22,CREDIT,-36672.8,USD,BR662,COMPLETED,97.32,EAST,CREDIT
TXN0007901,CUST1602,ACC425416,2024-01-27,CREDIT,62029.07,USD,BR311,COMPLETED,35.76,WEST,CREDIT
TXN0007902,CUST5599,ACC631331,2024-07-21,DEBIT,2186.99,USD,BR954,PENDING,60.7,NORTH,CREDIT
TXN0007903,CUST9074,ACC274006,2024-07-11,DEBIT,50250.06,USD,BR291,COMPLETED,64.05,WEST,CREDIT
TXN0007904,CUST4425,ACC111593,2027-01-01,CREDIT,63947.92,USD,BR119,REVERSED,18.27,NORTH,SAVINGS
TXN0007905,CUST1116,ACC206223,2024-10-04,TRANSFER,-19039.11,GBP,BR882,COMPLETED,5.12,SOUTH,CREDIT
TXN0007906,CUST4212,ACC253028,2024-08-19,PAYMENT,23799.92,USD,BR903,FAILED,48.3,SOUTH,CHECKING
TXN0007907,CUST7489,ACC880494,2024-11-29,CREDIT,78886.72,EUR,BR692,COMPLETED,61.87,SOUTH,LOAN
TXN0007908,,ACC845647,2024-06-28,CREDIT,-46056.87,GBP,BR188,COMPLETED,44.83,NORTH,SAVINGS
TXN0007909,CUST5544,ACC688869,2024-07-31,CREDIT,-1224.26,AUD,BR411,COMPLETED,48.41,,LOAN
TXN0007910,CUST9197,ACC382705,2024-05-11,CREDIT,40388.78,AUD,BR826,COMPLETED,32.35,EAST,CHECKING
TXN0007911,CUST9093,ACC162796,2024-07-31,CREDIT,59935.43,USD,BR331,COMPLETED,41.81,NORTH,LOAN
TXN0007912,CUST3793,ACC125882,2024-08-27,TRANSFER,-3427.84,AUD,BR752,REVERSED,30.75,SOUTH,MORTGAGE
TXN0007913,CUST4174,ACC634256,2024-03-08,PAYMENT,47651.07,USD,BR225,,56.68,WEST,CREDIT
TXN0007914,CUST3875,ACC329317,2024-12-13,TRANSFER,-12335.62,AUD,BR957,PENDING,,EAST,CREDIT
TXN0007915,CUST2070,ACC761310,2024-07-17,CREDIT,41306.13,USD,BR691,COMPLETED,67.07,EAST,SAVINGS
TXN0007916,CUST3101,ACC646403,2024-04-29,CREDIT,71381.85,USD,BR343,,59.1,SOUTH,SAVINGS
TXN0007917,CUST2065,ACC489301,2024-07-25,TRANSFER,69893.42,USD,BR648,COMPLETED,34.55,CENTRAL,MORTGAGE
TXN0007918,CUST3087,ACC125312,2024-10-10,TRANSFER,39057.28,GBP,BR927,COMPLETED,15.58,NORTH,CHECKING
TXN0007919,CUST5253,ACC570138,2024-02-04,WITHDRAWAL,34672.8,EUR,BR951,COMPLETED,71.28,SOUTH,CHECKING
TXN0007920,CUST4734,ACC523008,2024-07-07,PAYMENT,48963.93,USD,BR361,,19.08,CENTRAL,CREDIT
TXN0007921,CUST9570,ACC450267,2024-12-03,TRANSFER,-2663.91,AUD,BR963,COMPLETED,39.41,EAST,SAVINGS
TXN0007922,CUST5494,ACC937299,2024-06-01,CREDIT,51779.83,USD,BR168,COMPLETED,5.65,EAST,CREDIT
TXN0007923,CUST4143,ACC742699,2024-12-21,TRANSFER,95679.63,USD,BR900,COMPLETED,97.71,NORTH,CREDIT
TXN0007924,CUST1378,ACC582650,2024-02-14,PAYMENT,63962.66,EUR,BR437,COMPLETED,53.94,NORTH,SAVINGS
TXN0007925,CUST9731,ACC463778,2024-09-22,PAYMENT,47747.47,EUR,BR920,COMPLETED,72.66,NORTH,MORTGAGE
TXN0007926,CUST5143,ACC751975,2024-07-09,PAYMENT,-23628.39,EUR,BR962,COMPLETED,11.07,CENTRAL,CREDIT
TXN0007927,CUST8437,ACC442406,2024-09-21,TRANSFER,-10594.88,EUR,BR353,COMPLETED,44.5,EAST,CREDIT
TXN0007928,CUST1032,ACC398767,2024-11-07,TRANSFER,-19623.8,AUD,BR192,COMPLETED,40.74,NORTH,MORTGAGE
TXN0007929,CUST7997,ACC485841,2024-10-19,DEBIT,,EUR,BR793,PENDING,18.34,WEST,CHECKING
TXN0007930,CUST1849,ACC153389,2024-01-18,CREDIT,94878.21,EUR,BR170,COMPLETED,97.61,NORTH,CHECKING
TXN0007931,CUST6292,ACC940144,2024-01-31,CREDIT,92178.24,GBP,BR823,COMPLETED,57.27,WEST,SAVINGS
TXN0007932,CUST8086,ACC642111,2024-03-17,TRANSFER,57486.33,GBP,BR628,PENDING,92.26,CENTRAL,LOAN
TXN0007933,CUST7666,ACC714068,2024-08-19,PAYMENT,-28833.97,GBP,BR708,REVERSED,21.19,NORTH,MORTGAGE
TXN0007934,CUST5489,ACC229287,2024-08-31,CREDIT,23974.29,GBP,BR271,COMPLETED,4.42,SOUTH,CHECKING
TXN0007935,CUST2994,ACC559693,2024-12-22,DEBIT,91187.98,USD,BR335,PENDING,14.69,NORTH,CHECKING
TXN0007936,CUST9491,ACC895337,2024-03-26,CREDIT,-38830.61,USD,BR154,COMPLETED,72.08,EAST,CREDIT
TXN0007937,CUST8644,ACC611198,2024-10-22,DEBIT,3212.14,USD,BR593,FAILED,16.55,WEST,SAVINGS
TXN0007938,CUST9119,ACC554461,2024-02-26,DEBIT,78058.42,USD,BR941,COMPLETED,17.7,WEST,SAVINGS
TXN0007939,CUST6922,ACC900734,2024-01-06,PAYMENT,-15722.24,USD,BR336,COMPLETED,53.12,NORTH,SAVINGS
TXN0007940,CUST9474,ACC638938,2024-09-21,CREDIT,45424.95,USD,BR181,PENDING,88.56,CENTRAL,SAVINGS
TXN0007941,CUST1712,ACC137912,2024-06-06,TRANSFER,29191.36,USD,BR335,REVERSED,71.55,SOUTH,SAVINGS
TXN0007942,CUST4678,ACC798687,2024-06-20,PAYMENT,,EUR,BR702,PENDING,3.74,EAST,CREDIT
TXN0007943,CUST1769,ACC917163,2024-01-21,DEBIT,16704.78,USD,BR573,COMPLETED,9.58,SOUTH,LOAN
TXN0007944,CUST5553,ACC674608,2024-12-23,PAYMENT,-1925.93,EUR,BR246,REVERSED,53.57,EAST,SAVINGS
TXN0007945,CUST7882,ACC864060,2024-08-20,DEBIT,-33528.78,USD,BR681,COMPLETED,85.5,NORTH,SAVINGS
TXN0007946,CUST9723,ACC885317,2024-11-28,DEBIT,31245.58,USD,BR653,COMPLETED,6.01,NORTH,SAVINGS
TXN0007947,CUST8354,ACC693861,2024-10-14,CREDIT,2436.21,USD,BR631,PENDING,35.74,SOUTH,SAVINGS
TXN0007948,CUST6181,ACC630524,2024-07-16,WITHDRAWAL,46947.0,USD,BR583,PENDING,7.78,SOUTH,CREDIT
TXN0007949,CUST1084,ACC170557,2024-01-11,CREDIT,-32211.97,AUD,BR936,COMPLETED,28.98,WEST,CHECKING
TXN0007950,CUST7420,ACC260778,2024-05-28,DEBIT,-45422.32,EUR,BR283,COMPLETED,43.3,NORTH,CHECKING
TXN0007951,CUST4188,ACC964774,2024-04-30,DEBIT,,USD,BR641,COMPLETED,68.79,SOUTH,CHECKING
TXN0007952,CUST6483,ACC496283,2024-07-05,CREDIT,47954.55,USD,BR561,COMPLETED,90.7,SOUTH,CREDIT
TXN0007953,CUST2340,ACC446189,2024-07-29,DEBIT,15184.38,USD,BR572,COMPLETED,26.74,SOUTH,LOAN
TXN0007954,CUST1415,ACC792706,2024-08-07,DEBIT,-30412.98,USD,BR174,COMPLETED,1.83,SOUTH,LOAN
TXN0007955,CUST4696,ACC848967,2024-01-18,PAYMENT,-47158.8,AUD,BR315,COMPLETED,21.61,,CREDIT
TXN0007956,CUST7943,ACC561228,2024-06-21,DEBIT,3269.24,USD,BR866,COMPLETED,15.82,,SAVINGS
TXN0007957,CUST2219,ACC866980,2024-01-19,CREDIT,-34187.88,EUR,BR141,COMPLETED,,EAST,CREDIT
TXN0007958,CUST5095,ACC857641,2024-04-26,CREDIT,-8326.55,USD,BR409,COMPLETED,29.49,WEST,SAVINGS
TXN0007959,,ACC766060,2024-12-27,DEBIT,61272.6,USD,BR244,COMPLETED,53.57,SOUTH,LOAN
TXN0007960,CUST3694,ACC380080,2024-05-06,CREDIT,12137.62,USD,BR973,COMPLETED,78.47,WEST,CHECKING
TXN0007961,CUST6394,ACC250944,2024-08-15,DEBIT,92689.67,USD,BR337,PENDING,5.22,NORTH,CREDIT
TXN0007962,CUST6092,ACC249119,2024-05-16,TRANSFER,-38424.19,USD,BR619,FAILED,88.61,CENTRAL,CHECKING
TXN0007963,CUST2029,ACC899128,2024-08-05,TRANSFER,11227.31,USD,BR580,COMPLETED,85.8,NORTH,LOAN
TXN0007964,CUST2584,ACC305871,2024-10-30,CREDIT,10363.56,GBP,BR786,COMPLETED,47.87,CENTRAL,CREDIT
TXN0007965,CUST1456,ACC197716,2024-09-17,DEBIT,18867.96,GBP,BR508,COMPLETED,48.89,NORTH,SAVINGS
TXN0007966,CUST8863,ACC746839,2024-05-05,WITHDRAWAL,6465.67,USD,BR616,COMPLETED,96.22,CENTRAL,CHECKING
TXN0007967,CUST8077,ACC502537,2024-04-18,WITHDRAWAL,-48567.08,USD,BR123,COMPLETED,46.92,EAST,LOAN
TXN0007968,CUST1393,ACC389155,2024-01-14,DEBIT,-36163.31,AUD,BR859,COMPLETED,21.5,CENTRAL,CHECKING
TXN0007969,CUST6477,ACC513557,2024-07-21,DEBIT,-65.88,USD,BR701,COMPLETED,41.99,WEST,MORTGAGE
TXN0007970,CUST5102,ACC330935,2024-09-04,DEBIT,57457.03,USD,BR107,COMPLETED,83.9,CENTRAL,CHECKING
TXN0007971,CUST5049,ACC143926,2024-11-26,CREDIT,-14811.41,USD,BR114,FAILED,39.01,NORTH,CREDIT
TXN0007972,CUST2766,ACC146151,2024-08-13,TRANSFER,99220.89,USD,BR859,COMPLETED,14.99,CENTRAL,MORTGAGE
TXN0007973,CUST8759,ACC417624,2024-12-06,DEBIT,65305.11,USD,BR595,COMPLETED,82.83,SOUTH,CREDIT
TXN0007974,CUST4905,ACC112703,2024-04-18,DEBIT,-49848.67,GBP,BR932,COMPLETED,80.78,NORTH,LOAN
TXN0007975,,ACC239399,2024-01-12,TRANSFER,-22194.66,GBP,BR790,COMPLETED,95.26,CENTRAL,CREDIT
TXN0007976,CUST1891,ACC303941,2024-07-26,DEBIT,48107.0,USD,BR856,COMPLETED,70.1,SOUTH,MORTGAGE
TXN0007977,CUST6465,ACC538698,2024-08-29,PAYMENT,1324.71,USD,BR569,COMPLETED,63.47,EAST,LOAN
TXN0007978,CUST9514,ACC696948,2024-12-24,PAYMENT,6773.52,USD,BR731,COMPLETED,61.36,SOUTH,SAVINGS
TXN0007979,CUST4878,ACC303071,2024-03-02,CREDIT,-4385.31,USD,BR537,COMPLETED,18.0,NORTH,CREDIT
TXN0007980,CUST2194,ACC537873,2024-10-07,CREDIT,5521.3,GBP,BR388,COMPLETED,84.92,SOUTH,CHECKING
TXN0007981,CUST8184,ACC938306,2024-03-10,WITHDRAWAL,76623.59,USD,BR261,COMPLETED,47.37,EAST,CREDIT
TXN0007982,CUST2567,ACC966042,2024-04-03,WITHDRAWAL,76898.86,USD,BR835,PENDING,18.17,CENTRAL,LOAN
TXN0007983,CUST8314,ACC259012,2024-04-03,DEBIT,75647.09,USD,BR571,COMPLETED,62.31,WEST,CREDIT
TXN0007984,CUST3045,ACC547649,2024-08-03,DEBIT,9221.44,USD,BR997,FAILED,24.13,WEST,SAVINGS
TXN0007985,CUST2401,ACC673629,2024-07-29,DEBIT,61907.43,USD,BR567,COMPLETED,71.36,EAST,LOAN
TXN0007986,CUST1994,ACC695787,2024-08-31,CREDIT,82360.76,EUR,BR854,COMPLETED,8.37,WEST,LOAN
TXN0007987,CUST1546,ACC367541,2024-10-21,WITHDRAWAL,58767.62,EUR,BR135,COMPLETED,47.69,WEST,SAVINGS
TXN0007988,CUST7183,ACC320846,2024-11-24,TRANSFER,38192.42,EUR,BR720,PENDING,44.79,EAST,CHECKING
TXN0007989,CUST6132,ACC100594,2024-05-23,DEBIT,21491.09,EUR,BR573,COMPLETED,51.38,NORTH,SAVINGS
TXN0007990,CUST2065,ACC169445,2024-02-11,DEBIT,96122.74,USD,BR642,COMPLETED,73.67,WEST,CREDIT
TXN0007991,CUST3089,ACC271328,2024-11-10,DEBIT,-37461.64,AUD,BR901,COMPLETED,56.01,SOUTH,CHECKING
TXN0007992,CUST2015,ACC139280,2024-01-09,CREDIT,-41201.22,USD,BR477,COMPLETED,11.47,SOUTH,CHECKING
TXN0007993,CUST8240,ACC378404,2024-09-19,WITHDRAWAL,-49592.78,USD,BR252,REVERSED,32.79,CENTRAL,CHECKING
TXN0007994,CUST1897,ACC862564,2024-08-19,WITHDRAWAL,27947.81,GBP,BR482,COMPLETED,40.35,SOUTH,SAVINGS
TXN0007995,CUST5939,ACC606110,2024-09-17,DEBIT,42146.17,USD,BR351,COMPLETED,14.76,WEST,CREDIT
TXN0007996,CUST8075,ACC925242,2024-11-27,DEBIT,68840.95,EUR,BR962,COMPLETED,45.99,SOUTH,CHECKING
TXN0007997,CUST2077,ACC169299,2024-09-16,DEBIT,70264.24,USD,BR886,COMPLETED,22.41,SOUTH,LOAN
TXN0007998,CUST2668,ACC329737,2024-08-08,DEBIT,-27216.38,EUR,BR701,COMPLETED,80.63,NORTH,CHECKING
TXN0007999,CUST1914,ACC591055,2024-06-17,CREDIT,-13450.58,GBP,BR732,COMPLETED,56.12,WEST,CREDIT
TXN0008000,CUST1855,ACC273648,2024-04-21,DEBIT,41793.65,USD,BR167,COMPLETED,6.67,CENTRAL,SAVINGS
TXN0008001,CUST5831,ACC805284,2024-09-14,CREDIT,-5455.36,EUR,BR292,FAILED,89.85,NORTH,SAVINGS
TXN0008002,CUST7249,ACC617453,2024-06-17,TRANSFER,80867.69,GBP,BR636,,67.43,SOUTH,SAVINGS
TXN0008003,CUST7581,ACC219786,2024-12-12,DEBIT,64113.53,USD,BR430,COMPLETED,52.62,SOUTH,SAVINGS
TXN0008004,CUST2570,ACC183854,2024-11-02,CREDIT,-22127.15,USD,BR972,COMPLETED,73.87,WEST,CREDIT
TXN0008005,CUST7735,ACC801934,2024-01-24,CREDIT,-3407.19,USD,BR415,COMPLETED,74.92,NORTH,LOAN
TXN0008006,CUST4819,ACC581932,2024-07-17,DEBIT,22784.52,EUR,BR169,,84.8,WEST,
TXN0008007,CUST1173,ACC951118,2024-08-29,CREDIT,-46486.1,USD,BR331,COMPLETED,28.33,WEST,LOAN
TXN0008008,CUST8428,ACC459385,2024-04-15,PAYMENT,12724.41,USD,BR225,COMPLETED,57.42,CENTRAL,LOAN
TXN0008009,CUST7290,ACC746759,2024-10-20,DEBIT,-35348.35,GBP,BR982,FAILED,85.83,NORTH,LOAN
TXN0008010,CUST8605,ACC863281,2024-07-31,DEBIT,6281.1,USD,BR832,FAILED,19.66,WEST,CHECKING
TXN0008011,CUST8014,ACC490192,2024-04-14,PAYMENT,74964.19,GBP,BR571,COMPLETED,46.67,WEST,CHECKING
TXN0008012,CUST2659,ACC991912,2024-06-04,WITHDRAWAL,-16954.8,USD,BR742,COMPLETED,27.11,CENTRAL,LOAN
TXN0008013,CUST6564,ACC591704,2024-12-14,TRANSFER,75617.87,AUD,BR764,FAILED,,EAST,SAVINGS
TXN0008014,CUST1425,ACC370620,2024-03-27,DEBIT,19428.41,USD,BR367,COMPLETED,35.86,WEST,LOAN
TXN0008015,CUST8439,ACC705073,2024-12-22,CREDIT,75454.07,USD,BR356,COMPLETED,80.29,NORTH,SAVINGS
TXN0008016,CUST9474,ACC685701,2024-09-20,DEBIT,68578.02,USD,BR650,PENDING,75.36,EAST,CHECKING
TXN0008017,CUST6377,ACC674541,2024-12-21,DEBIT,-1703.35,AUD,BR788,COMPLETED,27.55,CENTRAL,CREDIT
TXN0008018,CUST4153,ACC953939,2024-11-12,PAYMENT,66404.41,EUR,BR759,PENDING,80.07,NORTH,CREDIT
TXN0008019,CUST2769,ACC878160,2024-09-14,TRANSFER,81061.86,AUD,BR443,COMPLETED,61.92,NORTH,CHECKING
TXN0008020,CUST2682,ACC446659,2024-09-03,PAYMENT,-25262.68,EUR,BR928,COMPLETED,31.07,SOUTH,SAVINGS
TXN0008021,CUST1201,ACC762201,2024-07-23,CREDIT,39461.65,GBP,BR815,PENDING,56.57,NORTH,
TXN0008022,CUST2106,ACC797241,2024-01-13,CREDIT,92640.89,USD,BR224,COMPLETED,72.46,SOUTH,CREDIT
TXN0008023,CUST4172,ACC442394,2024-06-10,PAYMENT,56401.24,USD,BR914,PENDING,57.75,SOUTH,CHECKING
TXN0008024,CUST3064,ACC652294,2024-11-22,PAYMENT,-39454.72,EUR,BR696,COMPLETED,74.09,NORTH,SAVINGS
TXN0008025,CUST9337,ACC263156,2024-06-14,DEBIT,83644.53,USD,BR467,COMPLETED,92.83,EAST,SAVINGS
TXN0008026,CUST5198,ACC800188,2024-01-12,CREDIT,12679.14,EUR,BR358,COMPLETED,14.3,WEST,SAVINGS
TXN0008027,CUST6822,ACC815084,2024-12-09,CREDIT,36817.19,USD,BR387,PENDING,71.37,SOUTH,SAVINGS
TXN0008028,CUST7897,ACC975937,2024-11-22,WITHDRAWAL,-40638.45,EUR,BR274,COMPLETED,86.53,WEST,SAVINGS
TXN0008029,CUST8887,ACC851371,2024-06-03,DEBIT,36325.14,USD,BR787,COMPLETED,81.74,CENTRAL,CHECKING
TXN0008030,CUST8284,ACC718428,2024-10-19,CREDIT,47401.64,USD,BR328,COMPLETED,92.02,SOUTH,MORTGAGE
TXN0008031,CUST4046,ACC645310,2024-03-11,WITHDRAWAL,-33285.16,GBP,BR310,COMPLETED,78.13,EAST,CHECKING
TXN0008032,CUST4983,ACC815759,2024-03-12,DEBIT,80148.36,USD,BR366,COMPLETED,36.99,SOUTH,SAVINGS
TXN0008033,CUST3255,ACC392515,2024-03-01,DEBIT,21850.43,EUR,BR361,COMPLETED,94.69,NORTH,SAVINGS
TXN0008034,CUST1722,ACC945350,2024-12-21,TRANSFER,,USD,BR142,COMPLETED,70.81,EAST,SAVINGS
TXN0008035,CUST1991,ACC722697,2024-08-21,PAYMENT,-42427.81,USD,BR279,COMPLETED,82.1,EAST,SAVINGS
TXN0008036,CUST3091,ACC916102,2024-01-31,CREDIT,9711.88,USD,BR481,REVERSED,66.02,EAST,LOAN
TXN0008037,CUST6106,ACC357212,2024-05-14,DEBIT,9596.14,USD,BR834,COMPLETED,89.94,CENTRAL,MORTGAGE
TXN0008038,CUST8140,ACC337186,2024-11-27,PAYMENT,-41812.69,USD,BR669,FAILED,6.01,EAST,CHECKING
TXN0008039,CUST9407,ACC954517,2024-10-14,PAYMENT,15019.77,EUR,BR768,FAILED,4.94,SOUTH,SAVINGS
TXN0008040,CUST6861,ACC123304,2024-08-04,DEBIT,80509.51,GBP,BR618,COMPLETED,23.81,NORTH,CREDIT
TXN0008041,CUST6098,ACC554949,2024-12-24,DEBIT,-41348.08,EUR,BR471,COMPLETED,10.98,SOUTH,SAVINGS
TXN0008042,CUST9866,ACC606877,2024-02-09,CREDIT,36427.0,USD,BR911,PENDING,45.25,NORTH,CHECKING
TXN0008043,CUST3385,ACC385410,2024-10-06,CREDIT,-9620.86,USD,BR439,COMPLETED,17.39,NORTH,LOAN
TXN0008044,CUST3415,ACC444094,2024-07-24,DEBIT,-32056.27,USD,BR165,COMPLETED,4.79,NORTH,SAVINGS
TXN0008045,CUST8692,ACC633552,2024-12-15,PAYMENT,48537.92,USD,BR109,COMPLETED,8.95,SOUTH,CREDIT
TXN0008046,CUST6057,ACC415169,2024-08-14,DEBIT,36118.0,EUR,BR638,COMPLETED,13.88,CENTRAL,SAVINGS
TXN0008047,CUST6618,ACC623107,2024-01-16,CREDIT,78230.0,USD,BR637,,66.77,CENTRAL,SAVINGS
TXN0008048,CUST5768,ACC859459,2024-07-27,DEBIT,20392.2,GBP,BR720,REVERSED,70.75,EAST,CREDIT
TXN0008049,CUST7042,ACC524368,2024-07-19,PAYMENT,41317.23,USD,BR255,COMPLETED,76.24,WEST,CHECKING
TXN0008050,CUST1132,ACC153777,2024-04-15,PAYMENT,51209.95,USD,BR748,COMPLETED,72.9,SOUTH,MORTGAGE
TXN0008051,CUST9481,ACC720434,2024-04-05,DEBIT,-34413.63,USD,BR935,PENDING,25.48,SOUTH,MORTGAGE
TXN0008052,CUST3369,ACC414931,2024-02-01,TRANSFER,36288.38,USD,BR205,COMPLETED,16.15,SOUTH,SAVINGS
TXN0008053,CUST1939,ACC940615,2024-02-05,CREDIT,-7235.8,USD,BR554,FAILED,99.84,EAST,SAVINGS
TXN0008054,CUST4889,ACC370157,2024-07-24,CREDIT,16474.66,,BR198,REVERSED,28.45,CENTRAL,SAVINGS
TXN0008055,CUST9308,ACC211669,2024-03-24,CREDIT,35157.19,USD,BR101,COMPLETED,24.24,WEST,CHECKING
TXN0008056,CUST1894,ACC964098,2024-10-22,PAYMENT,43289.21,USD,BR635,REVERSED,22.3,SOUTH,LOAN
TXN0008057,CUST7915,ACC255159,2024-12-12,CREDIT,50964.95,AUD,BR780,COMPLETED,40.03,NORTH,SAVINGS
TXN0008058,CUST6633,ACC681974,2024-01-08,DEBIT,32425.63,EUR,BR563,REVERSED,33.52,NORTH,CHECKING
TXN0008059,CUST4201,ACC334488,2024-08-30,PAYMENT,-9328.24,USD,BR380,COMPLETED,76.91,CENTRAL,LOAN
TXN0008060,CUST4282,ACC985510,2024-04-08,CREDIT,13028.66,USD,BR648,COMPLETED,1.21,NORTH,MORTGAGE
TXN0008061,CUST4297,ACC921534,2024-10-24,TRANSFER,-39616.03,USD,BR432,COMPLETED,63.19,SOUTH,SAVINGS
TXN0008062,CUST2120,ACC329588,2024-10-24,CREDIT,-27692.12,USD,BR349,COMPLETED,36.61,NORTH,CHECKING
TXN0008063,CUST6595,ACC360820,2024-03-31,CREDIT,40762.94,USD,BR182,COMPLETED,,,SAVINGS
TXN0008064,CUST4102,ACC586903,2027-01-01,TRANSFER,89523.7,EUR,BR447,COMPLETED,16.86,EAST,LOAN
TXN0008065,CUST8794,ACC260702,2024-11-11,CREDIT,-17151.81,AUD,BR716,COMPLETED,61.86,SOUTH,SAVINGS
TXN0008066,CUST8657,ACC203386,2024-02-11,DEBIT,26967.33,,BR955,COMPLETED,48.69,WEST,CHECKING
TXN0008067,CUST6425,ACC831257,2024-12-10,PAYMENT,62643.89,USD,BR746,COMPLETED,,NORTH,CHECKING
TXN0008068,CUST6499,ACC668547,2024-10-17,WITHDRAWAL,31158.35,USD,BR904,COMPLETED,71.2,CENTRAL,CHECKING
TXN0008069,CUST5909,ACC630415,2024-10-01,DEBIT,-3354.44,USD,BR905,COMPLETED,90.0,EAST,CREDIT
TXN0008070,CUST7859,ACC480625,2024-03-22,PAYMENT,20363.68,EUR,BR987,FAILED,51.39,WEST,MORTGAGE
TXN0008071,,ACC532689,2024-09-08,PAYMENT,77426.88,,BR866,COMPLETED,27.61,SOUTH,SAVINGS
TXN0008072,CUST3658,ACC878592,2024-03-02,CREDIT,30873.78,GBP,BR709,COMPLETED,65.98,CENTRAL,CREDIT
TXN0008073,CUST2717,ACC519273,2024-10-14,CREDIT,85948.44,USD,BR543,COMPLETED,24.85,EAST,CHECKING
TXN0008074,CUST8443,ACC539659,2024-03-19,PAYMENT,-27030.4,GBP,BR394,REVERSED,21.08,SOUTH,CREDIT
TXN0008075,CUST1691,ACC694094,2024-08-02,PAYMENT,66652.58,AUD,BR790,COMPLETED,68.05,EAST,LOAN
TXN0008076,CUST9125,ACC447302,2024-12-25,DEBIT,18290.4,AUD,BR943,PENDING,75.92,WEST,CHECKING
TXN0008077,CUST4594,ACC413612,2024-06-14,CREDIT,43258.19,GBP,BR506,,55.4,EAST,CHECKING
TXN0008078,CUST1060,ACC185070,2024-04-14,PAYMENT,97931.43,EUR,BR814,COMPLETED,18.52,WEST,MORTGAGE
TXN0008079,CUST4654,ACC354273,2024-04-29,PAYMENT,61121.81,USD,BR111,COMPLETED,82.39,SOUTH,LOAN
TXN0008080,CUST4772,ACC270336,2024-08-25,DEBIT,30683.71,USD,BR672,COMPLETED,60.64,CENTRAL,SAVINGS
TXN0008081,CUST8643,ACC753323,2024-02-16,TRANSFER,14620.77,USD,BR863,COMPLETED,7.85,NORTH,SAVINGS
TXN0008082,CUST4492,ACC604547,2024-08-22,DEBIT,-23454.98,EUR,BR559,PENDING,94.81,NORTH,LOAN
TXN0008083,CUST4916,ACC795082,2024-01-04,CREDIT,97976.93,EUR,BR796,COMPLETED,77.26,WEST,SAVINGS
TXN0008084,CUST8876,ACC169542,2024-09-30,PAYMENT,88089.51,EUR,BR237,COMPLETED,9.29,NORTH,SAVINGS
TXN0008085,CUST6431,ACC912610,2024-08-04,PAYMENT,-21890.59,USD,BR944,COMPLETED,75.26,CENTRAL,LOAN
TXN0008086,,ACC429207,2024-06-06,TRANSFER,54403.71,USD,BR939,COMPLETED,81.38,,CREDIT
TXN0008087,CUST4363,ACC159667,2024-11-08,DEBIT,-48168.47,EUR,BR446,REVERSED,85.65,NORTH,CHECKING
TXN0008088,CUST7558,ACC556784,2024-05-14,PAYMENT,66901.6,USD,BR356,COMPLETED,70.35,EAST,LOAN
TXN0008089,CUST4018,ACC525642,2024-03-28,DEBIT,-44636.8,GBP,BR611,COMPLETED,49.87,WEST,CHECKING
TXN0008090,CUST1110,ACC954653,2024-07-26,TRANSFER,56954.43,USD,BR984,COMPLETED,69.93,CENTRAL,LOAN
TXN0008091,CUST6944,ACC553160,2024-10-27,CREDIT,-40279.61,USD,BR607,COMPLETED,64.89,WEST,SAVINGS
TXN0008092,CUST1162,ACC261528,2024-05-29,PAYMENT,-1332.01,USD,BR610,FAILED,39.76,SOUTH,SAVINGS
TXN0008093,CUST2208,ACC534344,2024-03-21,CREDIT,23219.04,USD,BR438,,94.14,NORTH,CHECKING
TXN0008094,CUST6863,ACC596159,2024-01-16,CREDIT,-57.54,GBP,BR341,COMPLETED,91.6,NORTH,LOAN
TXN0008095,CUST1491,ACC132081,2024-04-15,WITHDRAWAL,98198.51,USD,BR623,COMPLETED,83.54,SOUTH,CHECKING
TXN0008096,CUST2887,ACC449999,2024-12-22,DEBIT,-47606.7,USD,BR876,COMPLETED,40.35,WEST,LOAN
TXN0008097,CUST3333,ACC488371,2024-10-29,DEBIT,71861.88,USD,BR660,,8.54,SOUTH,SAVINGS
TXN0008098,CUST5760,ACC223969,2024-10-01,CREDIT,-20840.12,USD,BR221,FAILED,26.3,EAST,LOAN
TXN0008099,CUST8215,ACC422969,2024-12-17,CREDIT,64164.5,EUR,BR862,COMPLETED,17.98,CENTRAL,LOAN
TXN0008100,CUST4185,ACC347130,2024-12-06,DEBIT,91166.8,GBP,BR560,PENDING,41.66,WEST,CREDIT
TXN0008101,CUST6896,ACC610153,2024-04-30,DEBIT,7696.65,EUR,BR912,COMPLETED,54.81,EAST,CHECKING
TXN0008102,CUST1719,ACC615753,2024-02-14,TRANSFER,78684.31,USD,BR545,COMPLETED,57.79,WEST,LOAN
TXN0008103,CUST1486,ACC515597,2024-12-11,TRANSFER,59023.49,USD,BR649,COMPLETED,7.11,SOUTH,CHECKING
TXN0008104,CUST4262,ACC717006,2024-05-01,CREDIT,-36822.69,USD,BR330,COMPLETED,96.34,SOUTH,MORTGAGE
TXN0008105,CUST4241,ACC324425,2024-06-16,CREDIT,75293.49,GBP,BR477,COMPLETED,82.44,NORTH,SAVINGS
TXN0008106,CUST5654,ACC525006,2024-06-03,CREDIT,7278.7,EUR,BR294,COMPLETED,11.67,CENTRAL,SAVINGS
TXN0008107,CUST3853,ACC550998,2024-12-17,CREDIT,64707.64,USD,BR232,PENDING,60.51,CENTRAL,CHECKING
TXN0008108,CUST4587,ACC990712,2024-11-23,TRANSFER,28282.4,USD,BR381,FAILED,72.2,NORTH,SAVINGS
TXN0008109,CUST5292,ACC346532,2024-11-03,DEBIT,-40079.78,EUR,BR582,COMPLETED,77.95,NORTH,CREDIT
TXN0008110,CUST3855,ACC400383,2024-12-20,PAYMENT,-47335.5,USD,BR636,COMPLETED,27.11,WEST,SAVINGS
TXN0008111,CUST6567,ACC355051,2024-01-10,CREDIT,-26092.9,GBP,BR181,PENDING,66.78,SOUTH,MORTGAGE
TXN0008112,,ACC740231,2024-02-27,DEBIT,30206.49,EUR,BR927,,47.31,EAST,SAVINGS
TXN0008113,CUST3925,ACC943610,2024-05-24,WITHDRAWAL,92117.32,USD,BR963,PENDING,91.55,WEST,SAVINGS
TXN0008114,CUST4211,ACC272904,2024-07-02,DEBIT,62850.82,GBP,BR833,REVERSED,82.0,WEST,SAVINGS
TXN0008115,CUST1352,ACC452438,2024-10-16,DEBIT,10857.21,USD,BR214,REVERSED,67.51,NORTH,LOAN
TXN0008116,CUST3884,ACC266924,2024-11-08,PAYMENT,90730.19,USD,BR111,PENDING,79.16,NORTH,MORTGAGE
TXN0008117,CUST5289,ACC727029,2024-08-02,PAYMENT,46384.09,USD,BR967,COMPLETED,36.33,NORTH,SAVINGS
TXN0008118,CUST2657,ACC443034,2024-08-18,TRANSFER,74878.18,USD,BR779,FAILED,,CENTRAL,CHECKING
TXN0008119,CUST1343,ACC722273,2024-01-14,DEBIT,71669.5,EUR,BR221,COMPLETED,70.86,WEST,SAVINGS
TXN0008120,CUST3248,ACC495153,2024-07-13,DEBIT,-32146.92,USD,BR912,COMPLETED,68.43,SOUTH,SAVINGS
TXN0008121,CUST7208,ACC994643,2024-11-02,WITHDRAWAL,-14003.62,USD,BR537,COMPLETED,1.64,SOUTH,CHECKING
TXN0008122,CUST2818,ACC186904,2024-04-01,TRANSFER,-38040.65,USD,BR254,COMPLETED,42.15,EAST,CREDIT
TXN0008123,CUST6544,ACC205549,2024-02-02,PAYMENT,68819.01,EUR,BR216,COMPLETED,15.44,SOUTH,CREDIT
TXN0008124,CUST4444,ACC186082,2024-11-11,PAYMENT,-41609.51,USD,BR722,COMPLETED,34.26,,LOAN
TXN0008125,CUST5998,ACC186308,2024-06-23,DEBIT,-8216.76,EUR,BR632,COMPLETED,14.42,EAST,LOAN
TXN0008126,CUST8474,ACC934870,2024-10-02,TRANSFER,45981.26,EUR,BR682,COMPLETED,93.62,WEST,CHECKING
TXN0008127,CUST4934,ACC873251,2024-08-12,DEBIT,49586.54,USD,BR991,FAILED,18.65,EAST,CREDIT
TXN0008128,CUST7056,ACC108902,2024-04-07,DEBIT,67392.93,EUR,BR908,COMPLETED,97.49,EAST,SAVINGS
TXN0008129,CUST7100,ACC257334,2024-01-02,DEBIT,49099.39,USD,BR591,COMPLETED,78.54,,CHECKING
TXN0008130,CUST3807,ACC666619,2024-07-07,CREDIT,6055.03,USD,BR361,COMPLETED,1.14,WEST,LOAN
TXN0008131,CUST9633,ACC549359,2024-05-12,TRANSFER,35508.93,GBP,BR899,COMPLETED,63.66,WEST,LOAN
TXN0008132,CUST8106,ACC616579,2024-11-06,DEBIT,45802.87,EUR,BR391,COMPLETED,71.12,EAST,SAVINGS
TXN0008133,CUST2071,ACC196799,2024-09-28,DEBIT,20377.53,USD,BR531,PENDING,17.61,WEST,CREDIT
TXN0008134,CUST2941,ACC932138,2024-03-24,DEBIT,30802.66,GBP,BR694,COMPLETED,9.01,EAST,
TXN0008135,CUST3366,ACC947352,2024-05-19,CREDIT,69446.01,USD,BR886,FAILED,97.63,CENTRAL,SAVINGS
TXN0008136,CUST3142,ACC831259,2024-04-28,CREDIT,-32275.68,USD,BR306,COMPLETED,3.76,NORTH,SAVINGS
TXN0008137,CUST4107,ACC779445,2024-10-14,DEBIT,48049.24,EUR,BR192,PENDING,15.57,NORTH,CHECKING
TXN0008138,CUST4140,ACC259265,2024-09-19,CREDIT,41687.97,USD,BR529,,91.83,SOUTH,CHECKING
TXN0008139,CUST9725,ACC153852,2024-05-22,CREDIT,4686.73,USD,BR673,PENDING,39.88,EAST,CHECKING
TXN0008140,CUST7196,ACC102188,2024-12-03,PAYMENT,26898.61,AUD,BR809,COMPLETED,18.33,WEST,SAVINGS
TXN0008141,CUST7131,ACC594097,2024-05-05,WITHDRAWAL,-38815.87,USD,BR190,COMPLETED,55.39,CENTRAL,MORTGAGE
TXN0008142,CUST6209,ACC286198,2024-01-28,TRANSFER,-13803.67,EUR,BR925,COMPLETED,73.86,EAST,SAVINGS
TXN0008143,CUST8037,ACC134272,2024-12-23,TRANSFER,71072.35,AUD,BR992,COMPLETED,79.64,EAST,LOAN
TXN0008144,CUST5006,ACC239967,2024-03-16,DEBIT,70499.37,EUR,BR955,FAILED,32.71,EAST,SAVINGS
TXN0008145,CUST1756,ACC405579,2024-12-21,DEBIT,-46050.01,EUR,BR812,COMPLETED,66.13,CENTRAL,LOAN
TXN0008146,CUST4098,ACC984557,2024-12-13,WITHDRAWAL,85405.64,USD,BR453,COMPLETED,37.43,WEST,CREDIT
TXN0008147,CUST9773,ACC484583,2024-02-08,CREDIT,39121.21,AUD,BR794,COMPLETED,15.05,CENTRAL,SAVINGS
TXN0008148,CUST5819,ACC811710,2024-08-26,DEBIT,-4420.43,AUD,BR791,COMPLETED,96.01,SOUTH,SAVINGS
TXN0008149,CUST3434,ACC818968,2024-10-02,DEBIT,60048.96,USD,BR175,COMPLETED,59.51,EAST,CREDIT
TXN0008150,CUST6368,ACC966917,2024-02-27,DEBIT,-7786.68,USD,BR497,COMPLETED,56.51,NORTH,CHECKING
TXN0008151,CUST5049,ACC833986,2024-07-31,DEBIT,-10742.09,USD,BR394,COMPLETED,41.77,SOUTH,CHECKING
TXN0008152,CUST1872,ACC474604,2024-08-29,DEBIT,65498.1,USD,BR730,COMPLETED,76.01,WEST,CREDIT
TXN0008153,CUST5588,ACC798412,2024-09-14,CREDIT,52353.09,USD,BR217,COMPLETED,70.2,EAST,LOAN
TXN0008154,CUST3071,ACC699782,2024-01-03,CREDIT,31949.65,GBP,BR830,FAILED,25.63,NORTH,LOAN
TXN0008155,CUST9327,ACC191771,2024-07-16,DEBIT,-708.58,USD,BR729,FAILED,11.37,EAST,LOAN
TXN0008156,CUST9011,ACC142393,2024-11-20,DEBIT,40727.21,GBP,BR119,COMPLETED,29.44,SOUTH,LOAN
TXN0008157,CUST4428,ACC273247,2024-07-11,PAYMENT,-16589.17,EUR,BR605,COMPLETED,71.93,CENTRAL,
TXN0008158,CUST2333,ACC424814,2024-11-24,TRANSFER,-11756.13,USD,BR148,PENDING,45.28,NORTH,LOAN
TXN0008159,CUST8711,ACC446178,2027-01-01,DEBIT,-26642.93,EUR,BR747,FAILED,90.18,WEST,SAVINGS
TXN0008160,CUST2062,ACC204827,2024-12-05,DEBIT,33958.7,USD,BR377,COMPLETED,33.77,WEST,CREDIT
TXN0008161,CUST3743,ACC140833,2024-04-23,WITHDRAWAL,82994.99,USD,BR384,PENDING,6.59,EAST,SAVINGS
TXN0008162,CUST9333,ACC711176,2024-12-13,CREDIT,99948.7,USD,BR449,COMPLETED,34.79,CENTRAL,CHECKING
TXN0008163,CUST7358,ACC186345,2024-02-28,TRANSFER,55498.45,USD,BR218,COMPLETED,98.82,WEST,
TXN0008164,CUST9342,ACC141433,2024-06-24,PAYMENT,96554.46,USD,BR713,COMPLETED,32.86,WEST,CREDIT
TXN0008165,CUST7131,ACC744206,2024-11-26,DEBIT,43337.49,USD,BR807,COMPLETED,51.51,WEST,SAVINGS
TXN0008166,CUST9168,ACC100223,2024-09-27,TRANSFER,52852.55,EUR,BR485,REVERSED,64.89,EAST,CREDIT
TXN0008167,CUST9501,ACC961331,2024-10-23,CREDIT,15102.25,USD,BR395,PENDING,37.25,WEST,SAVINGS
TXN0008168,CUST8606,ACC301586,2024-01-27,DEBIT,76276.92,USD,BR951,COMPLETED,68.39,WEST,SAVINGS
TXN0008169,CUST3932,ACC927895,2024-02-22,DEBIT,39478.85,EUR,BR689,PENDING,45.22,WEST,MORTGAGE
TXN0008170,CUST6272,ACC278189,2024-07-13,CREDIT,-46833.7,GBP,BR993,COMPLETED,39.37,WEST,SAVINGS
TXN0008171,CUST7125,ACC509850,2024-11-29,PAYMENT,25079.93,USD,BR285,COMPLETED,58.47,EAST,SAVINGS
TXN0008172,CUST9609,ACC964226,2024-05-09,CREDIT,99019.61,USD,BR344,COMPLETED,61.34,EAST,SAVINGS
TXN0008173,CUST8918,ACC614179,2024-10-24,PAYMENT,93582.18,USD,BR867,COMPLETED,76.63,SOUTH,SAVINGS
TXN0008174,CUST9106,ACC212762,2024-12-02,DEBIT,-42502.95,USD,BR125,PENDING,77.18,SOUTH,CREDIT
TXN0008175,CUST8762,ACC380316,2024-03-13,DEBIT,13411.92,EUR,BR489,PENDING,18.84,,
TXN0008176,CUST5396,ACC722193,2024-11-30,CREDIT,88326.02,USD,BR811,REVERSED,21.25,SOUTH,LOAN
TXN0008177,CUST7569,ACC405584,2024-09-18,TRANSFER,-39107.78,USD,BR535,COMPLETED,6.08,WEST,LOAN
TXN0008178,CUST1599,ACC745330,2024-02-17,TRANSFER,94203.69,GBP,BR166,FAILED,21.08,CENTRAL,SAVINGS
TXN0008179,CUST4394,ACC977500,2024-06-17,DEBIT,-6274.57,USD,BR970,COMPLETED,72.07,WEST,CHECKING
TXN0008180,CUST4596,ACC651642,2024-01-01,CREDIT,79020.26,USD,BR922,COMPLETED,77.59,EAST,MORTGAGE
TXN0008181,CUST4325,ACC175165,2024-04-12,TRANSFER,14334.9,EUR,BR731,COMPLETED,55.73,EAST,SAVINGS
TXN0008182,CUST8406,ACC972207,2024-08-17,DEBIT,45802.94,,BR114,COMPLETED,44.6,WEST,CHECKING
TXN0008183,CUST4840,ACC742501,2024-01-24,CREDIT,80663.03,USD,BR217,COMPLETED,24.5,EAST,LOAN
TXN0008184,CUST7486,ACC398262,2024-02-28,PAYMENT,8310.88,GBP,BR590,COMPLETED,75.68,EAST,SAVINGS
TXN0008185,CUST4581,ACC245349,2024-08-31,CREDIT,-34576.03,USD,BR768,COMPLETED,42.41,SOUTH,CHECKING
TXN0008186,CUST6013,ACC168097,2024-01-28,TRANSFER,,USD,BR378,COMPLETED,33.63,SOUTH,MORTGAGE
TXN0008187,CUST7963,ACC584795,2024-11-02,CREDIT,52725.4,GBP,BR900,COMPLETED,89.98,SOUTH,SAVINGS
TXN0008188,CUST7178,ACC735612,2024-03-20,CREDIT,75288.95,,BR630,COMPLETED,81.97,SOUTH,SAVINGS
TXN0008189,CUST3575,ACC993801,2024-07-30,PAYMENT,-8254.1,EUR,BR987,COMPLETED,3.67,WEST,LOAN
TXN0008190,CUST7129,ACC372611,2024-11-18,CREDIT,95552.39,USD,BR400,COMPLETED,1.51,SOUTH,CREDIT
TXN0008191,CUST5170,ACC265039,2024-06-01,DEBIT,11384.23,USD,BR267,REVERSED,5.53,NORTH,LOAN
TXN0008192,CUST2388,ACC774720,2024-01-22,CREDIT,79814.66,EUR,BR427,COMPLETED,72.3,NORTH,CREDIT
TXN0008193,CUST3200,ACC913773,2024-08-16,CREDIT,-42477.05,USD,BR265,COMPLETED,41.8,EAST,SAVINGS
TXN0008194,CUST2376,ACC833943,2024-01-25,CREDIT,95360.65,USD,BR375,COMPLETED,61.94,CENTRAL,CHECKING
TXN0008195,CUST5834,ACC639902,2024-04-14,TRANSFER,1342.93,USD,BR978,COMPLETED,47.35,NORTH,CHECKING
TXN0008196,CUST8282,ACC200789,2024-01-16,DEBIT,27831.78,EUR,BR518,PENDING,6.3,SOUTH,CREDIT
TXN0008197,CUST9500,ACC620529,2024-09-19,WITHDRAWAL,96798.68,USD,BR963,COMPLETED,7.94,NORTH,CREDIT
TXN0008198,CUST6760,ACC735944,2024-11-18,DEBIT,33155.68,USD,BR575,COMPLETED,57.26,CENTRAL,LOAN
TXN0008199,CUST4771,ACC334662,2024-10-03,DEBIT,-7980.42,EUR,BR222,COMPLETED,1.12,CENTRAL,CHECKING
TXN0008200,CUST1674,ACC822502,2024-01-17,CREDIT,51751.28,GBP,BR713,COMPLETED,79.07,CENTRAL,CHECKING
TXN0008201,CUST8622,ACC397477,2024-09-22,CREDIT,-11758.21,USD,BR323,COMPLETED,7.72,EAST,CHECKING
TXN0008202,CUST9392,ACC133589,2024-11-23,CREDIT,47129.98,EUR,BR163,COMPLETED,85.36,EAST,CHECKING
TXN0008203,CUST6511,ACC512502,2024-02-03,TRANSFER,22679.12,USD,BR491,COMPLETED,38.55,CENTRAL,CREDIT
TXN0008204,CUST7981,ACC993550,2024-08-20,PAYMENT,52624.76,USD,BR831,COMPLETED,77.96,CENTRAL,SAVINGS
TXN0008205,CUST8391,ACC455108,2024-03-22,CREDIT,96245.45,AUD,BR766,COMPLETED,42.93,SOUTH,MORTGAGE
TXN0008206,CUST8660,ACC797312,2024-07-24,CREDIT,-1655.23,USD,BR920,FAILED,69.29,CENTRAL,CHECKING
TXN0008207,CUST8086,ACC270715,2024-03-17,PAYMENT,22624.39,USD,BR403,COMPLETED,44.44,WEST,SAVINGS
TXN0008208,CUST7700,ACC828664,2024-09-27,CREDIT,-7269.26,USD,BR944,FAILED,38.32,NORTH,CHECKING
TXN0008209,CUST7021,ACC595620,2024-03-25,PAYMENT,-48985.6,AUD,BR599,COMPLETED,94.74,SOUTH,SAVINGS
TXN0008210,CUST9151,ACC949630,2024-11-03,PAYMENT,-15429.1,USD,BR303,PENDING,14.78,EAST,MORTGAGE
TXN0008211,CUST6194,ACC574489,2024-07-31,TRANSFER,-20405.61,EUR,BR804,COMPLETED,10.53,WEST,SAVINGS
TXN0008212,CUST5473,ACC476178,2024-10-08,WITHDRAWAL,4825.03,USD,BR693,FAILED,21.99,NORTH,CREDIT
TXN0008213,CUST7264,ACC633595,2024-03-30,CREDIT,61962.17,USD,BR125,REVERSED,63.38,WEST,CREDIT
TXN0008214,CUST1404,ACC421282,2024-11-29,DEBIT,27988.78,AUD,BR888,COMPLETED,27.63,SOUTH,LOAN
TXN0008215,CUST3942,ACC407917,2024-05-31,DEBIT,12043.93,EUR,BR641,COMPLETED,93.0,EAST,CHECKING
TXN0008216,CUST8236,ACC785233,2024-06-02,CREDIT,17098.49,EUR,BR590,FAILED,97.25,SOUTH,CHECKING
TXN0008217,CUST4830,ACC839935,2024-09-26,CREDIT,38421.81,USD,BR461,COMPLETED,29.72,CENTRAL,CHECKING
TXN0008218,CUST5351,ACC954209,2024-06-16,CREDIT,41329.2,AUD,BR297,COMPLETED,82.49,EAST,CHECKING
TXN0008219,CUST2243,ACC520577,2024-01-16,CREDIT,-23289.0,USD,BR448,PENDING,60.11,CENTRAL,LOAN
TXN0008220,CUST6883,ACC538272,2024-12-04,DEBIT,-27150.36,USD,BR646,COMPLETED,99.24,NORTH,CHECKING
TXN0008221,CUST2350,ACC946165,2024-01-10,CREDIT,-3482.66,USD,BR769,PENDING,68.95,NORTH,LOAN
TXN0008222,CUST5825,ACC346546,2024-08-22,DEBIT,-4437.62,AUD,BR677,COMPLETED,36.88,WEST,SAVINGS
TXN0008223,CUST9220,ACC932839,2024-03-16,DEBIT,89485.48,GBP,BR673,COMPLETED,90.5,CENTRAL,CREDIT
TXN0008224,CUST9401,ACC988272,2024-09-21,DEBIT,12901.74,USD,BR308,COMPLETED,9.94,CENTRAL,CHECKING
TXN0008225,CUST9956,ACC424351,2027-01-01,TRANSFER,46790.2,GBP,BR265,COMPLETED,77.1,WEST,CHECKING
TXN0008226,CUST2280,ACC798619,2024-12-03,TRANSFER,-34918.92,USD,BR843,COMPLETED,92.23,EAST,CREDIT
TXN0008227,CUST5528,ACC442475,2024-10-23,PAYMENT,-9427.89,EUR,BR379,COMPLETED,29.45,SOUTH,CHECKING
TXN0008228,CUST4731,ACC320774,2024-06-22,TRANSFER,94789.82,USD,BR313,COMPLETED,62.67,CENTRAL,CHECKING
TXN0008229,CUST2612,ACC352372,2024-10-16,DEBIT,1935.42,GBP,BR437,COMPLETED,96.61,WEST,LOAN
TXN0008230,CUST2942,ACC583694,2024-04-04,TRANSFER,25908.24,AUD,BR782,COMPLETED,26.41,WEST,LOAN
TXN0008231,CUST2168,ACC255945,2024-11-24,DEBIT,-18219.74,USD,BR716,COMPLETED,50.79,EAST,SAVINGS
TXN0008232,CUST6902,ACC837394,2024-11-27,CREDIT,99310.64,USD,BR840,COMPLETED,3.71,WEST,SAVINGS
TXN0008233,CUST1627,ACC262759,2024-08-27,WITHDRAWAL,-38707.5,,BR945,COMPLETED,23.36,NORTH,CREDIT
TXN0008234,CUST9946,ACC138585,2024-11-19,DEBIT,35888.32,USD,BR469,COMPLETED,,NORTH,CHECKING
TXN0008235,CUST4281,ACC183312,2024-05-21,CREDIT,-37587.48,USD,BR216,PENDING,,EAST,SAVINGS
TXN0008236,CUST6468,ACC161601,2024-02-15,TRANSFER,-29557.17,AUD,BR341,COMPLETED,23.18,WEST,SAVINGS
TXN0008237,CUST4221,ACC716230,2024-02-08,WITHDRAWAL,79180.32,AUD,BR295,COMPLETED,3.0,CENTRAL,CREDIT
TXN0008238,CUST6394,ACC223436,2024-08-02,PAYMENT,10527.33,USD,BR331,FAILED,43.96,CENTRAL,LOAN
TXN0008239,CUST5096,ACC254853,2024-10-03,CREDIT,-18162.23,EUR,BR170,FAILED,46.97,SOUTH,LOAN
TXN0008240,CUST5959,ACC212904,2024-01-02,DEBIT,89839.68,EUR,BR832,COMPLETED,74.12,WEST,LOAN
TXN0008241,CUST5496,ACC570726,2024-08-04,CREDIT,75259.1,EUR,BR518,COMPLETED,95.45,EAST,CREDIT
TXN0008242,CUST4123,ACC232235,2024-10-30,DEBIT,97496.58,EUR,BR860,COMPLETED,63.41,NORTH,SAVINGS
TXN0008243,CUST3258,ACC256580,2024-12-16,CREDIT,16460.0,USD,BR711,COMPLETED,31.64,WEST,LOAN
TXN0008244,CUST9898,ACC857878,2024-02-27,DEBIT,62787.21,AUD,BR481,COMPLETED,48.08,NORTH,SAVINGS
TXN0008245,CUST5278,ACC177009,2024-11-03,PAYMENT,54603.76,USD,BR374,COMPLETED,31.23,WEST,LOAN
TXN0008246,CUST1139,ACC396196,2024-07-16,DEBIT,21021.26,USD,BR301,COMPLETED,51.66,SOUTH,SAVINGS
TXN0008247,CUST5906,ACC907788,2024-02-26,DEBIT,29725.57,EUR,BR236,PENDING,33.83,CENTRAL,LOAN
TXN0008248,CUST5617,ACC448890,2024-03-28,CREDIT,36588.29,GBP,BR350,COMPLETED,62.19,CENTRAL,SAVINGS
TXN0008249,CUST6679,ACC821132,2024-08-29,PAYMENT,77550.09,USD,BR287,,44.23,CENTRAL,CHECKING
TXN0008250,CUST7616,ACC435492,2024-07-26,WITHDRAWAL,-25186.3,USD,BR382,COMPLETED,83.24,EAST,CHECKING
TXN0008251,CUST7647,ACC707408,2024-07-19,CREDIT,25923.12,USD,BR525,FAILED,42.85,SOUTH,CHECKING
TXN0008252,CUST1194,ACC350876,2024-03-08,CREDIT,-14781.79,USD,BR680,COMPLETED,20.49,SOUTH,CHECKING
TXN0008253,CUST8733,ACC853549,2024-01-08,CREDIT,48808.1,USD,BR324,PENDING,16.0,SOUTH,CREDIT
TXN0008254,CUST9399,ACC604990,2024-10-12,CREDIT,4061.54,EUR,BR459,COMPLETED,81.5,SOUTH,CHECKING
TXN0008255,CUST3445,ACC556481,2024-01-17,DEBIT,5609.65,USD,BR464,FAILED,11.74,EAST,CREDIT
TXN0008256,CUST7512,ACC529790,2024-09-28,CREDIT,-20223.98,USD,BR226,COMPLETED,21.01,SOUTH,CHECKING
TXN0008257,CUST4728,ACC228574,2024-03-09,CREDIT,-8261.36,USD,BR528,FAILED,39.61,CENTRAL,SAVINGS
TXN0008258,CUST4717,ACC775609,2024-01-09,PAYMENT,30731.27,EUR,BR731,COMPLETED,78.08,EAST,CHECKING
TXN0008259,CUST4438,ACC800731,2024-05-02,CREDIT,-22724.67,USD,BR608,COMPLETED,30.61,WEST,LOAN
TXN0008260,CUST8773,ACC804266,2024-11-15,DEBIT,-13843.74,USD,BR664,FAILED,25.4,WEST,CREDIT
TXN0008261,CUST4829,ACC678940,2024-03-02,TRANSFER,45038.31,USD,BR628,PENDING,55.94,CENTRAL,CHECKING
TXN0008262,CUST9451,ACC864810,2024-08-21,WITHDRAWAL,-32421.63,USD,BR911,PENDING,89.23,SOUTH,CREDIT
TXN0008263,CUST8679,ACC716217,2024-01-30,TRANSFER,-2997.57,USD,BR299,COMPLETED,57.88,CENTRAL,SAVINGS
TXN0008264,CUST8559,ACC417242,2024-11-21,PAYMENT,78654.14,USD,BR772,PENDING,45.97,EAST,SAVINGS
TXN0008265,CUST6581,ACC843556,2024-03-30,PAYMENT,21593.2,USD,BR608,PENDING,54.3,CENTRAL,LOAN
TXN0008266,CUST2406,ACC319961,2024-08-03,DEBIT,40303.06,USD,BR931,COMPLETED,70.28,WEST,CHECKING
TXN0008267,CUST6129,ACC596215,2024-04-09,TRANSFER,66801.52,,BR943,PENDING,38.2,SOUTH,SAVINGS
TXN0008268,CUST4077,ACC788056,2024-12-10,DEBIT,50830.05,USD,BR584,COMPLETED,66.85,WEST,SAVINGS
TXN0008269,CUST8025,ACC135479,2024-05-15,DEBIT,5598.66,USD,BR593,COMPLETED,74.52,NORTH,LOAN
TXN0008270,CUST7843,ACC481901,2024-05-23,DEBIT,96109.84,USD,BR915,COMPLETED,61.92,WEST,MORTGAGE
TXN0008271,CUST4433,ACC264134,2024-05-17,PAYMENT,,AUD,BR261,COMPLETED,9.24,SOUTH,LOAN
TXN0008272,CUST8187,ACC509777,2024-04-21,CREDIT,31850.0,USD,BR878,COMPLETED,47.11,SOUTH,SAVINGS
TXN0008273,CUST8372,ACC300790,2024-06-15,DEBIT,83937.12,USD,BR154,REVERSED,3.03,EAST,SAVINGS
TXN0008274,CUST1493,ACC461848,2024-10-31,CREDIT,97400.63,EUR,BR415,COMPLETED,76.82,WEST,SAVINGS
TXN0008275,CUST7139,ACC169264,2024-07-14,DEBIT,70897.7,EUR,BR335,COMPLETED,92.74,CENTRAL,SAVINGS
TXN0008276,CUST3276,ACC151288,2024-11-18,PAYMENT,-12737.23,USD,BR676,PENDING,52.94,SOUTH,CREDIT
TXN0008277,CUST3102,ACC132903,2024-11-29,WITHDRAWAL,85849.29,USD,BR609,COMPLETED,18.28,NORTH,CHECKING
TXN0008278,CUST6006,ACC981979,2024-04-04,DEBIT,-19282.63,EUR,BR976,COMPLETED,19.16,SOUTH,SAVINGS
TXN0008279,CUST1158,ACC994506,2024-11-24,CREDIT,4242.38,USD,BR223,COMPLETED,47.27,SOUTH,CHECKING
TXN0008280,CUST9188,ACC942664,2024-05-09,TRANSFER,25636.04,USD,BR614,FAILED,39.91,NORTH,SAVINGS
TXN0008281,CUST6810,ACC364431,2024-06-20,DEBIT,-17643.78,EUR,BR625,COMPLETED,53.0,WEST,SAVINGS
TXN0008282,CUST6567,ACC508482,2024-09-24,WITHDRAWAL,24245.74,USD,BR661,REVERSED,98.54,WEST,SAVINGS
TXN0008283,CUST4694,ACC295624,2024-12-14,CREDIT,-32389.03,EUR,BR795,PENDING,93.26,SOUTH,CHECKING
TXN0008284,CUST7867,ACC951987,2024-09-05,PAYMENT,-2057.53,USD,BR379,PENDING,41.05,CENTRAL,LOAN
TXN0008285,CUST7974,ACC621789,2024-01-04,DEBIT,-24974.72,USD,BR245,REVERSED,20.34,CENTRAL,
TXN0008286,CUST7608,ACC586019,2024-02-11,CREDIT,-2033.3,AUD,BR576,COMPLETED,97.81,SOUTH,SAVINGS
TXN0008287,CUST9808,ACC790308,2024-04-01,PAYMENT,52214.19,GBP,BR966,COMPLETED,99.49,CENTRAL,CHECKING
TXN0008288,CUST5909,ACC516798,2024-01-06,CREDIT,57605.26,USD,BR213,FAILED,17.76,EAST,LOAN
TXN0008289,CUST6342,ACC921794,2024-05-31,TRANSFER,-27918.91,USD,BR855,PENDING,99.7,SOUTH,MORTGAGE
TXN0008290,CUST1380,ACC843588,2024-12-04,DEBIT,-14790.88,EUR,BR484,COMPLETED,27.38,EAST,CHECKING
TXN0008291,CUST1527,ACC439297,2024-12-02,CREDIT,54800.37,USD,BR841,COMPLETED,63.21,CENTRAL,SAVINGS
TXN0008292,CUST3279,ACC571452,2024-03-14,PAYMENT,-35599.48,USD,BR739,COMPLETED,,EAST,CHECKING
TXN0008293,CUST3518,ACC239359,2024-06-01,CREDIT,-19322.55,GBP,BR535,COMPLETED,12.97,WEST,LOAN
TXN0008294,CUST6410,ACC955408,2024-03-24,PAYMENT,2415.26,USD,BR423,COMPLETED,7.3,CENTRAL,CREDIT
TXN0008295,CUST7404,ACC442788,2024-12-02,DEBIT,61324.66,USD,BR526,COMPLETED,12.34,SOUTH,SAVINGS
TXN0008296,CUST7247,ACC881484,2024-07-10,WITHDRAWAL,68740.19,USD,BR388,COMPLETED,58.66,EAST,CHECKING
TXN0008297,CUST4345,ACC841746,2024-04-20,CREDIT,82877.21,AUD,BR463,PENDING,39.73,SOUTH,LOAN
TXN0008298,CUST7400,ACC542864,2024-07-27,DEBIT,-1115.6,GBP,BR468,COMPLETED,45.22,SOUTH,LOAN
TXN0008299,CUST2043,ACC790387,2024-11-01,CREDIT,15576.25,GBP,BR851,REVERSED,70.56,SOUTH,MORTGAGE
TXN0008300,CUST9757,ACC430079,2024-01-10,DEBIT,32756.18,USD,BR323,COMPLETED,12.39,CENTRAL,CREDIT
TXN0008301,CUST7331,ACC888019,2024-10-26,DEBIT,23624.74,EUR,BR908,COMPLETED,71.47,CENTRAL,SAVINGS
TXN0008302,CUST4085,ACC694090,2024-02-16,TRANSFER,82971.97,AUD,BR713,COMPLETED,7.05,WEST,LOAN
TXN0008303,CUST8778,ACC833851,2024-03-20,CREDIT,6067.88,USD,BR979,COMPLETED,40.24,SOUTH,MORTGAGE
TXN0008304,CUST2779,ACC292898,2024-04-24,CREDIT,-48152.64,USD,BR266,COMPLETED,21.41,WEST,LOAN
TXN0008305,CUST6387,ACC107800,2024-08-22,PAYMENT,56418.64,USD,BR633,PENDING,48.72,EAST,SAVINGS
TXN0008306,CUST8397,ACC921251,2024-07-05,PAYMENT,78502.85,USD,BR367,PENDING,47.62,NORTH,CREDIT
TXN0008307,CUST5991,ACC272154,2024-05-07,TRANSFER,-1145.61,USD,BR118,COMPLETED,75.01,SOUTH,LOAN
TXN0008308,CUST2527,ACC362773,2024-01-05,DEBIT,-1089.44,EUR,BR994,COMPLETED,49.28,CENTRAL,CHECKING
TXN0008309,CUST3808,ACC535998,2024-04-03,DEBIT,28480.27,GBP,BR308,COMPLETED,10.18,EAST,CHECKING
TXN0008310,CUST2709,ACC197744,2024-10-09,PAYMENT,99852.62,USD,BR372,COMPLETED,88.77,EAST,SAVINGS
TXN0008311,CUST3910,ACC610545,2024-05-16,DEBIT,-4277.04,USD,BR598,COMPLETED,11.29,NORTH,SAVINGS
TXN0008312,CUST1525,ACC450807,2024-10-18,TRANSFER,27778.62,AUD,BR542,COMPLETED,69.25,SOUTH,SAVINGS
TXN0008313,CUST9005,ACC255365,2024-08-19,CREDIT,41965.05,USD,BR712,PENDING,72.92,EAST,SAVINGS
TXN0008314,CUST1439,ACC144066,2024-07-26,DEBIT,-6109.1,USD,BR511,PENDING,10.81,WEST,SAVINGS
TXN0008315,CUST4058,ACC247158,2024-12-26,TRANSFER,21378.37,USD,BR406,COMPLETED,57.55,EAST,SAVINGS
TXN0008316,CUST4260,ACC351682,2024-01-31,DEBIT,,USD,BR858,COMPLETED,1.95,SOUTH,CREDIT
TXN0008317,CUST2138,ACC637693,2024-05-07,PAYMENT,-26114.6,USD,BR479,PENDING,51.19,EAST,SAVINGS
TXN0008318,CUST7322,ACC733257,2024-11-08,DEBIT,6856.38,EUR,BR810,PENDING,63.19,SOUTH,CHECKING
TXN0008319,CUST5650,ACC619420,2024-07-11,WITHDRAWAL,4797.13,USD,BR372,FAILED,87.05,NORTH,CHECKING
TXN0008320,CUST4373,ACC391359,2024-11-28,CREDIT,2094.85,USD,BR963,PENDING,38.58,WEST,CREDIT
TXN0008321,CUST4818,ACC312080,2024-08-17,CREDIT,16102.82,,BR413,COMPLETED,0.7,SOUTH,LOAN
TXN0008322,CUST5769,ACC855797,2024-01-01,TRANSFER,-23045.04,AUD,BR100,PENDING,3.94,SOUTH,LOAN
TXN0008323,CUST9591,ACC289281,2024-03-08,CREDIT,-21608.81,USD,BR527,PENDING,45.1,NORTH,CHECKING
TXN0008324,CUST2146,ACC538168,2024-05-30,WITHDRAWAL,59881.22,USD,BR502,COMPLETED,67.37,NORTH,CREDIT
TXN0008325,CUST8449,ACC140316,2024-05-04,DEBIT,17771.1,EUR,BR630,COMPLETED,64.55,EAST,SAVINGS
TXN0008326,CUST1941,ACC908305,2024-07-11,TRANSFER,64922.89,USD,BR708,COMPLETED,75.18,EAST,MORTGAGE
TXN0008327,CUST7039,ACC109673,2024-06-11,DEBIT,81497.43,USD,BR705,PENDING,44.67,SOUTH,LOAN
TXN0008328,CUST9495,ACC762215,2024-03-09,WITHDRAWAL,-26415.99,USD,BR845,,5.77,WEST,
TXN0008329,CUST1180,ACC478250,2024-12-19,CREDIT,45969.2,USD,BR407,COMPLETED,3.11,WEST,LOAN
TXN0008330,CUST3815,ACC845920,2024-06-06,WITHDRAWAL,80340.06,USD,BR253,COMPLETED,23.12,EAST,LOAN
TXN0008331,CUST6353,ACC459622,2024-01-22,TRANSFER,92761.9,AUD,BR448,COMPLETED,53.12,EAST,MORTGAGE
TXN0008332,CUST7731,ACC939079,2024-06-29,WITHDRAWAL,58592.29,EUR,BR321,COMPLETED,22.38,CENTRAL,CREDIT
TXN0008333,CUST7407,ACC744745,2024-06-30,TRANSFER,,USD,BR265,COMPLETED,11.5,WEST,SAVINGS
TXN0008334,CUST3572,ACC491143,2024-04-23,DEBIT,28536.49,EUR,BR627,COMPLETED,32.76,SOUTH,LOAN
TXN0008335,CUST2814,ACC453558,2024-12-23,CREDIT,5078.54,USD,BR293,FAILED,57.94,CENTRAL,CREDIT
TXN0008336,CUST3115,ACC102870,2024-08-05,CREDIT,30773.81,USD,BR506,COMPLETED,22.22,WEST,CHECKING
TXN0008337,CUST9789,ACC209678,2024-05-10,CREDIT,73963.0,USD,BR695,COMPLETED,74.22,SOUTH,SAVINGS
TXN0008338,CUST7855,ACC606250,2024-09-13,PAYMENT,-29617.56,EUR,BR337,,13.32,EAST,CHECKING
TXN0008339,CUST8835,ACC909047,2024-02-10,TRANSFER,-28459.19,EUR,BR105,COMPLETED,84.46,NORTH,CREDIT
TXN0008340,CUST2126,ACC964366,2024-12-24,DEBIT,-19570.89,AUD,BR989,COMPLETED,89.26,CENTRAL,CHECKING
TXN0008341,CUST7373,ACC625417,2024-09-29,TRANSFER,56009.94,EUR,BR740,COMPLETED,,WEST,LOAN
TXN0008342,CUST4382,ACC311511,2024-08-13,DEBIT,-37595.75,EUR,BR666,PENDING,83.16,WEST,CHECKING
TXN0008343,CUST3128,ACC321314,2024-07-07,TRANSFER,11315.27,GBP,BR130,COMPLETED,81.48,SOUTH,MORTGAGE
TXN0008344,CUST4369,ACC254985,2024-05-22,DEBIT,19027.8,USD,BR175,FAILED,41.75,CENTRAL,SAVINGS
TXN0008345,CUST6075,ACC448670,2024-12-13,TRANSFER,77378.45,GBP,BR200,COMPLETED,29.52,CENTRAL,CREDIT
TXN0008346,CUST8081,ACC813404,2024-01-09,WITHDRAWAL,-40472.56,GBP,BR763,COMPLETED,3.71,SOUTH,CHECKING
TXN0008347,CUST8778,ACC790660,2024-05-04,TRANSFER,5513.85,USD,BR784,PENDING,80.73,WEST,SAVINGS
TXN0008348,CUST3601,ACC999441,2024-07-23,CREDIT,77517.14,GBP,BR955,COMPLETED,27.46,CENTRAL,CHECKING
TXN0008349,CUST6084,ACC872323,2024-12-25,WITHDRAWAL,45386.59,USD,BR653,COMPLETED,63.04,SOUTH,CREDIT
TXN0008350,CUST4325,ACC880195,2024-05-19,CREDIT,17385.54,EUR,BR601,COMPLETED,17.53,SOUTH,SAVINGS
TXN0008351,CUST9232,ACC629511,2024-09-18,TRANSFER,-46331.7,AUD,BR279,COMPLETED,85.97,EAST,CREDIT
TXN0008352,CUST8519,ACC386728,2024-10-06,TRANSFER,66315.9,USD,BR216,COMPLETED,82.05,NORTH,SAVINGS
TXN0008353,CUST5512,ACC656656,2024-03-16,DEBIT,75331.72,USD,BR766,COMPLETED,17.63,EAST,LOAN
TXN0008354,CUST4304,ACC509668,2024-03-01,WITHDRAWAL,65046.63,USD,BR294,COMPLETED,22.14,SOUTH,LOAN
TXN0008355,CUST1121,ACC654418,2027-01-01,TRANSFER,74414.69,GBP,BR681,COMPLETED,43.4,WEST,CHECKING
TXN0008356,CUST3337,ACC719171,2024-10-18,PAYMENT,81161.74,EUR,BR656,REVERSED,36.99,WEST,SAVINGS
TXN0008357,CUST8302,ACC742214,2024-08-19,PAYMENT,90581.7,USD,BR844,COMPLETED,99.89,WEST,CHECKING
TXN0008358,CUST2048,ACC741963,2024-09-12,TRANSFER,16574.25,USD,BR293,COMPLETED,82.08,WEST,SAVINGS
TXN0008359,CUST7541,ACC306214,2024-05-07,DEBIT,88730.99,USD,BR846,FAILED,77.56,CENTRAL,CREDIT
TXN0008360,CUST5044,ACC556065,2024-09-22,CREDIT,,USD,BR117,COMPLETED,,EAST,CHECKING
TXN0008361,CUST9615,ACC907101,2024-07-08,CREDIT,77677.59,USD,BR268,PENDING,61.59,CENTRAL,LOAN
TXN0008362,,ACC866793,2024-05-21,CREDIT,31723.01,USD,BR136,COMPLETED,45.94,WEST,CHECKING
TXN0008363,CUST9043,ACC939153,2024-12-30,DEBIT,54489.17,USD,BR811,COMPLETED,33.25,CENTRAL,SAVINGS
TXN0008364,CUST8539,ACC141340,2024-07-23,CREDIT,13214.45,USD,BR129,COMPLETED,62.64,SOUTH,SAVINGS
TXN0008365,CUST8580,ACC577052,2024-07-29,CREDIT,60416.56,EUR,BR929,COMPLETED,16.46,CENTRAL,SAVINGS
TXN0008366,CUST1640,ACC854038,2024-03-18,TRANSFER,-36537.56,GBP,BR462,FAILED,3.75,SOUTH,SAVINGS
TXN0008367,CUST2492,ACC719682,2024-04-11,DEBIT,98086.93,GBP,BR538,COMPLETED,77.59,CENTRAL,LOAN
TXN0008368,CUST5717,ACC673700,2024-03-06,PAYMENT,98139.96,USD,BR742,COMPLETED,72.32,WEST,LOAN
TXN0008369,CUST8476,ACC404289,2024-04-28,DEBIT,38177.61,USD,BR762,COMPLETED,93.63,EAST,MORTGAGE
TXN0008370,CUST6681,ACC664964,2024-08-07,DEBIT,20880.9,USD,BR449,COMPLETED,88.83,WEST,SAVINGS
TXN0008371,CUST5873,ACC892486,2024-01-20,CREDIT,28752.06,USD,BR558,COMPLETED,6.74,CENTRAL,CREDIT
TXN0008372,CUST7407,ACC578608,2024-07-14,DEBIT,79258.75,USD,BR945,,92.33,NORTH,SAVINGS
TXN0008373,CUST3869,ACC146675,2024-07-25,DEBIT,53544.23,EUR,BR268,FAILED,16.9,CENTRAL,CHECKING
TXN0008374,CUST7800,ACC398304,2024-08-25,DEBIT,77384.32,GBP,BR781,COMPLETED,42.81,WEST,SAVINGS
TXN0008375,CUST5081,ACC448762,2024-11-05,DEBIT,-12774.06,GBP,BR307,REVERSED,47.55,EAST,SAVINGS
TXN0008376,CUST3942,ACC118785,2024-11-15,DEBIT,-22353.34,USD,BR649,COMPLETED,7.6,EAST,SAVINGS
TXN0008377,CUST8079,ACC527123,2024-09-27,DEBIT,90254.56,GBP,BR539,COMPLETED,73.38,NORTH,CHECKING
TXN0008378,CUST8501,ACC717947,2024-07-27,DEBIT,32613.5,USD,BR783,COMPLETED,60.3,WEST,CHECKING
TXN0008379,CUST7302,ACC757501,2024-05-25,CREDIT,99440.69,USD,BR226,PENDING,85.3,EAST,CHECKING
TXN0008380,CUST4005,ACC930302,2024-10-26,PAYMENT,69714.15,EUR,BR517,COMPLETED,44.08,SOUTH,CHECKING
TXN0008381,CUST2565,ACC165848,2024-02-07,DEBIT,55668.2,USD,BR851,COMPLETED,86.69,CENTRAL,CHECKING
TXN0008382,CUST7447,ACC597567,2024-03-07,DEBIT,48207.53,USD,BR148,COMPLETED,86.7,CENTRAL,CREDIT
TXN0008383,CUST1715,ACC969849,2024-07-09,WITHDRAWAL,66491.25,USD,BR178,COMPLETED,,SOUTH,SAVINGS
TXN0008384,CUST4927,ACC537513,2024-10-24,CREDIT,97667.72,GBP,BR658,COMPLETED,37.58,EAST,CHECKING
TXN0008385,CUST3587,ACC586060,2024-06-07,DEBIT,80332.45,USD,BR941,COMPLETED,26.68,SOUTH,CREDIT
TXN0008386,CUST5485,ACC738331,2024-10-17,TRANSFER,8551.93,GBP,BR539,COMPLETED,8.19,WEST,LOAN
TXN0008387,CUST9810,ACC699678,2024-09-05,WITHDRAWAL,74146.0,USD,BR171,COMPLETED,50.02,SOUTH,CHECKING
TXN0008388,CUST5782,ACC342163,2024-12-07,CREDIT,17935.13,USD,BR695,COMPLETED,52.03,CENTRAL,LOAN
TXN0008389,CUST2093,ACC430489,2024-03-30,DEBIT,62163.06,USD,BR210,COMPLETED,17.8,CENTRAL,CHECKING
TXN0008390,CUST4559,ACC975353,2024-03-10,DEBIT,76755.67,USD,BR972,COMPLETED,98.88,SOUTH,SAVINGS
TXN0008391,CUST9085,ACC719596,2024-01-26,CREDIT,63920.01,USD,BR349,COMPLETED,27.19,SOUTH,SAVINGS
TXN0008392,CUST7738,ACC333727,2024-05-11,DEBIT,23008.11,USD,BR947,COMPLETED,14.77,WEST,CHECKING
TXN0008393,CUST2986,ACC571095,2024-04-05,DEBIT,63949.95,USD,BR886,COMPLETED,47.57,NORTH,SAVINGS
TXN0008394,CUST7041,ACC377558,2024-11-05,CREDIT,-9525.62,EUR,BR845,COMPLETED,31.32,WEST,LOAN
TXN0008395,CUST2253,ACC414869,2024-09-25,CREDIT,-6777.79,GBP,BR967,COMPLETED,70.51,WEST,CREDIT
TXN0008396,CUST2723,ACC783728,2024-07-17,DEBIT,-32934.11,AUD,BR873,COMPLETED,43.9,WEST,SAVINGS
TXN0008397,CUST9264,ACC993559,2024-04-04,TRANSFER,43939.53,USD,BR967,PENDING,65.25,CENTRAL,CHECKING
TXN0008398,CUST6341,ACC140590,2024-03-25,DEBIT,89014.23,GBP,BR541,COMPLETED,14.63,CENTRAL,CHECKING
TXN0008399,CUST7719,ACC956410,2024-07-29,DEBIT,-26796.93,USD,BR793,PENDING,10.99,SOUTH,CHECKING
TXN0008400,CUST8388,ACC340619,2024-10-15,DEBIT,-24645.16,USD,BR377,COMPLETED,30.85,CENTRAL,CREDIT
TXN0008401,CUST3700,ACC800901,2024-11-13,CREDIT,-48196.29,AUD,BR160,COMPLETED,,SOUTH,SAVINGS
TXN0008402,CUST5141,ACC707716,2024-03-06,CREDIT,94705.49,AUD,BR806,COMPLETED,13.1,EAST,LOAN
TXN0008403,CUST4397,ACC366487,2024-01-06,CREDIT,48520.42,GBP,BR523,COMPLETED,95.14,EAST,SAVINGS
TXN0008404,CUST9291,ACC513990,2024-07-15,DEBIT,67738.91,EUR,BR706,COMPLETED,72.19,CENTRAL,CHECKING
TXN0008405,CUST1731,ACC378256,2024-08-01,DEBIT,65741.57,USD,BR440,FAILED,40.84,SOUTH,CHECKING
TXN0008406,CUST8572,ACC104493,2024-07-22,DEBIT,74668.2,AUD,BR653,COMPLETED,33.52,WEST,CHECKING
TXN0008407,CUST1437,ACC656524,2024-02-07,CREDIT,51491.08,USD,BR132,PENDING,34.56,CENTRAL,LOAN
TXN0008408,CUST2199,ACC340355,2024-08-20,CREDIT,69997.31,EUR,BR900,COMPLETED,83.58,SOUTH,CREDIT
TXN0008409,CUST8567,ACC142513,2024-10-18,TRANSFER,-30273.41,GBP,BR469,COMPLETED,59.75,NORTH,LOAN
TXN0008410,CUST7244,ACC332575,2024-10-25,DEBIT,34866.6,USD,BR862,PENDING,45.91,NORTH,MORTGAGE
TXN0008411,CUST6630,ACC961412,2024-07-27,CREDIT,60069.66,EUR,BR177,COMPLETED,79.92,EAST,CREDIT
TXN0008412,CUST7542,ACC571072,2024-03-31,DEBIT,-31696.41,EUR,BR624,COMPLETED,5.11,WEST,SAVINGS
TXN0008413,CUST4185,ACC350588,2024-04-06,TRANSFER,27671.02,EUR,BR938,COMPLETED,67.75,CENTRAL,LOAN
TXN0008414,CUST7499,ACC516263,2024-06-25,CREDIT,17135.2,USD,BR417,REVERSED,,EAST,LOAN
TXN0008415,CUST1618,ACC102359,2024-07-12,DEBIT,33850.13,GBP,BR147,COMPLETED,84.54,CENTRAL,SAVINGS
TXN0008416,CUST1175,ACC550898,2024-11-08,CREDIT,82358.05,EUR,BR403,COMPLETED,74.62,EAST,CHECKING
TXN0008417,CUST5105,ACC150083,2024-10-29,CREDIT,6412.32,GBP,BR759,PENDING,65.27,SOUTH,CHECKING
TXN0008418,CUST2878,ACC179802,2024-11-03,TRANSFER,87374.23,USD,BR605,COMPLETED,9.86,EAST,CHECKING
TXN0008419,CUST3236,ACC941368,2024-12-02,WITHDRAWAL,14878.42,EUR,BR599,FAILED,,NORTH,LOAN
TXN0008420,CUST6359,ACC942304,2024-03-20,CREDIT,38893.21,EUR,BR347,FAILED,84.08,SOUTH,CREDIT
TXN0008421,CUST8606,ACC386926,2024-10-28,WITHDRAWAL,47828.76,USD,BR462,FAILED,96.53,WEST,SAVINGS
TXN0008422,CUST8942,ACC661258,2024-11-04,TRANSFER,40781.9,USD,BR136,FAILED,,SOUTH,LOAN
TXN0008423,CUST8558,ACC953986,2024-10-07,PAYMENT,-10551.03,USD,BR341,COMPLETED,5.44,WEST,LOAN
TXN0008424,CUST2117,ACC673094,2024-05-06,CREDIT,-38864.23,EUR,BR926,PENDING,53.99,SOUTH,SAVINGS
TXN0008425,CUST2352,ACC536999,2024-04-20,DEBIT,92675.11,USD,BR223,COMPLETED,11.11,CENTRAL,LOAN
TXN0008426,CUST9985,ACC117137,2024-06-13,DEBIT,48703.49,GBP,BR624,REVERSED,44.42,CENTRAL,LOAN
TXN0008427,CUST4969,ACC626124,2024-10-10,DEBIT,29392.12,GBP,BR903,COMPLETED,52.42,SOUTH,LOAN
TXN0008428,CUST8171,ACC868344,2024-09-01,DEBIT,27804.93,GBP,BR641,COMPLETED,47.55,EAST,CREDIT
TXN0008429,CUST3297,ACC933229,2024-07-23,PAYMENT,-27205.6,,BR409,COMPLETED,79.01,SOUTH,CHECKING
TXN0008430,CUST8713,ACC904026,2024-10-11,DEBIT,-28866.57,USD,BR701,PENDING,15.95,EAST,LOAN
TXN0008431,CUST5573,ACC771109,2024-09-20,WITHDRAWAL,7170.07,EUR,BR571,COMPLETED,80.04,NORTH,CHECKING
TXN0008432,CUST3643,ACC926271,2024-08-25,DEBIT,96153.61,AUD,BR951,COMPLETED,71.11,WEST,LOAN
TXN0008433,CUST3794,ACC421078,2024-12-29,PAYMENT,27444.5,USD,BR400,COMPLETED,61.49,WEST,CREDIT
TXN0008434,CUST1295,ACC906250,2024-09-10,CREDIT,59595.1,GBP,BR165,PENDING,51.23,EAST,CREDIT
TXN0008435,CUST2646,ACC729402,2024-08-18,TRANSFER,-47793.55,USD,BR497,PENDING,36.35,EAST,SAVINGS
TXN0008436,CUST3903,ACC795535,2024-11-08,CREDIT,54102.48,,BR329,COMPLETED,9.35,SOUTH,CHECKING
TXN0008437,CUST5819,ACC153682,2024-04-05,DEBIT,22711.55,USD,BR286,PENDING,96.77,EAST,SAVINGS
TXN0008438,CUST3034,ACC620760,2024-07-09,WITHDRAWAL,5988.57,USD,BR268,COMPLETED,41.94,SOUTH,
TXN0008439,CUST9759,ACC708358,2024-08-10,DEBIT,24304.74,USD,BR639,COMPLETED,82.31,WEST,LOAN
TXN0008440,CUST7403,ACC323781,2024-01-07,TRANSFER,69814.99,USD,BR420,COMPLETED,,SOUTH,CHECKING
TXN0008441,CUST3759,ACC660033,2024-06-03,DEBIT,62530.02,USD,BR463,COMPLETED,32.78,CENTRAL,SAVINGS
TXN0008442,CUST2271,ACC793411,2024-03-03,CREDIT,-13180.04,EUR,BR516,PENDING,88.9,NORTH,SAVINGS
TXN0008443,CUST1183,ACC679190,2024-05-06,CREDIT,47639.27,USD,BR977,COMPLETED,80.69,SOUTH,LOAN
TXN0008444,CUST5476,ACC401525,2024-05-10,TRANSFER,45096.59,EUR,BR328,COMPLETED,38.11,NORTH,SAVINGS
TXN0008445,CUST3514,ACC917548,2024-09-25,CREDIT,4044.12,USD,BR941,REVERSED,4.77,NORTH,MORTGAGE
TXN0008446,CUST8219,ACC221500,2024-03-29,PAYMENT,39774.53,USD,BR335,COMPLETED,20.55,EAST,CHECKING
TXN0008447,CUST6866,ACC996777,2024-01-26,TRANSFER,47701.2,USD,BR532,COMPLETED,0.12,NORTH,CHECKING
TXN0008448,CUST3915,ACC346240,2024-09-24,DEBIT,47576.34,USD,BR517,COMPLETED,76.58,SOUTH,LOAN
TXN0008449,CUST4549,ACC507923,2024-05-08,DEBIT,12275.17,GBP,BR945,COMPLETED,58.65,WEST,CREDIT
TXN0008450,CUST1564,ACC687993,2024-11-07,CREDIT,-23568.91,USD,BR968,COMPLETED,98.63,NORTH,CHECKING
TXN0008451,CUST9721,ACC860973,2024-05-06,CREDIT,43982.34,GBP,BR779,FAILED,90.83,SOUTH,LOAN
TXN0008452,CUST4541,ACC444548,2024-02-18,DEBIT,52987.08,GBP,BR105,FAILED,74.35,NORTH,
TXN0008453,CUST8242,ACC285846,2024-06-16,TRANSFER,7497.91,USD,BR932,FAILED,19.02,WEST,SAVINGS
TXN0008454,CUST1782,ACC671540,2024-04-12,DEBIT,-4987.62,GBP,BR997,COMPLETED,41.92,SOUTH,CHECKING
TXN0008455,CUST9566,ACC787973,2024-11-04,DEBIT,-28974.31,USD,BR288,FAILED,7.19,EAST,LOAN
TXN0008456,CUST2684,ACC309984,2024-09-27,CREDIT,-2134.43,GBP,BR328,COMPLETED,15.21,SOUTH,LOAN
TXN0008457,CUST7399,ACC114901,2024-04-07,CREDIT,32067.46,GBP,BR443,COMPLETED,11.25,NORTH,CHECKING
TXN0008458,CUST6051,ACC818362,2024-11-02,DEBIT,31944.77,GBP,BR250,COMPLETED,15.44,SOUTH,CREDIT
TXN0008459,CUST8274,ACC550363,2024-02-13,WITHDRAWAL,37365.13,EUR,BR992,COMPLETED,66.37,SOUTH,SAVINGS
TXN0008460,CUST1858,ACC183547,2024-03-20,CREDIT,69039.54,USD,BR845,COMPLETED,56.78,CENTRAL,SAVINGS
TXN0008461,CUST1076,ACC444745,2024-03-05,PAYMENT,-49749.31,USD,BR906,COMPLETED,65.16,WEST,CREDIT
TXN0008462,CUST1797,ACC778264,2024-07-25,DEBIT,94931.4,USD,BR194,COMPLETED,10.58,EAST,LOAN
TXN0008463,CUST7183,ACC357526,2024-01-06,DEBIT,32264.15,USD,BR609,PENDING,84.99,CENTRAL,CREDIT
TXN0008464,CUST4305,ACC603174,2024-01-16,TRANSFER,27162.99,EUR,BR745,COMPLETED,32.05,NORTH,SAVINGS
TXN0008465,CUST5091,ACC121695,2024-01-03,DEBIT,64510.89,USD,BR687,COMPLETED,12.32,NORTH,SAVINGS
TXN0008466,CUST7138,ACC204291,2024-02-04,CREDIT,90397.19,USD,BR773,PENDING,82.64,NORTH,LOAN
TXN0008467,CUST4908,ACC236186,2024-05-28,PAYMENT,64379.0,USD,BR237,COMPLETED,79.95,SOUTH,SAVINGS
TXN0008468,CUST4276,ACC885813,2024-06-01,DEBIT,28792.73,USD,BR208,COMPLETED,93.12,NORTH,
TXN0008469,CUST2497,ACC866526,2024-01-26,CREDIT,-36235.68,EUR,BR220,COMPLETED,45.97,CENTRAL,CHECKING
TXN0008470,CUST1262,ACC370735,2024-11-30,TRANSFER,84380.44,USD,BR973,COMPLETED,35.68,NORTH,CHECKING
TXN0008471,CUST7908,ACC277233,2024-12-03,DEBIT,19058.47,EUR,BR671,COMPLETED,80.96,WEST,CREDIT
TXN0008472,CUST1457,ACC789393,2024-12-23,DEBIT,-7648.41,EUR,BR278,COMPLETED,94.84,EAST,SAVINGS
TXN0008473,CUST1238,ACC406516,2024-08-26,PAYMENT,61682.81,USD,BR647,COMPLETED,75.59,NORTH,SAVINGS
TXN0008474,CUST6523,ACC804444,2024-07-23,DEBIT,87113.03,AUD,BR687,COMPLETED,95.54,EAST,
TXN0008475,CUST4148,ACC369581,2024-03-16,DEBIT,-19349.36,USD,BR171,COMPLETED,86.16,WEST,CREDIT
TXN0008476,CUST2035,ACC535762,2024-11-11,DEBIT,10038.1,USD,BR353,REVERSED,79.07,NORTH,
TXN0008477,CUST4613,ACC269724,2024-02-04,CREDIT,-13326.98,USD,BR128,,32.34,CENTRAL,CHECKING
TXN0008478,CUST2582,ACC547164,2024-06-05,PAYMENT,95979.65,,BR932,FAILED,30.02,WEST,CREDIT
TXN0008479,CUST3750,ACC314007,2024-11-29,DEBIT,26700.81,USD,BR817,COMPLETED,59.43,WEST,SAVINGS
TXN0008480,CUST3736,ACC864581,2024-12-04,PAYMENT,26139.01,EUR,BR430,PENDING,62.3,CENTRAL,CHECKING
TXN0008481,CUST1721,ACC271869,2024-04-26,DEBIT,54.09,GBP,BR175,COMPLETED,52.15,CENTRAL,SAVINGS
TXN0008482,CUST7810,ACC478986,2024-01-18,DEBIT,33752.66,USD,BR120,,16.68,WEST,CHECKING
TXN0008483,CUST9396,ACC202345,2024-05-25,DEBIT,25838.31,USD,BR258,COMPLETED,88.03,WEST,CHECKING
TXN0008484,CUST2764,ACC902257,2024-10-15,DEBIT,-10839.35,AUD,BR564,COMPLETED,12.33,EAST,LOAN
TXN0008485,CUST6359,ACC402806,2024-02-06,DEBIT,65480.93,USD,BR187,FAILED,90.99,EAST,LOAN
TXN0008486,CUST6286,ACC424526,2024-04-21,DEBIT,-18586.97,EUR,BR725,REVERSED,31.45,SOUTH,SAVINGS
TXN0008487,CUST4105,ACC668663,2024-06-02,DEBIT,74898.39,EUR,BR118,COMPLETED,14.95,WEST,CREDIT
TXN0008488,CUST4393,ACC825150,2024-03-01,TRANSFER,-29850.38,AUD,BR460,COMPLETED,66.94,WEST,LOAN
TXN0008489,CUST9875,ACC675333,2024-01-09,CREDIT,,AUD,BR756,COMPLETED,87.36,NORTH,CHECKING
TXN0008490,CUST7472,ACC770063,2024-04-14,TRANSFER,-20239.4,EUR,BR633,PENDING,54.9,EAST,SAVINGS
TXN0008491,CUST8010,ACC171921,2024-09-21,DEBIT,14730.04,USD,BR189,COMPLETED,51.6,EAST,CREDIT
TXN0008492,CUST2979,ACC179928,2024-10-21,DEBIT,68542.47,GBP,BR371,COMPLETED,68.94,WEST,SAVINGS
TXN0008493,CUST4807,ACC263125,2024-09-10,CREDIT,56626.18,USD,BR570,COMPLETED,8.8,WEST,CHECKING
TXN0008494,CUST4502,ACC227339,2024-06-13,DEBIT,99037.07,USD,BR988,,,NORTH,SAVINGS
TXN0008495,CUST2734,ACC994467,2024-03-18,DEBIT,78051.74,AUD,BR740,COMPLETED,88.21,SOUTH,SAVINGS
TXN0008496,CUST6842,ACC103489,2024-11-21,WITHDRAWAL,-18137.92,USD,BR688,PENDING,65.46,SOUTH,LOAN
TXN0008497,CUST6298,ACC351187,2024-10-05,PAYMENT,33860.29,GBP,BR529,FAILED,7.91,CENTRAL,LOAN
TXN0008498,CUST3844,ACC169187,2024-08-28,PAYMENT,92918.29,EUR,BR783,COMPLETED,78.31,WEST,SAVINGS
TXN0008499,CUST1245,ACC916489,2024-03-08,PAYMENT,66366.51,EUR,BR152,COMPLETED,43.66,CENTRAL,CREDIT
TXN0008500,CUST7588,ACC907759,2024-01-17,CREDIT,-39101.5,USD,BR825,PENDING,13.57,WEST,LOAN
TXN0008501,CUST6181,ACC933016,2024-10-29,CREDIT,38100.96,GBP,BR440,REVERSED,84.98,EAST,SAVINGS
TXN0008502,CUST1196,ACC895290,2024-11-09,TRANSFER,52592.32,USD,BR486,COMPLETED,65.79,EAST,MORTGAGE
TXN0008503,CUST7376,ACC383169,2024-10-03,CREDIT,25645.36,USD,BR243,PENDING,96.53,EAST,SAVINGS
TXN0008504,CUST4485,ACC287664,2024-08-10,PAYMENT,70154.78,USD,BR349,PENDING,22.84,NORTH,MORTGAGE
TXN0008505,CUST8516,ACC218877,2024-11-25,CREDIT,-15059.74,EUR,BR322,COMPLETED,25.45,NORTH,LOAN
TXN0008506,CUST4606,ACC902056,2024-06-16,PAYMENT,83786.11,AUD,BR136,COMPLETED,43.54,WEST,LOAN
TXN0008507,CUST2081,ACC573213,2024-12-09,CREDIT,54764.28,EUR,BR704,COMPLETED,60.8,SOUTH,SAVINGS
TXN0008508,CUST5562,ACC453925,2027-01-01,DEBIT,-43001.43,USD,BR361,PENDING,68.65,SOUTH,CHECKING
TXN0008509,CUST7045,ACC227338,2024-06-01,CREDIT,38690.93,EUR,BR569,PENDING,11.96,EAST,CHECKING
TXN0008510,CUST1719,ACC624773,2024-03-22,DEBIT,20346.65,AUD,BR690,COMPLETED,91.19,WEST,MORTGAGE
TXN0008511,CUST2103,ACC903208,2024-12-07,DEBIT,95284.6,USD,BR858,COMPLETED,18.92,SOUTH,SAVINGS
TXN0008512,CUST4580,ACC975761,2024-12-23,DEBIT,-582.48,EUR,BR824,COMPLETED,28.81,SOUTH,SAVINGS
TXN0008513,CUST7735,ACC917404,2024-03-10,PAYMENT,65703.86,USD,BR561,COMPLETED,65.53,NORTH,CREDIT
TXN0008514,CUST5940,ACC660560,2024-05-31,PAYMENT,26892.05,USD,BR513,COMPLETED,66.64,NORTH,SAVINGS
TXN0008515,CUST9185,ACC587899,2024-01-06,DEBIT,68065.47,AUD,BR627,COMPLETED,46.42,EAST,SAVINGS
TXN0008516,CUST2668,ACC635591,2024-06-17,PAYMENT,-23513.52,GBP,BR639,REVERSED,97.43,CENTRAL,SAVINGS
TXN0008517,CUST9784,ACC228028,2024-11-13,TRANSFER,33298.6,GBP,BR444,COMPLETED,17.13,CENTRAL,CHECKING
TXN0008518,CUST3809,ACC604618,2024-12-29,TRANSFER,33420.91,USD,BR843,FAILED,43.09,EAST,MORTGAGE
TXN0008519,CUST5127,ACC800447,2027-01-01,DEBIT,94114.52,EUR,BR372,COMPLETED,91.69,EAST,SAVINGS
TXN0008520,CUST2552,ACC744209,2024-03-18,TRANSFER,-40143.99,AUD,BR302,COMPLETED,71.89,SOUTH,SAVINGS
TXN0008521,CUST6314,ACC391819,2024-01-29,DEBIT,28841.41,USD,BR367,COMPLETED,87.88,NORTH,CHECKING
TXN0008522,CUST7366,ACC923653,2024-09-22,DEBIT,62031.04,USD,BR910,COMPLETED,74.2,WEST,CHECKING
TXN0008523,CUST3177,ACC187312,2024-04-03,PAYMENT,-8108.97,USD,BR758,PENDING,50.11,CENTRAL,MORTGAGE
TXN0008524,CUST6440,ACC473564,2024-04-29,DEBIT,-25080.25,EUR,BR494,COMPLETED,73.59,SOUTH,CHECKING
TXN0008525,CUST3872,ACC927326,2024-06-21,WITHDRAWAL,-36275.59,USD,BR917,REVERSED,,NORTH,CREDIT
TXN0008526,CUST6209,ACC196500,2024-04-28,TRANSFER,93049.89,USD,BR980,COMPLETED,93.15,WEST,SAVINGS
TXN0008527,CUST8899,ACC470399,2024-01-16,DEBIT,83607.75,USD,BR948,COMPLETED,5.72,EAST,CREDIT
TXN0008528,CUST2106,ACC284967,2024-10-18,PAYMENT,-34280.46,USD,BR380,COMPLETED,98.57,WEST,LOAN
TXN0008529,CUST6490,ACC506722,2024-09-05,PAYMENT,-26076.63,AUD,BR432,COMPLETED,16.23,NORTH,MORTGAGE
TXN0008530,CUST1289,ACC945783,2024-08-06,CREDIT,7966.97,USD,BR618,COMPLETED,28.54,EAST,CHECKING
TXN0008531,CUST8354,ACC298495,2024-08-07,PAYMENT,42867.61,GBP,BR259,PENDING,1.18,NORTH,SAVINGS
TXN0008532,CUST7264,ACC671793,2024-11-07,PAYMENT,16114.77,AUD,BR725,PENDING,72.97,EAST,CREDIT
TXN0008533,CUST9372,ACC362433,2024-02-22,PAYMENT,8147.28,EUR,BR431,COMPLETED,86.56,EAST,CHECKING
TXN0008534,CUST4808,ACC860548,2024-11-14,DEBIT,-17419.48,EUR,BR364,FAILED,65.94,NORTH,LOAN
TXN0008535,CUST9248,ACC119112,2024-05-13,TRANSFER,-30328.21,USD,BR512,COMPLETED,42.56,EAST,CREDIT
TXN0008536,CUST1217,ACC750475,2024-10-13,CREDIT,-18123.28,USD,BR959,PENDING,16.43,CENTRAL,CREDIT
TXN0008537,CUST4811,ACC943448,2024-11-13,CREDIT,-30060.33,EUR,BR310,PENDING,71.6,SOUTH,SAVINGS
TXN0008538,CUST1347,ACC931845,2024-07-24,DEBIT,23398.19,USD,BR986,COMPLETED,52.35,WEST,CREDIT
TXN0008539,CUST3032,ACC903716,2024-03-05,DEBIT,-33001.0,EUR,BR968,COMPLETED,89.31,EAST,CHECKING
TXN0008540,CUST6060,ACC190622,2024-10-18,CREDIT,67982.68,GBP,BR588,COMPLETED,74.6,WEST,SAVINGS
TXN0008541,CUST4873,ACC166514,2024-10-06,DEBIT,-47455.79,USD,BR312,COMPLETED,55.74,EAST,CHECKING
TXN0008542,CUST8020,ACC270175,2024-01-18,DEBIT,-23339.93,USD,BR354,COMPLETED,91.62,SOUTH,SAVINGS
TXN0008543,CUST4990,ACC252895,2024-11-28,CREDIT,-13325.32,USD,BR324,COMPLETED,5.56,SOUTH,MORTGAGE
TXN0008544,CUST2300,ACC458719,2024-07-08,PAYMENT,-28916.57,USD,BR110,COMPLETED,62.8,NORTH,SAVINGS
TXN0008545,CUST1981,ACC268128,2024-07-24,DEBIT,78402.35,USD,BR142,COMPLETED,34.8,NORTH,LOAN
TXN0008546,CUST3253,ACC647447,2024-09-30,DEBIT,28882.42,USD,BR328,COMPLETED,41.98,EAST,CREDIT
TXN0008547,CUST7136,ACC954817,2024-03-08,PAYMENT,32710.96,USD,BR846,PENDING,,WEST,CREDIT
TXN0008548,CUST9171,ACC823024,2024-01-03,DEBIT,80933.03,USD,BR107,COMPLETED,20.22,NORTH,SAVINGS
TXN0008549,CUST5859,ACC660788,2024-02-13,CREDIT,29959.36,,BR378,COMPLETED,2.38,WEST,MORTGAGE
TXN0008550,CUST4309,ACC303602,2024-08-30,PAYMENT,41654.99,,BR567,PENDING,20.66,CENTRAL,LOAN
TXN0008551,CUST3484,ACC601943,2024-12-03,CREDIT,-24986.4,USD,BR201,COMPLETED,1.02,SOUTH,LOAN
TXN0008552,CUST7156,ACC894101,2024-07-05,PAYMENT,12175.75,USD,BR490,COMPLETED,55.4,EAST,CREDIT
TXN0008553,CUST4348,ACC762249,2024-05-05,DEBIT,-46354.09,EUR,BR783,COMPLETED,33.81,EAST,SAVINGS
TXN0008554,CUST1621,ACC468451,2024-11-17,DEBIT,-10743.12,USD,BR514,REVERSED,64.04,NORTH,LOAN
TXN0008555,CUST4900,ACC131236,2024-01-02,WITHDRAWAL,7158.23,GBP,BR931,COMPLETED,86.93,SOUTH,CREDIT
TXN0008556,CUST8270,ACC456705,2024-08-17,TRANSFER,-30456.76,USD,BR255,COMPLETED,76.11,NORTH,SAVINGS
TXN0008557,CUST6385,ACC994966,2024-11-11,DEBIT,18029.17,GBP,BR341,PENDING,21.5,NORTH,SAVINGS
TXN0008558,CUST3199,ACC508187,2024-07-28,CREDIT,81522.57,USD,BR391,COMPLETED,64.15,NORTH,LOAN
TXN0008559,CUST5556,ACC931169,2024-07-28,CREDIT,-36585.38,GBP,BR767,COMPLETED,99.72,EAST,CHECKING
TXN0008560,CUST6202,ACC893516,2024-02-21,CREDIT,83228.91,USD,BR280,PENDING,32.85,NORTH,CHECKING
TXN0008561,CUST1648,ACC553405,2024-09-26,TRANSFER,-34561.64,EUR,BR474,COMPLETED,51.57,SOUTH,CHECKING
TXN0008562,CUST9533,ACC208600,2024-08-08,DEBIT,36219.23,USD,BR353,REVERSED,98.49,NORTH,SAVINGS
TXN0008563,,ACC946489,2024-10-19,DEBIT,-16212.99,EUR,BR862,COMPLETED,18.81,WEST,CHECKING
TXN0008564,CUST5726,ACC637311,2024-06-19,CREDIT,90127.91,EUR,BR760,REVERSED,39.73,EAST,CREDIT
TXN0008565,CUST1388,ACC913550,2024-09-02,TRANSFER,-47209.59,EUR,BR951,PENDING,48.86,EAST,SAVINGS
TXN0008566,CUST4752,ACC951243,2024-03-19,CREDIT,84830.4,USD,BR147,COMPLETED,74.67,EAST,CREDIT
TXN0008567,CUST6427,ACC522009,2024-11-29,DEBIT,-39583.38,USD,BR223,COMPLETED,8.43,EAST,CHECKING
TXN0008568,CUST6615,ACC322675,2024-11-24,DEBIT,40294.94,EUR,BR228,COMPLETED,26.71,NORTH,LOAN
TXN0008569,CUST4969,ACC275660,2024-05-28,WITHDRAWAL,75836.76,USD,BR748,COMPLETED,87.06,SOUTH,CHECKING
TXN0008570,CUST4372,ACC299380,2024-01-04,DEBIT,63660.63,USD,BR638,COMPLETED,5.34,SOUTH,LOAN
TXN0008571,CUST9836,ACC751244,2024-06-07,TRANSFER,-40334.66,USD,BR926,COMPLETED,76.61,NORTH,SAVINGS
TXN0008572,CUST1885,ACC768455,2024-05-06,CREDIT,9543.61,USD,BR744,FAILED,24.82,CENTRAL,SAVINGS
TXN0008573,CUST5068,ACC606905,2024-06-06,TRANSFER,45584.96,EUR,BR923,COMPLETED,35.25,EAST,LOAN
TXN0008574,CUST4644,ACC911035,2024-09-08,DEBIT,-26584.84,AUD,BR191,COMPLETED,2.01,EAST,MORTGAGE
TXN0008575,CUST7250,ACC714837,2024-05-11,DEBIT,31482.79,GBP,BR707,COMPLETED,14.01,EAST,CHECKING
TXN0008576,CUST9543,ACC884056,2024-03-02,CREDIT,-47299.27,USD,BR395,COMPLETED,1.26,EAST,MORTGAGE
TXN0008577,CUST6269,ACC831229,2024-12-29,PAYMENT,-17700.64,USD,BR112,COMPLETED,36.13,EAST,SAVINGS
TXN0008578,CUST4007,ACC170150,2024-03-24,CREDIT,17317.4,EUR,BR870,COMPLETED,51.55,WEST,LOAN
TXN0008579,CUST8247,ACC880823,2024-06-11,DEBIT,-45201.67,EUR,BR103,COMPLETED,24.12,,MORTGAGE
TXN0008580,CUST1099,ACC337765,2024-04-25,TRANSFER,-45515.12,EUR,BR211,PENDING,30.62,NORTH,LOAN
TXN0008581,CUST2058,ACC975048,2024-02-07,DEBIT,34852.78,USD,BR191,FAILED,72.44,SOUTH,
TXN0008582,CUST9055,ACC788941,2024-12-02,CREDIT,83100.96,USD,BR239,COMPLETED,36.46,WEST,SAVINGS
TXN0008583,CUST2146,ACC918691,2024-04-09,WITHDRAWAL,83148.51,USD,BR701,PENDING,87.9,NORTH,CREDIT
TXN0008584,CUST4153,ACC618389,2024-09-03,CREDIT,-36354.13,USD,BR452,COMPLETED,,NORTH,MORTGAGE
TXN0008585,CUST1853,ACC684536,2024-12-04,CREDIT,39513.12,USD,BR237,COMPLETED,46.09,SOUTH,CHECKING
TXN0008586,CUST3318,ACC908283,2024-11-12,CREDIT,-49267.22,USD,BR152,COMPLETED,35.85,NORTH,CHECKING
TXN0008587,CUST4345,ACC580093,2024-06-10,PAYMENT,79836.76,AUD,BR599,REVERSED,31.6,EAST,LOAN
TXN0008588,CUST3057,ACC506087,2024-07-26,PAYMENT,63335.1,USD,BR779,COMPLETED,99.12,NORTH,SAVINGS
TXN0008589,CUST2503,ACC437865,2024-02-19,DEBIT,8225.07,USD,BR839,COMPLETED,90.76,SOUTH,CREDIT
TXN0008590,CUST3845,ACC773738,2024-01-07,DEBIT,8127.36,EUR,BR614,COMPLETED,5.3,CENTRAL,SAVINGS
TXN0008591,CUST9992,ACC486789,2024-01-27,PAYMENT,79795.92,EUR,BR204,COMPLETED,73.6,WEST,SAVINGS
TXN0008592,CUST4348,ACC308785,2024-09-11,DEBIT,-14566.93,USD,BR648,COMPLETED,70.48,WEST,CHECKING
TXN0008593,CUST4871,ACC144003,2024-09-07,DEBIT,10447.54,AUD,BR606,COMPLETED,36.84,CENTRAL,SAVINGS
TXN0008594,CUST9313,ACC138146,2024-09-10,CREDIT,90350.68,USD,BR851,PENDING,87.07,EAST,SAVINGS
TXN0008595,CUST2280,ACC574909,2024-04-10,PAYMENT,24299.67,EUR,BR772,COMPLETED,66.23,EAST,SAVINGS
TXN0008596,CUST7983,ACC297216,2024-11-24,WITHDRAWAL,84172.48,USD,BR399,FAILED,,EAST,CHECKING
TXN0008597,,ACC103902,2024-03-27,DEBIT,-26492.08,USD,BR200,COMPLETED,71.95,EAST,CHECKING
TXN0008598,CUST6103,ACC698673,2024-02-07,DEBIT,44915.29,USD,BR410,COMPLETED,97.86,NORTH,SAVINGS
TXN0008599,CUST3689,ACC472686,2024-09-11,CREDIT,-7649.28,AUD,BR495,,62.35,EAST,CHECKING
TXN0008600,CUST4236,ACC117953,2024-06-28,WITHDRAWAL,-42715.17,USD,BR456,COMPLETED,62.82,EAST,SAVINGS
TXN0008601,CUST5012,ACC796862,2024-02-01,TRANSFER,56950.57,USD,BR526,COMPLETED,54.22,WEST,LOAN
TXN0008602,CUST7947,ACC490633,2024-04-25,PAYMENT,93388.66,USD,BR946,COMPLETED,68.06,WEST,CREDIT
TXN0008603,CUST3890,ACC780228,2024-08-02,PAYMENT,-48919.9,USD,BR527,COMPLETED,27.58,EAST,CHECKING
TXN0008604,CUST5079,ACC455179,2024-02-14,TRANSFER,60373.17,USD,BR766,FAILED,44.96,WEST,CHECKING
TXN0008605,CUST5966,ACC535718,2024-10-21,CREDIT,84406.95,USD,BR342,COMPLETED,31.38,CENTRAL,CREDIT
TXN0008606,CUST5675,ACC886151,2024-12-05,PAYMENT,53484.11,,BR561,COMPLETED,84.28,EAST,LOAN
TXN0008607,CUST8344,ACC978202,2024-04-01,WITHDRAWAL,83112.91,EUR,BR145,FAILED,64.14,EAST,CHECKING
TXN0008608,CUST4299,ACC107799,2024-01-24,PAYMENT,2624.62,GBP,BR605,COMPLETED,38.93,CENTRAL,SAVINGS
TXN0008609,CUST5454,ACC430479,2024-03-16,CREDIT,-13853.37,USD,BR138,PENDING,9.51,EAST,SAVINGS
TXN0008610,CUST8883,ACC585995,2024-12-21,TRANSFER,-18978.61,USD,BR746,COMPLETED,7.09,NORTH,SAVINGS
TXN0008611,CUST2310,ACC189365,2024-06-19,DEBIT,-45916.64,EUR,BR366,COMPLETED,85.7,NORTH,CHECKING
TXN0008612,CUST6891,ACC240592,2024-11-14,CREDIT,93207.73,USD,BR885,PENDING,83.16,SOUTH,LOAN
TXN0008613,CUST7524,ACC983973,2024-10-25,DEBIT,56538.55,USD,BR806,COMPLETED,55.96,SOUTH,CHECKING
TXN0008614,CUST7188,ACC200639,2024-11-01,CREDIT,13181.94,USD,BR341,FAILED,58.82,WEST,CREDIT
TXN0008615,CUST3748,ACC723534,2024-02-06,CREDIT,-1181.21,USD,BR755,REVERSED,37.89,NORTH,SAVINGS
TXN0008616,CUST8712,ACC645798,2024-10-29,WITHDRAWAL,-39764.76,USD,BR775,COMPLETED,64.98,NORTH,CHECKING
TXN0008617,CUST8231,ACC688683,2024-04-11,DEBIT,-3153.62,USD,BR586,COMPLETED,49.28,NORTH,CREDIT
TXN0008618,CUST7925,ACC903340,2024-09-21,PAYMENT,75030.61,GBP,BR299,PENDING,80.61,EAST,CREDIT
TXN0008619,CUST9278,ACC222152,2024-09-04,CREDIT,-9184.12,AUD,BR883,COMPLETED,7.03,WEST,CHECKING
TXN0008620,CUST8101,ACC721685,2024-04-09,PAYMENT,90754.2,USD,BR566,COMPLETED,35.86,EAST,CREDIT
TXN0008621,CUST3553,ACC242365,2024-04-17,CREDIT,22802.43,USD,BR820,COMPLETED,67.41,CENTRAL,MORTGAGE
TXN0008622,CUST8897,ACC596427,2024-08-23,DEBIT,-44675.67,GBP,BR476,COMPLETED,94.75,SOUTH,SAVINGS
TXN0008623,CUST1324,ACC618358,2024-01-21,DEBIT,84154.73,EUR,BR183,COMPLETED,63.64,SOUTH,LOAN
TXN0008624,CUST7249,ACC680476,2024-04-07,DEBIT,49831.36,USD,BR361,COMPLETED,63.86,WEST,CREDIT
TXN0008625,CUST8002,ACC678399,2024-06-01,DEBIT,71520.39,USD,BR341,PENDING,64.37,WEST,SAVINGS
TXN0008626,CUST2363,ACC861165,2024-04-04,TRANSFER,92141.46,USD,BR482,COMPLETED,60.72,EAST,CREDIT
TXN0008627,CUST5918,ACC898578,2024-05-30,DEBIT,-34925.78,USD,BR345,COMPLETED,61.18,CENTRAL,LOAN
TXN0008628,,ACC457253,2024-06-07,CREDIT,-16799.16,USD,BR980,COMPLETED,8.27,NORTH,CHECKING
TXN0008629,CUST3503,ACC225570,2024-05-20,CREDIT,-31163.7,EUR,BR428,PENDING,83.02,NORTH,MORTGAGE
TXN0008630,CUST3878,ACC755303,2024-08-17,DEBIT,38752.31,USD,BR459,FAILED,50.99,SOUTH,MORTGAGE
TXN0008631,CUST5215,ACC950216,2024-05-26,DEBIT,16469.51,USD,BR859,COMPLETED,54.87,CENTRAL,CREDIT
TXN0008632,CUST7233,ACC134057,2024-10-08,DEBIT,-41733.47,USD,BR369,COMPLETED,85.09,,LOAN
TXN0008633,CUST8596,ACC924334,2024-11-07,DEBIT,79719.9,USD,BR538,COMPLETED,72.32,SOUTH,LOAN
TXN0008634,CUST6011,ACC975798,2024-01-01,DEBIT,37973.64,EUR,BR858,COMPLETED,23.14,EAST,CREDIT
TXN0008635,CUST8431,ACC769075,2024-05-18,DEBIT,90531.13,USD,BR269,COMPLETED,25.67,NORTH,LOAN
TXN0008636,CUST5640,ACC432468,2024-09-09,WITHDRAWAL,68933.34,GBP,BR229,,5.5,CENTRAL,CHECKING
TXN0008637,CUST7146,ACC357989,2024-08-08,PAYMENT,-5987.53,USD,BR256,COMPLETED,84.44,CENTRAL,SAVINGS
TXN0008638,CUST8878,ACC427216,2024-01-14,CREDIT,-49981.92,EUR,BR797,COMPLETED,66.49,WEST,SAVINGS
TXN0008639,CUST2178,ACC663170,2024-08-15,CREDIT,-3590.09,USD,BR648,COMPLETED,96.67,SOUTH,CHECKING
TXN0008640,CUST6459,ACC962102,2024-09-30,CREDIT,45658.79,USD,BR826,COMPLETED,17.04,EAST,CHECKING
TXN0008641,CUST3238,ACC546316,2024-07-31,PAYMENT,-19769.55,EUR,BR407,COMPLETED,25.83,EAST,SAVINGS
TXN0008642,CUST8688,ACC407706,2024-03-06,DEBIT,35059.47,EUR,BR569,COMPLETED,58.95,EAST,CHECKING
TXN0008643,CUST4206,ACC140830,2024-04-25,TRANSFER,52041.21,EUR,BR881,COMPLETED,63.8,NORTH,CHECKING
TXN0008644,CUST3535,ACC211751,2024-06-10,CREDIT,12230.98,EUR,BR514,REVERSED,17.73,EAST,CREDIT
TXN0008645,CUST4106,ACC157580,2024-02-03,WITHDRAWAL,-14171.05,USD,BR496,PENDING,58.76,NORTH,SAVINGS
TXN0008646,CUST1068,ACC414787,2024-01-03,DEBIT,34519.75,EUR,BR136,COMPLETED,22.46,CENTRAL,CHECKING
TXN0008647,CUST1210,ACC797118,2024-12-20,CREDIT,-16655.54,USD,BR157,COMPLETED,95.19,NORTH,CHECKING
TXN0008648,CUST9203,ACC243570,2024-08-28,DEBIT,7583.69,USD,BR725,COMPLETED,74.81,CENTRAL,
TXN0008649,CUST7131,ACC829711,2024-07-30,WITHDRAWAL,49140.31,EUR,BR598,COMPLETED,64.06,NORTH,SAVINGS
TXN0008650,CUST9051,ACC370827,2024-06-13,PAYMENT,27621.71,USD,BR414,COMPLETED,,EAST,CHECKING
TXN0008651,,ACC955316,2024-02-09,TRANSFER,92902.68,EUR,BR901,COMPLETED,69.68,CENTRAL,MORTGAGE
TXN0008652,CUST7812,ACC498019,2024-11-07,TRANSFER,22077.28,USD,BR894,FAILED,86.74,EAST,SAVINGS
TXN0008653,CUST7465,ACC260470,2024-02-06,TRANSFER,-19908.1,USD,BR691,FAILED,53.21,NORTH,SAVINGS
TXN0008654,CUST7113,ACC394301,2024-08-29,DEBIT,40751.78,GBP,BR101,PENDING,90.05,CENTRAL,LOAN
TXN0008655,CUST7292,ACC456454,2024-11-18,CREDIT,38206.59,USD,BR689,COMPLETED,22.74,WEST,CREDIT
TXN0008656,CUST9020,ACC991013,2024-01-18,DEBIT,81038.92,EUR,BR193,COMPLETED,35.69,WEST,MORTGAGE
TXN0008657,CUST6043,ACC532044,2024-12-18,TRANSFER,-47085.06,USD,BR761,COMPLETED,2.05,NORTH,CHECKING
TXN0008658,CUST2167,ACC178011,2024-10-12,PAYMENT,-48250.41,USD,BR257,PENDING,73.04,CENTRAL,CHECKING
TXN0008659,CUST7697,ACC656754,2024-07-01,DEBIT,69311.18,USD,BR489,COMPLETED,27.37,WEST,CHECKING
TXN0008660,CUST1636,ACC481456,2024-02-15,DEBIT,-5233.34,USD,BR210,PENDING,70.8,WEST,SAVINGS
TXN0008661,CUST3039,ACC178760,2024-09-04,DEBIT,8777.25,USD,BR721,COMPLETED,70.38,CENTRAL,CREDIT
TXN0008662,CUST7304,ACC622491,2024-12-21,DEBIT,52249.7,USD,BR331,COMPLETED,97.86,EAST,CREDIT
TXN0008663,CUST3660,ACC423365,2024-05-02,DEBIT,23221.39,USD,BR482,PENDING,90.01,NORTH,SAVINGS
TXN0008664,CUST4182,ACC874508,2024-12-02,PAYMENT,-43430.08,USD,BR668,PENDING,77.81,NORTH,SAVINGS
TXN0008665,CUST8148,ACC414384,2024-03-26,DEBIT,57005.23,USD,BR200,COMPLETED,63.0,WEST,CHECKING
TXN0008666,CUST5182,ACC526635,2024-10-02,WITHDRAWAL,14578.69,GBP,BR477,COMPLETED,63.99,SOUTH,CHECKING
TXN0008667,CUST6711,ACC123836,2024-10-30,WITHDRAWAL,-13824.77,USD,BR203,COMPLETED,31.82,,CHECKING
TXN0008668,CUST9349,ACC127417,2024-06-26,DEBIT,-31808.44,USD,BR404,COMPLETED,30.44,CENTRAL,CHECKING
TXN0008669,CUST9005,ACC399006,2024-02-10,CREDIT,8699.3,USD,BR198,PENDING,40.07,NORTH,MORTGAGE
TXN0008670,CUST7032,ACC443674,2024-05-17,TRANSFER,-49184.12,USD,BR657,COMPLETED,2.43,CENTRAL,SAVINGS
TXN0008671,CUST1945,ACC293751,2024-06-29,WITHDRAWAL,74554.95,USD,BR905,COMPLETED,70.62,WEST,SAVINGS
TXN0008672,CUST7313,ACC846376,2024-07-15,PAYMENT,-47331.27,USD,BR989,COMPLETED,66.86,WEST,SAVINGS
TXN0008673,CUST7947,ACC197597,2024-04-08,DEBIT,36631.8,USD,BR479,COMPLETED,10.79,EAST,CHECKING
TXN0008674,CUST5043,ACC244100,2024-05-10,CREDIT,65280.71,GBP,BR737,COMPLETED,43.52,NORTH,SAVINGS
TXN0008675,CUST4970,ACC650454,2024-01-19,DEBIT,85603.32,AUD,BR944,COMPLETED,51.48,CENTRAL,MORTGAGE
TXN0008676,CUST8827,ACC732193,2024-11-05,CREDIT,5525.25,USD,BR404,PENDING,22.01,NORTH,CHECKING
TXN0008677,CUST1565,ACC728669,2024-02-07,DEBIT,76320.51,USD,BR158,COMPLETED,48.89,WEST,MORTGAGE
TXN0008678,CUST6921,ACC992935,2024-10-12,DEBIT,26630.69,,BR159,COMPLETED,69.67,WEST,LOAN
TXN0008679,CUST1462,ACC204986,2024-06-30,WITHDRAWAL,51327.86,USD,BR418,PENDING,55.34,EAST,CREDIT
TXN0008680,CUST3422,ACC480142,2024-09-17,WITHDRAWAL,57784.03,EUR,BR621,PENDING,80.67,NORTH,CREDIT
TXN0008681,CUST5281,ACC218881,2024-01-01,CREDIT,-6431.94,USD,BR719,COMPLETED,5.07,,SAVINGS
TXN0008682,CUST8462,ACC199779,2024-06-25,TRANSFER,79052.2,USD,BR922,COMPLETED,40.13,EAST,SAVINGS
TXN0008683,CUST3414,ACC377033,2024-06-26,CREDIT,-6863.85,EUR,BR511,COMPLETED,64.04,EAST,CREDIT
TXN0008684,CUST5166,ACC905305,2024-10-05,PAYMENT,-25799.51,USD,BR443,PENDING,61.84,NORTH,CHECKING
TXN0008685,CUST5053,ACC449999,2024-02-10,DEBIT,-35347.92,USD,BR545,COMPLETED,8.28,WEST,LOAN
TXN0008686,CUST3644,ACC433774,2024-02-18,WITHDRAWAL,-34167.37,AUD,BR107,COMPLETED,91.38,NORTH,SAVINGS
TXN0008687,CUST1202,ACC229737,2024-06-13,DEBIT,46840.73,EUR,BR665,REVERSED,,NORTH,CHECKING
TXN0008688,CUST2912,ACC291489,2024-08-19,DEBIT,39670.83,EUR,BR356,COMPLETED,61.3,WEST,SAVINGS
TXN0008689,CUST2512,ACC704411,2024-05-13,TRANSFER,-28933.31,AUD,BR495,COMPLETED,29.34,NORTH,SAVINGS
TXN0008690,CUST7297,ACC322623,2024-05-18,TRANSFER,-24622.65,AUD,BR676,PENDING,60.42,SOUTH,SAVINGS
TXN0008691,CUST7515,ACC710510,2024-11-13,CREDIT,-35761.65,EUR,BR477,COMPLETED,52.89,WEST,CREDIT
TXN0008692,CUST2316,ACC939250,2024-07-19,DEBIT,96630.66,USD,BR377,REVERSED,,WEST,CHECKING
TXN0008693,CUST9495,ACC182668,2024-12-08,TRANSFER,-34225.91,USD,BR786,,88.08,NORTH,LOAN
TXN0008694,CUST4093,ACC342765,2024-07-06,DEBIT,28345.27,GBP,BR378,PENDING,95.44,CENTRAL,LOAN
TXN0008695,CUST7929,ACC151462,2024-05-07,TRANSFER,89697.72,EUR,BR711,PENDING,30.52,CENTRAL,SAVINGS
TXN0008696,CUST3716,ACC389946,2024-11-04,PAYMENT,-48955.13,GBP,BR979,REVERSED,46.63,SOUTH,CREDIT
TXN0008697,CUST7993,ACC426619,2024-12-07,DEBIT,61619.42,USD,BR421,FAILED,15.68,EAST,SAVINGS
TXN0008698,CUST5143,ACC982342,2024-02-29,PAYMENT,76461.14,USD,BR486,COMPLETED,2.36,NORTH,CHECKING
TXN0008699,CUST5951,ACC897582,2024-07-22,PAYMENT,-33186.32,EUR,BR862,COMPLETED,98.24,SOUTH,SAVINGS
TXN0008700,CUST9202,ACC676935,2024-01-25,CREDIT,22990.59,USD,BR817,REVERSED,59.62,SOUTH,CREDIT
TXN0008701,CUST9735,ACC891507,2024-11-27,DEBIT,2358.95,USD,BR679,COMPLETED,43.69,CENTRAL,SAVINGS
TXN0008702,CUST7271,ACC667600,2024-09-08,WITHDRAWAL,18465.62,USD,BR944,COMPLETED,7.27,WEST,MORTGAGE
TXN0008703,CUST6045,ACC183532,2024-08-30,DEBIT,1531.85,EUR,BR578,COMPLETED,46.12,EAST,SAVINGS
TXN0008704,CUST7743,ACC951000,2024-01-02,TRANSFER,87871.05,USD,BR573,COMPLETED,34.59,EAST,
TXN0008705,CUST2456,ACC847439,2024-01-26,TRANSFER,61446.61,USD,BR469,COMPLETED,27.44,SOUTH,CHECKING
TXN0008706,CUST2790,ACC675601,2024-05-25,DEBIT,88748.24,EUR,BR477,COMPLETED,9.29,NORTH,MORTGAGE
TXN0008707,,ACC705407,2024-01-06,DEBIT,8482.44,USD,BR538,PENDING,76.16,CENTRAL,SAVINGS
TXN0008708,CUST3338,ACC824023,2024-10-27,CREDIT,85540.99,USD,BR998,PENDING,43.0,WEST,LOAN
TXN0008709,CUST5407,ACC672590,2024-05-05,WITHDRAWAL,20974.06,USD,BR881,COMPLETED,8.02,NORTH,LOAN
TXN0008710,CUST4432,ACC411643,2024-01-07,PAYMENT,3147.92,,BR168,FAILED,34.84,CENTRAL,SAVINGS
TXN0008711,CUST7520,ACC679198,2024-06-08,CREDIT,-46865.24,USD,BR264,PENDING,46.56,WEST,LOAN
TXN0008712,CUST6047,ACC789857,2024-06-12,DEBIT,10186.25,EUR,BR351,COMPLETED,7.78,NORTH,LOAN
TXN0008713,CUST1105,ACC411999,2024-06-08,TRANSFER,82809.57,EUR,BR398,COMPLETED,77.21,NORTH,CHECKING
TXN0008714,CUST3759,ACC205314,2024-03-01,DEBIT,47125.45,EUR,BR117,COMPLETED,99.95,CENTRAL,SAVINGS
TXN0008715,CUST9056,ACC523257,2024-10-03,DEBIT,49281.49,GBP,BR146,COMPLETED,78.56,WEST,CREDIT
TXN0008716,CUST1025,ACC888845,2024-05-21,PAYMENT,51045.91,USD,BR183,COMPLETED,40.72,SOUTH,CHECKING
TXN0008717,CUST2587,ACC142716,2024-01-10,TRANSFER,86121.53,USD,BR872,COMPLETED,30.4,NORTH,LOAN
TXN0008718,CUST2144,ACC427042,2024-05-07,TRANSFER,44094.18,USD,BR814,COMPLETED,55.96,NORTH,SAVINGS
TXN0008719,CUST7845,ACC540581,2024-11-05,CREDIT,-7433.87,,BR435,COMPLETED,13.45,NORTH,LOAN
TXN0008720,CUST9600,ACC197483,2024-12-30,CREDIT,-20558.14,AUD,BR236,COMPLETED,5.8,EAST,CHECKING
TXN0008721,CUST7829,ACC789855,2024-10-06,CREDIT,40614.34,USD,BR283,COMPLETED,87.49,SOUTH,SAVINGS
TXN0008722,CUST5724,ACC449455,2024-03-17,CREDIT,14692.4,USD,BR727,COMPLETED,73.37,NORTH,LOAN
TXN0008723,CUST8060,ACC382117,2024-04-01,CREDIT,13746.39,EUR,BR126,COMPLETED,37.06,EAST,SAVINGS
TXN0008724,CUST3795,ACC877093,2024-02-11,CREDIT,81964.13,EUR,BR400,COMPLETED,8.59,NORTH,CREDIT
TXN0008725,CUST3890,ACC154582,2024-10-03,CREDIT,80559.15,USD,BR125,COMPLETED,15.98,CENTRAL,LOAN
TXN0008726,CUST7138,ACC243541,2024-01-13,CREDIT,33714.77,EUR,BR744,PENDING,66.66,WEST,SAVINGS
TXN0008727,CUST4053,ACC172087,2024-12-14,DEBIT,63795.65,USD,BR191,PENDING,28.34,WEST,LOAN
TXN0008728,CUST3200,ACC198896,2024-04-17,PAYMENT,24855.56,USD,BR465,COMPLETED,71.41,EAST,
TXN0008729,CUST4244,ACC716881,2024-10-28,DEBIT,93522.13,AUD,BR126,PENDING,81.69,SOUTH,SAVINGS
TXN0008730,CUST8970,ACC104204,2024-07-14,TRANSFER,-48476.3,AUD,BR594,FAILED,54.28,SOUTH,CHECKING
TXN0008731,CUST3981,ACC212018,2024-07-20,TRANSFER,83239.43,USD,BR540,COMPLETED,89.79,CENTRAL,CHECKING
TXN0008732,CUST9234,ACC600146,2024-03-23,PAYMENT,-11436.29,USD,BR268,COMPLETED,99.43,EAST,SAVINGS
TXN0008733,CUST2806,ACC144590,2024-01-21,CREDIT,95475.28,USD,BR707,COMPLETED,51.46,EAST,SAVINGS
TXN0008734,CUST8383,ACC592016,2024-05-02,TRANSFER,33356.46,USD,BR835,COMPLETED,9.8,NORTH,LOAN
TXN0008735,CUST4482,ACC948822,2024-09-20,CREDIT,22925.77,EUR,BR929,COMPLETED,90.39,SOUTH,SAVINGS
TXN0008736,CUST4041,ACC478670,2024-07-09,DEBIT,83464.96,GBP,BR376,COMPLETED,1.55,NORTH,MORTGAGE
TXN0008737,CUST4292,ACC525709,2024-10-05,DEBIT,74260.73,USD,BR274,COMPLETED,39.88,EAST,SAVINGS
TXN0008738,CUST1966,ACC668290,2024-10-10,TRANSFER,7518.03,AUD,BR123,COMPLETED,36.46,SOUTH,CHECKING
TXN0008739,CUST3993,ACC212083,2024-07-23,DEBIT,51043.91,USD,BR200,COMPLETED,23.84,EAST,SAVINGS
TXN0008740,CUST4143,ACC377120,2024-12-16,CREDIT,-15877.63,USD,BR251,FAILED,51.48,NORTH,SAVINGS
TXN0008741,CUST5249,ACC266521,2024-05-22,CREDIT,23182.96,USD,BR863,COMPLETED,68.3,WEST,CHECKING
TXN0008742,CUST7697,ACC719555,2024-11-17,CREDIT,62812.08,USD,BR211,PENDING,41.81,WEST,CREDIT
TXN0008743,CUST8220,ACC688450,2024-12-21,CREDIT,-36741.9,GBP,BR570,COMPLETED,9.46,WEST,CREDIT
TXN0008744,CUST2789,ACC932681,2024-01-11,DEBIT,-6279.48,USD,BR239,COMPLETED,64.83,CENTRAL,CREDIT
TXN0008745,CUST3721,ACC359602,2024-12-03,DEBIT,-28601.57,EUR,BR895,COMPLETED,56.8,NORTH,CREDIT
TXN0008746,CUST2307,ACC185992,2024-08-15,DEBIT,94573.53,USD,BR289,COMPLETED,11.15,SOUTH,CREDIT
TXN0008747,CUST5802,ACC450290,2024-09-30,TRANSFER,79073.63,USD,BR143,COMPLETED,9.41,EAST,MORTGAGE
TXN0008748,CUST2404,ACC276559,2024-10-03,CREDIT,20352.3,USD,BR706,COMPLETED,81.55,WEST,SAVINGS
TXN0008749,CUST7188,ACC294122,2024-01-07,CREDIT,52934.2,USD,BR407,COMPLETED,67.18,NORTH,SAVINGS
TXN0008750,CUST3042,ACC779986,2024-03-18,CREDIT,37306.5,AUD,BR327,COMPLETED,57.26,WEST,LOAN
TXN0008751,CUST5534,ACC696655,2024-07-19,DEBIT,15675.89,GBP,BR361,COMPLETED,,NORTH,LOAN
TXN0008752,CUST2052,ACC834734,2024-06-13,DEBIT,-5684.87,USD,BR278,COMPLETED,47.29,SOUTH,CHECKING
TXN0008753,CUST6605,ACC208919,2024-03-21,PAYMENT,-17317.57,USD,BR291,COMPLETED,91.48,CENTRAL,MORTGAGE
TXN0008754,CUST1486,ACC761482,2024-11-07,DEBIT,79544.26,USD,BR125,,50.44,CENTRAL,SAVINGS
TXN0008755,CUST4846,ACC951703,2024-12-23,PAYMENT,4499.19,EUR,BR630,COMPLETED,84.37,WEST,LOAN
TXN0008756,CUST8829,ACC117663,2024-06-22,PAYMENT,5230.44,USD,BR240,FAILED,49.81,CENTRAL,CHECKING
TXN0008757,CUST8949,ACC593161,2024-02-16,CREDIT,-47701.16,USD,BR404,COMPLETED,53.72,WEST,SAVINGS
TXN0008758,CUST2651,ACC329027,2024-07-14,DEBIT,33989.92,EUR,BR985,,5.23,NORTH,CREDIT
TXN0008759,CUST1155,ACC864148,2024-05-24,TRANSFER,-42361.53,USD,BR186,COMPLETED,9.92,EAST,CREDIT
TXN0008760,CUST2000,ACC842561,2024-12-20,CREDIT,-28227.9,EUR,BR789,COMPLETED,71.59,CENTRAL,CREDIT
TXN0008761,CUST5359,ACC232814,2024-08-11,DEBIT,42581.81,USD,BR713,REVERSED,66.19,SOUTH,CREDIT
TXN0008762,CUST1118,ACC277596,2024-12-29,CREDIT,-47230.33,EUR,BR660,PENDING,39.86,SOUTH,SAVINGS
TXN0008763,CUST1685,ACC873704,2024-11-03,PAYMENT,13979.37,USD,BR769,COMPLETED,9.62,SOUTH,CREDIT
TXN0008764,CUST2586,ACC962113,2024-04-15,CREDIT,37410.43,USD,BR468,COMPLETED,22.03,EAST,CREDIT
TXN0008765,CUST4458,ACC815598,2024-04-14,CREDIT,-4248.48,GBP,BR574,COMPLETED,40.21,WEST,CHECKING
TXN0008766,CUST9557,ACC634442,2024-05-01,WITHDRAWAL,-20630.09,USD,BR566,COMPLETED,57.61,,SAVINGS
TXN0008767,CUST1118,ACC350176,2024-06-24,TRANSFER,-2729.72,USD,BR844,COMPLETED,63.97,NORTH,LOAN
TXN0008768,CUST7154,ACC527725,2024-08-01,DEBIT,86690.69,GBP,BR624,COMPLETED,92.89,WEST,SAVINGS
TXN0008769,CUST9520,ACC105543,2024-03-08,CREDIT,-11858.5,EUR,BR586,,37.17,SOUTH,CREDIT
TXN0008770,CUST5355,ACC814511,2024-04-12,CREDIT,71717.57,EUR,BR316,COMPLETED,30.82,EAST,LOAN
TXN0008771,CUST8961,ACC648379,2024-01-29,DEBIT,53189.12,USD,BR395,PENDING,34.0,EAST,MORTGAGE
TXN0008772,CUST8753,ACC386590,2024-04-07,PAYMENT,39025.46,USD,BR213,COMPLETED,13.87,CENTRAL,SAVINGS
TXN0008773,CUST6521,ACC704704,2024-11-05,PAYMENT,-19530.73,USD,BR785,COMPLETED,49.75,CENTRAL,MORTGAGE
TXN0008774,CUST8036,ACC933262,2024-08-27,DEBIT,44378.18,AUD,BR832,PENDING,62.0,EAST,LOAN
TXN0008775,CUST6514,ACC865304,2024-06-02,WITHDRAWAL,-44296.83,USD,BR345,COMPLETED,79.99,WEST,CHECKING
TXN0008776,CUST7074,ACC913970,2024-05-14,DEBIT,67498.75,EUR,BR556,COMPLETED,29.2,SOUTH,CHECKING
TXN0008777,CUST6620,ACC982733,2024-01-11,WITHDRAWAL,-46279.3,GBP,BR252,FAILED,78.08,WEST,SAVINGS
TXN0008778,CUST6164,ACC296660,2024-09-14,WITHDRAWAL,28106.18,GBP,BR312,COMPLETED,64.03,NORTH,SAVINGS
TXN0008779,CUST4925,ACC616583,2024-09-16,CREDIT,-26077.04,EUR,BR140,COMPLETED,92.35,SOUTH,SAVINGS
TXN0008780,,ACC674162,2024-01-28,DEBIT,,USD,BR834,COMPLETED,2.4,SOUTH,CREDIT
TXN0008781,,ACC349468,2024-08-09,DEBIT,46746.61,USD,BR819,COMPLETED,77.53,EAST,CREDIT
TXN0008782,CUST7200,ACC162255,2024-09-06,PAYMENT,-32535.84,EUR,BR567,COMPLETED,95.93,SOUTH,CHECKING
TXN0008783,CUST1937,ACC550597,2024-01-22,CREDIT,56464.86,USD,BR331,COMPLETED,76.84,WEST,CHECKING
TXN0008784,CUST6833,ACC321257,2024-09-15,TRANSFER,49752.12,EUR,BR422,COMPLETED,96.65,NORTH,CHECKING
TXN0008785,CUST6410,ACC743047,2024-11-05,CREDIT,16292.95,USD,BR604,COMPLETED,24.95,NORTH,SAVINGS
TXN0008786,CUST2641,ACC799276,2024-10-12,CREDIT,-27369.71,USD,BR201,FAILED,63.59,WEST,SAVINGS
TXN0008787,CUST1050,ACC507310,2024-09-04,DEBIT,-20283.42,EUR,BR752,PENDING,89.05,WEST,SAVINGS
TXN0008788,CUST8486,ACC301821,2024-01-22,WITHDRAWAL,-49095.41,AUD,BR317,COMPLETED,39.58,WEST,CREDIT
TXN0008789,CUST7583,ACC965101,2024-11-01,CREDIT,-5659.75,USD,BR499,COMPLETED,38.75,SOUTH,SAVINGS
TXN0008790,CUST3275,ACC653418,2024-03-27,CREDIT,23797.65,USD,BR853,PENDING,33.81,CENTRAL,LOAN
TXN0008791,CUST1420,ACC406924,2024-01-22,WITHDRAWAL,67652.84,USD,BR170,COMPLETED,42.12,EAST,CREDIT
TXN0008792,CUST3013,ACC460991,2024-12-13,DEBIT,-48086.88,USD,BR613,COMPLETED,28.82,WEST,
TXN0008793,CUST9693,ACC242827,2024-03-01,CREDIT,-23980.91,USD,BR555,PENDING,22.22,SOUTH,LOAN
TXN0008794,CUST5578,ACC524170,2024-11-02,DEBIT,-24530.04,USD,BR577,PENDING,10.8,CENTRAL,MORTGAGE
TXN0008795,CUST5072,ACC719467,2024-12-24,WITHDRAWAL,-1549.98,USD,BR360,COMPLETED,25.76,CENTRAL,LOAN
TXN0008796,CUST7036,ACC531534,2024-11-10,CREDIT,87363.87,AUD,BR691,COMPLETED,62.75,EAST,CREDIT
TXN0008797,CUST8404,ACC706424,2024-02-17,CREDIT,49111.3,GBP,BR609,COMPLETED,96.87,EAST,SAVINGS
TXN0008798,CUST8785,ACC401636,2024-10-03,CREDIT,-37960.81,USD,BR626,COMPLETED,62.17,NORTH,CHECKING
TXN0008799,CUST9436,ACC382444,2024-12-20,TRANSFER,-11809.13,USD,BR966,FAILED,37.16,NORTH,LOAN
TXN0008800,CUST7768,ACC361127,2024-11-18,DEBIT,-36004.05,GBP,BR706,COMPLETED,73.46,NORTH,CHECKING
TXN0008801,CUST4079,ACC746326,2024-05-24,TRANSFER,13189.23,USD,BR468,COMPLETED,43.99,EAST,SAVINGS
TXN0008802,CUST1051,ACC997727,2024-04-23,TRANSFER,99093.27,EUR,BR313,COMPLETED,63.42,WEST,CHECKING
TXN0008803,CUST6278,ACC230703,2024-02-10,TRANSFER,31898.44,USD,BR861,COMPLETED,49.04,NORTH,CREDIT
TXN0008804,CUST1272,ACC841242,2024-02-17,DEBIT,86122.12,GBP,BR987,COMPLETED,8.15,EAST,SAVINGS
TXN0008805,CUST6901,ACC540636,2024-04-12,DEBIT,1964.21,USD,BR990,FAILED,44.99,WEST,CHECKING
TXN0008806,CUST1749,ACC367386,2024-12-14,PAYMENT,88915.77,USD,BR799,PENDING,5.03,CENTRAL,
TXN0008807,CUST6333,ACC779831,2024-03-15,CREDIT,23767.97,USD,BR472,FAILED,74.29,CENTRAL,LOAN
TXN0008808,CUST8279,ACC734656,2024-07-18,DEBIT,,EUR,BR266,COMPLETED,87.05,SOUTH,CREDIT
TXN0008809,CUST4826,ACC621852,2024-07-12,CREDIT,-45262.96,USD,BR428,COMPLETED,88.0,SOUTH,MORTGAGE
TXN0008810,CUST8938,ACC101523,2024-02-21,TRANSFER,8255.17,GBP,BR646,,50.72,EAST,SAVINGS
TXN0008811,CUST7556,ACC220178,2024-02-19,DEBIT,96619.77,AUD,BR426,REVERSED,39.03,WEST,CHECKING
TXN0008812,CUST2333,ACC525244,2024-06-20,PAYMENT,17369.66,EUR,BR989,FAILED,3.27,WEST,SAVINGS
TXN0008813,CUST6707,ACC719433,2024-10-02,CREDIT,-44574.18,USD,BR352,COMPLETED,83.22,CENTRAL,CHECKING
TXN0008814,CUST8010,ACC300450,2024-05-21,WITHDRAWAL,,USD,BR928,COMPLETED,20.75,EAST,CREDIT
TXN0008815,CUST8800,ACC883061,2024-10-10,CREDIT,-9775.69,USD,BR426,COMPLETED,72.94,CENTRAL,MORTGAGE
TXN0008816,CUST2645,ACC365222,2024-06-22,CREDIT,-25291.52,,BR431,COMPLETED,76.37,EAST,LOAN
TXN0008817,CUST7305,ACC824880,2024-10-14,DEBIT,-32958.27,USD,BR750,COMPLETED,93.27,WEST,CHECKING
TXN0008818,CUST5814,ACC234418,2024-01-25,PAYMENT,-21810.77,USD,BR854,COMPLETED,92.88,WEST,LOAN
TXN0008819,CUST4196,ACC704625,2024-06-24,DEBIT,-19375.09,EUR,BR733,COMPLETED,81.94,CENTRAL,CHECKING
TXN0008820,CUST3345,ACC293313,2024-03-24,TRANSFER,63271.38,EUR,BR684,PENDING,86.53,CENTRAL,SAVINGS
TXN0008821,CUST9520,ACC954008,2024-07-23,DEBIT,41647.08,GBP,BR448,COMPLETED,4.55,SOUTH,CHECKING
TXN0008822,CUST9267,ACC771949,2024-05-03,DEBIT,10915.5,EUR,BR222,COMPLETED,65.99,NORTH,SAVINGS
TXN0008823,CUST1520,ACC708388,2024-04-05,CREDIT,44587.66,USD,BR422,PENDING,,NORTH,CHECKING
TXN0008824,CUST3094,ACC225805,2024-12-02,PAYMENT,-34501.58,USD,BR376,COMPLETED,9.06,SOUTH,LOAN
TXN0008825,CUST9158,ACC803619,2024-03-02,WITHDRAWAL,64126.06,USD,BR207,COMPLETED,54.98,WEST,LOAN
TXN0008826,CUST2426,ACC360864,2024-02-27,CREDIT,93935.37,EUR,BR398,COMPLETED,,EAST,SAVINGS
TXN0008827,CUST5937,ACC238882,2024-10-31,PAYMENT,83394.04,USD,BR354,COMPLETED,6.91,NORTH,
TXN0008828,CUST9990,ACC845609,2024-12-01,DEBIT,31476.91,USD,BR531,COMPLETED,81.53,NORTH,CHECKING
TXN0008829,CUST8648,ACC142159,2024-07-25,TRANSFER,70202.93,USD,BR155,COMPLETED,1.52,WEST,SAVINGS
TXN0008830,CUST3753,ACC342069,2024-01-17,CREDIT,13492.72,EUR,BR395,FAILED,16.1,NORTH,LOAN
TXN0008831,CUST8311,ACC362139,2024-05-31,PAYMENT,49143.87,EUR,BR345,PENDING,69.74,EAST,CREDIT
TXN0008832,CUST2895,ACC881063,2024-08-20,DEBIT,3092.46,USD,BR660,COMPLETED,21.37,EAST,SAVINGS
TXN0008833,CUST8899,ACC148826,2024-12-16,CREDIT,92833.49,GBP,BR604,COMPLETED,33.89,CENTRAL,CREDIT
TXN0008834,CUST9858,ACC866773,2024-12-10,CREDIT,-29507.31,USD,BR230,PENDING,61.27,CENTRAL,CREDIT
TXN0008835,CUST4946,ACC175706,2024-03-22,CREDIT,-40863.98,USD,BR393,COMPLETED,1.22,NORTH,CREDIT
TXN0008836,CUST4987,ACC817297,2024-03-16,TRANSFER,76110.65,EUR,BR340,REVERSED,64.29,WEST,CHECKING
TXN0008837,CUST4467,ACC513892,2024-01-10,TRANSFER,7415.14,USD,BR102,PENDING,23.4,CENTRAL,LOAN
TXN0008838,CUST3792,ACC239420,2024-06-09,PAYMENT,7969.55,USD,BR653,COMPLETED,56.82,WEST,CREDIT
TXN0008839,CUST2465,ACC328731,2024-04-25,DEBIT,58127.9,GBP,BR624,COMPLETED,46.21,NORTH,CHECKING
TXN0008840,CUST2728,ACC389982,2024-11-03,CREDIT,75507.71,GBP,BR401,COMPLETED,84.8,SOUTH,CHECKING
TXN0008841,CUST8125,ACC218083,2024-08-28,CREDIT,99995.75,GBP,BR671,COMPLETED,70.89,EAST,CREDIT
TXN0008842,CUST1478,ACC702485,2024-12-13,DEBIT,6403.55,EUR,BR874,FAILED,78.26,WEST,CHECKING
TXN0008843,CUST3625,ACC102954,2024-01-04,WITHDRAWAL,19530.45,AUD,BR514,COMPLETED,51.27,EAST,
TXN0008844,CUST6349,ACC783517,2024-08-31,DEBIT,72489.34,GBP,BR848,COMPLETED,37.14,NORTH,CHECKING
TXN0008845,CUST7283,ACC320415,2024-09-01,CREDIT,7362.18,EUR,BR133,COMPLETED,57.71,EAST,LOAN
TXN0008846,CUST5593,ACC852076,2024-05-19,DEBIT,-365.92,EUR,BR536,,16.37,WEST,LOAN
TXN0008847,CUST4610,ACC216155,2024-07-05,DEBIT,-42839.36,USD,BR971,COMPLETED,77.28,EAST,SAVINGS
TXN0008848,CUST5220,ACC970287,2024-12-30,TRANSFER,-10777.49,EUR,BR369,COMPLETED,75.16,NORTH,SAVINGS
TXN0008849,CUST8803,ACC830043,2024-05-22,TRANSFER,2948.73,EUR,BR765,COMPLETED,54.52,WEST,CREDIT
TXN0008850,CUST3016,ACC114428,2024-05-31,TRANSFER,61701.83,USD,BR221,COMPLETED,22.08,NORTH,CREDIT
TXN0008851,CUST3224,ACC533435,2024-09-02,TRANSFER,-38336.25,USD,BR405,COMPLETED,95.34,SOUTH,MORTGAGE
TXN0008852,CUST9757,ACC212149,2024-12-23,CREDIT,80039.68,AUD,BR407,COMPLETED,46.54,SOUTH,CHECKING
TXN0008853,CUST9060,ACC457938,2024-01-30,PAYMENT,82854.86,USD,BR855,COMPLETED,56.72,SOUTH,
TXN0008854,CUST2481,ACC316356,2024-09-29,DEBIT,-4144.59,USD,BR257,COMPLETED,85.75,WEST,SAVINGS
TXN0008855,CUST6452,ACC568791,2024-12-13,CREDIT,69144.16,USD,BR471,COMPLETED,36.29,SOUTH,SAVINGS
TXN0008856,CUST4666,ACC251397,2024-12-13,WITHDRAWAL,74226.13,GBP,BR864,COMPLETED,58.2,CENTRAL,LOAN
TXN0008857,CUST2059,ACC254127,2024-03-11,CREDIT,36038.88,USD,BR927,COMPLETED,93.71,EAST,SAVINGS
TXN0008858,CUST6623,ACC859498,2024-11-23,DEBIT,34717.8,EUR,BR806,COMPLETED,61.69,SOUTH,CHECKING
TXN0008859,CUST7176,ACC779438,2024-04-10,TRANSFER,3427.33,USD,BR151,PENDING,33.87,CENTRAL,CHECKING
TXN0008860,CUST7252,ACC923758,2024-02-10,PAYMENT,82418.03,AUD,BR681,COMPLETED,90.69,SOUTH,SAVINGS
TXN0008861,CUST8159,ACC229230,2024-08-15,DEBIT,82094.51,USD,BR987,COMPLETED,66.95,NORTH,MORTGAGE
TXN0008862,CUST4823,ACC486669,2024-02-02,DEBIT,36842.72,USD,BR793,COMPLETED,41.37,EAST,SAVINGS
TXN0008863,,ACC440904,2024-05-28,TRANSFER,-24405.23,USD,BR490,COMPLETED,24.54,NORTH,CHECKING
TXN0008864,CUST5244,ACC531097,2024-07-18,DEBIT,14789.45,EUR,BR692,REVERSED,70.78,EAST,CHECKING
TXN0008865,CUST2895,ACC497121,2024-02-07,CREDIT,-48757.29,GBP,BR296,COMPLETED,3.62,CENTRAL,MORTGAGE
TXN0008866,CUST5767,ACC791557,2024-11-12,TRANSFER,28145.06,USD,BR354,COMPLETED,48.64,WEST,SAVINGS
TXN0008867,CUST2436,ACC644070,2024-10-20,CREDIT,44296.45,USD,BR899,COMPLETED,52.64,EAST,MORTGAGE
TXN0008868,CUST2824,ACC813361,2024-06-22,TRANSFER,64706.5,USD,BR608,COMPLETED,66.7,SOUTH,CHECKING
TXN0008869,CUST2460,ACC388426,2024-05-04,CREDIT,-33939.74,USD,BR439,COMPLETED,30.51,CENTRAL,MORTGAGE
TXN0008870,CUST6574,ACC564950,2024-10-22,DEBIT,-14237.41,GBP,BR816,PENDING,,NORTH,SAVINGS
TXN0008871,CUST4082,ACC795331,2024-05-19,DEBIT,51427.63,USD,BR597,COMPLETED,93.07,CENTRAL,SAVINGS
TXN0008872,CUST2902,ACC311339,2024-08-03,CREDIT,-27030.74,USD,BR687,COMPLETED,66.6,SOUTH,CHECKING
TXN0008873,CUST7025,ACC999422,2024-09-05,TRANSFER,52521.72,EUR,BR799,PENDING,46.1,EAST,SAVINGS
TXN0008874,CUST3087,ACC765899,2024-07-17,DEBIT,-28856.71,EUR,BR149,COMPLETED,4.78,WEST,SAVINGS
TXN0008875,,ACC253003,2024-07-27,CREDIT,-13082.76,USD,BR203,COMPLETED,64.84,NORTH,SAVINGS
TXN0008876,CUST7229,ACC316826,2024-03-08,DEBIT,90824.64,AUD,BR434,COMPLETED,38.33,EAST,SAVINGS
TXN0008877,CUST1027,ACC508117,2024-07-27,TRANSFER,50886.81,USD,BR464,COMPLETED,59.67,WEST,SAVINGS
TXN0008878,CUST6092,ACC470334,2024-04-02,CREDIT,58750.31,USD,BR117,FAILED,90.76,EAST,MORTGAGE
TXN0008879,CUST2013,ACC297133,2024-05-07,TRANSFER,64184.91,EUR,BR641,COMPLETED,52.41,WEST,SAVINGS
TXN0008880,CUST9775,ACC798201,2024-06-16,CREDIT,602.13,EUR,BR658,REVERSED,,CENTRAL,CHECKING
TXN0008881,CUST4110,ACC999797,2024-12-25,PAYMENT,34662.87,AUD,BR101,COMPLETED,54.11,WEST,CREDIT
TXN0008882,CUST7359,ACC794475,2024-10-22,CREDIT,30508.39,EUR,BR988,PENDING,86.91,WEST,SAVINGS
TXN0008883,CUST7941,ACC354561,2024-07-11,WITHDRAWAL,94678.33,USD,BR538,COMPLETED,4.84,NORTH,CHECKING
TXN0008884,CUST6237,ACC613711,2024-01-02,DEBIT,79164.99,USD,BR306,COMPLETED,30.38,SOUTH,CREDIT
TXN0008885,CUST6980,ACC612662,2024-07-05,WITHDRAWAL,34419.72,USD,BR686,PENDING,99.35,NORTH,SAVINGS
TXN0008886,CUST3069,ACC387202,2024-04-28,DEBIT,78158.14,USD,BR447,COMPLETED,15.41,WEST,MORTGAGE
TXN0008887,CUST9515,ACC558700,2024-01-07,DEBIT,-44701.49,USD,BR633,PENDING,16.31,CENTRAL,SAVINGS
TXN0008888,CUST4639,ACC151310,2024-03-11,TRANSFER,2333.39,USD,BR395,COMPLETED,76.11,WEST,CREDIT
TXN0008889,CUST2746,ACC364357,2024-07-15,TRANSFER,29512.51,GBP,BR440,COMPLETED,85.25,WEST,SAVINGS
TXN0008890,CUST7476,ACC103205,2024-02-07,CREDIT,-19226.34,AUD,BR378,COMPLETED,49.24,SOUTH,SAVINGS
TXN0008891,CUST1150,ACC554341,2024-09-30,PAYMENT,40709.48,USD,BR455,COMPLETED,91.08,NORTH,LOAN
TXN0008892,CUST9819,ACC586101,2024-06-03,DEBIT,99947.55,GBP,BR106,COMPLETED,37.0,SOUTH,LOAN
TXN0008893,CUST8546,ACC266309,2024-01-09,CREDIT,-43594.12,USD,BR742,FAILED,35.22,SOUTH,CREDIT
TXN0008894,CUST6176,ACC164387,2024-03-07,CREDIT,79130.42,EUR,BR428,COMPLETED,88.4,SOUTH,SAVINGS
TXN0008895,CUST3370,ACC919350,2024-07-10,TRANSFER,-20785.74,USD,BR823,COMPLETED,49.57,SOUTH,SAVINGS
TXN0008896,CUST5863,ACC974187,2024-09-05,CREDIT,95613.79,USD,BR776,COMPLETED,3.07,CENTRAL,LOAN
TXN0008897,CUST4586,ACC162487,2024-10-11,CREDIT,23347.93,USD,BR760,COMPLETED,57.0,SOUTH,CHECKING
TXN0008898,CUST9189,ACC884674,2024-08-17,DEBIT,83433.94,GBP,BR285,FAILED,32.98,SOUTH,CHECKING
TXN0008899,CUST8467,ACC581031,2024-01-04,DEBIT,60092.83,USD,BR717,COMPLETED,,EAST,SAVINGS
TXN0008900,CUST3415,ACC649749,2024-04-20,DEBIT,31190.14,USD,BR498,COMPLETED,36.98,WEST,SAVINGS
TXN0008901,CUST5643,ACC403114,2024-07-17,PAYMENT,71778.32,USD,BR452,COMPLETED,39.06,EAST,MORTGAGE
TXN0008902,CUST3389,ACC313741,2024-09-21,DEBIT,-15950.45,EUR,BR344,COMPLETED,52.38,WEST,SAVINGS
TXN0008903,CUST1562,ACC533485,2024-07-24,WITHDRAWAL,85188.57,USD,BR594,PENDING,11.31,EAST,SAVINGS
TXN0008904,CUST6245,ACC215780,2024-01-25,CREDIT,-6573.63,USD,BR147,PENDING,35.02,SOUTH,CHECKING
TXN0008905,CUST6060,ACC401161,2024-06-18,DEBIT,-34309.48,USD,BR966,COMPLETED,,WEST,CREDIT
TXN0008906,CUST9230,ACC247532,2024-01-27,CREDIT,14614.88,USD,BR987,COMPLETED,67.8,WEST,SAVINGS
TXN0008907,CUST3022,ACC397214,2024-07-20,CREDIT,21213.45,EUR,BR360,COMPLETED,26.79,SOUTH,LOAN
TXN0008908,CUST5480,ACC392896,2024-05-01,TRANSFER,68762.15,USD,BR585,COMPLETED,39.32,CENTRAL,SAVINGS
TXN0008909,,ACC285660,2024-01-22,CREDIT,38870.61,USD,BR520,PENDING,51.69,SOUTH,SAVINGS
TXN0008910,CUST4534,ACC546853,2024-07-21,DEBIT,54407.91,USD,BR842,COMPLETED,7.2,WEST,CREDIT
TXN0008911,CUST9110,ACC906411,2024-07-21,CREDIT,80648.37,EUR,BR614,COMPLETED,17.12,CENTRAL,CHECKING
TXN0008912,CUST5775,ACC114436,2024-05-02,CREDIT,37251.32,EUR,BR163,COMPLETED,60.44,EAST,SAVINGS
TXN0008913,CUST7171,ACC596221,2024-08-10,DEBIT,47003.61,USD,BR722,REVERSED,88.95,CENTRAL,MORTGAGE
TXN0008914,CUST1963,ACC923861,2024-01-05,PAYMENT,60168.2,EUR,BR666,COMPLETED,9.92,SOUTH,CHECKING
TXN0008915,CUST6458,ACC899679,2024-07-08,DEBIT,-742.74,USD,BR462,COMPLETED,67.92,SOUTH,CHECKING
TXN0008916,CUST3501,ACC655317,2024-01-23,DEBIT,76689.77,EUR,BR980,COMPLETED,93.46,NORTH,LOAN
TXN0008917,CUST4450,ACC168466,2024-03-07,CREDIT,82172.61,GBP,BR505,COMPLETED,53.52,EAST,SAVINGS
TXN0008918,CUST4687,ACC714973,2024-09-28,DEBIT,36795.93,USD,BR661,COMPLETED,45.75,EAST,SAVINGS
TXN0008919,CUST1861,ACC576503,2024-11-24,TRANSFER,-44749.43,EUR,BR341,COMPLETED,0.73,CENTRAL,SAVINGS
TXN0008920,CUST3933,ACC464739,2024-02-14,PAYMENT,3099.33,USD,BR420,COMPLETED,50.88,WEST,CREDIT
TXN0008921,CUST8987,ACC417923,2024-11-27,PAYMENT,22755.4,USD,BR155,COMPLETED,3.87,CENTRAL,CHECKING
TXN0008922,CUST7419,ACC775545,2024-11-20,DEBIT,95733.44,USD,BR463,COMPLETED,15.15,SOUTH,SAVINGS
TXN0008923,,ACC335212,2024-08-07,CREDIT,63927.29,USD,BR200,PENDING,32.67,SOUTH,
TXN0008924,CUST3608,ACC571170,2024-05-16,PAYMENT,2252.46,EUR,BR943,COMPLETED,14.56,WEST,CHECKING
TXN0008925,CUST1353,ACC310684,2024-01-05,DEBIT,55999.68,USD,BR638,PENDING,87.48,,CHECKING
TXN0008926,CUST9977,ACC821872,2024-11-15,TRANSFER,-46325.16,EUR,BR342,COMPLETED,70.83,NORTH,SAVINGS
TXN0008927,CUST7427,ACC389003,2024-10-06,DEBIT,15474.02,EUR,BR383,COMPLETED,39.56,WEST,SAVINGS
TXN0008928,CUST6528,ACC980245,2024-10-27,CREDIT,91554.97,GBP,BR415,COMPLETED,57.46,EAST,CHECKING
TXN0008929,CUST7921,ACC599997,2024-03-02,TRANSFER,99155.59,EUR,BR130,COMPLETED,35.31,WEST,SAVINGS
TXN0008930,CUST8756,ACC509568,2024-01-06,PAYMENT,83444.11,EUR,BR286,COMPLETED,,WEST,LOAN
TXN0008931,CUST6706,ACC382737,2024-04-20,DEBIT,-12914.95,USD,BR568,COMPLETED,86.6,SOUTH,CHECKING
TXN0008932,CUST7412,ACC268252,2024-10-27,CREDIT,18189.68,USD,BR471,COMPLETED,37.87,NORTH,MORTGAGE
TXN0008933,CUST7407,ACC603683,2024-01-23,TRANSFER,15098.19,EUR,BR471,COMPLETED,90.79,SOUTH,SAVINGS
TXN0008934,CUST2176,ACC331279,2024-10-30,DEBIT,-18911.0,EUR,BR368,COMPLETED,87.56,NORTH,LOAN
TXN0008935,CUST9648,ACC559411,2024-03-01,DEBIT,46527.46,USD,BR749,PENDING,63.38,CENTRAL,CHECKING
TXN0008936,CUST5637,ACC239970,2024-03-25,PAYMENT,-13147.52,USD,BR602,COMPLETED,33.32,NORTH,CHECKING
TXN0008937,CUST5626,ACC117978,2024-01-31,CREDIT,65756.07,EUR,BR792,PENDING,79.76,SOUTH,SAVINGS
TXN0008938,CUST4196,ACC918946,2024-05-01,DEBIT,88862.72,USD,BR154,COMPLETED,59.45,EAST,CREDIT
TXN0008939,CUST9978,ACC345808,2024-11-23,DEBIT,-2385.79,USD,BR227,COMPLETED,71.46,WEST,SAVINGS
TXN0008940,CUST7451,ACC776562,2024-01-15,DEBIT,70147.78,GBP,BR382,COMPLETED,99.28,SOUTH,CHECKING
TXN0008941,CUST2594,ACC609505,2024-03-14,CREDIT,11972.76,USD,BR281,REVERSED,10.57,SOUTH,SAVINGS
TXN0008942,CUST3144,ACC503263,2024-07-05,CREDIT,13691.59,GBP,BR703,COMPLETED,64.7,EAST,SAVINGS
TXN0008943,CUST6298,ACC329504,2024-03-10,DEBIT,-2830.43,USD,BR447,COMPLETED,12.07,WEST,SAVINGS
TXN0008944,CUST1886,ACC678548,2024-01-12,DEBIT,87204.45,USD,BR121,REVERSED,35.56,CENTRAL,LOAN
TXN0008945,CUST5981,ACC634456,2024-11-07,DEBIT,43739.76,GBP,BR346,COMPLETED,75.49,WEST,CHECKING
TXN0008946,CUST8496,ACC773068,2024-05-14,TRANSFER,34479.43,USD,BR744,PENDING,,NORTH,SAVINGS
TXN0008947,CUST3681,ACC251720,2024-06-22,DEBIT,-22991.54,USD,BR306,FAILED,,CENTRAL,CREDIT
TXN0008948,CUST3253,ACC215159,2024-03-21,CREDIT,11340.59,USD,BR538,COMPLETED,42.46,CENTRAL,SAVINGS
TXN0008949,CUST8239,ACC380678,2024-12-18,CREDIT,-25390.27,EUR,BR689,COMPLETED,35.41,NORTH,CHECKING
TXN0008950,CUST8904,ACC856277,2024-04-12,TRANSFER,21380.15,EUR,BR350,COMPLETED,92.93,EAST,SAVINGS
TXN0008951,,ACC488847,2024-08-23,CREDIT,-24890.13,USD,BR489,PENDING,6.78,SOUTH,SAVINGS
TXN0008952,,ACC647386,2024-07-08,CREDIT,-10329.33,EUR,BR656,COMPLETED,33.97,EAST,LOAN
TXN0008953,CUST4436,ACC367188,2024-10-18,DEBIT,-15745.71,EUR,BR330,COMPLETED,29.21,EAST,SAVINGS
TXN0008954,CUST4573,ACC823420,2024-08-27,DEBIT,63406.9,GBP,BR406,COMPLETED,83.01,SOUTH,LOAN
TXN0008955,CUST4205,ACC203635,2024-12-22,PAYMENT,-21401.73,USD,BR136,REVERSED,41.95,SOUTH,
TXN0008956,CUST1149,ACC385015,2024-11-01,WITHDRAWAL,79258.42,USD,BR258,COMPLETED,50.81,NORTH,SAVINGS
TXN0008957,,ACC790271,2024-07-06,PAYMENT,42369.94,USD,BR997,FAILED,83.14,NORTH,LOAN
TXN0008958,CUST2670,ACC641569,2024-04-28,WITHDRAWAL,35646.27,GBP,BR205,FAILED,26.91,WEST,LOAN
TXN0008959,CUST3418,ACC938295,2024-02-27,TRANSFER,98243.9,AUD,BR226,COMPLETED,70.22,CENTRAL,SAVINGS
TXN0008960,CUST7169,ACC425286,2024-10-21,CREDIT,-1030.28,GBP,BR129,,88.03,NORTH,CHECKING
TXN0008961,CUST7997,ACC882660,2024-11-28,CREDIT,10824.95,AUD,BR375,COMPLETED,1.41,EAST,SAVINGS
TXN0008962,CUST3756,ACC523325,2024-04-05,PAYMENT,-1828.29,USD,BR454,COMPLETED,6.98,EAST,LOAN
TXN0008963,CUST1922,ACC121285,2024-07-19,DEBIT,70863.37,USD,BR405,PENDING,18.18,SOUTH,CHECKING
TXN0008964,CUST2573,ACC166026,2024-01-22,CREDIT,-33618.58,USD,BR870,FAILED,57.33,SOUTH,LOAN
TXN0008965,CUST6825,ACC694706,2024-01-26,DEBIT,90462.26,EUR,BR684,PENDING,33.24,NORTH,SAVINGS
TXN0008966,CUST8763,ACC212322,2024-11-15,WITHDRAWAL,-40566.3,EUR,BR632,COMPLETED,14.87,SOUTH,CHECKING
TXN0008967,CUST3943,ACC352943,2024-09-30,DEBIT,-14963.98,USD,BR142,COMPLETED,67.47,,SAVINGS
TXN0008968,CUST1859,ACC396551,2024-08-08,CREDIT,-21321.01,USD,BR743,COMPLETED,79.58,NORTH,CREDIT
TXN0008969,CUST2922,ACC364344,2024-01-23,CREDIT,83917.46,USD,BR741,PENDING,33.98,WEST,CREDIT
TXN0008970,CUST9444,ACC949042,2024-03-09,DEBIT,9576.37,USD,BR953,COMPLETED,21.23,WEST,LOAN
TXN0008971,CUST6545,ACC356161,2024-08-25,WITHDRAWAL,47781.6,USD,BR897,COMPLETED,64.98,WEST,CREDIT
TXN0008972,CUST8107,ACC894544,2024-06-27,PAYMENT,-15398.52,USD,BR746,REVERSED,41.21,NORTH,LOAN
TXN0008973,CUST3434,ACC800917,2024-09-09,DEBIT,92398.72,USD,BR394,,1.58,SOUTH,SAVINGS
TXN0008974,CUST7619,ACC682964,2024-05-31,DEBIT,67025.84,USD,BR498,COMPLETED,8.83,CENTRAL,SAVINGS
TXN0008975,CUST5014,ACC997423,2024-12-04,CREDIT,16593.67,EUR,BR126,PENDING,98.74,WEST,LOAN
TXN0008976,CUST1556,ACC743400,2024-06-13,CREDIT,71598.95,USD,BR504,PENDING,22.18,SOUTH,CREDIT
TXN0008977,CUST2946,ACC702316,2024-05-11,WITHDRAWAL,32096.45,USD,BR468,PENDING,6.48,NORTH,CHECKING
TXN0008978,CUST4946,ACC937806,2024-05-19,WITHDRAWAL,46141.08,GBP,BR292,COMPLETED,26.98,,LOAN
TXN0008979,CUST7498,ACC655660,2024-11-18,TRANSFER,62280.61,USD,BR413,COMPLETED,41.58,SOUTH,LOAN
TXN0008980,CUST9005,ACC291834,2024-10-29,CREDIT,-44991.0,USD,BR749,COMPLETED,88.68,CENTRAL,CHECKING
TXN0008981,CUST5959,ACC758001,2024-03-11,TRANSFER,3133.37,USD,BR693,FAILED,,NORTH,LOAN
TXN0008982,CUST3826,ACC621180,2024-01-23,WITHDRAWAL,58146.55,GBP,BR318,PENDING,9.33,EAST,
TXN0008983,CUST7150,ACC653991,2024-06-12,DEBIT,-36987.71,USD,BR121,COMPLETED,92.81,NORTH,CHECKING
TXN0008984,CUST2468,ACC103534,2024-05-26,WITHDRAWAL,-34508.85,USD,BR735,COMPLETED,19.79,SOUTH,MORTGAGE
TXN0008985,CUST8596,ACC256338,2024-10-12,TRANSFER,68865.97,USD,BR533,COMPLETED,,CENTRAL,SAVINGS
TXN0008986,CUST7260,ACC120520,2024-11-05,DEBIT,-25978.63,USD,BR520,COMPLETED,15.39,WEST,CREDIT
TXN0008987,CUST5509,ACC443279,2024-05-24,CREDIT,-9796.08,EUR,BR987,PENDING,58.65,NORTH,SAVINGS
TXN0008988,CUST8292,ACC905823,2024-12-21,PAYMENT,79854.7,EUR,BR547,FAILED,36.28,CENTRAL,SAVINGS
TXN0008989,CUST7018,ACC823137,2024-05-26,DEBIT,14164.0,USD,BR302,COMPLETED,6.87,EAST,SAVINGS
TXN0008990,CUST1190,ACC907074,2024-06-17,TRANSFER,-13952.75,USD,BR417,COMPLETED,17.17,NORTH,SAVINGS
TXN0008991,CUST2966,ACC680777,2024-04-25,DEBIT,-12447.11,EUR,BR717,COMPLETED,9.89,CENTRAL,SAVINGS
TXN0008992,CUST2910,ACC540114,2024-09-20,PAYMENT,49237.62,USD,BR227,COMPLETED,58.06,CENTRAL,SAVINGS
TXN0008993,CUST2353,ACC695539,2024-02-16,DEBIT,19374.47,GBP,BR525,COMPLETED,33.72,WEST,SAVINGS
TXN0008994,CUST2999,ACC457875,2024-03-04,CREDIT,30116.92,AUD,BR484,COMPLETED,36.61,NORTH,CHECKING
TXN0008995,CUST9015,ACC101531,2024-10-12,DEBIT,-39892.62,GBP,BR986,FAILED,26.06,CENTRAL,CHECKING
TXN0008996,CUST9351,ACC604385,2024-01-09,TRANSFER,95498.24,USD,BR155,COMPLETED,55.41,NORTH,SAVINGS
TXN0008997,CUST4685,ACC302814,2024-11-18,CREDIT,28829.75,EUR,BR482,PENDING,94.96,NORTH,CHECKING
TXN0008998,CUST1377,ACC296473,2024-10-14,CREDIT,-10580.94,USD,BR860,COMPLETED,55.59,CENTRAL,CREDIT
TXN0008999,CUST8856,ACC213735,2024-03-02,CREDIT,-6913.58,USD,BR430,COMPLETED,90.16,SOUTH,SAVINGS
TXN0009000,CUST5484,ACC868206,2024-10-07,PAYMENT,-21733.67,USD,BR604,COMPLETED,61.02,WEST,CHECKING
TXN0009001,CUST2549,ACC421218,2024-10-31,TRANSFER,78923.15,,BR560,COMPLETED,73.76,NORTH,CREDIT
TXN0009002,CUST3967,ACC855898,2024-07-18,DEBIT,22231.96,USD,BR294,COMPLETED,77.33,WEST,SAVINGS
TXN0009003,CUST7290,ACC901282,2024-06-27,TRANSFER,-32102.04,USD,BR970,COMPLETED,60.24,NORTH,LOAN
TXN0009004,CUST8932,ACC545486,2024-11-18,CREDIT,15615.96,USD,BR838,COMPLETED,12.75,EAST,CHECKING
TXN0009005,CUST8105,ACC363368,2024-06-28,TRANSFER,34230.66,USD,BR688,REVERSED,53.24,NORTH,SAVINGS
TXN0009006,CUST5888,ACC829837,2024-09-28,DEBIT,12108.15,USD,BR140,COMPLETED,19.43,CENTRAL,CHECKING
TXN0009007,CUST3051,ACC943677,2024-04-18,CREDIT,-40193.07,USD,BR367,COMPLETED,50.78,SOUTH,CHECKING
TXN0009008,CUST2629,ACC385151,2024-05-25,DEBIT,61066.98,AUD,BR467,COMPLETED,66.62,WEST,SAVINGS
TXN0009009,CUST6328,ACC714667,2024-05-24,DEBIT,-6957.47,USD,BR444,COMPLETED,38.11,SOUTH,SAVINGS
TXN0009010,CUST2040,ACC309156,2024-06-18,CREDIT,7262.8,USD,BR752,,21.67,WEST,SAVINGS
TXN0009011,CUST9806,ACC759393,2024-07-22,WITHDRAWAL,84521.93,USD,BR402,PENDING,63.1,CENTRAL,SAVINGS
TXN0009012,CUST4029,ACC521478,2024-07-26,TRANSFER,-46224.15,AUD,BR296,COMPLETED,26.87,WEST,LOAN
TXN0009013,CUST7640,ACC802374,2024-03-21,CREDIT,-19254.09,GBP,BR526,REVERSED,84.51,EAST,CHECKING
TXN0009014,CUST1323,ACC982806,2024-03-26,CREDIT,19189.49,USD,BR290,COMPLETED,61.42,CENTRAL,CREDIT
TXN0009015,CUST7451,ACC730794,2024-11-01,TRANSFER,22221.39,USD,BR924,FAILED,55.72,WEST,LOAN
TXN0009016,CUST9788,ACC692671,2024-12-17,CREDIT,68671.59,USD,BR327,FAILED,88.53,CENTRAL,SAVINGS
TXN0009017,CUST9684,ACC691419,2024-07-08,DEBIT,-15656.61,AUD,BR297,FAILED,0.78,SOUTH,CREDIT
TXN0009018,CUST9004,ACC474223,2024-03-17,WITHDRAWAL,1571.43,USD,BR182,,36.08,NORTH,LOAN
TXN0009019,CUST2047,ACC200757,2024-03-04,DEBIT,-31843.7,USD,BR714,FAILED,89.53,WEST,SAVINGS
TXN0009020,CUST9501,ACC498376,2024-09-09,DEBIT,73722.48,GBP,BR741,COMPLETED,,WEST,LOAN
TXN0009021,CUST9830,ACC594775,2024-11-11,DEBIT,-1456.56,USD,BR902,COMPLETED,32.86,CENTRAL,SAVINGS
TXN0009022,CUST3033,ACC754960,2024-09-10,TRANSFER,2348.41,USD,BR316,COMPLETED,22.06,NORTH,SAVINGS
TXN0009023,CUST4399,ACC305802,2024-01-27,WITHDRAWAL,90155.38,USD,BR175,REVERSED,40.94,NORTH,LOAN
TXN0009024,CUST2922,ACC356779,2024-06-10,CREDIT,80623.22,,BR814,COMPLETED,94.11,CENTRAL,LOAN
TXN0009025,CUST3960,ACC440488,2024-12-24,DEBIT,17809.66,USD,BR259,FAILED,31.02,SOUTH,CREDIT
TXN0009026,CUST3948,ACC148028,2024-07-27,TRANSFER,90586.58,USD,BR802,FAILED,26.16,SOUTH,CREDIT
TXN0009027,CUST1087,ACC999464,2024-07-13,CREDIT,-20900.84,EUR,BR176,PENDING,23.81,EAST,CREDIT
TXN0009028,CUST8327,ACC452476,2024-01-07,CREDIT,47786.08,EUR,BR835,COMPLETED,77.32,NORTH,SAVINGS
TXN0009029,CUST6149,ACC474216,2024-04-30,CREDIT,66765.98,EUR,BR147,COMPLETED,80.04,CENTRAL,SAVINGS
TXN0009030,CUST3015,ACC594281,2024-07-28,PAYMENT,26778.37,USD,BR668,COMPLETED,95.22,CENTRAL,CREDIT
TXN0009031,CUST1641,ACC895792,2024-02-22,CREDIT,-977.62,EUR,BR227,COMPLETED,0.6,NORTH,MORTGAGE
TXN0009032,CUST3110,ACC352882,2024-08-03,CREDIT,-23581.49,USD,BR220,COMPLETED,59.65,CENTRAL,SAVINGS
TXN0009033,CUST4378,ACC658352,2024-03-12,CREDIT,10363.53,USD,BR798,COMPLETED,8.65,CENTRAL,CHECKING
TXN0009034,CUST3641,ACC449625,2024-06-07,CREDIT,21012.81,USD,BR141,COMPLETED,5.84,WEST,CHECKING
TXN0009035,CUST2438,ACC617105,2024-10-04,TRANSFER,58922.91,USD,BR322,FAILED,28.51,SOUTH,CREDIT
TXN0009036,CUST5206,ACC338632,2024-08-04,TRANSFER,-47930.87,USD,BR655,COMPLETED,38.17,NORTH,SAVINGS
TXN0009037,,ACC551750,2024-01-16,TRANSFER,,EUR,BR600,PENDING,40.38,WEST,SAVINGS
TXN0009038,CUST2386,ACC689756,2024-08-17,TRANSFER,28402.47,USD,BR582,FAILED,76.63,EAST,SAVINGS
TXN0009039,CUST3043,ACC117229,2024-01-06,WITHDRAWAL,40662.76,USD,BR295,COMPLETED,54.01,WEST,CHECKING
TXN0009040,CUST9292,ACC823233,2024-05-31,DEBIT,-16461.04,USD,BR844,PENDING,58.68,NORTH,CHECKING
TXN0009041,CUST5891,ACC179973,2024-08-17,DEBIT,-20848.36,AUD,BR661,COMPLETED,9.82,CENTRAL,SAVINGS
TXN0009042,CUST6956,ACC208205,2024-11-23,CREDIT,-31313.69,USD,BR126,COMPLETED,48.18,NORTH,
TXN0009043,CUST9919,ACC692612,2024-03-19,PAYMENT,32051.18,USD,BR134,COMPLETED,5.17,SOUTH,LOAN
TXN0009044,CUST3811,ACC243650,2024-08-03,TRANSFER,4886.25,GBP,BR556,PENDING,49.24,WEST,SAVINGS
TXN0009045,CUST7931,ACC342540,2024-07-26,PAYMENT,26065.37,USD,BR858,COMPLETED,16.97,NORTH,LOAN
TXN0009046,CUST1001,ACC530687,2024-01-09,DEBIT,99310.42,EUR,BR611,PENDING,22.03,SOUTH,MORTGAGE
TXN0009047,CUST5068,ACC146008,2024-03-08,DEBIT,-34392.63,USD,BR901,COMPLETED,95.95,SOUTH,
TXN0009048,CUST5925,ACC314915,2024-04-10,DEBIT,6028.35,USD,BR672,COMPLETED,30.58,EAST,CHECKING
TXN0009049,CUST1756,ACC589771,2024-06-29,WITHDRAWAL,15035.38,USD,BR715,COMPLETED,42.38,EAST,SAVINGS
TXN0009050,CUST9510,ACC532390,2024-02-02,WITHDRAWAL,27862.35,USD,BR903,COMPLETED,8.63,CENTRAL,CREDIT
TXN0009051,CUST5807,ACC660967,2024-07-06,CREDIT,95196.78,USD,BR941,COMPLETED,89.59,EAST,LOAN
TXN0009052,CUST9750,ACC874494,2024-09-15,DEBIT,83505.6,USD,BR628,FAILED,55.79,NORTH,SAVINGS
TXN0009053,CUST8289,ACC176130,2024-07-05,CREDIT,68830.47,USD,BR196,COMPLETED,63.73,WEST,LOAN
TXN0009054,CUST3291,ACC207599,2024-01-14,CREDIT,-10309.64,USD,BR979,PENDING,44.0,SOUTH,CREDIT
TXN0009055,CUST9035,ACC814039,2024-02-06,WITHDRAWAL,-39720.62,USD,BR685,COMPLETED,30.35,WEST,CHECKING
TXN0009056,CUST6127,ACC675215,2024-07-10,DEBIT,52568.11,GBP,BR807,COMPLETED,61.83,WEST,CHECKING
TXN0009057,CUST9563,ACC562716,2024-04-11,CREDIT,-44337.92,EUR,BR512,FAILED,6.64,WEST,SAVINGS
TXN0009058,CUST6769,ACC853329,2024-12-14,TRANSFER,92480.94,USD,BR665,COMPLETED,25.01,EAST,CHECKING
TXN0009059,CUST9818,ACC242314,2024-01-03,TRANSFER,-30521.1,USD,BR893,FAILED,52.11,EAST,SAVINGS
TXN0009060,CUST9365,ACC331454,2024-02-04,DEBIT,-7350.08,USD,BR563,COMPLETED,37.86,WEST,SAVINGS
TXN0009061,CUST4438,ACC873874,2024-08-13,CREDIT,10322.01,GBP,BR111,COMPLETED,86.36,SOUTH,SAVINGS
TXN0009062,CUST2622,ACC324954,2024-04-27,PAYMENT,57340.23,USD,BR810,COMPLETED,84.86,NORTH,SAVINGS
TXN0009063,CUST1732,ACC329082,2024-12-13,PAYMENT,33361.99,USD,BR526,COMPLETED,99.31,CENTRAL,CREDIT
TXN0009064,CUST4884,ACC488892,2024-11-21,PAYMENT,67262.28,USD,BR982,COMPLETED,89.05,NORTH,CHECKING
TXN0009065,CUST1601,ACC201561,2024-02-16,TRANSFER,14834.55,USD,BR494,FAILED,62.13,WEST,LOAN
TXN0009066,CUST4081,ACC138394,2024-08-04,DEBIT,20093.26,GBP,BR540,PENDING,23.21,CENTRAL,LOAN
TXN0009067,CUST3321,ACC368914,2024-09-11,CREDIT,-10654.58,USD,BR621,COMPLETED,71.4,SOUTH,LOAN
TXN0009068,CUST5910,ACC112266,2024-02-18,TRANSFER,6629.99,USD,BR776,COMPLETED,28.54,NORTH,CREDIT
TXN0009069,CUST4526,ACC716038,2024-06-10,CREDIT,89125.78,EUR,BR619,PENDING,6.76,SOUTH,CREDIT
TXN0009070,CUST3198,ACC529012,2024-08-04,CREDIT,71728.91,USD,BR405,COMPLETED,69.73,NORTH,LOAN
TXN0009071,CUST4539,ACC226120,2024-01-28,TRANSFER,18626.72,GBP,BR304,COMPLETED,83.55,WEST,CREDIT
TXN0009072,CUST6882,ACC394032,2024-06-26,DEBIT,,USD,BR942,PENDING,83.95,SOUTH,CREDIT
TXN0009073,CUST5544,ACC774254,2024-09-26,DEBIT,15089.56,AUD,BR300,COMPLETED,63.69,NORTH,SAVINGS
TXN0009074,CUST3105,ACC717219,2024-08-13,CREDIT,-19757.45,USD,BR190,REVERSED,81.67,NORTH,CHECKING
TXN0009075,CUST7914,ACC571688,2024-10-19,PAYMENT,-10713.84,EUR,BR543,COMPLETED,21.95,SOUTH,CHECKING
TXN0009076,CUST2218,ACC319240,2024-02-01,DEBIT,-20727.99,USD,BR428,PENDING,59.94,SOUTH,SAVINGS
TXN0009077,CUST5177,ACC198023,2024-07-10,PAYMENT,-35946.69,USD,BR133,COMPLETED,,SOUTH,CHECKING
TXN0009078,CUST5270,ACC457369,2024-03-07,CREDIT,-37192.35,EUR,BR711,PENDING,72.18,WEST,LOAN
TXN0009079,CUST7255,ACC348207,2024-04-01,DEBIT,17713.46,GBP,BR655,COMPLETED,52.42,NORTH,LOAN
TXN0009080,CUST3675,ACC741491,2024-05-10,CREDIT,-29945.53,USD,BR318,COMPLETED,58.2,WEST,CHECKING
TXN0009081,CUST7554,ACC224548,2024-06-03,TRANSFER,-27244.37,AUD,BR330,COMPLETED,20.84,CENTRAL,CHECKING
TXN0009082,CUST8472,ACC198052,2024-02-08,CREDIT,60720.3,USD,BR645,COMPLETED,68.23,NORTH,CREDIT
TXN0009083,CUST2364,ACC944539,2024-04-17,DEBIT,28014.7,USD,BR167,PENDING,38.14,EAST,CREDIT
TXN0009084,CUST5164,ACC362476,2024-05-05,PAYMENT,99344.44,USD,BR779,COMPLETED,79.61,EAST,CHECKING
TXN0009085,CUST7968,ACC929527,2024-10-29,DEBIT,-4170.68,EUR,BR284,COMPLETED,33.24,WEST,SAVINGS
TXN0009086,CUST3346,ACC727387,2024-06-16,DEBIT,-48986.72,EUR,BR602,COMPLETED,10.33,NORTH,SAVINGS
TXN0009087,CUST9780,ACC662971,2024-06-06,TRANSFER,-15618.67,USD,BR243,COMPLETED,46.82,SOUTH,SAVINGS
TXN0009088,,ACC882675,2024-08-14,DEBIT,66434.68,USD,BR907,COMPLETED,53.1,NORTH,SAVINGS
TXN0009089,CUST2156,ACC759666,2024-10-17,CREDIT,46328.27,AUD,BR400,PENDING,86.27,NORTH,CHECKING
TXN0009090,CUST5413,ACC897872,2024-05-15,TRANSFER,68067.18,USD,BR720,,92.73,EAST,CHECKING
TXN0009091,CUST4156,ACC352927,2024-01-29,DEBIT,-15521.47,USD,BR864,,1.89,SOUTH,LOAN
TXN0009092,CUST7097,ACC146316,2024-12-29,PAYMENT,35152.91,USD,BR145,COMPLETED,36.04,EAST,LOAN
TXN0009093,CUST9379,ACC599135,2024-07-11,DEBIT,48179.81,USD,BR210,COMPLETED,52.04,EAST,SAVINGS
TXN0009094,CUST3687,ACC822465,2024-05-15,DEBIT,10276.15,EUR,BR965,PENDING,27.62,NORTH,CHECKING
TXN0009095,CUST7876,ACC390541,2024-07-06,CREDIT,23512.48,USD,BR375,COMPLETED,14.77,WEST,CHECKING
TXN0009096,CUST3514,ACC667358,2024-04-19,DEBIT,-11739.24,USD,BR155,COMPLETED,48.19,NORTH,MORTGAGE
TXN0009097,CUST6183,ACC275151,2024-02-19,DEBIT,-22261.77,EUR,BR468,REVERSED,29.28,SOUTH,CHECKING
TXN0009098,CUST8104,ACC789225,2024-12-14,CREDIT,21591.59,,BR412,COMPLETED,13.1,EAST,CHECKING
TXN0009099,CUST7208,ACC894114,2024-06-12,WITHDRAWAL,34129.69,EUR,BR304,COMPLETED,46.69,NORTH,SAVINGS
TXN0009100,CUST1424,ACC829671,2024-12-21,CREDIT,96081.02,AUD,BR710,COMPLETED,89.23,EAST,CREDIT
TXN0009101,CUST5055,ACC864060,2024-08-27,PAYMENT,33247.46,USD,BR335,COMPLETED,18.07,WEST,CHECKING
TXN0009102,CUST2270,ACC106665,2024-10-25,CREDIT,-35636.07,USD,BR386,COMPLETED,25.98,NORTH,SAVINGS
TXN0009103,CUST5425,ACC982950,2024-01-28,TRANSFER,81668.43,EUR,BR485,COMPLETED,14.99,WEST,SAVINGS
TXN0009104,CUST3041,ACC613329,2024-06-12,DEBIT,88876.2,EUR,BR736,COMPLETED,52.76,WEST,CREDIT
TXN0009105,CUST9707,ACC956755,2024-08-23,DEBIT,21259.55,EUR,BR629,FAILED,11.71,WEST,SAVINGS
TXN0009106,CUST2802,ACC326868,2024-03-04,CREDIT,-30276.02,USD,BR715,COMPLETED,37.23,CENTRAL,SAVINGS
TXN0009107,CUST9984,ACC934375,2024-10-20,DEBIT,54797.87,USD,BR633,FAILED,65.08,CENTRAL,SAVINGS
TXN0009108,CUST7664,ACC531813,2024-02-10,PAYMENT,45347.3,USD,BR371,COMPLETED,4.7,SOUTH,SAVINGS
TXN0009109,CUST2080,ACC446810,2024-11-25,DEBIT,71474.65,USD,BR589,PENDING,98.81,CENTRAL,CREDIT
TXN0009110,CUST6396,ACC204955,2024-09-25,TRANSFER,67142.38,USD,BR772,PENDING,94.22,SOUTH,SAVINGS
TXN0009111,CUST2457,ACC193019,2024-11-22,CREDIT,-34510.24,EUR,BR351,FAILED,1.53,CENTRAL,SAVINGS
TXN0009112,CUST6944,ACC628168,2024-10-21,CREDIT,-38721.09,,BR627,COMPLETED,86.31,CENTRAL,CHECKING
TXN0009113,CUST6464,ACC711193,2024-09-29,WITHDRAWAL,1803.3,GBP,BR996,COMPLETED,99.3,SOUTH,SAVINGS
TXN0009114,CUST5476,ACC340469,2024-07-22,DEBIT,-18868.58,USD,BR388,COMPLETED,45.32,WEST,LOAN
TXN0009115,CUST3397,ACC703638,2024-08-10,TRANSFER,36945.92,EUR,BR354,PENDING,44.67,WEST,CREDIT
TXN0009116,CUST4698,ACC391158,2024-06-02,DEBIT,4756.55,AUD,BR706,COMPLETED,52.84,EAST,MORTGAGE
TXN0009117,CUST5483,ACC100097,2024-07-26,CREDIT,25577.97,EUR,BR424,COMPLETED,18.18,CENTRAL,SAVINGS
TXN0009118,CUST1161,ACC547852,2024-10-24,DEBIT,-12639.45,GBP,BR935,COMPLETED,38.94,NORTH,CHECKING
TXN0009119,CUST2604,ACC830206,2024-04-19,DEBIT,89878.59,GBP,BR319,REVERSED,81.95,CENTRAL,CHECKING
TXN0009120,CUST7179,ACC465909,2024-08-07,DEBIT,-36744.1,USD,BR977,COMPLETED,52.47,WEST,CHECKING
TXN0009121,CUST4640,ACC474236,2024-06-18,TRANSFER,9628.79,USD,BR598,COMPLETED,86.9,SOUTH,SAVINGS
TXN0009122,CUST7203,ACC889921,2024-07-17,DEBIT,-40481.05,USD,BR282,COMPLETED,83.9,WEST,SAVINGS
TXN0009123,CUST2720,ACC574329,2024-03-04,DEBIT,-42297.04,GBP,BR476,PENDING,51.27,NORTH,CHECKING
TXN0009124,CUST3023,ACC683309,2024-10-10,TRANSFER,-14221.72,USD,BR838,FAILED,29.09,CENTRAL,CREDIT
TXN0009125,CUST3879,ACC829744,2024-04-30,PAYMENT,25548.68,USD,BR629,COMPLETED,18.05,WEST,LOAN
TXN0009126,CUST9625,ACC272275,2024-04-09,CREDIT,-39099.47,EUR,BR112,COMPLETED,90.76,NORTH,CHECKING
TXN0009127,CUST6022,ACC128206,2024-06-14,PAYMENT,58895.88,USD,BR192,PENDING,72.1,EAST,SAVINGS
TXN0009128,CUST9021,ACC874793,2024-12-31,TRANSFER,63883.92,EUR,BR938,COMPLETED,65.66,SOUTH,CHECKING
TXN0009129,CUST2565,ACC202247,2024-11-06,DEBIT,18261.5,AUD,BR444,COMPLETED,50.3,SOUTH,CHECKING
TXN0009130,CUST9666,ACC757673,2024-09-10,PAYMENT,-47999.1,USD,BR889,COMPLETED,76.05,EAST,LOAN
TXN0009131,CUST6716,ACC699475,2024-05-15,DEBIT,26635.01,USD,BR337,COMPLETED,52.36,CENTRAL,SAVINGS
TXN0009132,CUST5620,ACC122399,2024-11-17,TRANSFER,-3534.33,USD,BR782,COMPLETED,29.09,WEST,CHECKING
TXN0009133,CUST5440,ACC799713,2024-12-09,CREDIT,99114.74,USD,BR477,COMPLETED,87.27,WEST,SAVINGS
TXN0009134,CUST2623,ACC388628,2024-10-13,TRANSFER,20811.54,USD,BR633,COMPLETED,1.29,NORTH,CREDIT
TXN0009135,CUST1785,ACC301897,2024-08-23,DEBIT,12045.6,EUR,BR388,COMPLETED,14.45,WEST,CHECKING
TXN0009136,CUST3797,ACC280426,2024-07-21,PAYMENT,53638.33,EUR,BR684,COMPLETED,55.14,CENTRAL,SAVINGS
TXN0009137,CUST6210,ACC962258,2024-10-07,CREDIT,-12368.69,USD,BR523,COMPLETED,57.03,NORTH,SAVINGS
TXN0009138,CUST7382,ACC264578,2024-01-04,DEBIT,26321.81,USD,BR256,,7.28,CENTRAL,CREDIT
TXN0009139,CUST3960,ACC345597,2024-07-10,DEBIT,-49429.9,USD,BR986,PENDING,70.65,SOUTH,SAVINGS
TXN0009140,CUST6655,ACC873298,2024-12-17,CREDIT,54225.16,USD,BR118,COMPLETED,41.34,,SAVINGS
TXN0009141,,ACC147400,2024-08-27,CREDIT,-12772.82,USD,BR136,COMPLETED,59.21,SOUTH,
TXN0009142,CUST7597,ACC868019,2024-01-26,DEBIT,-36788.57,USD,BR309,COMPLETED,54.56,WEST,LOAN
TXN0009143,CUST8812,ACC288105,2024-04-05,CREDIT,22115.81,AUD,BR286,COMPLETED,46.89,NORTH,LOAN
TXN0009144,CUST3090,ACC305369,2024-05-04,TRANSFER,-38819.4,,BR960,COMPLETED,59.96,NORTH,SAVINGS
TXN0009145,CUST5244,ACC967463,2024-12-21,TRANSFER,29662.86,EUR,BR330,COMPLETED,57.58,NORTH,CHECKING
TXN0009146,CUST1155,ACC319226,2024-09-01,CREDIT,50380.0,USD,BR136,COMPLETED,37.34,WEST,CHECKING
TXN0009147,CUST9414,ACC307245,2024-08-30,DEBIT,16634.43,USD,BR266,PENDING,84.43,CENTRAL,CHECKING
TXN0009148,CUST3547,ACC239070,2024-02-15,TRANSFER,45055.51,USD,BR111,PENDING,86.92,CENTRAL,CHECKING
TXN0009149,CUST3070,ACC409329,2024-10-04,CREDIT,40260.6,USD,BR214,FAILED,,SOUTH,SAVINGS
TXN0009150,CUST3337,ACC583241,2024-05-15,DEBIT,31007.02,USD,BR837,COMPLETED,4.51,SOUTH,MORTGAGE
TXN0009151,CUST7206,ACC164251,2024-05-05,PAYMENT,85856.1,USD,BR722,COMPLETED,65.53,WEST,CREDIT
TXN0009152,CUST5380,ACC793802,2024-01-04,TRANSFER,35098.69,EUR,BR238,COMPLETED,52.81,WEST,SAVINGS
TXN0009153,CUST1866,ACC571300,2024-11-24,WITHDRAWAL,91265.16,USD,BR488,PENDING,78.17,EAST,CHECKING
TXN0009154,CUST7064,ACC336585,2024-02-21,WITHDRAWAL,99331.05,USD,BR772,COMPLETED,55.84,CENTRAL,CREDIT
TXN0009155,CUST5081,ACC748697,2024-10-15,DEBIT,66564.1,GBP,BR648,PENDING,56.15,WEST,MORTGAGE
TXN0009156,CUST7852,ACC241049,2024-04-05,CREDIT,83914.06,USD,BR982,COMPLETED,22.61,CENTRAL,LOAN
TXN0009157,CUST8500,ACC133020,2024-03-24,WITHDRAWAL,94831.27,USD,BR508,FAILED,61.38,EAST,CHECKING
TXN0009158,CUST3999,ACC223602,2024-01-14,TRANSFER,68917.74,AUD,BR161,COMPLETED,46.27,NORTH,LOAN
TXN0009159,CUST8191,ACC860997,2024-11-04,DEBIT,68072.08,GBP,BR965,REVERSED,12.64,EAST,CHECKING
TXN0009160,CUST6799,ACC859233,2024-07-03,DEBIT,46937.2,USD,BR213,COMPLETED,,EAST,LOAN
TXN0009161,CUST8678,ACC314081,2024-08-09,PAYMENT,27533.88,AUD,BR602,COMPLETED,51.5,NORTH,MORTGAGE
TXN0009162,CUST9228,ACC484452,2024-09-07,PAYMENT,-8915.76,EUR,BR334,COMPLETED,11.47,WEST,CHECKING
TXN0009163,CUST5699,ACC757594,2024-05-03,TRANSFER,35825.93,USD,BR619,COMPLETED,84.48,EAST,
TXN0009164,CUST5519,ACC893341,2024-04-21,DEBIT,-12510.86,USD,BR463,COMPLETED,1.49,EAST,CHECKING
TXN0009165,CUST8008,ACC898063,2024-04-07,DEBIT,-2494.74,USD,BR431,COMPLETED,89.09,CENTRAL,LOAN
TXN0009166,CUST9529,ACC414146,2024-03-14,PAYMENT,74130.27,USD,BR806,COMPLETED,85.28,WEST,SAVINGS
TXN0009167,CUST4748,ACC975295,2024-12-19,PAYMENT,13261.6,AUD,BR472,COMPLETED,18.85,NORTH,MORTGAGE
TXN0009168,CUST6000,ACC820119,2024-12-27,WITHDRAWAL,27487.41,USD,BR472,COMPLETED,81.44,SOUTH,MORTGAGE
TXN0009169,CUST2424,ACC552798,2024-11-05,PAYMENT,-27703.29,USD,BR462,FAILED,34.88,EAST,SAVINGS
TXN0009170,CUST6007,ACC261406,2024-12-23,DEBIT,91963.3,EUR,BR150,COMPLETED,91.56,SOUTH,CREDIT
TXN0009171,CUST7660,ACC821333,2024-09-02,DEBIT,66442.39,USD,BR453,COMPLETED,49.71,NORTH,CREDIT
TXN0009172,CUST6123,ACC166341,2024-04-18,TRANSFER,-43589.37,USD,BR197,COMPLETED,29.48,NORTH,LOAN
TXN0009173,CUST2476,ACC974113,2024-12-15,CREDIT,-24891.01,USD,BR740,FAILED,33.94,EAST,CREDIT
TXN0009174,CUST2302,ACC266795,2024-03-09,DEBIT,-4923.19,USD,BR656,COMPLETED,54.96,NORTH,LOAN
TXN0009175,CUST2256,ACC596741,2024-04-17,CREDIT,26751.92,USD,BR194,COMPLETED,74.57,SOUTH,MORTGAGE
TXN0009176,CUST4932,ACC496452,2024-10-16,TRANSFER,-35130.06,GBP,BR945,FAILED,5.21,WEST,LOAN
TXN0009177,CUST2534,ACC107993,2024-07-26,PAYMENT,51867.71,USD,BR820,COMPLETED,88.55,NORTH,LOAN
TXN0009178,CUST3705,ACC279699,2024-05-28,DEBIT,1099.07,USD,BR577,COMPLETED,,NORTH,CREDIT
TXN0009179,CUST1940,ACC492729,2024-05-12,DEBIT,69965.55,AUD,BR968,PENDING,98.94,WEST,SAVINGS
TXN0009180,CUST2385,ACC136835,2024-01-21,DEBIT,50804.26,AUD,BR792,COMPLETED,36.29,SOUTH,CREDIT
TXN0009181,CUST5683,ACC658922,2024-04-05,DEBIT,68213.46,USD,BR485,COMPLETED,37.72,WEST,SAVINGS
TXN0009182,CUST9074,ACC283601,2024-10-14,WITHDRAWAL,62867.05,USD,BR991,PENDING,31.55,NORTH,CREDIT
TXN0009183,CUST1175,ACC817686,2024-03-09,CREDIT,-15320.16,USD,BR193,,44.57,WEST,LOAN
TXN0009184,CUST7946,ACC983852,2024-06-13,WITHDRAWAL,-42202.13,USD,BR408,COMPLETED,61.27,CENTRAL,CREDIT
TXN0009185,,ACC540775,2024-05-02,PAYMENT,54252.98,USD,BR263,COMPLETED,77.02,NORTH,SAVINGS
TXN0009186,CUST3235,ACC213796,2024-03-24,CREDIT,24744.63,EUR,BR495,COMPLETED,49.8,EAST,CREDIT
TXN0009187,CUST8858,ACC188947,2024-07-21,CREDIT,-45596.22,USD,BR910,COMPLETED,56.73,WEST,CHECKING
TXN0009188,CUST9156,ACC901549,2024-08-23,DEBIT,51875.86,USD,BR529,REVERSED,3.66,NORTH,SAVINGS
TXN0009189,CUST9437,ACC265186,2024-07-11,CREDIT,-8084.24,EUR,BR241,COMPLETED,58.24,WEST,MORTGAGE
TXN0009190,CUST9722,ACC322072,2024-11-12,DEBIT,23681.96,USD,BR402,FAILED,38.56,WEST,LOAN
TXN0009191,CUST3042,ACC176769,2024-10-30,CREDIT,99245.91,USD,BR413,COMPLETED,0.51,EAST,
TXN0009192,CUST7643,ACC261207,2024-11-30,CREDIT,-8457.42,EUR,BR332,PENDING,54.23,WEST,LOAN
TXN0009193,CUST1227,ACC535214,2024-04-05,CREDIT,97543.72,USD,BR521,PENDING,14.08,CENTRAL,CREDIT
TXN0009194,,ACC213707,2024-05-12,CREDIT,77314.23,USD,BR606,COMPLETED,85.73,,LOAN
TXN0009195,CUST1119,ACC555730,2024-03-25,CREDIT,34203.96,USD,BR588,COMPLETED,4.02,WEST,SAVINGS
TXN0009196,CUST7962,ACC340393,2024-08-12,CREDIT,99299.29,AUD,BR880,COMPLETED,81.45,EAST,SAVINGS
TXN0009197,CUST9754,ACC833675,2024-08-30,TRANSFER,-11701.51,USD,BR823,COMPLETED,6.49,CENTRAL,MORTGAGE
TXN0009198,CUST6653,ACC952072,2024-05-01,DEBIT,15628.49,USD,BR103,COMPLETED,12.79,WEST,LOAN
TXN0009199,CUST5001,ACC274261,2024-11-14,CREDIT,98783.02,USD,BR947,COMPLETED,55.95,CENTRAL,CREDIT
TXN0009200,CUST9652,ACC379068,2024-12-29,TRANSFER,83045.73,USD,BR363,COMPLETED,66.61,SOUTH,SAVINGS
TXN0009201,CUST1693,ACC848365,2024-03-22,PAYMENT,-26230.77,USD,BR744,FAILED,83.7,CENTRAL,LOAN
TXN0009202,CUST8350,ACC645534,2024-04-24,CREDIT,98082.57,GBP,BR885,COMPLETED,11.35,CENTRAL,CREDIT
TXN0009203,CUST3761,ACC848392,2024-09-30,CREDIT,-19768.09,USD,BR815,COMPLETED,,NORTH,CREDIT
TXN0009204,CUST9577,ACC681956,2024-06-22,CREDIT,12974.27,GBP,BR191,COMPLETED,39.43,EAST,CHECKING
TXN0009205,CUST4687,ACC810034,2024-11-29,DEBIT,-7254.77,AUD,BR188,COMPLETED,74.5,SOUTH,CHECKING
TXN0009206,CUST3864,ACC656653,2024-03-13,DEBIT,16965.25,GBP,BR116,COMPLETED,51.9,SOUTH,SAVINGS
TXN0009207,CUST2230,ACC720424,2024-01-24,DEBIT,25568.63,EUR,BR613,COMPLETED,7.77,NORTH,LOAN
TXN0009208,CUST7013,ACC714067,2024-03-10,TRANSFER,10404.16,USD,BR141,COMPLETED,94.88,SOUTH,CREDIT
TXN0009209,CUST3184,ACC446081,2024-05-02,TRANSFER,-17889.98,USD,BR154,COMPLETED,78.36,NORTH,CHECKING
TXN0009210,CUST9416,ACC575062,2024-12-17,PAYMENT,17301.08,AUD,BR746,COMPLETED,51.44,WEST,SAVINGS
TXN0009211,CUST6788,ACC265042,2024-04-03,DEBIT,46981.05,USD,BR282,COMPLETED,17.42,NORTH,SAVINGS
TXN0009212,CUST1834,ACC969034,2024-01-12,DEBIT,33423.85,AUD,BR759,REVERSED,16.78,NORTH,MORTGAGE
TXN0009213,CUST7925,ACC723136,2024-10-21,CREDIT,55395.34,AUD,BR987,COMPLETED,42.05,CENTRAL,CHECKING
TXN0009214,CUST9118,ACC658731,2024-02-18,DEBIT,21947.09,USD,BR502,FAILED,49.05,NORTH,CHECKING
TXN0009215,CUST7211,ACC792601,2024-05-08,PAYMENT,-16795.21,GBP,BR382,COMPLETED,87.6,WEST,CREDIT
TXN0009216,CUST3793,ACC694850,2024-12-18,DEBIT,70170.15,USD,BR732,REVERSED,86.31,WEST,SAVINGS
TXN0009217,CUST7115,ACC326059,2024-01-01,DEBIT,69664.35,,BR205,COMPLETED,18.97,WEST,LOAN
TXN0009218,CUST2855,ACC570872,2024-02-03,DEBIT,18878.79,USD,BR307,PENDING,44.51,CENTRAL,MORTGAGE
TXN0009219,CUST6537,ACC545525,2024-08-04,WITHDRAWAL,11084.14,USD,BR429,COMPLETED,18.08,WEST,MORTGAGE
TXN0009220,CUST5092,ACC280496,2024-11-11,PAYMENT,55524.59,USD,BR772,COMPLETED,33.26,NORTH,SAVINGS
TXN0009221,CUST9832,ACC740626,2024-04-06,PAYMENT,96134.21,USD,BR703,PENDING,4.48,EAST,CHECKING
TXN0009222,CUST2931,ACC977333,2024-04-26,TRANSFER,-21764.73,USD,BR588,COMPLETED,45.08,SOUTH,SAVINGS
TXN0009223,CUST5752,ACC933320,2024-03-30,DEBIT,81400.75,USD,BR364,COMPLETED,90.61,WEST,CHECKING
TXN0009224,CUST5901,ACC566695,2024-09-21,WITHDRAWAL,52987.66,USD,BR965,COMPLETED,94.02,NORTH,CREDIT
TXN0009225,CUST8915,ACC392736,2024-05-22,PAYMENT,46093.31,USD,BR638,COMPLETED,67.02,EAST,
TXN0009226,,ACC431067,2024-05-30,DEBIT,55884.67,USD,BR706,COMPLETED,30.81,WEST,MORTGAGE
TXN0009227,CUST5337,ACC372869,2024-03-11,WITHDRAWAL,11145.86,USD,BR467,COMPLETED,82.84,CENTRAL,CREDIT
TXN0009228,CUST4490,ACC735732,2024-04-18,CREDIT,35351.66,GBP,BR514,COMPLETED,48.5,CENTRAL,LOAN
TXN0009229,CUST1036,ACC324549,2024-06-01,DEBIT,37319.43,USD,BR372,FAILED,92.97,NORTH,SAVINGS
TXN0009230,CUST7449,ACC869040,2024-09-10,DEBIT,13996.53,USD,BR243,COMPLETED,19.6,CENTRAL,LOAN
TXN0009231,CUST4562,ACC937080,2024-12-03,TRANSFER,65890.72,USD,BR480,COMPLETED,87.73,WEST,CREDIT
TXN0009232,CUST5994,ACC909300,2024-02-06,TRANSFER,-6233.38,USD,BR253,REVERSED,34.94,EAST,LOAN
TXN0009233,CUST9446,ACC976214,2024-11-05,CREDIT,54705.7,USD,BR603,COMPLETED,85.05,SOUTH,SAVINGS
TXN0009234,CUST1580,ACC121000,2024-10-29,CREDIT,39049.53,USD,BR446,COMPLETED,71.71,NORTH,CREDIT
TXN0009235,CUST8586,ACC305803,2024-09-25,CREDIT,-12348.83,USD,BR862,COMPLETED,68.88,SOUTH,MORTGAGE
TXN0009236,CUST8999,ACC525529,2024-03-17,DEBIT,-17104.36,USD,BR319,FAILED,25.62,CENTRAL,SAVINGS
TXN0009237,CUST1942,ACC409890,2024-11-07,WITHDRAWAL,83156.78,USD,BR192,COMPLETED,25.76,CENTRAL,SAVINGS
TXN0009238,CUST6828,ACC493767,2024-01-05,TRANSFER,10699.91,USD,BR553,COMPLETED,57.42,EAST,CHECKING
TXN0009239,CUST1096,ACC910085,2024-12-10,DEBIT,56254.75,USD,BR600,COMPLETED,23.65,NORTH,SAVINGS
TXN0009240,CUST8542,ACC661457,2024-09-04,WITHDRAWAL,51318.42,USD,BR872,PENDING,28.61,CENTRAL,CREDIT
TXN0009241,CUST6382,ACC587449,2024-06-18,TRANSFER,21344.1,EUR,BR698,COMPLETED,75.76,CENTRAL,CREDIT
TXN0009242,CUST5888,ACC195446,2024-06-13,DEBIT,75145.28,USD,BR171,COMPLETED,26.0,SOUTH,SAVINGS
TXN0009243,CUST6798,ACC709644,2024-02-13,CREDIT,5729.44,USD,BR106,REVERSED,70.99,SOUTH,CHECKING
TXN0009244,CUST2755,ACC220950,2024-06-17,CREDIT,67158.44,EUR,BR471,COMPLETED,80.77,CENTRAL,SAVINGS
TXN0009245,,ACC935297,2024-05-17,DEBIT,85929.01,USD,BR894,COMPLETED,96.31,SOUTH,CHECKING
TXN0009246,CUST6729,ACC828254,2024-12-19,DEBIT,26080.21,USD,BR336,COMPLETED,60.35,EAST,SAVINGS
TXN0009247,,ACC232937,2024-06-24,DEBIT,3031.83,EUR,BR552,COMPLETED,57.58,CENTRAL,LOAN
TXN0009248,CUST7587,ACC156405,2024-03-05,PAYMENT,1398.07,USD,BR279,COMPLETED,20.43,SOUTH,LOAN
TXN0009249,CUST6808,ACC340897,2024-07-18,TRANSFER,17933.0,GBP,BR466,COMPLETED,72.06,SOUTH,CHECKING
TXN0009250,CUST1145,ACC872804,2024-01-30,PAYMENT,57171.33,EUR,BR519,PENDING,2.62,NORTH,LOAN
TXN0009251,CUST2660,ACC834285,2024-08-14,CREDIT,83379.38,EUR,BR452,COMPLETED,41.45,SOUTH,CHECKING
TXN0009252,CUST8058,ACC659460,2024-06-14,PAYMENT,4328.74,USD,BR494,PENDING,81.08,WEST,CHECKING
TXN0009253,CUST9061,ACC998813,2024-08-11,DEBIT,-29285.58,USD,BR329,COMPLETED,49.79,NORTH,LOAN
TXN0009254,CUST4236,ACC218661,2024-10-18,DEBIT,41407.64,USD,BR313,COMPLETED,14.17,NORTH,SAVINGS
TXN0009255,,ACC687270,2024-12-19,CREDIT,94680.8,USD,BR608,COMPLETED,47.89,WEST,CREDIT
TXN0009256,CUST9668,ACC602605,2024-11-07,PAYMENT,25765.22,USD,BR302,COMPLETED,13.67,WEST,CREDIT
TXN0009257,CUST9426,ACC513775,2024-11-14,DEBIT,12099.78,USD,BR363,PENDING,4.73,WEST,CHECKING
TXN0009258,CUST3518,ACC781212,2024-02-05,TRANSFER,30358.46,USD,BR296,PENDING,42.59,NORTH,CHECKING
TXN0009259,CUST7729,ACC708868,2024-04-13,DEBIT,52171.13,EUR,BR968,FAILED,42.92,EAST,CHECKING
TXN0009260,CUST3029,ACC847056,2024-10-09,DEBIT,70699.88,USD,BR414,COMPLETED,39.57,NORTH,CHECKING
TXN0009261,CUST8985,ACC873442,2024-04-23,CREDIT,86798.56,USD,BR659,FAILED,46.86,SOUTH,SAVINGS
TXN0009262,CUST1113,ACC956376,2024-03-04,CREDIT,-21222.3,GBP,BR666,FAILED,1.66,SOUTH,CHECKING
TXN0009263,CUST3549,ACC241786,2024-01-16,CREDIT,-6254.43,USD,BR722,COMPLETED,29.29,SOUTH,SAVINGS
TXN0009264,CUST5098,ACC155398,2024-01-02,DEBIT,31199.01,EUR,BR175,COMPLETED,13.31,CENTRAL,SAVINGS
TXN0009265,CUST4704,ACC643114,2024-07-20,WITHDRAWAL,34835.65,EUR,BR732,COMPLETED,79.93,CENTRAL,SAVINGS
TXN0009266,CUST8711,ACC288526,2024-05-25,PAYMENT,-25070.51,EUR,BR161,FAILED,34.48,CENTRAL,LOAN
TXN0009267,CUST7477,ACC665209,2024-05-05,CREDIT,63787.49,EUR,BR125,COMPLETED,36.87,CENTRAL,CHECKING
TXN0009268,CUST7132,ACC343060,2024-04-19,WITHDRAWAL,83003.26,USD,BR878,COMPLETED,23.1,SOUTH,MORTGAGE
TXN0009269,CUST5903,ACC937752,2024-12-10,CREDIT,6599.46,USD,BR951,REVERSED,12.38,EAST,LOAN
TXN0009270,CUST6971,ACC232568,2024-03-20,DEBIT,-7692.83,USD,BR936,COMPLETED,56.34,EAST,CHECKING
TXN0009271,CUST8017,ACC352164,2024-04-04,TRANSFER,-9699.02,EUR,BR871,COMPLETED,55.17,SOUTH,CHECKING
TXN0009272,CUST3984,ACC153223,2024-08-09,TRANSFER,-1340.85,USD,BR131,REVERSED,63.44,EAST,SAVINGS
TXN0009273,CUST9788,ACC633112,2024-11-16,DEBIT,-22637.73,EUR,BR125,COMPLETED,,NORTH,LOAN
TXN0009274,CUST5415,ACC999996,2024-03-18,CREDIT,74890.64,AUD,BR272,COMPLETED,48.37,WEST,CHECKING
TXN0009275,CUST2780,ACC736382,2024-03-06,DEBIT,8490.68,USD,BR356,PENDING,11.44,WEST,LOAN
TXN0009276,CUST8185,ACC670079,2024-09-09,CREDIT,46064.76,USD,BR281,COMPLETED,69.3,WEST,MORTGAGE
TXN0009277,CUST8198,ACC177775,2024-08-18,TRANSFER,-26689.14,EUR,BR122,COMPLETED,94.36,NORTH,MORTGAGE
TXN0009278,CUST3651,ACC353225,2024-08-27,PAYMENT,97914.15,USD,BR909,COMPLETED,23.34,SOUTH,SAVINGS
TXN0009279,CUST3291,ACC665185,2024-08-27,WITHDRAWAL,71801.81,,BR173,FAILED,8.51,EAST,SAVINGS
TXN0009280,CUST6795,ACC679104,2024-04-21,CREDIT,-24041.27,USD,BR922,COMPLETED,73.85,EAST,SAVINGS
TXN0009281,CUST8110,ACC187627,2024-04-14,DEBIT,-70.02,GBP,BR235,PENDING,67.83,EAST,CHECKING
TXN0009282,CUST1095,ACC455584,2024-02-08,DEBIT,93940.66,USD,BR560,COMPLETED,90.42,NORTH,LOAN
TXN0009283,CUST6885,ACC650581,2024-07-31,DEBIT,33308.69,USD,BR573,COMPLETED,19.0,EAST,LOAN
TXN0009284,CUST4251,ACC663679,2024-09-16,WITHDRAWAL,86947.85,USD,BR484,COMPLETED,12.12,WEST,SAVINGS
TXN0009285,CUST2813,ACC198080,2024-12-24,PAYMENT,86970.79,USD,BR910,COMPLETED,42.55,NORTH,SAVINGS
TXN0009286,CUST4105,ACC372271,2024-01-18,CREDIT,63853.59,AUD,BR128,COMPLETED,25.98,WEST,CREDIT
TXN0009287,CUST5667,ACC373825,2024-07-22,WITHDRAWAL,58492.66,USD,BR498,COMPLETED,46.73,SOUTH,CHECKING
TXN0009288,CUST1659,ACC448206,2024-07-24,CREDIT,94380.14,USD,BR507,COMPLETED,63.94,NORTH,CREDIT
TXN0009289,CUST3190,ACC675571,2024-06-01,PAYMENT,15723.76,AUD,BR236,COMPLETED,91.79,CENTRAL,SAVINGS
TXN0009290,CUST7464,ACC242795,2024-09-01,CREDIT,11655.22,GBP,BR482,COMPLETED,79.36,NORTH,SAVINGS
TXN0009291,CUST7898,ACC968336,2024-01-15,CREDIT,64608.49,EUR,BR785,COMPLETED,81.47,WEST,CHECKING
TXN0009292,CUST6426,ACC286971,2024-08-14,DEBIT,38365.0,EUR,BR696,COMPLETED,72.2,CENTRAL,CHECKING
TXN0009293,CUST1517,ACC146156,2024-01-02,DEBIT,-49616.9,USD,BR479,COMPLETED,73.15,WEST,SAVINGS
TXN0009294,CUST3626,ACC548497,2024-04-16,CREDIT,75105.28,EUR,BR877,COMPLETED,24.25,NORTH,MORTGAGE
TXN0009295,CUST4260,ACC614335,2024-10-12,CREDIT,26189.22,USD,BR582,COMPLETED,50.66,NORTH,CREDIT
TXN0009296,CUST8852,ACC991546,2024-07-04,DEBIT,72915.7,EUR,BR657,COMPLETED,84.58,SOUTH,CHECKING
TXN0009297,CUST5354,ACC978603,2024-01-27,DEBIT,93537.12,GBP,BR583,COMPLETED,65.37,NORTH,CHECKING
TXN0009298,CUST2946,ACC315273,2024-05-01,DEBIT,-4396.97,USD,BR402,COMPLETED,5.72,EAST,SAVINGS
TXN0009299,CUST7899,ACC246499,2024-07-12,CREDIT,23627.01,USD,BR405,FAILED,26.8,WEST,CHECKING
TXN0009300,CUST9012,ACC941870,2024-01-18,CREDIT,-36495.94,USD,BR213,COMPLETED,58.89,SOUTH,CHECKING
TXN0009301,CUST9119,ACC928404,2024-06-20,DEBIT,-26485.39,EUR,BR199,COMPLETED,82.92,CENTRAL,CHECKING
TXN0009302,CUST3087,ACC331219,2024-11-10,PAYMENT,41641.88,EUR,BR232,COMPLETED,67.7,NORTH,SAVINGS
TXN0009303,CUST6322,ACC832719,2024-06-09,WITHDRAWAL,73297.96,GBP,BR849,COMPLETED,60.56,SOUTH,SAVINGS
TXN0009304,CUST7551,ACC767155,2024-03-27,DEBIT,90672.17,USD,BR615,PENDING,18.71,CENTRAL,LOAN
TXN0009305,CUST9222,ACC193724,2024-11-15,CREDIT,26876.12,USD,BR418,REVERSED,21.07,WEST,CREDIT
TXN0009306,CUST7370,ACC643115,2024-09-14,TRANSFER,6298.41,USD,BR613,REVERSED,46.65,EAST,SAVINGS
TXN0009307,CUST3153,ACC255002,2024-06-04,CREDIT,-2146.77,,BR393,COMPLETED,18.1,CENTRAL,CHECKING
TXN0009308,CUST2797,ACC755192,2024-03-10,DEBIT,-31981.49,USD,BR278,COMPLETED,93.55,CENTRAL,SAVINGS
TXN0009309,CUST2767,ACC563835,2024-11-18,DEBIT,28601.39,USD,BR195,COMPLETED,34.82,NORTH,SAVINGS
TXN0009310,CUST1346,ACC174905,2024-05-27,DEBIT,66504.83,USD,BR595,COMPLETED,88.92,EAST,LOAN
TXN0009311,CUST3066,ACC542627,2024-02-13,WITHDRAWAL,-34749.01,USD,BR852,REVERSED,73.38,SOUTH,SAVINGS
TXN0009312,CUST3548,ACC855939,2024-01-20,PAYMENT,73828.54,EUR,BR279,COMPLETED,12.29,WEST,LOAN
TXN0009313,,ACC764644,2024-11-23,TRANSFER,19377.69,GBP,BR908,FAILED,64.34,,CHECKING
TXN0009314,CUST9192,ACC673284,2024-08-30,DEBIT,97096.96,USD,BR597,COMPLETED,28.09,SOUTH,CREDIT
TXN0009315,CUST1223,ACC184050,2024-12-28,PAYMENT,79993.89,USD,BR359,COMPLETED,42.16,EAST,
TXN0009316,CUST4874,ACC873577,2024-06-01,TRANSFER,77194.41,EUR,BR887,COMPLETED,35.44,NORTH,CHECKING
TXN0009317,CUST1852,ACC897064,2024-01-28,CREDIT,61943.79,EUR,BR746,COMPLETED,53.08,EAST,CREDIT
TXN0009318,CUST6605,ACC437476,2024-03-08,TRANSFER,-18953.26,USD,BR252,COMPLETED,38.03,SOUTH,SAVINGS
TXN0009319,CUST8039,ACC583287,2024-09-10,CREDIT,68605.42,USD,BR179,COMPLETED,69.31,EAST,CREDIT
TXN0009320,CUST1131,ACC272631,2024-05-18,CREDIT,51762.57,USD,BR826,COMPLETED,11.29,NORTH,CREDIT
TXN0009321,CUST8116,ACC814435,2024-01-10,WITHDRAWAL,-14763.36,USD,BR736,COMPLETED,7.17,CENTRAL,SAVINGS
TXN0009322,CUST8867,ACC389733,2024-12-11,PAYMENT,43372.28,GBP,BR362,FAILED,40.15,WEST,CREDIT
TXN0009323,CUST5742,ACC988380,2024-11-27,PAYMENT,-45158.21,USD,BR156,COMPLETED,0.13,EAST,CHECKING
TXN0009324,CUST5623,ACC454084,2024-08-10,PAYMENT,51437.1,USD,BR775,COMPLETED,11.68,SOUTH,MORTGAGE
TXN0009325,CUST8961,ACC131415,2024-08-30,WITHDRAWAL,69151.2,AUD,BR859,COMPLETED,35.36,WEST,CHECKING
TXN0009326,CUST2353,ACC134714,2024-07-06,DEBIT,38207.93,USD,BR394,COMPLETED,4.99,WEST,LOAN
TXN0009327,CUST8027,ACC902663,2024-09-16,CREDIT,-22758.38,USD,BR980,COMPLETED,30.03,SOUTH,LOAN
TXN0009328,CUST5059,ACC112089,2024-03-26,DEBIT,85266.86,USD,BR584,COMPLETED,66.94,EAST,LOAN
TXN0009329,CUST3498,ACC917939,2024-08-07,DEBIT,-40106.12,EUR,BR670,COMPLETED,,CENTRAL,SAVINGS
TXN0009330,CUST9376,ACC128648,2024-08-20,WITHDRAWAL,91070.79,AUD,BR841,COMPLETED,71.95,SOUTH,SAVINGS
TXN0009331,CUST4061,ACC912965,2024-08-03,TRANSFER,6022.03,USD,BR676,COMPLETED,85.85,EAST,LOAN
TXN0009332,CUST5087,ACC797179,2024-03-11,WITHDRAWAL,4666.2,USD,BR969,PENDING,3.28,NORTH,CREDIT
TXN0009333,CUST5606,ACC824443,2024-07-09,CREDIT,-2098.52,AUD,BR787,COMPLETED,84.8,WEST,SAVINGS
TXN0009334,CUST2884,ACC125383,2024-10-18,DEBIT,-4807.91,USD,BR188,COMPLETED,45.59,SOUTH,CREDIT
TXN0009335,CUST5317,ACC948924,2024-01-02,PAYMENT,6704.0,USD,BR307,COMPLETED,29.72,NORTH,CREDIT
TXN0009336,CUST5052,ACC858214,2024-08-08,DEBIT,45190.26,USD,BR542,COMPLETED,5.39,SOUTH,CREDIT
TXN0009337,CUST8031,ACC131821,2024-03-22,TRANSFER,33286.61,AUD,BR591,COMPLETED,40.46,WEST,CHECKING
TXN0009338,CUST4250,ACC187696,2024-01-08,CREDIT,95881.52,USD,BR213,COMPLETED,77.66,WEST,SAVINGS
TXN0009339,CUST8764,ACC438162,2024-01-21,CREDIT,52822.9,USD,BR547,COMPLETED,93.43,EAST,SAVINGS
TXN0009340,CUST2688,ACC272935,2024-05-05,CREDIT,,USD,BR171,COMPLETED,99.4,SOUTH,CHECKING
TXN0009341,CUST9230,ACC894357,2024-12-27,TRANSFER,50445.75,USD,BR745,COMPLETED,13.46,WEST,CREDIT
TXN0009342,CUST3968,ACC878251,2024-07-26,CREDIT,63171.45,EUR,BR527,COMPLETED,16.15,WEST,CREDIT
TXN0009343,CUST4091,ACC947220,2024-04-07,PAYMENT,67632.45,GBP,BR637,COMPLETED,85.91,SOUTH,CHECKING
TXN0009344,CUST3436,ACC767984,2024-09-17,TRANSFER,9144.15,EUR,BR401,COMPLETED,18.26,CENTRAL,LOAN
TXN0009345,CUST4758,ACC714298,2024-12-05,PAYMENT,80717.29,AUD,BR877,FAILED,53.57,WEST,LOAN
TXN0009346,CUST2973,ACC185000,2024-07-01,CREDIT,607.59,USD,BR702,PENDING,55.82,WEST,CREDIT
TXN0009347,CUST3167,ACC186646,2024-11-20,PAYMENT,-2818.15,EUR,BR784,COMPLETED,42.82,NORTH,CREDIT
TXN0009348,CUST7574,ACC821374,2024-07-25,CREDIT,-18472.89,USD,BR969,COMPLETED,96.68,SOUTH,SAVINGS
TXN0009349,CUST1628,ACC299671,2024-05-14,CREDIT,57561.19,GBP,BR615,COMPLETED,79.4,EAST,CHECKING
TXN0009350,CUST5486,ACC604134,2024-07-29,DEBIT,64467.28,USD,BR743,COMPLETED,47.49,EAST,CREDIT
TXN0009351,CUST4148,ACC944495,2024-02-06,DEBIT,75716.22,USD,BR867,FAILED,62.0,SOUTH,SAVINGS
TXN0009352,CUST3395,ACC203033,2024-05-24,CREDIT,-32630.33,GBP,BR680,FAILED,58.84,SOUTH,LOAN
TXN0009353,CUST7984,ACC560302,2024-10-20,PAYMENT,35836.65,USD,BR713,COMPLETED,42.24,EAST,CHECKING
TXN0009354,CUST1289,ACC921716,2024-08-17,DEBIT,-49005.58,EUR,BR758,COMPLETED,60.47,EAST,SAVINGS
TXN0009355,CUST4270,ACC665215,2024-05-16,PAYMENT,-45697.74,USD,BR177,COMPLETED,27.72,WEST,SAVINGS
TXN0009356,CUST2489,ACC779002,2024-06-10,PAYMENT,14738.51,USD,BR748,COMPLETED,76.69,NORTH,SAVINGS
TXN0009357,CUST1834,ACC489587,2024-10-31,DEBIT,6929.22,USD,BR256,COMPLETED,27.91,WEST,SAVINGS
TXN0009358,CUST7231,ACC160028,2024-09-05,CREDIT,-32534.56,USD,BR493,PENDING,31.26,CENTRAL,SAVINGS
TXN0009359,CUST7673,ACC925717,2024-11-26,PAYMENT,81790.56,EUR,BR993,FAILED,36.38,SOUTH,LOAN
TXN0009360,CUST9601,ACC761490,2024-10-27,TRANSFER,70612.62,USD,BR341,PENDING,52.24,CENTRAL,
TXN0009361,CUST6020,ACC884829,2024-04-16,CREDIT,79223.82,USD,BR806,COMPLETED,9.97,CENTRAL,LOAN
TXN0009362,CUST4791,ACC734252,2024-02-23,CREDIT,48998.7,USD,BR643,PENDING,64.72,EAST,CHECKING
TXN0009363,CUST4633,ACC127096,2024-09-24,CREDIT,-20948.2,USD,BR804,COMPLETED,66.69,EAST,LOAN
TXN0009364,CUST6507,ACC854162,2024-04-21,TRANSFER,-38107.03,USD,BR931,COMPLETED,11.76,CENTRAL,CHECKING
TXN0009365,CUST7980,ACC257050,2024-10-27,DEBIT,6769.96,USD,BR229,COMPLETED,13.83,NORTH,LOAN
TXN0009366,CUST8851,ACC470500,2024-12-23,DEBIT,-46872.97,,BR562,COMPLETED,75.28,CENTRAL,CREDIT
TXN0009367,CUST2005,ACC428040,2024-10-19,DEBIT,53936.99,EUR,BR708,COMPLETED,48.53,WEST,SAVINGS
TXN0009368,CUST9353,ACC497457,2027-01-01,WITHDRAWAL,-6007.56,USD,BR415,,80.28,WEST,CHECKING
TXN0009369,CUST7997,ACC804830,2024-09-05,DEBIT,54042.87,USD,BR188,COMPLETED,90.35,WEST,CHECKING
TXN0009370,CUST1846,ACC220751,2024-10-21,CREDIT,6490.63,AUD,BR413,COMPLETED,68.03,CENTRAL,SAVINGS
TXN0009371,CUST5985,ACC933292,2024-10-04,CREDIT,19453.39,USD,BR458,COMPLETED,82.96,NORTH,CHECKING
TXN0009372,CUST2803,ACC628503,2024-12-28,TRANSFER,38480.68,USD,BR760,COMPLETED,47.52,SOUTH,SAVINGS
TXN0009373,CUST5411,ACC776968,2024-05-22,DEBIT,26539.8,AUD,BR908,COMPLETED,92.47,SOUTH,LOAN
TXN0009374,CUST6956,ACC403942,2024-11-02,PAYMENT,-5997.24,USD,BR452,COMPLETED,74.74,NORTH,SAVINGS
TXN0009375,CUST5596,ACC889084,2024-02-09,TRANSFER,-15478.52,USD,BR103,COMPLETED,64.65,EAST,MORTGAGE
TXN0009376,CUST6751,ACC406328,2024-05-11,CREDIT,53571.04,EUR,BR704,COMPLETED,22.49,NORTH,SAVINGS
TXN0009377,CUST7849,ACC373472,2024-11-02,TRANSFER,81823.8,USD,BR576,PENDING,,WEST,LOAN
TXN0009378,CUST5046,ACC267011,2024-12-27,DEBIT,8059.94,AUD,BR344,COMPLETED,72.15,CENTRAL,SAVINGS
TXN0009379,CUST6240,ACC189171,2024-09-16,CREDIT,42970.18,AUD,BR994,COMPLETED,52.91,WEST,SAVINGS
TXN0009380,CUST1779,ACC672286,2024-08-06,DEBIT,17732.48,USD,BR883,REVERSED,52.87,SOUTH,MORTGAGE
TXN0009381,CUST3977,ACC952246,2024-01-18,CREDIT,18725.61,USD,BR316,COMPLETED,,EAST,SAVINGS
TXN0009382,CUST1669,ACC255130,2024-10-28,CREDIT,77043.57,EUR,BR300,COMPLETED,87.0,WEST,CHECKING
TXN0009383,CUST1008,ACC729510,2024-11-13,CREDIT,4290.84,USD,BR147,,19.37,WEST,CREDIT
TXN0009384,CUST1854,ACC800599,2024-06-10,TRANSFER,8979.82,EUR,BR717,FAILED,67.61,CENTRAL,CHECKING
TXN0009385,CUST6269,ACC704383,2024-06-09,TRANSFER,-47494.61,USD,BR633,COMPLETED,21.95,EAST,CHECKING
TXN0009386,CUST4473,ACC666245,2024-01-08,CREDIT,33489.16,AUD,BR588,COMPLETED,27.57,EAST,LOAN
TXN0009387,CUST5674,ACC599938,2024-05-24,DEBIT,-9751.73,USD,BR147,PENDING,59.44,WEST,SAVINGS
TXN0009388,CUST8734,ACC401134,2024-11-01,TRANSFER,99928.04,USD,BR327,COMPLETED,8.25,EAST,SAVINGS
TXN0009389,CUST5590,ACC614996,2024-12-25,CREDIT,12688.16,USD,BR975,COMPLETED,14.2,WEST,CHECKING
TXN0009390,CUST2650,ACC647589,2024-12-04,DEBIT,5908.28,USD,BR626,COMPLETED,25.73,NORTH,CREDIT
TXN0009391,CUST8059,ACC905292,2024-04-16,TRANSFER,-14679.95,USD,BR265,COMPLETED,28.59,SOUTH,LOAN
TXN0009392,CUST4028,ACC180324,2024-03-14,TRANSFER,28733.63,USD,BR821,REVERSED,1.13,SOUTH,SAVINGS
TXN0009393,CUST5133,ACC257891,2024-08-01,CREDIT,-26389.81,GBP,BR380,FAILED,25.72,EAST,MORTGAGE
TXN0009394,CUST9049,ACC284260,2024-08-11,TRANSFER,44447.09,USD,BR961,COMPLETED,47.71,NORTH,SAVINGS
TXN0009395,CUST6956,ACC964400,2024-05-31,CREDIT,41200.09,USD,BR274,REVERSED,72.57,NORTH,SAVINGS
TXN0009396,CUST6476,ACC900303,2024-04-20,DEBIT,38323.12,USD,BR706,PENDING,,WEST,CHECKING
TXN0009397,CUST5986,ACC403014,2024-03-06,DEBIT,15285.2,EUR,BR659,COMPLETED,47.16,CENTRAL,SAVINGS
TXN0009398,CUST2827,ACC625772,2024-03-08,CREDIT,10038.4,EUR,BR468,PENDING,33.52,EAST,SAVINGS
TXN0009399,CUST2587,ACC751852,2024-04-23,DEBIT,58890.21,GBP,BR867,PENDING,68.41,NORTH,MORTGAGE
TXN0009400,CUST1223,ACC926602,2024-10-29,WITHDRAWAL,32010.24,EUR,BR259,PENDING,93.52,NORTH,SAVINGS
TXN0009401,CUST3134,ACC144522,2024-05-11,CREDIT,67209.11,EUR,BR608,COMPLETED,79.75,NORTH,CREDIT
TXN0009402,CUST6426,ACC429372,2024-07-14,WITHDRAWAL,90597.98,USD,BR160,FAILED,60.52,EAST,LOAN
TXN0009403,CUST6907,ACC497877,2024-02-21,CREDIT,71928.06,EUR,BR399,COMPLETED,40.28,CENTRAL,SAVINGS
TXN0009404,CUST6920,ACC591650,2024-03-07,DEBIT,-32702.75,USD,BR729,FAILED,55.79,WEST,LOAN
TXN0009405,CUST9664,ACC142344,2024-02-21,CREDIT,19937.91,USD,BR556,COMPLETED,,WEST,LOAN
TXN0009406,CUST7088,ACC631778,2024-03-21,DEBIT,-1966.68,EUR,BR742,COMPLETED,22.9,SOUTH,MORTGAGE
TXN0009407,CUST4903,ACC555805,2024-10-07,PAYMENT,33396.14,USD,BR781,REVERSED,,SOUTH,CHECKING
TXN0009408,CUST5521,ACC590012,2024-10-26,TRANSFER,-6732.85,USD,BR336,COMPLETED,96.3,NORTH,
TXN0009409,CUST4441,ACC127526,2024-12-26,DEBIT,-6631.08,USD,BR384,FAILED,9.68,EAST,LOAN
TXN0009410,CUST7292,ACC146290,2024-09-30,CREDIT,-47052.34,USD,BR413,COMPLETED,75.94,WEST,CHECKING
TXN0009411,CUST2429,ACC728318,2024-11-29,CREDIT,12855.41,EUR,BR413,PENDING,24.7,CENTRAL,CREDIT
TXN0009412,CUST2742,ACC151226,2024-02-08,TRANSFER,-16541.45,USD,BR946,COMPLETED,85.34,CENTRAL,LOAN
TXN0009413,CUST3137,ACC102931,2024-12-04,PAYMENT,-4129.04,AUD,BR499,COMPLETED,16.13,EAST,MORTGAGE
TXN0009414,CUST2971,ACC794196,2024-02-23,CREDIT,16736.87,USD,BR314,COMPLETED,10.81,NORTH,CHECKING
TXN0009415,CUST1672,ACC373977,2024-06-17,PAYMENT,46.65,USD,BR925,PENDING,99.88,EAST,SAVINGS
TXN0009416,CUST4120,ACC357543,2024-11-11,PAYMENT,-29282.96,USD,BR774,PENDING,83.84,EAST,CREDIT
TXN0009417,CUST4160,ACC496252,2024-05-27,CREDIT,61470.03,AUD,BR401,COMPLETED,61.75,EAST,CHECKING
TXN0009418,CUST8303,ACC462127,2024-10-14,CREDIT,-31859.03,,BR492,COMPLETED,80.6,WEST,CHECKING
TXN0009419,CUST2616,ACC767594,2024-06-22,PAYMENT,34563.38,GBP,BR367,COMPLETED,82.44,EAST,CREDIT
TXN0009420,CUST2226,ACC458077,2024-04-26,PAYMENT,-13829.95,GBP,BR592,FAILED,57.85,NORTH,SAVINGS
TXN0009421,CUST9955,ACC192996,2024-05-08,TRANSFER,17527.74,EUR,BR363,COMPLETED,32.72,WEST,SAVINGS
TXN0009422,CUST6618,ACC479025,2024-01-09,CREDIT,-41521.52,USD,BR682,COMPLETED,11.61,NORTH,CHECKING
TXN0009423,CUST5939,ACC859063,2024-01-03,DEBIT,-25292.65,EUR,BR543,COMPLETED,74.26,WEST,CREDIT
TXN0009424,CUST8769,ACC640950,2024-12-24,PAYMENT,48243.2,USD,BR971,FAILED,46.92,WEST,LOAN
TXN0009425,CUST4309,ACC388441,2024-02-07,DEBIT,84076.91,EUR,BR446,COMPLETED,48.74,NORTH,MORTGAGE
TXN0009426,CUST9741,ACC655782,2024-04-03,DEBIT,-18756.81,GBP,BR681,COMPLETED,74.17,CENTRAL,LOAN
TXN0009427,CUST3517,ACC257242,2024-12-16,DEBIT,-46697.01,EUR,BR224,COMPLETED,59.03,NORTH,SAVINGS
TXN0009428,CUST1717,ACC524865,2024-08-18,DEBIT,46984.67,USD,BR355,COMPLETED,57.33,SOUTH,CHECKING
TXN0009429,CUST3094,ACC496069,2024-08-11,DEBIT,-6317.04,USD,BR200,COMPLETED,56.02,NORTH,LOAN
TXN0009430,CUST4140,ACC690349,2024-12-23,DEBIT,-17682.71,EUR,BR185,COMPLETED,61.05,EAST,CHECKING
TXN0009431,CUST7851,ACC228914,2024-03-24,CREDIT,90925.59,USD,BR114,COMPLETED,20.44,CENTRAL,CREDIT
TXN0009432,CUST5137,ACC347256,2024-03-11,WITHDRAWAL,52976.11,EUR,BR172,COMPLETED,16.15,EAST,CREDIT
TXN0009433,CUST6690,ACC533032,2024-04-08,CREDIT,-37285.0,EUR,BR896,COMPLETED,89.53,EAST,LOAN
TXN0009434,CUST6996,ACC256524,2024-10-29,TRANSFER,-20405.37,USD,BR481,FAILED,8.34,NORTH,LOAN
TXN0009435,CUST8347,ACC936449,2024-09-28,DEBIT,99045.04,USD,BR230,COMPLETED,63.37,WEST,CHECKING
TXN0009436,CUST2923,ACC382496,2024-12-26,CREDIT,56946.8,USD,BR957,COMPLETED,44.7,CENTRAL,SAVINGS
TXN0009437,CUST8145,ACC636538,2024-06-04,TRANSFER,-446.17,GBP,BR269,COMPLETED,93.98,,MORTGAGE
TXN0009438,CUST2109,ACC338912,2024-09-11,WITHDRAWAL,15928.93,EUR,BR836,COMPLETED,66.86,NORTH,SAVINGS
TXN0009439,CUST8910,ACC437264,2024-06-02,TRANSFER,41624.57,EUR,BR175,PENDING,85.26,SOUTH,SAVINGS
TXN0009440,CUST7864,ACC487518,2024-03-29,TRANSFER,-45416.76,AUD,BR984,,58.07,WEST,SAVINGS
TXN0009441,CUST9581,ACC793448,2024-11-22,PAYMENT,-43861.98,USD,BR740,COMPLETED,96.08,WEST,LOAN
TXN0009442,CUST9255,ACC151378,2024-03-23,DEBIT,-22169.17,USD,BR643,PENDING,11.23,WEST,MORTGAGE
TXN0009443,CUST1358,ACC483999,2024-06-23,TRANSFER,10161.29,USD,BR195,COMPLETED,12.39,SOUTH,CREDIT
TXN0009444,CUST3735,ACC425191,2024-07-22,DEBIT,67246.28,USD,BR459,COMPLETED,19.56,SOUTH,CHECKING
TXN0009445,CUST5491,ACC961487,2024-08-24,DEBIT,77889.93,USD,BR873,FAILED,81.71,EAST,MORTGAGE
TXN0009446,CUST3112,ACC278505,2024-09-15,CREDIT,33552.31,USD,BR698,COMPLETED,60.67,CENTRAL,LOAN
TXN0009447,CUST5745,ACC923278,2024-12-22,TRANSFER,-30332.0,EUR,BR463,FAILED,1.89,NORTH,CHECKING
TXN0009448,CUST1744,ACC704845,2024-09-08,DEBIT,-12568.8,USD,BR653,COMPLETED,36.14,WEST,CREDIT
TXN0009449,CUST1996,ACC493557,2024-02-02,CREDIT,7238.51,USD,BR645,COMPLETED,,CENTRAL,LOAN
TXN0009450,CUST4116,ACC865040,2024-09-19,PAYMENT,-18538.94,USD,BR173,PENDING,76.35,CENTRAL,CREDIT
TXN0009451,CUST7512,ACC143907,2024-09-13,CREDIT,12864.62,USD,BR267,COMPLETED,20.32,NORTH,SAVINGS
TXN0009452,CUST9110,ACC679383,2024-09-26,DEBIT,17011.8,EUR,BR300,COMPLETED,40.06,EAST,CHECKING
TXN0009453,CUST9723,ACC848985,2024-03-13,DEBIT,29032.14,USD,BR535,COMPLETED,76.19,SOUTH,SAVINGS
TXN0009454,CUST9412,ACC141288,2027-01-01,TRANSFER,-20287.36,USD,BR916,COMPLETED,,NORTH,LOAN
TXN0009455,CUST2228,ACC755377,2024-04-14,CREDIT,54668.7,EUR,BR845,PENDING,75.42,CENTRAL,LOAN
TXN0009456,CUST3711,ACC592588,2024-08-18,CREDIT,47102.64,USD,BR674,COMPLETED,65.59,SOUTH,MORTGAGE
TXN0009457,CUST8172,ACC155613,2024-09-26,DEBIT,5543.46,,BR639,FAILED,24.28,SOUTH,
TXN0009458,CUST9344,ACC526489,2024-11-25,TRANSFER,94737.03,USD,BR521,COMPLETED,55.52,NORTH,CREDIT
TXN0009459,CUST7293,ACC318016,2024-10-06,PAYMENT,-42109.09,GBP,BR493,COMPLETED,1.52,NORTH,SAVINGS
TXN0009460,CUST7393,ACC352067,2024-11-28,CREDIT,-35143.46,USD,BR133,COMPLETED,35.08,WEST,SAVINGS
TXN0009461,CUST7567,ACC530108,2024-09-04,WITHDRAWAL,9840.35,EUR,BR620,PENDING,27.36,CENTRAL,LOAN
TXN0009462,CUST5448,ACC731350,2024-01-30,DEBIT,18314.76,USD,BR772,COMPLETED,87.6,WEST,MORTGAGE
TXN0009463,CUST4390,ACC997607,2024-06-17,CREDIT,93159.17,USD,BR665,COMPLETED,45.3,NORTH,MORTGAGE
TXN0009464,CUST4015,ACC744044,2024-12-02,TRANSFER,99515.47,USD,BR277,COMPLETED,56.41,EAST,CHECKING
TXN0009465,CUST1058,ACC685380,2024-10-06,DEBIT,40930.89,USD,BR337,COMPLETED,14.57,SOUTH,CHECKING
TXN0009466,CUST3621,ACC582369,2024-05-28,WITHDRAWAL,70681.37,USD,BR251,COMPLETED,77.72,WEST,LOAN
TXN0009467,CUST4568,ACC748115,2024-02-04,DEBIT,48464.17,USD,BR342,COMPLETED,17.5,WEST,CHECKING
TXN0009468,CUST1145,ACC472325,2024-07-17,CREDIT,46564.1,GBP,BR480,COMPLETED,43.8,SOUTH,LOAN
TXN0009469,CUST9401,ACC924729,2024-09-24,DEBIT,61507.35,,BR203,PENDING,76.69,WEST,LOAN
TXN0009470,CUST8461,ACC117819,2024-01-26,WITHDRAWAL,57926.99,USD,BR173,FAILED,19.45,NORTH,SAVINGS
TXN0009471,CUST9254,ACC909884,2024-07-15,DEBIT,-30109.97,GBP,BR352,COMPLETED,58.5,WEST,CHECKING
TXN0009472,CUST9602,ACC754728,2024-12-23,DEBIT,80541.48,USD,BR772,COMPLETED,16.63,CENTRAL,LOAN
TXN0009473,CUST5240,ACC916435,2024-02-09,DEBIT,7454.57,USD,BR699,COMPLETED,61.41,WEST,SAVINGS
TXN0009474,CUST5971,ACC767151,2024-04-12,DEBIT,-17281.75,GBP,BR436,COMPLETED,,EAST,SAVINGS
TXN0009475,CUST4609,ACC997744,2024-12-23,PAYMENT,-38065.23,EUR,BR827,PENDING,29.23,EAST,CHECKING
TXN0009476,CUST5855,ACC651364,2024-05-10,DEBIT,13251.42,USD,BR269,COMPLETED,6.75,NORTH,SAVINGS
TXN0009477,CUST5399,ACC293741,2024-10-21,PAYMENT,-2958.84,GBP,BR276,COMPLETED,44.97,NORTH,SAVINGS
TXN0009478,CUST2951,ACC231875,2024-11-24,DEBIT,66919.59,EUR,BR430,COMPLETED,36.79,WEST,CHECKING
TXN0009479,CUST3803,ACC167648,2024-07-08,CREDIT,37393.15,EUR,BR837,COMPLETED,59.55,CENTRAL,CHECKING
TXN0009480,CUST4668,ACC163660,2024-07-24,WITHDRAWAL,-32259.5,USD,BR370,COMPLETED,69.63,SOUTH,LOAN
TXN0009481,,ACC380819,2024-06-05,CREDIT,-30172.87,EUR,BR689,COMPLETED,33.71,WEST,SAVINGS
TXN0009482,CUST9741,ACC940951,2024-08-27,CREDIT,75622.81,USD,BR798,COMPLETED,60.41,NORTH,LOAN
TXN0009483,CUST4902,ACC149269,2024-10-21,TRANSFER,-4139.18,USD,BR914,COMPLETED,62.51,NORTH,CREDIT
TXN0009484,CUST5781,ACC228356,2024-11-02,CREDIT,-10404.18,USD,BR393,COMPLETED,69.58,CENTRAL,CHECKING
TXN0009485,CUST1640,ACC510702,2024-10-01,CREDIT,-46413.16,EUR,BR470,COMPLETED,81.32,NORTH,LOAN
TXN0009486,CUST3427,ACC365095,2024-05-18,CREDIT,-25514.45,USD,BR560,COMPLETED,97.21,,CHECKING
TXN0009487,CUST5550,ACC975454,2024-07-19,WITHDRAWAL,55729.47,USD,BR119,COMPLETED,99.29,CENTRAL,SAVINGS
TXN0009488,CUST3178,ACC654251,2024-01-13,DEBIT,82510.2,USD,BR314,COMPLETED,36.6,SOUTH,MORTGAGE
TXN0009489,CUST5430,ACC230300,2024-12-13,DEBIT,-8325.45,USD,BR181,COMPLETED,23.72,NORTH,SAVINGS
TXN0009490,CUST1844,ACC682791,2024-06-15,TRANSFER,-5279.17,EUR,BR580,COMPLETED,33.95,SOUTH,SAVINGS
TXN0009491,CUST5079,ACC655000,2024-09-20,WITHDRAWAL,33972.66,AUD,BR511,COMPLETED,23.95,CENTRAL,CHECKING
TXN0009492,CUST4440,ACC874379,2024-08-07,CREDIT,60514.81,USD,BR658,COMPLETED,40.6,CENTRAL,CHECKING
TXN0009493,CUST9758,ACC105213,2024-12-17,DEBIT,-29262.92,EUR,BR774,COMPLETED,1.07,EAST,CHECKING
TXN0009494,CUST2903,ACC374315,2024-08-15,PAYMENT,76068.26,USD,BR205,COMPLETED,83.61,SOUTH,SAVINGS
TXN0009495,CUST1022,ACC755966,2024-11-15,CREDIT,17030.78,USD,BR157,COMPLETED,10.04,WEST,CREDIT
TXN0009496,CUST6692,ACC868905,2024-05-17,CREDIT,35713.58,USD,BR938,COMPLETED,87.52,EAST,SAVINGS
TXN0009497,CUST7047,ACC371226,2024-10-17,WITHDRAWAL,93394.13,GBP,BR953,COMPLETED,36.93,WEST,CHECKING
TXN0009498,CUST6317,ACC998572,2024-07-17,PAYMENT,-14667.96,GBP,BR939,COMPLETED,76.07,SOUTH,LOAN
TXN0009499,CUST2363,ACC775049,2024-04-08,TRANSFER,8297.94,USD,BR188,PENDING,3.11,SOUTH,CREDIT
TXN0009500,CUST9999,ACC286064,2024-12-13,DEBIT,23035.66,USD,BR874,PENDING,5.9,SOUTH,CREDIT
TXN0009501,CUST5326,ACC674071,2024-10-04,CREDIT,64979.86,USD,BR769,COMPLETED,34.11,WEST,SAVINGS
TXN0009502,CUST3189,ACC596649,2024-05-03,DEBIT,28135.96,USD,BR319,COMPLETED,95.17,CENTRAL,MORTGAGE
TXN0009503,CUST7690,ACC622659,2024-01-02,DEBIT,76176.85,GBP,BR950,COMPLETED,27.47,NORTH,CHECKING
TXN0009504,CUST5831,ACC361111,2024-11-13,PAYMENT,40650.25,USD,BR262,COMPLETED,26.03,CENTRAL,SAVINGS
TXN0009505,CUST6318,ACC640712,2024-08-15,CREDIT,37468.56,USD,BR384,FAILED,14.1,CENTRAL,CHECKING
TXN0009506,CUST1938,ACC303272,2024-03-19,DEBIT,40378.55,EUR,BR581,COMPLETED,13.37,NORTH,MORTGAGE
TXN0009507,CUST1170,ACC496453,2024-04-13,TRANSFER,-48776.61,AUD,BR155,COMPLETED,56.91,EAST,SAVINGS
TXN0009508,CUST6824,ACC853067,2024-07-21,CREDIT,64901.52,USD,BR969,COMPLETED,92.35,WEST,
TXN0009509,CUST4592,ACC900957,2024-03-02,PAYMENT,27732.57,EUR,BR592,COMPLETED,55.78,WEST,MORTGAGE
TXN0009510,CUST5582,ACC296800,2024-01-26,WITHDRAWAL,-15208.23,USD,BR292,REVERSED,94.64,WEST,CHECKING
TXN0009511,CUST3895,ACC653985,2024-10-05,DEBIT,86936.78,USD,BR158,COMPLETED,73.25,EAST,LOAN
TXN0009512,CUST5194,ACC779207,2024-01-31,DEBIT,98035.26,EUR,BR623,COMPLETED,19.74,NORTH,LOAN
TXN0009513,CUST1256,ACC167282,2024-10-20,CREDIT,-5447.29,USD,BR201,PENDING,77.98,NORTH,CREDIT
TXN0009514,CUST9804,ACC519124,2024-03-13,CREDIT,30884.63,EUR,BR399,,80.69,SOUTH,LOAN
TXN0009515,CUST2743,ACC380808,2024-08-01,WITHDRAWAL,-14097.54,USD,BR180,COMPLETED,27.75,CENTRAL,LOAN
TXN0009516,CUST7258,ACC353993,2024-02-12,PAYMENT,37612.83,EUR,BR384,PENDING,64.05,SOUTH,CREDIT
TXN0009517,CUST5216,ACC262383,2024-07-15,TRANSFER,61882.8,USD,BR284,REVERSED,96.74,WEST,CHECKING
TXN0009518,CUST4377,ACC805691,2024-07-24,DEBIT,84873.94,USD,BR328,COMPLETED,7.31,CENTRAL,CREDIT
TXN0009519,CUST8244,ACC168713,2024-03-08,DEBIT,-7204.66,,BR549,COMPLETED,58.23,NORTH,CHECKING
TXN0009520,CUST4614,ACC248374,2024-01-04,DEBIT,-42059.18,USD,BR466,COMPLETED,79.49,EAST,LOAN
TXN0009521,CUST6312,ACC830484,2024-02-20,DEBIT,-7782.23,USD,BR548,COMPLETED,15.28,NORTH,SAVINGS
TXN0009522,CUST5403,ACC519517,2024-08-02,CREDIT,-6345.48,GBP,BR382,COMPLETED,85.92,CENTRAL,SAVINGS
TXN0009523,CUST4341,ACC749146,2024-06-14,CREDIT,19969.72,USD,BR825,COMPLETED,70.86,CENTRAL,CHECKING
TXN0009524,CUST7479,ACC810832,2024-07-01,DEBIT,-22061.35,USD,BR451,REVERSED,78.93,NORTH,SAVINGS
TXN0009525,CUST3550,ACC409488,2024-06-12,CREDIT,-42005.58,EUR,BR796,COMPLETED,28.42,NORTH,SAVINGS
TXN0009526,CUST8308,ACC861255,2024-08-18,DEBIT,-29343.91,GBP,BR380,COMPLETED,15.26,NORTH,LOAN
TXN0009527,CUST4796,ACC279171,2024-12-16,CREDIT,-4976.46,GBP,BR950,COMPLETED,54.4,WEST,SAVINGS
TXN0009528,CUST8109,ACC647066,2024-09-16,WITHDRAWAL,1538.46,USD,BR876,COMPLETED,25.14,CENTRAL,CREDIT
TXN0009529,CUST7039,ACC699177,2024-07-27,CREDIT,-27415.77,EUR,BR483,COMPLETED,,NORTH,CREDIT
TXN0009530,CUST3430,ACC776526,2024-05-22,DEBIT,34108.04,USD,BR984,FAILED,95.19,EAST,SAVINGS
TXN0009531,CUST8848,ACC802016,2024-06-18,DEBIT,-40438.43,AUD,BR765,COMPLETED,42.61,CENTRAL,CHECKING
TXN0009532,CUST2535,ACC799378,2024-09-12,TRANSFER,40235.42,USD,BR225,COMPLETED,17.08,WEST,SAVINGS
TXN0009533,CUST9125,ACC866039,2024-12-06,DEBIT,-12118.27,AUD,BR552,PENDING,71.83,CENTRAL,CHECKING
TXN0009534,CUST3973,ACC422433,2024-09-24,DEBIT,74082.2,USD,BR877,COMPLETED,21.78,SOUTH,LOAN
TXN0009535,CUST8526,ACC527442,2024-07-23,DEBIT,-25533.58,USD,BR337,COMPLETED,5.57,NORTH,SAVINGS
TXN0009536,CUST4031,ACC412042,2024-06-14,WITHDRAWAL,21288.05,USD,BR875,PENDING,96.28,EAST,SAVINGS
TXN0009537,CUST3885,ACC266296,2024-06-16,DEBIT,85724.61,EUR,BR756,COMPLETED,19.18,EAST,SAVINGS
TXN0009538,CUST4094,ACC121715,2024-07-02,DEBIT,18456.09,USD,BR298,PENDING,0.92,WEST,
TXN0009539,CUST9036,ACC354506,2024-09-09,WITHDRAWAL,97021.41,AUD,BR105,COMPLETED,89.15,WEST,SAVINGS
TXN0009540,CUST3955,ACC540191,2024-06-29,DEBIT,80812.59,USD,BR168,COMPLETED,8.69,WEST,SAVINGS
TXN0009541,,ACC893226,2024-02-21,TRANSFER,-13146.78,USD,BR516,COMPLETED,82.8,NORTH,SAVINGS
TXN0009542,CUST1344,ACC851819,2024-03-29,DEBIT,-31414.02,EUR,BR446,COMPLETED,35.11,WEST,SAVINGS
TXN0009543,CUST6081,ACC236850,2024-05-10,CREDIT,-12117.4,USD,BR814,COMPLETED,92.09,SOUTH,SAVINGS
TXN0009544,CUST3669,ACC486144,2024-08-28,DEBIT,69677.04,USD,BR368,COMPLETED,31.01,SOUTH,SAVINGS
TXN0009545,CUST3911,ACC857333,2024-08-08,CREDIT,-14114.94,USD,BR961,COMPLETED,38.02,SOUTH,LOAN
TXN0009546,CUST7458,ACC860457,2024-05-20,CREDIT,31920.75,AUD,BR619,COMPLETED,9.43,EAST,SAVINGS
TXN0009547,CUST4077,ACC986088,2024-01-03,PAYMENT,97237.28,,BR566,PENDING,41.63,CENTRAL,LOAN
TXN0009548,CUST2137,ACC653984,2024-01-04,PAYMENT,91094.2,USD,BR501,PENDING,48.03,EAST,SAVINGS
TXN0009549,CUST3351,ACC551819,2024-01-27,CREDIT,-45351.42,USD,BR477,COMPLETED,77.1,EAST,CREDIT
TXN0009550,CUST2180,ACC324263,2024-07-16,CREDIT,-2878.08,USD,BR559,COMPLETED,86.67,NORTH,LOAN
TXN0009551,CUST7986,ACC209149,2024-09-25,DEBIT,28479.16,EUR,BR643,COMPLETED,45.43,EAST,SAVINGS
TXN0009552,,ACC424623,2024-08-16,PAYMENT,39749.51,USD,BR192,FAILED,62.87,WEST,CHECKING
TXN0009553,CUST8455,ACC916101,2024-06-21,TRANSFER,53385.6,USD,BR954,PENDING,80.01,,SAVINGS
TXN0009554,CUST7594,ACC364083,2024-09-23,DEBIT,51394.68,USD,BR480,COMPLETED,26.04,EAST,SAVINGS
TXN0009555,CUST2642,ACC186159,2024-07-31,TRANSFER,-47209.54,AUD,BR854,COMPLETED,27.61,WEST,CHECKING
TXN0009556,CUST9630,ACC584405,2024-09-28,DEBIT,47826.13,EUR,BR676,PENDING,71.18,NORTH,CHECKING
TXN0009557,CUST3249,ACC142759,2024-03-08,CREDIT,5811.75,EUR,BR175,COMPLETED,74.64,SOUTH,CREDIT
TXN0009558,CUST1193,ACC961968,2024-05-29,DEBIT,24221.15,USD,BR530,COMPLETED,27.16,WEST,SAVINGS
TXN0009559,CUST2633,ACC509137,2024-12-15,TRANSFER,18857.64,USD,BR500,PENDING,3.25,CENTRAL,SAVINGS
TXN0009560,CUST7191,ACC405791,2024-01-30,CREDIT,83596.96,USD,BR900,FAILED,10.04,WEST,MORTGAGE
TXN0009561,CUST7291,ACC762314,2027-01-01,CREDIT,20453.79,USD,BR461,COMPLETED,6.86,CENTRAL,SAVINGS
TXN0009562,CUST1339,ACC508819,2024-02-06,DEBIT,-45589.55,USD,BR443,COMPLETED,83.27,SOUTH,MORTGAGE
TXN0009563,CUST2802,ACC264282,2024-07-31,CREDIT,-21291.57,AUD,BR751,COMPLETED,,WEST,SAVINGS
TXN0009564,CUST1222,ACC471904,2024-07-14,DEBIT,48107.2,USD,BR788,COMPLETED,95.06,CENTRAL,LOAN
TXN0009565,CUST1716,ACC886739,2024-06-29,CREDIT,43612.72,USD,BR195,COMPLETED,75.04,WEST,SAVINGS
TXN0009566,CUST3165,ACC491816,2024-05-10,PAYMENT,75705.82,USD,BR909,COMPLETED,48.75,SOUTH,LOAN
TXN0009567,CUST5068,ACC894462,2024-06-15,DEBIT,40094.55,USD,BR549,COMPLETED,79.9,SOUTH,MORTGAGE
TXN0009568,CUST2369,ACC404728,2024-02-24,DEBIT,-23998.6,USD,BR248,PENDING,43.16,SOUTH,CREDIT
TXN0009569,CUST5385,ACC144374,2024-03-19,CREDIT,-1653.64,USD,BR901,COMPLETED,61.37,NORTH,CREDIT
TXN0009570,CUST3336,ACC295652,2024-03-30,DEBIT,95261.4,EUR,BR671,COMPLETED,11.09,SOUTH,CHECKING
TXN0009571,CUST1221,ACC522868,2024-05-11,DEBIT,17777.52,USD,BR496,COMPLETED,44.31,CENTRAL,CREDIT
TXN0009572,,ACC926968,2024-06-03,TRANSFER,41793.66,USD,BR356,COMPLETED,28.01,NORTH,CHECKING
TXN0009573,CUST2742,ACC340206,2024-05-13,DEBIT,99487.03,GBP,BR257,COMPLETED,94.7,CENTRAL,SAVINGS
TXN0009574,CUST9886,ACC856153,2024-02-05,DEBIT,98861.37,USD,BR178,PENDING,22.95,CENTRAL,SAVINGS
TXN0009575,CUST6544,ACC808576,2024-09-19,DEBIT,53741.97,USD,BR886,COMPLETED,92.75,SOUTH,MORTGAGE
TXN0009576,CUST2392,ACC486974,2024-10-28,WITHDRAWAL,-4327.83,GBP,BR321,COMPLETED,86.74,SOUTH,CHECKING
TXN0009577,CUST4314,ACC456443,2024-11-09,CREDIT,51475.54,USD,BR544,FAILED,7.19,SOUTH,
TXN0009578,CUST3281,ACC669868,2024-08-29,DEBIT,9162.05,USD,BR154,COMPLETED,29.62,SOUTH,CHECKING
TXN0009579,CUST8871,ACC816369,2024-05-31,CREDIT,-13275.82,EUR,BR216,FAILED,69.01,NORTH,CREDIT
TXN0009580,CUST8279,ACC296036,2024-01-03,PAYMENT,64461.11,USD,BR591,COMPLETED,88.12,EAST,SAVINGS
TXN0009581,CUST3672,ACC408106,2024-03-14,DEBIT,21880.29,USD,BR989,FAILED,36.58,WEST,SAVINGS
TXN0009582,CUST6036,ACC300982,2024-04-13,DEBIT,22358.14,EUR,BR195,PENDING,26.81,SOUTH,CHECKING
TXN0009583,CUST6435,ACC864670,2024-04-13,TRANSFER,27816.06,EUR,BR411,COMPLETED,77.63,EAST,CHECKING
TXN0009584,CUST8846,ACC124394,2024-09-27,DEBIT,-22805.58,USD,BR595,PENDING,27.24,SOUTH,LOAN
TXN0009585,CUST3531,ACC801145,2024-07-27,DEBIT,10957.89,USD,BR961,REVERSED,81.57,WEST,CREDIT
TXN0009586,CUST4994,ACC188716,2024-09-30,CREDIT,15946.18,USD,BR263,COMPLETED,94.0,NORTH,CHECKING
TXN0009587,CUST1915,ACC592654,2024-08-06,CREDIT,64785.27,GBP,BR277,COMPLETED,77.38,WEST,LOAN
TXN0009588,CUST9905,ACC495597,2024-01-09,DEBIT,29127.98,EUR,BR935,COMPLETED,31.06,WEST,LOAN
TXN0009589,CUST5382,ACC422677,2024-09-19,DEBIT,-39499.74,USD,BR791,PENDING,83.14,EAST,MORTGAGE
TXN0009590,CUST9906,ACC531165,2024-04-29,DEBIT,85305.48,EUR,BR228,PENDING,0.98,NORTH,LOAN
TXN0009591,CUST3016,ACC930570,2024-06-11,CREDIT,69329.63,USD,BR721,COMPLETED,99.34,NORTH,CHECKING
TXN0009592,CUST1347,ACC393378,2024-08-28,DEBIT,64840.57,USD,BR914,FAILED,97.71,CENTRAL,CHECKING
TXN0009593,CUST1729,ACC404716,2024-01-22,TRANSFER,8849.27,USD,BR807,COMPLETED,32.44,WEST,CREDIT
TXN0009594,CUST2684,ACC637898,2024-02-02,PAYMENT,68668.07,AUD,BR918,COMPLETED,78.17,EAST,CHECKING
TXN0009595,CUST9923,ACC703675,2024-08-19,DEBIT,-32092.99,AUD,BR390,PENDING,18.22,NORTH,SAVINGS
TXN0009596,CUST5861,ACC954297,2024-01-11,CREDIT,-48447.4,USD,BR438,COMPLETED,23.96,EAST,SAVINGS
TXN0009597,CUST2680,ACC656117,2024-05-05,DEBIT,-20317.54,USD,BR305,COMPLETED,9.1,EAST,CHECKING
TXN0009598,CUST9381,ACC629757,2024-07-28,CREDIT,61633.39,,BR201,COMPLETED,18.73,WEST,CHECKING
TXN0009599,CUST7804,ACC123584,2024-04-09,DEBIT,11511.19,USD,BR677,COMPLETED,21.01,NORTH,SAVINGS
TXN0009600,CUST3323,ACC909539,2024-01-24,CREDIT,-4543.06,USD,BR515,PENDING,95.08,SOUTH,MORTGAGE
TXN0009601,CUST1019,ACC336838,2024-11-14,DEBIT,72889.56,USD,BR823,COMPLETED,92.28,,CREDIT
TXN0009602,CUST4675,ACC866278,2024-06-01,DEBIT,27356.97,USD,BR925,COMPLETED,56.48,NORTH,CREDIT
TXN0009603,CUST1393,ACC214258,2024-05-17,DEBIT,-4526.15,AUD,BR424,COMPLETED,86.67,EAST,LOAN
TXN0009604,CUST4713,ACC486265,2024-03-19,DEBIT,41506.26,EUR,BR183,COMPLETED,86.21,EAST,MORTGAGE
TXN0009605,CUST7998,ACC353171,2024-04-18,WITHDRAWAL,10360.01,USD,BR493,COMPLETED,55.57,WEST,LOAN
TXN0009606,CUST7314,ACC683102,2024-09-19,DEBIT,4940.11,USD,BR388,COMPLETED,16.56,WEST,MORTGAGE
TXN0009607,CUST3414,ACC831283,2024-11-25,CREDIT,73758.64,,BR911,COMPLETED,2.98,WEST,LOAN
TXN0009608,CUST6788,ACC625304,2024-07-29,CREDIT,35053.26,EUR,BR397,COMPLETED,48.04,WEST,SAVINGS
TXN0009609,CUST5699,ACC643945,2024-02-01,CREDIT,17876.25,USD,BR999,REVERSED,95.99,SOUTH,SAVINGS
TXN0009610,CUST4700,ACC287123,2024-03-29,DEBIT,66659.81,USD,BR946,FAILED,27.74,,LOAN
TXN0009611,CUST7303,ACC970753,2024-01-24,CREDIT,-16250.31,USD,BR200,COMPLETED,36.72,EAST,CREDIT
TXN0009612,CUST2841,ACC388812,2024-12-21,DEBIT,-5458.53,USD,BR660,COMPLETED,70.23,EAST,CHECKING
TXN0009613,CUST9057,ACC447656,2024-06-19,DEBIT,94567.43,GBP,BR777,COMPLETED,0.38,SOUTH,
TXN0009614,CUST3778,ACC860736,2024-01-25,CREDIT,70429.13,USD,BR115,COMPLETED,41.11,CENTRAL,LOAN
TXN0009615,CUST2804,ACC240775,2024-10-03,DEBIT,72568.87,EUR,BR900,COMPLETED,62.95,NORTH,LOAN
TXN0009616,CUST4678,ACC588303,2024-11-09,DEBIT,94871.23,USD,BR441,COMPLETED,50.6,SOUTH,SAVINGS
TXN0009617,CUST2666,ACC739731,2024-09-30,DEBIT,47475.92,USD,BR374,COMPLETED,52.05,CENTRAL,CHECKING
TXN0009618,CUST5617,ACC972156,2024-04-24,TRANSFER,-6910.37,USD,BR976,COMPLETED,89.62,EAST,MORTGAGE
TXN0009619,CUST6854,ACC831057,2024-01-16,TRANSFER,-30206.59,USD,BR110,COMPLETED,57.23,WEST,SAVINGS
TXN0009620,CUST2249,ACC164518,2024-11-07,DEBIT,47913.38,EUR,BR128,COMPLETED,43.16,NORTH,SAVINGS
TXN0009621,CUST6467,ACC806402,2024-05-22,CREDIT,7043.59,USD,BR631,PENDING,66.57,EAST,SAVINGS
TXN0009622,CUST2939,ACC821690,2024-02-05,PAYMENT,-42740.5,AUD,BR432,COMPLETED,48.01,SOUTH,LOAN
TXN0009623,CUST6906,ACC456441,2024-04-18,CREDIT,31131.25,USD,BR843,COMPLETED,54.93,CENTRAL,MORTGAGE
TXN0009624,CUST2389,ACC139364,2024-05-17,TRANSFER,-45289.35,USD,BR330,FAILED,95.37,CENTRAL,MORTGAGE
TXN0009625,CUST1710,ACC403768,2024-12-08,CREDIT,-38561.48,EUR,BR630,REVERSED,9.08,EAST,CREDIT
TXN0009626,CUST3475,ACC820190,2024-10-23,DEBIT,-23504.99,GBP,BR853,COMPLETED,45.16,WEST,CHECKING
TXN0009627,CUST3917,ACC770125,2024-01-07,CREDIT,,EUR,BR927,COMPLETED,86.25,CENTRAL,LOAN
TXN0009628,CUST8022,ACC160317,2024-10-25,DEBIT,-12570.09,USD,BR923,COMPLETED,14.44,SOUTH,LOAN
TXN0009629,CUST9691,ACC994399,2024-08-09,DEBIT,-11800.65,USD,BR113,COMPLETED,84.52,NORTH,SAVINGS
TXN0009630,CUST6486,ACC405530,2024-11-22,DEBIT,26151.86,USD,BR780,FAILED,34.69,WEST,CREDIT
TXN0009631,CUST3971,ACC350417,2024-02-03,CREDIT,29895.3,GBP,BR779,COMPLETED,34.52,,CHECKING
TXN0009632,CUST7967,ACC314580,2024-11-06,CREDIT,87568.46,GBP,BR719,COMPLETED,21.85,SOUTH,SAVINGS
TXN0009633,CUST3461,ACC326632,2024-08-31,CREDIT,68478.48,USD,BR379,FAILED,62.19,CENTRAL,MORTGAGE
TXN0009634,CUST5940,ACC319086,2024-11-01,DEBIT,38383.18,USD,BR887,COMPLETED,35.08,EAST,CREDIT
TXN0009635,CUST5702,ACC902209,2024-09-05,TRANSFER,73422.81,USD,BR263,COMPLETED,48.06,NORTH,LOAN
TXN0009636,CUST6707,ACC963961,2024-10-21,CREDIT,3302.56,USD,BR119,FAILED,11.56,EAST,SAVINGS
TXN0009637,CUST2702,ACC472311,2024-09-06,TRANSFER,78773.83,USD,BR899,COMPLETED,94.15,NORTH,SAVINGS
TXN0009638,CUST5441,ACC303768,2024-03-10,CREDIT,-1798.15,USD,BR996,COMPLETED,99.51,WEST,SAVINGS
TXN0009639,CUST9179,ACC968772,2024-05-19,CREDIT,-6674.7,USD,BR577,COMPLETED,94.26,EAST,LOAN
TXN0009640,CUST7047,ACC651773,2024-06-21,WITHDRAWAL,3234.23,EUR,BR879,COMPLETED,71.65,WEST,SAVINGS
TXN0009641,CUST5348,ACC370235,2024-03-19,PAYMENT,28695.47,AUD,BR730,COMPLETED,36.83,WEST,LOAN
TXN0009642,CUST2251,ACC715641,2024-10-11,CREDIT,42848.71,USD,BR507,PENDING,63.15,CENTRAL,LOAN
TXN0009643,CUST1035,ACC430378,2024-05-17,CREDIT,39800.26,GBP,BR809,COMPLETED,33.21,CENTRAL,SAVINGS
TXN0009644,CUST3435,ACC843312,2024-02-26,DEBIT,-44247.84,AUD,BR209,COMPLETED,75.88,WEST,CHECKING
TXN0009645,CUST3401,ACC228115,2024-04-17,DEBIT,-38055.33,GBP,BR812,PENDING,64.6,,LOAN
TXN0009646,CUST6247,ACC513893,2024-07-04,DEBIT,-24588.85,USD,BR728,COMPLETED,46.71,WEST,SAVINGS
TXN0009647,CUST3421,ACC863836,2024-07-18,PAYMENT,-17228.24,USD,BR705,PENDING,76.29,WEST,SAVINGS
TXN0009648,CUST7399,ACC332656,2024-11-08,CREDIT,-36578.89,USD,BR138,COMPLETED,70.03,SOUTH,SAVINGS
TXN0009649,CUST8318,ACC945891,2024-05-18,CREDIT,85919.7,USD,BR981,COMPLETED,33.04,WEST,SAVINGS
TXN0009650,CUST8838,ACC248285,2024-09-26,TRANSFER,-30045.07,USD,BR744,PENDING,88.26,SOUTH,LOAN
TXN0009651,CUST2102,ACC945097,2024-01-07,TRANSFER,-4930.01,USD,BR730,COMPLETED,46.98,NORTH,SAVINGS
TXN0009652,CUST2854,ACC207138,2024-06-01,PAYMENT,92439.26,GBP,BR574,COMPLETED,90.94,CENTRAL,SAVINGS
TXN0009653,CUST8003,ACC194432,2024-06-11,DEBIT,83851.27,USD,BR705,COMPLETED,96.26,NORTH,LOAN
TXN0009654,CUST5562,ACC199168,2024-01-22,PAYMENT,-31575.35,EUR,BR654,COMPLETED,58.16,WEST,SAVINGS
TXN0009655,CUST3370,ACC845857,2024-08-25,DEBIT,-3010.89,USD,BR912,FAILED,5.66,WEST,MORTGAGE
TXN0009656,CUST2481,ACC728993,2024-04-14,CREDIT,18425.81,EUR,BR705,COMPLETED,98.03,WEST,MORTGAGE
TXN0009657,CUST6292,ACC576833,2024-06-30,DEBIT,27104.39,EUR,BR536,PENDING,16.65,NORTH,LOAN
TXN0009658,CUST3089,ACC651772,2024-07-12,DEBIT,-9966.35,USD,BR437,FAILED,86.55,NORTH,SAVINGS
TXN0009659,CUST3979,ACC589108,2024-12-19,TRANSFER,70228.54,USD,BR856,PENDING,87.91,WEST,LOAN
TXN0009660,CUST7308,ACC856287,2024-09-08,TRANSFER,19325.43,USD,BR689,COMPLETED,6.53,WEST,SAVINGS
TXN0009661,CUST6777,ACC925620,2024-06-02,TRANSFER,27590.44,GBP,BR812,COMPLETED,93.04,EAST,CHECKING
TXN0009662,CUST6231,ACC229791,2024-09-17,DEBIT,96408.99,EUR,BR181,COMPLETED,66.28,EAST,MORTGAGE
TXN0009663,CUST9097,ACC670821,2024-01-08,DEBIT,-36020.63,AUD,BR331,COMPLETED,68.01,WEST,MORTGAGE
TXN0009664,CUST7944,ACC150678,2024-10-20,CREDIT,71619.07,USD,BR203,PENDING,47.61,WEST,MORTGAGE
TXN0009665,CUST8885,ACC735915,2024-06-13,PAYMENT,22056.23,GBP,BR207,PENDING,30.03,SOUTH,CHECKING
TXN0009666,CUST7782,ACC308266,2024-09-12,TRANSFER,72125.87,EUR,BR669,COMPLETED,75.61,CENTRAL,SAVINGS
TXN0009667,CUST6463,ACC352807,2024-11-23,CREDIT,59234.5,USD,BR611,COMPLETED,71.67,SOUTH,LOAN
TXN0009668,CUST3264,ACC722138,2024-11-23,DEBIT,76288.52,GBP,BR122,PENDING,45.53,WEST,CHECKING
TXN0009669,CUST5028,ACC195859,2024-04-24,CREDIT,61414.31,AUD,BR966,COMPLETED,55.21,WEST,CREDIT
TXN0009670,CUST7278,ACC761518,2024-10-20,CREDIT,-20397.83,USD,BR779,COMPLETED,14.83,WEST,CHECKING
TXN0009671,CUST7859,ACC811755,2024-05-08,WITHDRAWAL,-13773.68,AUD,BR635,COMPLETED,53.44,WEST,SAVINGS
TXN0009672,CUST9144,ACC307607,2024-12-12,CREDIT,-14146.55,USD,BR570,COMPLETED,33.16,NORTH,SAVINGS
TXN0009673,,ACC616508,2024-01-10,TRANSFER,-691.15,GBP,BR631,COMPLETED,76.89,CENTRAL,CREDIT
TXN0009674,CUST9745,ACC327312,2024-06-21,DEBIT,90797.04,USD,BR858,PENDING,86.68,WEST,CREDIT
TXN0009675,CUST9070,ACC241250,2024-10-26,CREDIT,42332.81,EUR,BR178,COMPLETED,38.2,EAST,CHECKING
TXN0009676,CUST9724,ACC524667,2024-11-17,DEBIT,85675.95,AUD,BR441,PENDING,41.97,CENTRAL,SAVINGS
TXN0009677,CUST9785,ACC775312,2024-10-07,PAYMENT,-47011.51,USD,BR558,COMPLETED,50.11,CENTRAL,SAVINGS
TXN0009678,CUST4770,ACC438711,2024-01-24,DEBIT,32711.64,USD,BR367,COMPLETED,,WEST,MORTGAGE
TXN0009679,CUST7301,ACC336682,2024-03-12,CREDIT,-11525.35,USD,BR810,COMPLETED,64.52,WEST,CHECKING
TXN0009680,CUST2369,ACC141115,2024-12-02,CREDIT,-1927.65,USD,BR698,COMPLETED,29.92,SOUTH,MORTGAGE
TXN0009681,CUST7911,ACC526400,2024-08-09,CREDIT,9060.73,GBP,BR797,COMPLETED,22.67,WEST,MORTGAGE
TXN0009682,CUST9633,ACC996336,2024-01-01,TRANSFER,6730.87,USD,BR223,REVERSED,91.85,EAST,SAVINGS
TXN0009683,CUST4593,ACC136445,2024-03-27,DEBIT,12125.37,EUR,BR532,COMPLETED,60.43,WEST,LOAN
TXN0009684,CUST2429,ACC858498,2024-11-11,TRANSFER,73942.69,GBP,BR967,COMPLETED,73.82,SOUTH,CHECKING
TXN0009685,CUST4853,ACC180573,2024-05-08,DEBIT,50272.94,USD,BR597,COMPLETED,36.21,NORTH,CHECKING
TXN0009686,CUST6926,ACC187939,2024-05-18,DEBIT,-23712.91,USD,BR168,COMPLETED,,EAST,CHECKING
TXN0009687,CUST1046,ACC886476,2024-03-16,WITHDRAWAL,36292.3,GBP,BR533,PENDING,52.19,CENTRAL,MORTGAGE
TXN0009688,CUST4330,ACC741597,2024-11-29,CREDIT,74704.88,AUD,BR428,REVERSED,14.0,EAST,LOAN
TXN0009689,CUST1281,ACC898337,2024-01-23,DEBIT,57236.32,USD,BR543,COMPLETED,14.11,NORTH,MORTGAGE
TXN0009690,CUST6937,ACC629411,2024-04-29,CREDIT,4599.89,AUD,BR583,,38.79,CENTRAL,LOAN
TXN0009691,CUST8764,ACC620792,2024-02-16,DEBIT,59703.65,USD,BR150,COMPLETED,29.87,SOUTH,LOAN
TXN0009692,CUST3188,ACC895238,2024-06-30,DEBIT,-7798.71,USD,BR791,PENDING,27.55,EAST,LOAN
TXN0009693,CUST2804,ACC443346,2024-09-28,DEBIT,-47916.53,USD,BR689,COMPLETED,45.69,CENTRAL,CHECKING
TXN0009694,CUST1976,ACC508253,2024-11-03,PAYMENT,-38328.02,USD,BR638,PENDING,18.4,EAST,SAVINGS
TXN0009695,CUST6723,ACC199937,2024-03-12,DEBIT,-3961.93,USD,BR540,COMPLETED,41.64,WEST,LOAN
TXN0009696,CUST6912,ACC584141,2024-06-19,CREDIT,45447.34,USD,BR540,PENDING,41.28,NORTH,LOAN
TXN0009697,CUST3283,ACC625004,2024-09-23,DEBIT,90680.11,USD,BR604,COMPLETED,91.46,NORTH,SAVINGS
TXN0009698,CUST5828,ACC526977,2024-05-23,DEBIT,98692.86,GBP,BR931,COMPLETED,75.01,WEST,MORTGAGE
TXN0009699,CUST8543,ACC916749,2024-11-08,CREDIT,83161.69,USD,BR950,PENDING,14.04,WEST,SAVINGS
TXN0009700,CUST3361,ACC679390,2024-01-09,DEBIT,50254.9,AUD,BR659,COMPLETED,5.68,EAST,LOAN
TXN0009701,CUST7898,ACC855274,2024-08-27,CREDIT,45766.09,USD,BR647,COMPLETED,,WEST,CHECKING
TXN0009702,CUST4973,ACC649950,2024-04-07,TRANSFER,5290.28,USD,BR437,COMPLETED,26.67,EAST,SAVINGS
TXN0009703,CUST4452,ACC108789,2024-06-08,DEBIT,-28916.97,USD,BR221,COMPLETED,4.7,NORTH,CREDIT
TXN0009704,CUST4679,ACC111190,2024-03-19,PAYMENT,-11655.23,USD,BR849,COMPLETED,9.36,WEST,LOAN
TXN0009705,CUST1915,ACC293807,2024-01-21,CREDIT,99874.61,AUD,BR535,FAILED,22.84,WEST,MORTGAGE
TXN0009706,CUST3257,ACC318841,2024-04-26,CREDIT,5418.24,EUR,BR663,COMPLETED,5.75,NORTH,LOAN
TXN0009707,CUST2920,ACC960198,2024-02-19,TRANSFER,83981.69,USD,BR282,FAILED,26.05,CENTRAL,SAVINGS
TXN0009708,CUST3344,ACC127859,2024-10-15,CREDIT,4300.59,,BR123,COMPLETED,4.34,CENTRAL,CHECKING
TXN0009709,CUST7184,ACC950067,2024-08-13,CREDIT,14423.24,USD,BR306,COMPLETED,44.88,WEST,CHECKING
TXN0009710,CUST1431,ACC130826,2024-12-06,PAYMENT,-40467.85,EUR,BR670,COMPLETED,33.68,NORTH,CHECKING
TXN0009711,CUST7958,ACC714560,2024-08-23,TRANSFER,72731.04,EUR,BR949,COMPLETED,78.77,WEST,MORTGAGE
TXN0009712,CUST7089,ACC211931,2024-08-29,DEBIT,70031.28,USD,BR476,PENDING,99.87,NORTH,SAVINGS
TXN0009713,CUST1886,ACC450841,2024-05-26,CREDIT,-16942.77,USD,BR249,COMPLETED,8.21,NORTH,CREDIT
TXN0009714,CUST2736,ACC916455,2024-09-29,CREDIT,63896.41,USD,BR770,COMPLETED,21.19,CENTRAL,SAVINGS
TXN0009715,CUST2208,ACC535182,2024-08-11,CREDIT,-7933.02,USD,BR628,COMPLETED,24.46,SOUTH,SAVINGS
TXN0009716,CUST8812,ACC217455,2024-08-23,DEBIT,96823.38,EUR,BR474,COMPLETED,55.82,EAST,SAVINGS
TXN0009717,CUST3591,ACC676444,2024-07-04,CREDIT,18244.18,USD,BR579,COMPLETED,55.18,WEST,CHECKING
TXN0009718,CUST1494,ACC234120,2024-11-08,WITHDRAWAL,-23971.41,USD,BR726,PENDING,51.1,SOUTH,CHECKING
TXN0009719,CUST3406,ACC978283,2024-07-06,CREDIT,-10953.62,GBP,BR406,COMPLETED,24.12,WEST,SAVINGS
TXN0009720,CUST6984,ACC726206,2024-02-28,DEBIT,51229.91,USD,BR927,COMPLETED,88.02,CENTRAL,
TXN0009721,CUST3314,ACC649317,2024-12-02,CREDIT,-38581.08,,BR161,COMPLETED,87.93,WEST,CREDIT
TXN0009722,CUST2294,ACC113757,2024-06-07,DEBIT,40298.93,USD,BR167,COMPLETED,62.6,EAST,LOAN
TXN0009723,CUST5014,ACC356257,2024-02-04,DEBIT,73314.59,EUR,BR990,COMPLETED,,NORTH,LOAN
TXN0009724,CUST2262,ACC821836,2024-09-19,DEBIT,26951.9,USD,BR981,PENDING,6.26,CENTRAL,SAVINGS
TXN0009725,,ACC495618,2024-08-05,PAYMENT,-24067.23,USD,BR445,COMPLETED,89.19,EAST,SAVINGS
TXN0009726,CUST7823,ACC450069,2024-05-16,DEBIT,97849.93,GBP,BR395,COMPLETED,53.49,EAST,SAVINGS
TXN0009727,CUST3452,ACC595214,2024-12-17,CREDIT,84727.55,EUR,BR816,FAILED,30.85,CENTRAL,SAVINGS
TXN0009728,CUST3988,ACC767768,2024-09-24,WITHDRAWAL,-32821.45,USD,BR185,COMPLETED,53.25,WEST,CREDIT
TXN0009729,CUST8696,ACC836979,2024-03-22,TRANSFER,-4988.54,USD,BR782,COMPLETED,90.77,,SAVINGS
TXN0009730,CUST3295,ACC621511,2024-04-13,PAYMENT,-18476.5,USD,BR476,COMPLETED,97.54,WEST,SAVINGS
TXN0009731,CUST9641,ACC376705,2024-01-02,DEBIT,91.93,USD,BR118,COMPLETED,26.78,EAST,SAVINGS
TXN0009732,CUST5907,ACC864685,2024-09-13,DEBIT,-18196.97,,BR508,PENDING,,WEST,CHECKING
TXN0009733,CUST8703,ACC397427,2024-09-24,WITHDRAWAL,81473.05,AUD,BR626,COMPLETED,54.55,CENTRAL,SAVINGS
TXN0009734,CUST7742,ACC963020,2024-03-07,DEBIT,46093.42,USD,BR903,COMPLETED,61.27,NORTH,CHECKING
TXN0009735,CUST6526,ACC725026,2024-11-06,DEBIT,73832.72,USD,BR699,COMPLETED,50.97,EAST,
TXN0009736,CUST8274,ACC225515,2024-06-12,TRANSFER,1427.73,USD,BR670,COMPLETED,1.42,WEST,
TXN0009737,CUST1216,ACC859984,2024-11-24,PAYMENT,57262.29,USD,BR448,PENDING,61.96,SOUTH,CREDIT
TXN0009738,CUST5698,ACC535694,2024-09-23,CREDIT,72774.12,GBP,BR191,COMPLETED,25.29,NORTH,LOAN
TXN0009739,CUST2822,ACC103223,2024-07-21,CREDIT,-31194.21,USD,BR208,COMPLETED,84.55,CENTRAL,LOAN
TXN0009740,CUST3554,ACC751226,2024-12-22,TRANSFER,97816.68,AUD,BR656,PENDING,38.58,EAST,SAVINGS
TXN0009741,CUST1983,ACC813158,2024-09-20,CREDIT,50252.7,USD,BR666,PENDING,85.72,EAST,CREDIT
TXN0009742,CUST1526,ACC324082,2024-05-21,CREDIT,13425.44,USD,BR756,COMPLETED,5.11,SOUTH,CREDIT
TXN0009743,CUST3843,ACC510791,2024-02-24,DEBIT,62191.76,EUR,BR193,COMPLETED,22.54,SOUTH,SAVINGS
TXN0009744,CUST9245,ACC485776,2024-10-19,DEBIT,-49650.05,AUD,BR182,PENDING,48.61,NORTH,CHECKING
TXN0009745,CUST3627,ACC739361,2024-08-03,DEBIT,54034.57,GBP,BR489,PENDING,,EAST,CHECKING
TXN0009746,CUST1178,ACC930558,2024-03-22,PAYMENT,26677.48,AUD,BR794,COMPLETED,96.78,NORTH,CHECKING
TXN0009747,CUST7494,ACC462589,2024-05-05,PAYMENT,75353.27,GBP,BR902,COMPLETED,13.38,WEST,SAVINGS
TXN0009748,CUST7940,ACC240431,2024-11-27,CREDIT,-12791.06,USD,BR887,COMPLETED,11.63,SOUTH,CHECKING
TXN0009749,CUST8443,ACC160759,2024-04-22,WITHDRAWAL,93602.74,,BR967,COMPLETED,12.8,SOUTH,CHECKING
TXN0009750,CUST5227,ACC179955,2024-03-27,TRANSFER,26017.55,AUD,BR601,COMPLETED,40.23,WEST,LOAN
TXN0009751,CUST9222,ACC426346,2024-08-07,DEBIT,95325.16,USD,BR964,COMPLETED,82.25,NORTH,LOAN
TXN0009752,CUST6014,ACC733016,2024-01-16,DEBIT,18193.03,USD,BR647,COMPLETED,31.03,NORTH,SAVINGS
TXN0009753,CUST4724,ACC174357,2024-11-25,WITHDRAWAL,-36.12,EUR,BR601,COMPLETED,55.98,CENTRAL,CHECKING
TXN0009754,CUST7941,ACC947787,2024-07-03,PAYMENT,-39052.41,GBP,BR304,COMPLETED,43.62,SOUTH,LOAN
TXN0009755,CUST3569,ACC229156,2024-10-07,CREDIT,60845.83,EUR,BR378,COMPLETED,22.6,CENTRAL,SAVINGS
TXN0009756,CUST5453,ACC651510,2024-07-11,WITHDRAWAL,-11402.73,AUD,BR623,COMPLETED,,SOUTH,CHECKING
TXN0009757,CUST2506,ACC770342,2024-11-14,CREDIT,-43494.88,USD,BR156,COMPLETED,95.92,NORTH,CHECKING
TXN0009758,CUST9544,ACC909361,2024-05-23,CREDIT,50899.04,USD,BR672,COMPLETED,10.22,NORTH,SAVINGS
TXN0009759,CUST7185,ACC702960,2024-03-25,CREDIT,42765.66,AUD,BR893,COMPLETED,61.06,NORTH,CHECKING
TXN0009760,CUST3050,ACC400769,2024-08-23,CREDIT,25448.61,USD,BR428,PENDING,21.69,,SAVINGS
TXN0009761,CUST4471,ACC214143,2024-08-03,TRANSFER,60285.46,USD,BR219,COMPLETED,41.63,EAST,MORTGAGE
TXN0009762,CUST7560,ACC665422,2024-09-03,TRANSFER,-47231.57,,BR814,COMPLETED,96.18,WEST,SAVINGS
TXN0009763,CUST1917,ACC406439,2024-05-29,DEBIT,54820.41,EUR,BR358,,42.45,EAST,CHECKING
TXN0009764,CUST4586,ACC336814,2024-09-21,TRANSFER,30351.37,USD,BR729,,80.74,NORTH,SAVINGS
TXN0009765,CUST7427,ACC342587,2024-04-17,CREDIT,95310.4,USD,BR513,COMPLETED,41.53,NORTH,SAVINGS
TXN0009766,CUST4009,ACC516286,2024-02-20,CREDIT,50481.49,EUR,BR985,COMPLETED,3.97,WEST,SAVINGS
TXN0009767,CUST2264,ACC655628,2024-08-15,CREDIT,-42231.39,USD,BR521,COMPLETED,97.95,NORTH,CREDIT
TXN0009768,CUST8674,ACC600534,2024-04-08,DEBIT,1865.12,AUD,BR563,PENDING,88.92,CENTRAL,
TXN0009769,CUST8821,ACC459609,2024-12-24,PAYMENT,90065.58,,BR483,COMPLETED,7.72,WEST,CREDIT
TXN0009770,CUST6131,ACC978775,2024-01-02,TRANSFER,65326.36,EUR,BR569,COMPLETED,45.13,NORTH,SAVINGS
TXN0009771,CUST7637,ACC127657,2024-07-15,CREDIT,12650.19,USD,BR774,PENDING,78.86,SOUTH,LOAN
TXN0009772,CUST7233,ACC715049,2024-07-25,CREDIT,2698.2,USD,BR202,COMPLETED,21.41,WEST,SAVINGS
TXN0009773,CUST3700,ACC246059,2024-04-03,CREDIT,-30329.01,USD,BR812,COMPLETED,71.21,EAST,LOAN
TXN0009774,CUST1895,ACC893269,2024-10-29,DEBIT,10227.52,USD,BR489,PENDING,47.82,NORTH,CREDIT
TXN0009775,CUST7086,ACC527063,2024-04-19,CREDIT,-46537.46,EUR,BR685,PENDING,,SOUTH,LOAN
TXN0009776,CUST7950,ACC304163,2024-12-02,WITHDRAWAL,44100.12,USD,BR424,COMPLETED,,EAST,CHECKING
TXN0009777,CUST4190,ACC278887,2024-11-24,DEBIT,14613.56,GBP,BR397,PENDING,46.85,WEST,SAVINGS
TXN0009778,CUST5422,ACC954533,2024-12-14,DEBIT,-35643.3,USD,BR124,COMPLETED,36.84,WEST,SAVINGS
TXN0009779,CUST2776,ACC858072,2024-02-14,WITHDRAWAL,92019.07,GBP,BR243,COMPLETED,66.8,SOUTH,CHECKING
TXN0009780,CUST2710,ACC265337,2024-07-09,DEBIT,58302.84,EUR,BR296,COMPLETED,58.87,EAST,SAVINGS
TXN0009781,CUST2274,ACC326057,2024-02-17,CREDIT,65694.98,GBP,BR196,COMPLETED,27.39,NORTH,CHECKING
TXN0009782,CUST6942,ACC736032,2024-09-28,TRANSFER,18149.98,USD,BR900,COMPLETED,81.9,WEST,LOAN
TXN0009783,CUST6496,ACC731205,2024-02-16,DEBIT,45876.57,EUR,BR305,COMPLETED,82.78,WEST,SAVINGS
TXN0009784,CUST1459,ACC630424,2024-08-27,TRANSFER,-26669.84,EUR,BR879,FAILED,67.21,WEST,SAVINGS
TXN0009785,CUST4924,ACC255065,2024-10-03,CREDIT,-14239.82,USD,BR849,COMPLETED,17.35,EAST,CHECKING
TXN0009786,CUST5623,ACC177071,2024-09-13,DEBIT,-49841.18,AUD,BR394,PENDING,42.39,SOUTH,
TXN0009787,CUST3666,ACC351807,2024-03-17,PAYMENT,-32175.0,GBP,BR288,PENDING,75.11,WEST,SAVINGS
TXN0009788,CUST9873,ACC573213,2024-05-30,CREDIT,30271.74,USD,BR802,COMPLETED,85.22,EAST,CHECKING
TXN0009789,CUST2744,ACC388379,2024-03-16,DEBIT,6787.69,USD,BR494,COMPLETED,60.02,SOUTH,CREDIT
TXN0009790,CUST2070,ACC451473,2024-07-14,WITHDRAWAL,-15814.95,USD,BR673,COMPLETED,89.04,,LOAN
TXN0009791,CUST4471,ACC454098,2024-07-04,DEBIT,64573.38,USD,BR301,COMPLETED,40.83,NORTH,SAVINGS
TXN0009792,CUST1179,ACC538586,2024-06-23,DEBIT,67385.8,GBP,BR727,REVERSED,71.38,CENTRAL,SAVINGS
TXN0009793,CUST6064,ACC180472,2024-10-15,DEBIT,-9280.21,GBP,BR769,COMPLETED,15.53,NORTH,CHECKING
TXN0009794,CUST4075,ACC196704,2024-06-08,CREDIT,75088.83,USD,BR897,COMPLETED,94.09,WEST,LOAN
TXN0009795,CUST4305,ACC367541,2024-07-31,DEBIT,-30843.13,USD,BR787,FAILED,85.4,CENTRAL,SAVINGS
TXN0009796,CUST1530,ACC138255,2024-11-14,TRANSFER,-47536.51,AUD,BR491,COMPLETED,50.63,WEST,LOAN
TXN0009797,CUST4937,ACC829197,2024-10-07,TRANSFER,-1937.44,USD,BR701,COMPLETED,,,CREDIT
TXN0009798,CUST5410,ACC882254,2024-10-30,CREDIT,50914.2,USD,BR733,FAILED,99.82,EAST,SAVINGS
TXN0009799,CUST2393,ACC998920,2024-01-12,CREDIT,-40822.79,USD,BR452,COMPLETED,30.35,WEST,CREDIT
TXN0009800,CUST1735,ACC866223,2024-08-03,CREDIT,98473.49,EUR,BR572,REVERSED,65.92,WEST,SAVINGS
TXN0009801,CUST8926,ACC408227,2024-03-19,CREDIT,66944.04,USD,BR197,COMPLETED,28.91,SOUTH,LOAN
TXN0009802,CUST1748,ACC236369,2024-04-30,DEBIT,59701.64,USD,BR325,COMPLETED,80.53,SOUTH,CHECKING
TXN0009803,CUST1787,ACC644924,2024-03-09,CREDIT,-18394.35,,BR932,COMPLETED,11.9,SOUTH,MORTGAGE
TXN0009804,CUST6154,ACC662146,2024-08-23,DEBIT,36248.65,USD,BR750,PENDING,67.11,NORTH,LOAN
TXN0009805,CUST2527,ACC527030,2024-03-14,PAYMENT,90113.2,USD,BR749,COMPLETED,22.46,SOUTH,MORTGAGE
TXN0009806,CUST6056,ACC883438,2024-04-22,DEBIT,-42825.32,,BR726,COMPLETED,70.3,CENTRAL,CREDIT
TXN0009807,CUST1138,ACC144935,2024-11-30,CREDIT,20826.01,EUR,BR938,,,CENTRAL,CHECKING
TXN0009808,CUST6843,ACC969880,2027-01-01,PAYMENT,24476.5,USD,BR461,PENDING,0.3,EAST,
TXN0009809,CUST5626,ACC484655,2024-03-01,DEBIT,-47736.13,USD,BR575,COMPLETED,80.43,CENTRAL,SAVINGS
TXN0009810,CUST7523,ACC761104,2024-08-18,WITHDRAWAL,77795.83,USD,BR122,COMPLETED,42.79,EAST,CHECKING
TXN0009811,CUST9195,ACC122286,2024-11-15,DEBIT,52681.05,USD,BR146,,2.88,WEST,SAVINGS
TXN0009812,CUST4192,ACC915811,2024-09-14,CREDIT,37274.37,,BR208,COMPLETED,6.81,WEST,SAVINGS
TXN0009813,CUST6152,ACC930505,2024-10-23,CREDIT,77369.84,GBP,BR532,COMPLETED,28.37,EAST,LOAN
TXN0009814,CUST7400,ACC453885,2024-01-14,CREDIT,-14015.85,GBP,BR660,COMPLETED,97.74,SOUTH,CHECKING
TXN0009815,CUST6830,ACC349192,2024-03-18,DEBIT,-9264.98,GBP,BR399,COMPLETED,24.33,CENTRAL,CREDIT
TXN0009816,CUST3122,ACC616293,2024-03-28,TRANSFER,59670.32,USD,BR455,PENDING,56.6,EAST,LOAN
TXN0009817,CUST2595,ACC514708,2024-04-26,CREDIT,44867.53,USD,BR167,REVERSED,58.9,NORTH,LOAN
TXN0009818,CUST6428,ACC549492,2024-08-29,DEBIT,91838.99,AUD,BR740,REVERSED,12.54,WEST,CHECKING
TXN0009819,CUST7672,ACC556519,2024-12-13,WITHDRAWAL,61901.39,GBP,BR249,COMPLETED,71.32,WEST,
TXN0009820,CUST9250,ACC929142,2024-10-20,DEBIT,-26141.22,USD,BR272,COMPLETED,89.41,SOUTH,SAVINGS
TXN0009821,CUST2654,ACC879885,2024-01-29,WITHDRAWAL,8255.15,USD,BR849,COMPLETED,31.65,SOUTH,CHECKING
TXN0009822,CUST9227,ACC148610,2024-01-19,DEBIT,-46233.77,GBP,BR377,COMPLETED,59.61,EAST,SAVINGS
TXN0009823,CUST3460,ACC644566,2024-12-28,DEBIT,-376.27,USD,BR745,COMPLETED,24.64,WEST,
TXN0009824,CUST1388,ACC827382,2024-08-07,TRANSFER,4645.78,USD,BR163,COMPLETED,22.67,NORTH,MORTGAGE
TXN0009825,CUST7260,ACC200647,2024-06-10,DEBIT,56349.58,USD,BR278,PENDING,71.44,WEST,SAVINGS
TXN0009826,CUST8814,ACC222172,2024-05-19,CREDIT,56028.93,USD,BR326,COMPLETED,26.85,EAST,MORTGAGE
TXN0009827,CUST1612,ACC882597,2024-12-31,DEBIT,90902.47,GBP,BR631,COMPLETED,37.4,CENTRAL,SAVINGS
TXN0009828,CUST5753,ACC235042,2024-10-04,CREDIT,58723.9,USD,BR878,COMPLETED,35.98,SOUTH,CHECKING
TXN0009829,,ACC547234,2024-11-17,DEBIT,7386.1,USD,BR555,COMPLETED,21.67,SOUTH,SAVINGS
TXN0009830,CUST3482,ACC918210,2024-11-22,DEBIT,-27849.75,EUR,BR927,COMPLETED,20.38,NORTH,LOAN
TXN0009831,,ACC987658,2024-08-17,CREDIT,25748.45,USD,BR648,PENDING,50.18,EAST,CREDIT
TXN0009832,CUST2290,ACC118841,2024-01-29,CREDIT,41049.94,EUR,BR728,COMPLETED,87.86,NORTH,CREDIT
TXN0009833,CUST2528,ACC144206,2024-12-09,DEBIT,5720.13,USD,BR793,PENDING,2.17,EAST,SAVINGS
TXN0009834,CUST4794,ACC302310,2024-10-09,TRANSFER,69498.69,USD,BR293,COMPLETED,67.96,WEST,MORTGAGE
TXN0009835,CUST4533,ACC158077,2024-05-23,DEBIT,59985.29,,BR145,COMPLETED,27.54,NORTH,LOAN
TXN0009836,CUST3307,ACC645528,2024-08-26,CREDIT,16385.81,EUR,BR307,COMPLETED,51.3,NORTH,CHECKING
TXN0009837,CUST3638,ACC313051,2024-08-16,CREDIT,53716.39,EUR,BR650,COMPLETED,20.84,WEST,CHECKING
TXN0009838,CUST9218,ACC478873,2024-10-24,DEBIT,75145.18,GBP,BR218,COMPLETED,94.38,EAST,CREDIT
TXN0009839,CUST9459,ACC509563,2024-06-14,CREDIT,71539.74,GBP,BR402,COMPLETED,16.2,SOUTH,LOAN
TXN0009840,CUST9573,ACC517155,2024-12-26,TRANSFER,39144.76,EUR,BR848,COMPLETED,50.53,WEST,LOAN
TXN0009841,CUST6593,ACC736933,2024-05-12,TRANSFER,40354.35,AUD,BR576,PENDING,10.65,SOUTH,SAVINGS
TXN0009842,CUST8331,ACC192672,2024-02-06,CREDIT,65931.99,EUR,BR501,PENDING,59.21,CENTRAL,LOAN
TXN0009843,CUST3149,ACC957915,2024-11-17,DEBIT,-18871.87,USD,BR944,PENDING,37.66,SOUTH,CREDIT
TXN0009844,CUST6554,ACC899786,2024-08-15,DEBIT,-45577.35,USD,BR152,PENDING,56.28,SOUTH,SAVINGS
TXN0009845,CUST5765,ACC128594,2024-08-03,DEBIT,52305.8,USD,BR381,REVERSED,54.29,SOUTH,LOAN
TXN0009846,CUST6903,ACC505048,2024-09-11,CREDIT,-38082.89,GBP,BR102,COMPLETED,47.64,NORTH,MORTGAGE
TXN0009847,CUST8059,ACC261472,2024-06-09,CREDIT,30924.47,USD,BR687,COMPLETED,68.85,CENTRAL,SAVINGS
TXN0009848,CUST1655,ACC818178,2024-06-09,TRANSFER,26269.46,USD,BR505,COMPLETED,4.23,NORTH,CREDIT
TXN0009849,CUST7350,ACC577761,2024-04-13,CREDIT,64278.89,USD,BR995,COMPLETED,71.54,CENTRAL,SAVINGS
TXN0009850,CUST4917,ACC176209,2024-10-30,DEBIT,32041.78,USD,BR815,FAILED,8.24,EAST,SAVINGS
TXN0009851,CUST4421,ACC435940,2024-09-25,DEBIT,29613.22,AUD,BR997,COMPLETED,63.4,NORTH,CREDIT
TXN0009852,CUST2228,ACC881358,2024-02-09,TRANSFER,-21978.98,EUR,BR288,COMPLETED,46.1,CENTRAL,SAVINGS
TXN0009853,CUST3496,ACC323193,2024-10-05,PAYMENT,82103.29,USD,BR855,COMPLETED,77.7,WEST,LOAN
TXN0009854,CUST9151,ACC204800,2024-10-03,DEBIT,91035.99,USD,BR532,PENDING,39.94,EAST,CHECKING
TXN0009855,CUST2595,ACC284033,2024-11-15,DEBIT,-47731.13,EUR,BR247,FAILED,16.47,CENTRAL,SAVINGS
TXN0009856,CUST1244,ACC904881,2024-12-16,CREDIT,76972.27,AUD,BR676,COMPLETED,86.01,WEST,CREDIT
TXN0009857,CUST3336,ACC329222,2024-01-21,CREDIT,1015.85,USD,BR264,PENDING,8.3,CENTRAL,LOAN
TXN0009858,CUST6071,ACC366366,2024-08-19,DEBIT,-22983.5,USD,BR254,COMPLETED,40.18,EAST,MORTGAGE
TXN0009859,CUST9964,ACC457075,2024-04-17,CREDIT,80359.7,GBP,BR457,COMPLETED,1.5,EAST,SAVINGS
TXN0009860,CUST2428,ACC473078,2024-08-24,CREDIT,26461.0,EUR,BR899,FAILED,44.59,SOUTH,CHECKING
TXN0009861,CUST9174,ACC154580,2024-09-20,CREDIT,40599.85,AUD,BR681,COMPLETED,25.96,WEST,SAVINGS
TXN0009862,CUST2541,ACC957103,2024-02-03,TRANSFER,27764.84,USD,BR902,PENDING,6.22,SOUTH,SAVINGS
TXN0009863,CUST8451,ACC550671,2024-06-29,CREDIT,-48182.43,USD,BR828,COMPLETED,52.45,CENTRAL,LOAN
TXN0009864,CUST6139,ACC633804,2024-10-25,DEBIT,78090.87,AUD,BR465,COMPLETED,7.15,CENTRAL,MORTGAGE
TXN0009865,CUST3780,ACC677022,2024-02-03,CREDIT,34128.18,USD,BR307,COMPLETED,16.84,SOUTH,CHECKING
TXN0009866,CUST5843,ACC292312,2024-06-13,CREDIT,34368.17,AUD,BR552,COMPLETED,68.0,WEST,SAVINGS
TXN0009867,CUST3645,ACC557431,2024-09-09,PAYMENT,72043.48,USD,BR536,COMPLETED,72.91,WEST,SAVINGS
TXN0009868,CUST2116,ACC699828,2024-11-04,DEBIT,44674.39,AUD,BR272,COMPLETED,92.08,EAST,CHECKING
TXN0009869,CUST5589,ACC214057,2024-01-30,TRANSFER,38276.99,USD,BR221,PENDING,66.48,WEST,CREDIT
TXN0009870,CUST6952,ACC608964,2024-10-12,DEBIT,65031.34,USD,BR977,PENDING,73.71,EAST,MORTGAGE
TXN0009871,CUST6789,ACC756805,2024-10-24,WITHDRAWAL,28394.49,USD,BR105,COMPLETED,8.14,WEST,SAVINGS
TXN0009872,CUST2461,ACC988596,2024-06-03,DEBIT,10631.84,USD,BR841,COMPLETED,64.1,EAST,CHECKING
TXN0009873,CUST2165,ACC608842,2024-07-08,DEBIT,69020.44,USD,BR678,COMPLETED,3.46,EAST,LOAN
TXN0009874,CUST3935,ACC545092,2024-09-18,DEBIT,53773.92,EUR,BR662,COMPLETED,,WEST,SAVINGS
TXN0009875,CUST8548,ACC900117,2024-11-07,DEBIT,-47341.12,EUR,BR977,COMPLETED,4.93,NORTH,SAVINGS
TXN0009876,CUST5226,ACC688640,2024-12-30,DEBIT,17633.11,GBP,BR468,COMPLETED,58.55,SOUTH,
TXN0009877,CUST8753,ACC775441,2024-11-17,TRANSFER,-6150.07,EUR,BR304,FAILED,71.44,SOUTH,CREDIT
TXN0009878,CUST5194,ACC249522,2024-07-18,CREDIT,80365.99,AUD,BR285,REVERSED,86.19,EAST,LOAN
TXN0009879,CUST8242,ACC751353,2024-03-26,CREDIT,-26395.24,GBP,BR832,COMPLETED,46.03,WEST,MORTGAGE
TXN0009880,CUST3301,ACC321101,2024-07-26,TRANSFER,-2092.73,EUR,BR555,COMPLETED,98.87,NORTH,LOAN
TXN0009881,CUST3031,ACC649969,2024-10-08,CREDIT,61965.54,USD,BR232,COMPLETED,22.68,WEST,MORTGAGE
TXN0009882,CUST8999,ACC971777,2024-04-17,TRANSFER,46049.53,EUR,BR549,COMPLETED,87.57,WEST,SAVINGS
TXN0009883,CUST1648,ACC376596,2024-09-15,DEBIT,-49468.36,AUD,BR921,COMPLETED,4.3,EAST,LOAN
TXN0009884,CUST6955,ACC404507,2024-05-14,TRANSFER,-18620.17,USD,BR239,COMPLETED,9.32,WEST,SAVINGS
TXN0009885,CUST5696,ACC886078,2024-10-08,WITHDRAWAL,-26518.57,USD,BR916,,37.09,CENTRAL,LOAN
TXN0009886,CUST7568,ACC142301,2024-09-19,WITHDRAWAL,-35089.09,AUD,BR141,COMPLETED,93.64,SOUTH,CHECKING
TXN0009887,CUST7701,ACC221455,2024-08-14,PAYMENT,30143.59,EUR,BR542,COMPLETED,14.49,WEST,LOAN
TXN0009888,CUST3113,ACC353860,2024-07-29,DEBIT,45829.62,USD,BR506,COMPLETED,47.23,CENTRAL,CREDIT
TXN0009889,CUST8222,ACC418773,2024-04-15,CREDIT,17087.81,GBP,BR574,COMPLETED,3.51,SOUTH,CHECKING
TXN0009890,CUST7008,ACC681467,2024-09-25,DEBIT,28061.06,GBP,BR477,COMPLETED,72.21,EAST,CREDIT
TXN0009891,CUST9396,ACC105199,2024-01-12,CREDIT,73380.26,AUD,BR380,COMPLETED,62.83,EAST,SAVINGS
TXN0009892,CUST6138,ACC932371,2027-01-01,PAYMENT,-41981.81,AUD,BR695,COMPLETED,44.18,SOUTH,LOAN
TXN0009893,CUST7122,ACC653448,2024-01-09,DEBIT,36964.84,USD,BR763,PENDING,55.46,NORTH,CHECKING
TXN0009894,CUST2367,ACC569164,2024-12-16,TRANSFER,80602.7,EUR,BR115,REVERSED,60.12,SOUTH,SAVINGS
TXN0009895,CUST7769,ACC918144,2024-09-02,TRANSFER,49679.65,USD,BR472,COMPLETED,88.29,CENTRAL,SAVINGS
TXN0009896,CUST9289,ACC303496,2024-07-23,DEBIT,-44816.55,USD,BR691,COMPLETED,24.98,EAST,CHECKING
TXN0009897,CUST8374,ACC459251,2024-02-10,CREDIT,1210.21,EUR,BR609,COMPLETED,76.88,,SAVINGS
TXN0009898,CUST5306,ACC412937,2024-03-18,CREDIT,97226.66,USD,BR319,PENDING,63.7,WEST,MORTGAGE
TXN0009899,CUST1699,ACC348958,2024-05-01,CREDIT,85938.94,EUR,BR116,COMPLETED,0.24,EAST,CHECKING
TXN0009900,CUST1934,ACC600052,2024-10-30,DEBIT,-43153.15,EUR,BR346,PENDING,51.39,WEST,CHECKING
TXN0009901,CUST5011,ACC799512,2024-07-23,PAYMENT,10058.34,EUR,BR567,PENDING,0.03,SOUTH,CHECKING
TXN0009902,CUST1130,ACC677019,2024-12-14,CREDIT,84132.4,EUR,BR431,COMPLETED,,CENTRAL,LOAN
TXN0009903,CUST3532,ACC872442,2024-02-25,DEBIT,86681.6,USD,BR782,COMPLETED,78.29,WEST,MORTGAGE
TXN0009904,CUST2725,ACC654285,2024-04-02,PAYMENT,83000.34,AUD,BR347,PENDING,3.93,NORTH,SAVINGS
TXN0009905,CUST5762,ACC243125,2024-02-28,DEBIT,97130.84,GBP,BR583,COMPLETED,61.39,EAST,LOAN
TXN0009906,CUST7157,ACC527249,2024-11-19,CREDIT,-18776.43,GBP,BR893,REVERSED,48.07,SOUTH,SAVINGS
TXN0009907,CUST3592,ACC148360,2024-12-07,WITHDRAWAL,-46869.55,USD,BR361,COMPLETED,5.93,SOUTH,MORTGAGE
TXN0009908,CUST7541,ACC322256,2024-11-04,CREDIT,9835.05,USD,BR483,COMPLETED,71.98,NORTH,CHECKING
TXN0009909,CUST2195,ACC345101,2024-01-15,DEBIT,-11044.72,USD,BR907,PENDING,65.47,EAST,CHECKING
TXN0009910,,ACC776473,2024-11-19,WITHDRAWAL,29945.04,GBP,BR945,PENDING,60.79,CENTRAL,CREDIT
TXN0009911,CUST7360,ACC492484,2024-06-19,WITHDRAWAL,22001.57,USD,BR805,COMPLETED,5.15,CENTRAL,LOAN
TXN0009912,CUST8573,ACC744358,2024-02-15,TRANSFER,24239.65,EUR,BR162,PENDING,34.54,NORTH,SAVINGS
TXN0009913,CUST2531,ACC859019,2024-10-07,CREDIT,42081.63,USD,BR618,COMPLETED,31.69,CENTRAL,CHECKING
TXN0009914,CUST6716,ACC230167,2024-10-06,TRANSFER,-43785.01,USD,BR886,PENDING,39.82,NORTH,CREDIT
TXN0009915,CUST8632,ACC155994,2024-02-21,TRANSFER,-5319.18,GBP,BR820,COMPLETED,66.4,CENTRAL,LOAN
TXN0009916,,ACC207452,2024-03-20,CREDIT,69163.95,USD,BR628,COMPLETED,10.14,NORTH,SAVINGS
TXN0009917,CUST9767,ACC799427,2024-10-17,CREDIT,73704.09,AUD,BR308,COMPLETED,20.52,WEST,CHECKING
TXN0009918,CUST8616,ACC488563,2024-11-27,DEBIT,66855.44,USD,BR104,COMPLETED,95.6,NORTH,CHECKING
TXN0009919,CUST2787,ACC573467,2024-10-03,PAYMENT,-48045.39,USD,BR835,COMPLETED,29.38,EAST,CREDIT
TXN0009920,CUST2406,ACC824679,2024-09-24,DEBIT,21649.75,USD,BR510,COMPLETED,60.06,NORTH,CREDIT
TXN0009921,CUST3953,ACC827677,2024-11-25,WITHDRAWAL,45317.64,USD,BR674,COMPLETED,57.75,CENTRAL,MORTGAGE
TXN0009922,CUST2775,ACC118931,2024-07-17,CREDIT,36123.59,GBP,BR940,COMPLETED,51.92,WEST,SAVINGS
TXN0009923,CUST7503,ACC735103,2024-12-01,WITHDRAWAL,-37894.02,EUR,BR242,PENDING,10.47,EAST,CHECKING
TXN0009924,CUST8096,ACC962198,2024-02-20,DEBIT,31212.95,USD,BR677,COMPLETED,57.15,WEST,CREDIT
TXN0009925,CUST4268,ACC149798,2024-09-18,WITHDRAWAL,43621.4,USD,BR366,COMPLETED,49.68,CENTRAL,CHECKING
TXN0009926,CUST7578,ACC632046,2024-03-09,WITHDRAWAL,50898.62,GBP,BR628,FAILED,5.93,EAST,SAVINGS
TXN0009927,CUST6385,ACC486130,2024-01-14,PAYMENT,-31881.11,USD,BR225,COMPLETED,15.8,NORTH,CREDIT
TXN0009928,CUST2056,ACC691881,2024-11-28,CREDIT,-22868.85,USD,BR975,FAILED,7.79,NORTH,
TXN0009929,CUST6198,ACC709058,2024-09-07,DEBIT,63593.52,EUR,BR552,FAILED,87.85,WEST,CHECKING
TXN0009930,CUST6610,ACC841917,2024-01-04,DEBIT,63597.21,USD,BR152,COMPLETED,58.59,CENTRAL,SAVINGS
TXN0009931,CUST8967,ACC167989,2024-07-24,CREDIT,23244.59,EUR,BR384,COMPLETED,89.14,CENTRAL,CHECKING
TXN0009932,CUST4483,ACC942306,2024-07-17,DEBIT,-23029.52,EUR,BR692,PENDING,74.13,WEST,CHECKING
TXN0009933,CUST8802,ACC403405,2024-11-01,DEBIT,52169.5,USD,BR805,COMPLETED,88.54,SOUTH,CREDIT
TXN0009934,CUST2873,ACC399645,2024-01-19,DEBIT,47343.79,USD,BR529,COMPLETED,6.93,CENTRAL,LOAN
TXN0009935,CUST5560,ACC701974,2024-03-01,CREDIT,60246.16,USD,BR599,COMPLETED,11.86,EAST,CHECKING
TXN0009936,CUST8447,ACC290608,2024-01-25,PAYMENT,42757.75,EUR,BR252,COMPLETED,16.08,CENTRAL,SAVINGS
TXN0009937,CUST1627,ACC116539,2024-08-20,CREDIT,44529.74,USD,BR697,COMPLETED,79.83,SOUTH,CREDIT
TXN0009938,CUST9930,ACC849367,2024-10-27,WITHDRAWAL,89171.74,EUR,BR405,PENDING,65.6,SOUTH,SAVINGS
TXN0009939,CUST3551,ACC575118,2024-03-08,WITHDRAWAL,83981.04,USD,BR238,COMPLETED,11.74,WEST,CREDIT
TXN0009940,CUST8699,ACC367642,2024-04-22,TRANSFER,-37616.86,USD,BR556,COMPLETED,,WEST,MORTGAGE
TXN0009941,CUST3384,ACC711214,2024-09-03,TRANSFER,45793.24,USD,BR837,COMPLETED,16.41,WEST,CHECKING
TXN0009942,CUST4497,ACC946541,2024-03-16,DEBIT,97289.09,GBP,BR734,COMPLETED,40.41,SOUTH,CREDIT
TXN0009943,CUST6245,ACC273645,2024-10-28,TRANSFER,12266.33,USD,BR883,REVERSED,23.96,NORTH,LOAN
TXN0009944,CUST1513,ACC522424,2024-10-11,PAYMENT,13044.38,EUR,BR186,COMPLETED,11.55,EAST,SAVINGS
TXN0009945,CUST7230,ACC892952,2024-03-14,TRANSFER,22512.4,USD,BR698,COMPLETED,2.85,CENTRAL,CHECKING
TXN0009946,CUST2022,ACC726891,2024-07-17,PAYMENT,98651.68,GBP,BR171,COMPLETED,25.29,WEST,CHECKING
TXN0009947,CUST6922,ACC840464,2024-10-10,DEBIT,23307.09,EUR,BR539,COMPLETED,3.36,EAST,CHECKING
TXN0009948,CUST8046,ACC700611,2024-11-06,WITHDRAWAL,35970.97,USD,BR991,COMPLETED,13.13,CENTRAL,CHECKING
TXN0009949,CUST8756,ACC754076,2024-04-28,TRANSFER,1985.16,USD,BR317,COMPLETED,25.14,SOUTH,LOAN
TXN0009950,CUST4496,ACC756369,2024-04-24,PAYMENT,16445.14,USD,BR562,COMPLETED,17.86,NORTH,CHECKING
TXN0009951,CUST1886,ACC541175,2024-05-20,DEBIT,13045.0,USD,BR810,COMPLETED,99.32,EAST,
TXN0009952,CUST4465,ACC903868,2024-12-27,PAYMENT,-29723.28,USD,BR730,COMPLETED,38.47,EAST,CREDIT
TXN0009953,CUST1375,ACC754818,2024-09-18,CREDIT,55150.94,AUD,BR635,COMPLETED,67.8,CENTRAL,MORTGAGE
TXN0009954,CUST7929,ACC700535,2024-12-05,DEBIT,-46259.09,AUD,BR899,PENDING,73.12,WEST,SAVINGS
TXN0009955,CUST5421,ACC947322,2024-08-11,DEBIT,-12805.25,USD,BR129,COMPLETED,51.46,EAST,CHECKING
TXN0009956,CUST5129,ACC494126,2024-12-04,TRANSFER,93054.89,USD,BR136,COMPLETED,25.73,SOUTH,SAVINGS
TXN0009957,CUST3885,ACC918433,2024-06-04,PAYMENT,85163.43,USD,BR375,PENDING,32.69,SOUTH,SAVINGS
TXN0009958,CUST2369,ACC788674,2024-11-07,CREDIT,64281.54,EUR,BR873,COMPLETED,27.87,EAST,SAVINGS
TXN0009959,,ACC410810,2024-08-20,CREDIT,-21083.74,USD,BR558,REVERSED,84.33,SOUTH,LOAN
TXN0009960,CUST2134,ACC970613,2024-01-24,CREDIT,47712.94,EUR,BR249,COMPLETED,42.66,WEST,SAVINGS
TXN0009961,CUST5487,ACC679546,2024-05-04,CREDIT,-38714.71,USD,BR101,PENDING,35.39,WEST,LOAN
TXN0009962,CUST7636,ACC772922,2024-12-31,TRANSFER,7938.44,EUR,BR270,COMPLETED,11.35,CENTRAL,LOAN
TXN0009963,CUST2338,ACC734032,2024-06-10,PAYMENT,45330.87,USD,BR809,COMPLETED,8.61,SOUTH,SAVINGS
TXN0009964,CUST5887,ACC896387,2024-01-23,CREDIT,,USD,BR846,COMPLETED,29.1,WEST,CHECKING
TXN0009965,CUST8396,ACC729471,2024-08-03,TRANSFER,-23228.97,EUR,BR643,COMPLETED,62.01,WEST,SAVINGS
TXN0009966,CUST7876,ACC882257,2024-09-08,PAYMENT,-420.51,AUD,BR650,COMPLETED,91.84,EAST,CHECKING
TXN0009967,CUST9597,ACC865206,2024-06-16,DEBIT,98375.54,GBP,BR670,,33.37,NORTH,CHECKING
TXN0009968,CUST4507,ACC808741,2024-08-23,PAYMENT,90234.45,AUD,BR827,COMPLETED,38.14,EAST,CHECKING
TXN0009969,CUST5250,ACC811227,2024-09-18,WITHDRAWAL,-41087.76,USD,BR272,PENDING,1.84,EAST,SAVINGS
TXN0009970,CUST4015,ACC898054,2024-11-10,CREDIT,93213.24,EUR,BR318,COMPLETED,77.4,NORTH,CREDIT
TXN0009971,CUST1880,ACC995695,2024-07-30,TRANSFER,-5719.08,USD,BR692,COMPLETED,96.2,WEST,SAVINGS
TXN0009972,CUST2514,ACC578362,2024-09-22,PAYMENT,71100.77,GBP,BR553,COMPLETED,91.05,EAST,CHECKING
TXN0009973,CUST8021,ACC194009,2024-04-25,CREDIT,7477.72,USD,BR676,COMPLETED,55.45,WEST,MORTGAGE
TXN0009974,CUST6603,ACC647579,2024-04-07,CREDIT,6632.51,AUD,BR985,COMPLETED,59.49,CENTRAL,SAVINGS
TXN0009975,CUST5864,ACC409904,2024-06-22,DEBIT,54360.04,USD,BR915,REVERSED,85.19,WEST,CHECKING
TXN0009976,CUST3695,ACC252233,2024-06-30,CREDIT,-18380.72,USD,BR599,COMPLETED,36.97,NORTH,CHECKING
TXN0009977,CUST4253,ACC661265,2024-12-19,CREDIT,-44347.45,USD,BR102,PENDING,41.16,WEST,CHECKING
TXN0009978,CUST6722,ACC921591,2024-08-16,TRANSFER,6668.3,EUR,BR885,REVERSED,1.37,NORTH,CREDIT
TXN0009979,CUST7866,ACC483968,2024-01-07,TRANSFER,70427.27,EUR,BR674,PENDING,29.56,SOUTH,CREDIT
TXN0009980,CUST8890,ACC707418,2024-09-06,DEBIT,-27744.9,EUR,BR996,COMPLETED,4.6,NORTH,CHECKING
TXN0009981,CUST8790,ACC502756,2024-08-14,TRANSFER,78599.02,EUR,BR550,COMPLETED,70.96,WEST,CHECKING
TXN0009982,CUST9773,ACC767709,2024-04-30,DEBIT,-14728.83,USD,BR587,PENDING,66.56,SOUTH,CHECKING
TXN0009983,CUST3632,ACC696389,2024-02-21,DEBIT,9673.25,EUR,BR139,PENDING,73.07,NORTH,CREDIT
TXN0009984,CUST8156,ACC360257,2024-03-28,PAYMENT,-28955.75,EUR,BR982,COMPLETED,1.21,WEST,LOAN
TXN0009985,CUST6811,ACC254069,2024-12-02,TRANSFER,-30394.48,USD,BR170,COMPLETED,42.87,NORTH,LOAN
TXN0009986,CUST7375,ACC446401,2024-04-21,WITHDRAWAL,98689.27,USD,BR423,COMPLETED,75.2,NORTH,SAVINGS
TXN0009987,CUST1162,ACC692801,2024-02-21,TRANSFER,7297.72,USD,BR783,COMPLETED,35.52,,SAVINGS
TXN0009988,CUST4253,ACC207944,2024-06-14,CREDIT,60922.76,EUR,BR272,COMPLETED,56.31,EAST,CREDIT
TXN0009989,CUST2274,ACC408708,2024-06-17,DEBIT,97823.82,EUR,BR862,COMPLETED,50.63,WEST,MORTGAGE
TXN0009990,CUST3369,ACC122306,2024-06-23,TRANSFER,,EUR,BR407,PENDING,12.49,SOUTH,CREDIT
TXN0009991,CUST6304,ACC909814,2024-11-19,CREDIT,-44279.49,EUR,BR802,PENDING,87.42,CENTRAL,LOAN
TXN0009992,CUST6185,ACC624747,2024-01-22,TRANSFER,-42763.37,USD,BR277,COMPLETED,24.07,WEST,CHECKING
TXN0009993,CUST1232,ACC424632,2024-12-14,PAYMENT,9018.29,USD,BR373,COMPLETED,91.71,WEST,LOAN
TXN0009994,CUST3465,ACC697144,2024-06-11,CREDIT,14508.79,EUR,BR390,COMPLETED,52.86,NORTH,CHECKING
TXN0009995,CUST8514,ACC748841,2024-08-13,WITHDRAWAL,93908.66,USD,BR354,COMPLETED,64.37,EAST,CHECKING
TXN0009996,CUST3416,ACC930785,2024-12-12,DEBIT,-14465.39,EUR,BR189,FAILED,67.06,SOUTH,CHECKING
TXN0009997,CUST9182,ACC998456,2024-01-17,PAYMENT,86183.08,USD,BR145,COMPLETED,9.28,EAST,CHECKING
TXN0009998,CUST6184,ACC303896,2024-07-02,DEBIT,29254.52,EUR,BR229,COMPLETED,6.32,SOUTH,LOAN
TXN0009999,CUST2861,ACC283630,2024-03-06,WITHDRAWAL,82831.86,USD,BR735,FAILED,38.95,EAST,CHECKING
TXN0010000,CUST7658,ACC299623,2024-11-25,DEBIT,-25321.95,USD,BR687,COMPLETED,11.17,WEST,SAVINGS
TXN0007317,CUST9248,ACC512370,2024-01-06,TRANSFER,74421.04,GBP,BR344,COMPLETED,22.47,EAST,SAVINGS
TXN0002789,CUST3174,ACC160006,2024-12-17,DEBIT,74249.97,USD,BR122,COMPLETED,22.32,CENTRAL,CREDIT
TXN0001201,CUST6736,ACC590636,2024-04-18,CREDIT,14824.75,AUD,BR869,COMPLETED,39.73,SOUTH,LOAN
TXN0008910,CUST4534,ACC546853,2024-07-21,DEBIT,54407.91,USD,BR842,COMPLETED,7.2,WEST,CREDIT
TXN0002516,CUST1602,ACC783680,2024-10-30,TRANSFER,99965.96,USD,BR824,PENDING,6.07,CENTRAL,CREDIT
TXN0001170,CUST7992,ACC485183,2024-06-28,TRANSFER,-20042.17,USD,BR987,PENDING,85.15,SOUTH,CHECKING
TXN0009323,CUST5742,ACC988380,2024-11-27,PAYMENT,-45158.21,USD,BR156,COMPLETED,0.13,EAST,CHECKING
TXN0008207,CUST8086,ACC270715,2024-03-17,PAYMENT,22624.39,USD,BR403,COMPLETED,44.44,WEST,SAVINGS
TXN0003333,CUST4056,ACC822460,2024-11-27,PAYMENT,91702.32,AUD,BR947,PENDING,44.79,EAST,CREDIT
TXN0007149,CUST6198,ACC842820,2024-07-08,DEBIT,-39055.08,AUD,BR399,COMPLETED,49.33,WEST,SAVINGS
TXN0002108,CUST2130,ACC698910,2024-09-08,CREDIT,61417.97,USD,BR172,PENDING,44.48,WEST,LOAN
TXN0001413,CUST6060,ACC748696,2024-10-28,CREDIT,16215.51,USD,BR394,COMPLETED,56.35,SOUTH,LOAN
TXN0007106,CUST5289,ACC308795,2024-12-01,TRANSFER,96629.11,EUR,BR986,COMPLETED,31.66,CENTRAL,SAVINGS
TXN0005581,CUST3319,ACC591737,2024-08-05,CREDIT,-47242.03,USD,BR674,PENDING,97.79,CENTRAL,SAVINGS
TXN0008184,CUST7486,ACC398262,2024-02-28,PAYMENT,8310.88,GBP,BR590,COMPLETED,75.68,EAST,SAVINGS
TXN0006803,CUST2594,ACC949717,2024-12-08,CREDIT,-12567.31,USD,BR224,COMPLETED,47.91,WEST,MORTGAGE
TXN0008253,CUST8733,ACC853549,2024-01-08,CREDIT,48808.1,USD,BR324,PENDING,16.0,SOUTH,CREDIT
TXN0008456,CUST2684,ACC309984,2024-09-27,CREDIT,-2134.43,GBP,BR328,COMPLETED,15.21,SOUTH,LOAN
TXN0008358,CUST2048,ACC741963,2024-09-12,TRANSFER,16574.25,USD,BR293,COMPLETED,82.08,WEST,SAVINGS
TXN0009158,CUST3999,ACC223602,2024-01-14,TRANSFER,68917.74,AUD,BR161,COMPLETED,46.27,NORTH,LOAN
TXN0003442,CUST1920,ACC765607,2024-08-29,TRANSFER,64593.9,EUR,BR276,COMPLETED,35.14,EAST,LOAN
TXN0003613,CUST7280,ACC991613,2024-06-07,TRANSFER,82960.91,EUR,BR513,COMPLETED,,EAST,CREDIT
TXN0007330,CUST8371,ACC592738,2024-11-13,PAYMENT,82632.23,EUR,BR915,COMPLETED,10.2,WEST,CHECKING
TXN0005878,CUST5429,ACC267575,2024-01-21,DEBIT,43206.79,EUR,BR421,COMPLETED,23.4,EAST,LOAN
TXN0007334,CUST4458,ACC894210,2027-01-01,PAYMENT,28536.94,GBP,BR298,COMPLETED,7.71,WEST,LOAN
TXN0006480,CUST5478,ACC126702,2024-03-31,DEBIT,74608.57,USD,BR473,COMPLETED,28.07,SOUTH,
TXN0001295,CUST3815,ACC987936,2024-01-14,PAYMENT,45947.65,USD,BR920,REVERSED,,NORTH,CREDIT
TXN0001779,CUST6228,ACC339025,2024-11-28,PAYMENT,15497.94,USD,BR871,COMPLETED,72.35,WEST,LOAN
TXN0008609,CUST5454,ACC430479,2024-03-16,CREDIT,-13853.37,USD,BR138,PENDING,9.51,EAST,SAVINGS
TXN0002820,CUST3480,ACC974579,2024-08-12,TRANSFER,-37265.26,GBP,BR308,COMPLETED,99.01,SOUTH,SAVINGS
TXN0001318,CUST6724,ACC614958,2024-10-30,CREDIT,1472.13,USD,BR141,COMPLETED,83.58,SOUTH,SAVINGS
TXN0000116,CUST8433,ACC467645,2024-11-03,CREDIT,-15491.09,USD,BR454,COMPLETED,79.5,WEST,CHECKING
TXN0005491,CUST6434,ACC508856,2024-07-08,WITHDRAWAL,87011.62,AUD,BR683,REVERSED,82.33,CENTRAL,CHECKING
TXN0008133,CUST2071,ACC196799,2024-09-28,DEBIT,20377.53,USD,BR531,PENDING,17.61,WEST,CREDIT
TXN0008308,CUST2527,ACC362773,2024-01-05,DEBIT,-1089.44,EUR,BR994,COMPLETED,49.28,CENTRAL,CHECKING
TXN0001124,CUST6931,ACC630374,2024-05-30,PAYMENT,14769.18,,BR262,COMPLETED,87.02,CENTRAL,SAVINGS
TXN0005175,CUST6465,ACC614651,2024-01-23,DEBIT,10942.81,USD,BR457,,62.94,CENTRAL,SAVINGS
TXN0003638,CUST5764,ACC285469,2024-03-03,DEBIT,42910.19,USD,BR837,COMPLETED,13.08,EAST,CREDIT
TXN0008328,,ACC762215,2024-03-09,WITHDRAWAL,-26415.99,USD,BR845,,5.77,WEST,
TXN0002764,CUST8479,ACC651553,2024-01-05,CREDIT,96576.66,GBP,BR978,COMPLETED,39.81,NORTH,MORTGAGE
TXN0006088,CUST1104,ACC183269,2024-08-30,DEBIT,16808.1,EUR,BR145,COMPLETED,18.1,CENTRAL,LOAN
TXN0005174,CUST5995,ACC726774,2024-10-31,WITHDRAWAL,9700.0,AUD,BR521,COMPLETED,88.61,CENTRAL,LOAN
TXN0003683,CUST2654,ACC968543,2024-08-30,DEBIT,83561.07,EUR,BR183,COMPLETED,76.96,CENTRAL,CHECKING
TXN0004206,CUST4913,ACC972073,2024-06-21,CREDIT,92780.87,USD,BR804,COMPLETED,90.25,WEST,SAVINGS
TXN0006693,CUST2723,ACC688072,2024-08-31,CREDIT,95128.45,GBP,BR484,COMPLETED,41.05,CENTRAL,SAVINGS
TXN0001323,CUST3399,ACC310965,2024-02-01,DEBIT,92052.04,EUR,BR972,COMPLETED,37.25,NORTH,LOAN
TXN0007059,CUST7022,ACC327074,2024-03-05,CREDIT,15879.0,USD,BR660,COMPLETED,90.51,EAST,SAVINGS
TXN0009677,CUST9785,ACC775312,2024-10-07,PAYMENT,-47011.51,USD,BR558,COMPLETED,50.11,CENTRAL,SAVINGS
TXN0005340,CUST9383,ACC262794,2024-05-13,WITHDRAWAL,64347.44,EUR,BR888,COMPLETED,90.16,EAST,CREDIT
TXN0000544,CUST8022,ACC300445,2024-12-15,TRANSFER,69148.55,EUR,BR899,COMPLETED,79.21,SOUTH,MORTGAGE
TXN0000870,CUST5377,ACC193610,2024-03-13,CREDIT,79733.35,AUD,BR911,COMPLETED,30.68,NORTH,CHECKING
TXN0005545,CUST2897,ACC220878,2024-04-21,TRANSFER,14275.52,,BR761,COMPLETED,6.39,EAST,MORTGAGE
TXN0004116,CUST4441,ACC821211,2024-05-15,TRANSFER,33999.93,EUR,BR543,PENDING,98.67,CENTRAL,SAVINGS
TXN0000201,CUST6559,ACC313660,2024-12-11,TRANSFER,4958.04,EUR,BR154,COMPLETED,48.48,SOUTH,LOAN
TXN0002871,CUST1652,ACC738088,2024-01-05,WITHDRAWAL,95946.1,USD,BR640,PENDING,13.44,WEST,CHECKING
TXN0005523,CUST2517,ACC983566,2024-08-19,CREDIT,-33179.96,,BR111,COMPLETED,4.21,CENTRAL,CHECKING
TXN0002291,CUST3252,ACC381351,2024-03-15,DEBIT,34019.62,USD,BR504,REVERSED,24.1,WEST,LOAN
TXN0000288,CUST2127,ACC288540,2024-03-28,DEBIT,34531.12,USD,BR265,COMPLETED,55.04,NORTH,SAVINGS
TXN0005023,CUST2505,ACC197898,2024-05-21,TRANSFER,64443.85,EUR,BR431,COMPLETED,13.21,NORTH,CHECKING
TXN0005835,CUST2382,ACC431575,2024-10-29,TRANSFER,75341.59,USD,BR774,COMPLETED,75.38,WEST,LOAN
TXN0007568,CUST9805,ACC185980,2024-10-04,TRANSFER,24861.23,USD,BR671,COMPLETED,10.21,SOUTH,CHECKING
TXN0009510,CUST5582,ACC296800,2024-01-26,WITHDRAWAL,-15208.23,USD,BR292,REVERSED,94.64,WEST,CHECKING
TXN0004556,CUST2650,ACC645172,2024-03-26,TRANSFER,79094.98,USD,BR818,COMPLETED,61.71,SOUTH,LOAN
TXN0007474,CUST5382,ACC478887,2024-04-27,DEBIT,-25697.42,USD,BR834,FAILED,83.53,WEST,SAVINGS
TXN0004673,CUST9584,ACC917823,2024-02-12,DEBIT,66737.71,EUR,BR846,COMPLETED,24.75,EAST,CHECKING
TXN0008279,CUST1158,ACC994506,2024-11-24,CREDIT,4242.38,USD,BR223,COMPLETED,47.27,SOUTH,CHECKING
TXN0001388,CUST6401,ACC730707,2024-06-29,WITHDRAWAL,48016.69,USD,BR586,COMPLETED,79.79,CENTRAL,LOAN
TXN0006326,CUST3465,ACC344777,2024-04-06,DEBIT,52564.4,USD,BR693,PENDING,5.45,NORTH,LOAN
TXN0003915,CUST6281,ACC176603,2024-08-06,DEBIT,-1554.25,USD,BR918,COMPLETED,98.58,CENTRAL,SAVINGS
TXN0006489,CUST9037,ACC976686,2024-02-24,TRANSFER,-11249.51,USD,BR184,COMPLETED,91.36,WEST,LOAN
TXN0001565,CUST8840,ACC565087,2024-09-30,TRANSFER,-16702.85,USD,BR956,COMPLETED,52.58,CENTRAL,MORTGAGE
TXN0007169,CUST6169,ACC475015,2024-07-25,DEBIT,26932.29,AUD,BR962,COMPLETED,4.19,CENTRAL,SAVINGS
TXN0002478,CUST3910,ACC248195,2024-06-03,CREDIT,18041.75,EUR,BR174,COMPLETED,70.39,EAST,SAVINGS
TXN0009653,CUST8003,ACC194432,2024-06-11,DEBIT,83851.27,USD,BR705,COMPLETED,96.26,NORTH,LOAN
TXN0006229,CUST2605,ACC926556,2024-04-21,TRANSFER,99529.5,EUR,BR432,COMPLETED,69.91,EAST,MORTGAGE
TXN0008137,CUST4107,ACC779445,2024-10-14,DEBIT,48049.24,EUR,BR192,PENDING,15.57,NORTH,CHECKING
TXN0001195,CUST9313,ACC789115,2024-06-16,DEBIT,53875.09,EUR,BR153,COMPLETED,18.47,WEST,CHECKING
TXN0007221,CUST3519,ACC950879,2024-07-30,PAYMENT,14538.08,USD,BR901,COMPLETED,65.12,WEST,SAVINGS
TXN0008952,CUST3372,ACC647386,2024-07-08,CREDIT,-10329.33,EUR,BR656,COMPLETED,33.97,EAST,LOAN
TXN0004220,CUST2029,ACC615909,2024-07-03,DEBIT,94787.79,EUR,BR609,REVERSED,82.3,SOUTH,LOAN
TXN0005736,CUST1190,ACC667802,2024-11-15,CREDIT,28352.1,USD,BR244,COMPLETED,93.22,EAST,SAVINGS
TXN0004457,CUST5277,ACC270261,2024-10-20,CREDIT,61441.34,USD,BR665,COMPLETED,99.37,,LOAN
TXN0009862,CUST2541,ACC957103,2024-02-03,TRANSFER,27764.84,USD,BR902,PENDING,6.22,SOUTH,SAVINGS
TXN0003410,CUST3356,ACC105296,2024-02-10,DEBIT,14586.02,USD,BR259,FAILED,57.8,NORTH,CHECKING
TXN0004968,CUST8515,ACC468893,2024-11-11,CREDIT,-19927.77,EUR,BR938,COMPLETED,76.79,,LOAN
TXN0004702,CUST8480,ACC544612,2024-10-11,CREDIT,-31564.43,USD,BR974,COMPLETED,89.17,SOUTH,CREDIT
TXN0005060,CUST2475,ACC335372,2024-01-06,CREDIT,29289.78,USD,BR585,COMPLETED,55.37,WEST,SAVINGS
TXN0007477,,ACC157149,2024-10-19,TRANSFER,42383.76,USD,BR223,COMPLETED,64.99,WEST,LOAN
TXN0007821,CUST8401,ACC138185,2024-05-17,PAYMENT,-34908.68,USD,BR466,COMPLETED,30.62,CENTRAL,SAVINGS
TXN0002257,CUST1749,ACC839056,2024-05-17,TRANSFER,-30570.41,USD,BR523,COMPLETED,81.74,SOUTH,LOAN
TXN0003902,CUST9393,ACC355790,2024-08-24,TRANSFER,-14366.28,AUD,BR903,COMPLETED,73.51,CENTRAL,SAVINGS
TXN0003336,CUST5313,ACC965674,2024-03-26,DEBIT,41299.76,EUR,BR755,COMPLETED,82.59,EAST,SAVINGS
TXN0005592,CUST1475,ACC827309,2024-10-02,CREDIT,-25042.84,EUR,BR185,COMPLETED,35.75,SOUTH,LOAN
TXN0004465,CUST6570,ACC982298,2024-03-02,WITHDRAWAL,14802.91,EUR,BR320,COMPLETED,17.98,WEST,LOAN
TXN0004201,CUST2483,ACC515559,2024-10-31,PAYMENT,41983.71,USD,BR796,FAILED,5.46,NORTH,SAVINGS
TXN0008473,CUST1238,ACC406516,2024-08-26,PAYMENT,61682.81,USD,BR647,COMPLETED,75.59,NORTH,SAVINGS
TXN0004735,CUST1118,ACC604293,2024-04-21,CREDIT,74511.42,GBP,BR484,COMPLETED,46.79,SOUTH,CREDIT
TXN0004393,CUST3650,ACC999146,2024-12-04,TRANSFER,37511.94,EUR,BR617,COMPLETED,4.02,CENTRAL,CHECKING
TXN0002137,CUST7948,ACC333247,2024-12-01,CREDIT,44323.9,USD,BR927,COMPLETED,9.97,SOUTH,CREDIT
TXN0003780,CUST1202,ACC129365,2024-06-21,DEBIT,-471.54,AUD,BR496,COMPLETED,53.16,WEST,MORTGAGE
TXN0009575,CUST6544,ACC808576,2024-09-19,DEBIT,53741.97,USD,BR886,COMPLETED,92.75,SOUTH,MORTGAGE
TXN0000413,CUST6344,ACC176168,2024-12-20,DEBIT,26748.64,USD,BR316,COMPLETED,32.84,NORTH,LOAN
TXN0002179,CUST5508,ACC378172,2024-06-25,CREDIT,81264.46,GBP,BR921,COMPLETED,54.73,EAST,CREDIT
TXN0008970,CUST9444,ACC949042,2024-03-09,DEBIT,,USD,BR953,COMPLETED,21.23,WEST,LOAN
TXN0007975,CUST6583,ACC239399,2024-01-12,TRANSFER,-22194.66,GBP,BR790,COMPLETED,95.26,CENTRAL,CREDIT
TXN0009288,CUST1659,ACC448206,2024-07-24,CREDIT,94380.14,USD,BR507,COMPLETED,63.94,NORTH,CREDIT
TXN0008285,CUST7974,ACC621789,2024-01-04,DEBIT,-24974.72,USD,BR245,REVERSED,20.34,CENTRAL,
TXN0005766,CUST1548,ACC300241,2024-08-04,PAYMENT,-4556.47,AUD,BR682,FAILED,41.78,EAST,CHECKING
TXN0002559,CUST8801,ACC556633,2024-01-26,CREDIT,85046.35,USD,BR953,COMPLETED,48.3,WEST,CREDIT
TXN0006787,CUST7412,ACC906913,2024-01-04,TRANSFER,-26106.28,USD,BR714,PENDING,98.82,NORTH,LOAN
TXN0007822,CUST1684,ACC316943,2024-06-25,TRANSFER,70490.83,EUR,BR575,PENDING,25.0,WEST,CHECKING
TXN0004008,CUST4495,ACC656164,2024-08-02,DEBIT,23876.96,EUR,BR930,COMPLETED,19.08,WEST,SAVINGS
TXN0007096,CUST4385,ACC141750,2024-02-12,WITHDRAWAL,24474.85,USD,BR849,COMPLETED,94.24,,CHECKING
TXN0009324,CUST5623,ACC454084,2024-08-10,PAYMENT,51437.1,USD,BR775,COMPLETED,11.68,SOUTH,MORTGAGE
TXN0008972,CUST8107,ACC894544,2024-06-27,PAYMENT,-15398.52,USD,BR746,REVERSED,41.21,NORTH,LOAN
TXN0002506,CUST7932,ACC381170,2024-02-19,PAYMENT,3735.47,USD,BR638,COMPLETED,76.0,NORTH,SAVINGS
TXN0009999,CUST2861,ACC283630,2024-03-06,WITHDRAWAL,82831.86,USD,BR735,FAILED,38.95,EAST,CHECKING
TXN0004758,CUST2121,ACC861244,2024-04-21,CREDIT,-17213.45,USD,BR645,COMPLETED,45.73,CENTRAL,CREDIT
TXN0002190,CUST7688,ACC765607,2024-09-29,DEBIT,-24563.01,USD,BR971,COMPLETED,,WEST,CREDIT
TXN0009407,CUST4903,ACC555805,2024-10-07,PAYMENT,33396.14,USD,BR781,REVERSED,,SOUTH,CHECKING
TXN0008379,CUST7302,ACC757501,2024-05-25,CREDIT,99440.69,USD,BR226,PENDING,85.3,EAST,CHECKING
TXN0008089,CUST4018,ACC525642,2024-03-28,DEBIT,-44636.8,GBP,BR611,COMPLETED,49.87,WEST,CHECKING
TXN0001212,CUST6062,ACC465779,2024-07-04,DEBIT,-7406.41,EUR,BR319,COMPLETED,74.45,SOUTH,CHECKING
TXN0004087,CUST5748,ACC548264,2024-06-01,CREDIT,45214.55,EUR,BR665,COMPLETED,38.79,NORTH,LOAN
TXN0004820,CUST7375,ACC480160,2024-04-30,DEBIT,21509.61,USD,BR291,COMPLETED,71.32,NORTH,SAVINGS
TXN0000532,CUST1475,ACC150157,2024-10-30,CREDIT,-11112.94,EUR,BR388,PENDING,74.76,CENTRAL,CREDIT
TXN0003597,CUST6134,ACC274544,2024-02-02,PAYMENT,87704.68,USD,BR897,COMPLETED,17.33,WEST,SAVINGS
TXN0003102,CUST8552,ACC415917,2024-01-03,PAYMENT,3628.26,USD,BR362,COMPLETED,8.97,SOUTH,SAVINGS
TXN0005718,CUST6212,ACC400798,2024-07-28,WITHDRAWAL,-49262.83,USD,BR114,COMPLETED,28.56,CENTRAL,SAVINGS
TXN0008172,CUST9609,ACC964226,2024-05-09,CREDIT,99019.61,USD,BR344,COMPLETED,61.34,EAST,SAVINGS
TXN0008948,CUST3253,ACC215159,2024-03-21,CREDIT,11340.59,USD,BR538,COMPLETED,42.46,CENTRAL,SAVINGS
TXN0002332,CUST4984,ACC643842,2024-05-28,TRANSFER,34040.6,EUR,BR861,FAILED,93.65,CENTRAL,
TXN0009929,CUST6198,ACC709058,2024-09-07,DEBIT,63593.52,EUR,BR552,FAILED,87.85,WEST,CHECKING
TXN0008429,CUST3297,ACC933229,2024-07-23,PAYMENT,-27205.6,,BR409,COMPLETED,79.01,SOUTH,CHECKING
TXN0004170,CUST6004,ACC924076,2024-03-08,CREDIT,11983.13,USD,BR395,COMPLETED,35.24,WEST,SAVINGS
TXN0002971,CUST7568,ACC836296,2024-03-23,DEBIT,41259.46,AUD,BR739,FAILED,50.6,CENTRAL,SAVINGS
TXN0007901,CUST1602,ACC425416,2024-01-27,CREDIT,62029.07,USD,BR311,COMPLETED,35.76,WEST,CREDIT
TXN0006003,CUST6886,ACC830706,2024-06-09,CREDIT,-27655.68,USD,BR743,COMPLETED,83.98,SOUTH,LOAN
TXN0006077,CUST3703,ACC196158,2024-04-19,WITHDRAWAL,65891.22,USD,BR427,COMPLETED,61.77,WEST,MORTGAGE
TXN0007604,CUST4868,ACC181114,2024-11-22,CREDIT,3419.82,USD,BR697,COMPLETED,7.6,NORTH,SAVINGS
TXN0001778,CUST2739,ACC852204,2024-06-11,DEBIT,-33244.53,USD,BR396,COMPLETED,60.97,NORTH,SAVINGS
TXN0008433,CUST3794,ACC421078,2024-12-29,PAYMENT,27444.5,USD,BR400,COMPLETED,61.49,WEST,CREDIT
TXN0004295,CUST5644,ACC310062,2024-04-06,DEBIT,42394.79,USD,BR192,FAILED,11.28,CENTRAL,SAVINGS
TXN0006171,CUST1890,ACC850895,2024-02-26,CREDIT,-29431.04,USD,BR960,COMPLETED,65.59,WEST,SAVINGS
TXN0002436,CUST4977,ACC398239,2024-11-21,DEBIT,-19186.47,EUR,BR342,COMPLETED,14.95,SOUTH,CHECKING
TXN0000614,CUST3885,ACC181806,2024-09-19,WITHDRAWAL,33521.62,AUD,BR540,PENDING,69.09,SOUTH,LOAN
TXN0002608,CUST7431,ACC827759,2024-11-24,TRANSFER,34850.97,EUR,BR274,COMPLETED,19.31,WEST,LOAN
TXN0009922,CUST2775,ACC118931,2024-07-17,CREDIT,36123.59,GBP,BR940,COMPLETED,51.92,WEST,SAVINGS
TXN0002380,CUST2600,ACC496211,2024-02-17,DEBIT,70667.25,USD,BR801,PENDING,0.37,NORTH,CHECKING
TXN0005445,CUST8616,ACC468852,2024-01-15,DEBIT,68811.17,USD,BR573,COMPLETED,61.68,CENTRAL,CHECKING
