customer_id,customer_name,email,phone,age,credit_score,account_balance,kyc_status,segment,country
CUST1000,Customer_0,customer_0@email.com,+13374124588,46.0,730.0,473485.14,VERIFIED,CORPORATE,FR
CUST1001,Customer_1,customer_1@email.com,+13510493027,20.0,,257542.01,VERIFIED,RETAIL,US
CUST1002,Customer_2,customer_2@email.com,+16719282927,70.0,,431375.32,VERIFIED,RETAIL,UK
CUST1003,Customer_3,customer_3@email.com,+18740239429,77.0,593.0,983.11,VERIFIED,SME,UK
CUST1004,Customer_4,customer_4@email.com,+15260700172,38.0,,414598.17,PENDING,CORPORATE,UK
CUST1005,Customer_5,customer_5@email.com,+14604247747,64.0,621.0,123258.39,VERIFIED,RETAIL,FR
CUST1006,Customer_6,customer_6@email.com,+13364349654,44.0,621.0,251398.97,VERIFIED,PREMIUM,DE
CUST1007,Customer_7,customer_7@email.com,+14150005179,64.0,322.0,223762.99,VERIFIED,RETAIL,UK
CUST1008,Customer_8,customer_8@email.com,+11005626499,56.0,392.0,442386.62,VERIFIED,PREMIUM,FR
CUST1009,Customer_9,customer_9@email.com,+14930738955,60.0,706.0,388735.69,VERIFIED,PREMIUM,FR
CUST1010,Customer_10,,+14412482965,54.0,372.0,383473.38,VERIFIED,CORPORATE,US
CUST1011,Customer_11,customer_11@email.com,+16844651806,81.0,803.0,256438.97,VERIFIED,RETAIL,UK
CUST1012,Customer_12,customer_12@email.com,+17072532175,49.0,578.0,48142.6,VERIFIED,RETAIL,AU
CUST1013,Customer_13,customer_13@email.com,+12391389829,77.0,679.0,242752.99,VERIFIED,SME,FR
CUST1014,Customer_14,customer_14@email.com,+13916713665,73.0,439.0,341754.58,VERIFIED,SME,FR
CUST1015,Customer_15,customer_15@email.com,+18410053698,,501.0,436395.12,VERIFIED,SME,US
CUST1016,Customer_16,customer_16@email.com,+11874338569,56.0,,191072.75,VERIFIED,RETAIL,US
CUST1017,Customer_17,customer_17@email.com,+11337304303,32.0,515.0,396090.95,VERIFIED,RETAIL,DE
CUST1018,Customer_18,customer_18@email.com,+14922694089,19.0,690.0,340622.14,VERIFIED,RETAIL,DE
CUST1019,Customer_19,customer_19@email.com,+18042688872,61.0,462.0,327832.17,PENDING,PREMIUM,US
CUST1020,Customer_20,customer_20@email.com,+16659610255,37.0,571.0,102043.34,PENDING,PREMIUM,US
CUST1021,Customer_21,customer_21@email.com,+11665616543,40.0,317.0,242536.07,VERIFIED,PREMIUM,DE
CUST1022,Customer_22,customer_22@email.com,+17778166575,66.0,686.0,28326.24,VERIFIED,RETAIL,UK
CUST1023,Customer_23,customer_23@email.com,+16789575526,150.0,601.0,168565.38,FAILED,RETAIL,US
CUST1024,Customer_24,customer_24@email.com,+17678347576,82.0,723.0,216923.12,PENDING,RETAIL,DE
CUST1025,Customer_25,customer_25@email.com,+18721668561,65.0,341.0,349514.48,VERIFIED,RETAIL,FR
CUST1026,Customer_26,customer_26@email.com,+12233731661,33.0,689.0,149461.2,PENDING,RETAIL,FR
CUST1027,Customer_27,customer_27@email.com,+14370238187,61.0,816.0,185874.76,,PREMIUM,US
CUST1028,Customer_28,customer_28@email.com,+19996506166,41.0,391.0,334998.04,VERIFIED,SME,AU
CUST1029,Customer_29,customer_29@email.com,+11084109632,47.0,483.0,293417.43,VERIFIED,RETAIL,DE
CUST1030,Customer_30,customer_30@email.com,+15334513425,77.0,561.0,217848.9,VERIFIED,RETAIL,AU
CUST1031,Customer_31,customer_31@email.com,+14364562547,32.0,443.0,332462.42,VERIFIED,RETAIL,US
CUST1032,Customer_32,,+14254862837,51.0,485.0,410726.37,VERIFIED,CORPORATE,UK
CUST1033,Customer_33,customer_33@email.com,,77.0,654.0,118375.12,PENDING,RETAIL,UK
CUST1034,Customer_34,customer_34@email.com,+12388966857,27.0,733.0,37866.86,VERIFIED,CORPORATE,DE
CUST1035,Customer_35,customer_35@email.com,+17617638953,77.0,416.0,16051.59,FAILED,RETAIL,US
CUST1036,Customer_36,customer_36@email.com,+11335674720,28.0,511.0,315274.2,PENDING,CORPORATE,UK
CUST1037,Customer_37,,+11520497740,31.0,431.0,7015.09,PENDING,RETAIL,DE
CUST1038,Customer_38,customer_38@email.com,+14391611231,59.0,393.0,60595.76,VERIFIED,CORPORATE,DE
CUST1039,Customer_39,customer_39@email.com,,85.0,429.0,125362.71,VERIFIED,RETAIL,US
CUST1040,Customer_40,customer_40@email.com,+15285083885,53.0,556.0,122016.46,FAILED,PREMIUM,US
CUST1041,Customer_41,customer_41@email.com,+16184562688,82.0,628.0,243780.57,FAILED,PREMIUM,UK
CUST1042,Customer_42,customer_42@email.com,+16260144437,56.0,398.0,201398.05,FAILED,CORPORATE,AU
CUST1043,Customer_43,customer_43@email.com,+16454376836,20.0,683.0,10483.92,VERIFIED,SME,DE
CUST1044,Customer_44,,+17409883305,21.0,545.0,422504.72,VERIFIED,RETAIL,FR
CUST1045,Customer_45,customer_45@email.com,+11801447031,40.0,704.0,488051.88,,RETAIL,UK
CUST1046,Customer_46,customer_46@email.com,+13315406893,44.0,821.0,202875.44,VERIFIED,CORPORATE,US
CUST1047,Customer_47,customer_47@email.com,+16096526728,84.0,717.0,343659.33,VERIFIED,PREMIUM,US
CUST1048,Customer_48,customer_48@email.com,+18734080965,64.0,415.0,496231.29,VERIFIED,CORPORATE,US
CUST1049,Customer_49,customer_49@email.com,+15926714288,-5.0,316.0,397233.87,VERIFIED,SME,FR
CUST1050,Customer_50,customer_50@email.com,+16095508953,64.0,306.0,298658.23,VERIFIED,CORPORATE,DE
CUST1051,Customer_51,customer_51@email.com,+16772556727,83.0,300.0,113010.25,VERIFIED,CORPORATE,US
CUST1052,Customer_52,customer_52@email.com,+14982824253,48.0,762.0,87095.25,VERIFIED,PREMIUM,DE
CUST1053,Customer_53,customer_53@email.com,+17714413563,69.0,400.0,34203.54,VERIFIED,PREMIUM,FR
CUST1054,Customer_54,customer_54@email.com,+11057041857,,382.0,182989.35,,PREMIUM,UK
CUST1055,Customer_55,customer_55@email.com,+15886121921,48.0,310.0,374420.28,VERIFIED,SME,US
CUST1056,Customer_56,customer_56@email.com,+18336717914,79.0,605.0,124969.98,VERIFIED,SME,US
CUST1057,Customer_57,,+16281898985,46.0,574.0,23832.33,VERIFIED,RETAIL,UK
CUST1058,Customer_58,customer_58@email.com,+12481060121,25.0,645.0,466960.75,PENDING,RETAIL,US
CUST1059,Customer_59,customer_59@email.com,+13995873310,40.0,341.0,420013.12,VERIFIED,CORPORATE,FR
CUST1060,Customer_60,customer_60@email.com,+16214875152,81.0,465.0,415608.77,FAILED,CORPORATE,US
CUST1061,Customer_61,,+15249309413,29.0,421.0,304167.45,PENDING,PREMIUM,DE
CUST1062,Customer_62,customer_62@email.com,+11438919727,57.0,542.0,405789.25,VERIFIED,RETAIL,DE
CUST1063,Customer_63,customer_63@email.com,+12043407380,55.0,696.0,225165.62,VERIFIED,CORPORATE,US
CUST1064,Customer_64,customer_64@email.com,+12713491820,72.0,323.0,332888.38,VERIFIED,RETAIL,US
CUST1065,Customer_65,customer_65@email.com,+11753338402,42.0,357.0,492510.94,VERIFIED,CORPORATE,UK
CUST1066,Customer_66,customer_66@email.com,+19575954260,67.0,,388945.51,VERIFIED,CORPORATE,UK
CUST1067,Customer_67,customer_67@email.com,+16486824909,56.0,788.0,360480.69,VERIFIED,SME,DE
CUST1068,Customer_68,customer_68@email.com,+19411778362,35.0,646.0,449958.87,VERIFIED,RETAIL,US
CUST1069,Customer_69,customer_69@email.com,+15408079668,52.0,378.0,463515.98,VERIFIED,PREMIUM,
CUST1070,Customer_70,customer_70@email.com,+11647025150,46.0,676.0,48178.19,VERIFIED,RETAIL,US
CUST1071,Customer_71,customer_71@email.com,+19918168257,41.0,487.0,291364.06,VERIFIED,CORPORATE,US
CUST1072,Customer_72,customer_72@email.com,+15290215517,63.0,374.0,9952.18,VERIFIED,RETAIL,UK
CUST1073,Customer_73,customer_73@email.com,+18341224569,66.0,412.0,558.83,PENDING,PREMIUM,AU
CUST1074,Customer_74,customer_74@email.com,+15037010660,64.0,584.0,284034.04,PENDING,PREMIUM,AU
CUST1075,Customer_75,customer_75@email.com,+14792540042,39.0,638.0,399503.03,VERIFIED,CORPORATE,
CUST1076,Customer_76,customer_76@email.com,+11941441436,55.0,812.0,179465.77,VERIFIED,RETAIL,DE
CUST1077,Customer_77,customer_77@email.com,+16650033613,66.0,310.0,214364.2,VERIFIED,RETAIL,US
CUST1078,Customer_78,customer_78@email.com,+12760452203,37.0,488.0,341841.87,VERIFIED,RETAIL,UK
CUST1079,Customer_79,customer_79@email.com,+11996256705,29.0,437.0,476328.15,VERIFIED,CORPORATE,US
CUST1080,Customer_80,customer_80@email.com,+18201608247,37.0,363.0,387905.3,FAILED,RETAIL,AU
CUST1081,Customer_81,customer_81@email.com,+19790959802,18.0,843.0,423477.97,VERIFIED,PREMIUM,FR
CUST1082,Customer_82,customer_82@email.com,+19099377918,45.0,620.0,245546.67,VERIFIED,PREMIUM,AU
CUST1083,Customer_83,customer_83@email.com,+11956536086,63.0,390.0,226973.62,PENDING,RETAIL,US
CUST1084,Customer_84,customer_84@email.com,+11244909140,74.0,694.0,282351.24,VERIFIED,CORPORATE,AU
CUST1085,Customer_85,customer_85@email.com,+16919090231,,569.0,100156.9,VERIFIED,RETAIL,US
CUST1086,Customer_86,customer_86@email.com,+11008292588,23.0,790.0,349116.77,VERIFIED,RETAIL,US
CUST1087,Customer_87,customer_87@email.com,+14162000851,85.0,542.0,117662.37,VERIFIED,RETAIL,US
CUST1088,Customer_88,customer_88@email.com,+13017513874,21.0,782.0,219210.94,VERIFIED,SME,US
CUST1089,Customer_89,,+13921925783,71.0,662.0,143433.94,VERIFIED,,AU
CUST1090,Customer_90,customer_90@email.com,+14365183897,36.0,352.0,493647.31,PENDING,RETAIL,US
CUST1091,Customer_91,customer_91@email.com,+14762340700,20.0,591.0,305622.42,VERIFIED,RETAIL,US
CUST1092,Customer_92,customer_92@email.com,+15433725395,37.0,748.0,440.83,VERIFIED,RETAIL,DE
CUST1093,Customer_93,customer_93@email.com,+14063031539,22.0,595.0,327603.44,VERIFIED,RETAIL,US
CUST1094,Customer_94,customer_94@email.com,+11545130834,70.0,809.0,392442.75,VERIFIED,RETAIL,DE
CUST1095,Customer_95,customer_95@email.com,+13509958456,71.0,591.0,409207.85,FAILED,RETAIL,US
CUST1096,Customer_96,customer_96@email.com,+17446691101,18.0,722.0,36707.38,VERIFIED,RETAIL,AU
CUST1097,Customer_97,customer_97@email.com,+14978824268,,843.0,411578.59,VERIFIED,CORPORATE,US
CUST1098,Customer_98,customer_98@email.com,+18929889610,85.0,405.0,466227.63,PENDING,CORPORATE,US
CUST1099,Customer_99,customer_99@email.com,+13832203785,77.0,596.0,424177.3,VERIFIED,PREMIUM,US
CUST1100,Customer_100,customer_100@email.com,+12981441417,37.0,376.0,77180.25,VERIFIED,PREMIUM,US
CUST1101,Customer_101,customer_101@email.com,+14072275740,33.0,589.0,350545.2,VERIFIED,CORPORATE,US
CUST1102,Customer_102,customer_102@email.com,+12171997231,19.0,653.0,190551.07,VERIFIED,RETAIL,US
CUST1103,Customer_103,customer_103@email.com,+16497935254,80.0,,381460.08,VERIFIED,SME,AU
CUST1104,Customer_104,customer_104@email.com,+19037766735,24.0,381.0,234968.64,VERIFIED,RETAIL,UK
CUST1105,Customer_105,customer_105@email.com,+19424112332,55.0,832.0,321604.32,VERIFIED,RETAIL,FR
CUST1106,Customer_106,customer_106@email.com,,84.0,422.0,459759.94,VERIFIED,RETAIL,US
CUST1107,Customer_107,customer_107@email.com,+19940474907,19.0,823.0,488522.13,VERIFIED,PREMIUM,US
CUST1108,Customer_108,customer_108@email.com,+15461790202,83.0,536.0,345776.78,VERIFIED,CORPORATE,US
CUST1109,Customer_109,customer_109@email.com,+16267641798,150.0,713.0,488122.59,VERIFIED,PREMIUM,AU
CUST1110,Customer_110,customer_110@email.com,+12527196716,34.0,598.0,182777.67,VERIFIED,SME,FR
CUST1111,Customer_111,,+14727476815,76.0,470.0,229349.67,VERIFIED,RETAIL,DE
CUST1112,Customer_112,customer_112@email.com,+14922054669,59.0,744.0,251366.64,PENDING,RETAIL,UK
CUST1113,Customer_113,customer_113@email.com,+15139311884,31.0,793.0,436317.67,VERIFIED,RETAIL,DE
CUST1114,Customer_114,customer_114@email.com,+12357232877,74.0,661.0,87436.16,PENDING,RETAIL,US
CUST1115,Customer_115,customer_115@email.com,+11886053971,31.0,444.0,42537.65,VERIFIED,PREMIUM,UK
CUST1116,Customer_116,customer_116@email.com,+11242466517,71.0,371.0,45362.07,PENDING,RETAIL,US
CUST1117,Customer_117,customer_117@email.com,+11725124131,28.0,302.0,82105.34,VERIFIED,SME,US
CUST1118,Customer_118,customer_118@email.com,+13543393143,69.0,347.0,93869.82,VERIFIED,RETAIL,US
CUST1119,Customer_119,customer_119@email.com,+19240269011,70.0,334.0,318080.38,PENDING,RETAIL,AU
CUST1120,Customer_120,customer_120@email.com,+18902319714,77.0,653.0,178947.34,PENDING,RETAIL,US
CUST1121,Customer_121,customer_121@email.com,+15923581185,40.0,360.0,382371.46,VERIFIED,RETAIL,US
CUST1122,Customer_122,customer_122@email.com,+11301444374,35.0,457.0,302626.32,VERIFIED,PREMIUM,US
CUST1123,Customer_123,customer_123@email.com,+16412191748,35.0,576.0,475502.72,PENDING,RETAIL,US
CUST1124,Customer_124,customer_124@email.com,+14021494631,33.0,656.0,334556.4,VERIFIED,RETAIL,US
CUST1125,Customer_125,customer_125@email.com,+16013904485,48.0,352.0,442408.11,VERIFIED,CORPORATE,UK
CUST1126,Customer_126,customer_126@email.com,+14848691221,80.0,379.0,162116.61,FAILED,PREMIUM,US
CUST1127,Customer_127,customer_127@email.com,+11569325353,56.0,580.0,322962.18,,,UK
CUST1128,Customer_128,customer_128@email.com,+14629718700,77.0,318.0,357178.45,VERIFIED,CORPORATE,UK
CUST1129,Customer_129,customer_129@email.com,+11967440256,69.0,749.0,188536.95,PENDING,PREMIUM,DE
CUST1130,Customer_130,customer_130@email.com,+18614902486,80.0,710.0,387318.26,VERIFIED,RETAIL,AU
CUST1131,Customer_131,customer_131@email.com,+15129205065,58.0,502.0,90359.18,VERIFIED,CORPORATE,FR
CUST1132,Customer_132,customer_132@email.com,+13674287171,56.0,761.0,276095.63,VERIFIED,CORPORATE,FR
CUST1133,Customer_133,customer_133@email.com,+16981132662,24.0,427.0,354313.68,VERIFIED,CORPORATE,US
CUST1134,Customer_134,customer_134@email.com,+13230402113,84.0,531.0,1977.12,VERIFIED,RETAIL,UK
CUST1135,Customer_135,customer_135@email.com,+11249283785,70.0,695.0,355980.47,VERIFIED,PREMIUM,
CUST1136,Customer_136,customer_136@email.com,+13443895493,67.0,366.0,20911.91,VERIFIED,CORPORATE,AU
CUST1137,Customer_137,,+15464376365,78.0,368.0,327280.81,VERIFIED,RETAIL,US
CUST1138,Customer_138,customer_138@email.com,,27.0,654.0,210243.44,VERIFIED,CORPORATE,US
CUST1139,Customer_139,customer_139@email.com,+11747950835,69.0,476.0,370417.33,VERIFIED,RETAIL,AU
CUST1140,Customer_140,customer_140@email.com,+18861161962,,783.0,281931.75,VERIFIED,RETAIL,US
CUST1141,Customer_141,customer_141@email.com,,20.0,500.0,347762.04,VERIFIED,RETAIL,DE
CUST1142,Customer_142,customer_142@email.com,+14586324974,83.0,789.0,330294.94,VERIFIED,RETAIL,UK
CUST1143,Customer_143,customer_143@email.com,+14619367599,48.0,331.0,33230.32,VERIFIED,PREMIUM,US
CUST1144,Customer_144,customer_144@email.com,+18949523358,51.0,740.0,341608.54,VERIFIED,CORPORATE,DE
CUST1145,Customer_145,customer_145@email.com,+16689146795,27.0,492.0,193253.56,VERIFIED,SME,US
CUST1146,Customer_146,customer_146@email.com,+14870362666,29.0,826.0,380366.52,PENDING,RETAIL,US
CUST1147,Customer_147,customer_147@email.com,+19238020366,37.0,712.0,261449.09,VERIFIED,CORPORATE,US
CUST1148,Customer_148,customer_148@email.com,+14599369023,23.0,645.0,372293.74,VERIFIED,SME,FR
CUST1149,Customer_149,customer_149@email.com,+14110258728,82.0,542.0,90981.57,VERIFIED,CORPORATE,US
CUST1150,Customer_150,customer_150@email.com,+16705306417,32.0,675.0,281589.66,VERIFIED,CORPORATE,US
CUST1151,Customer_151,customer_151@email.com,+18338952257,27.0,805.0,436765.08,VERIFIED,RETAIL,
CUST1152,Customer_152,customer_152@email.com,+13347433015,44.0,469.0,430019.39,VERIFIED,PREMIUM,UK
CUST1153,Customer_153,customer_153@email.com,+14470711268,20.0,336.0,260829.93,VERIFIED,SME,FR
CUST1154,Customer_154,customer_154@email.com,+16908042406,20.0,,51804.88,VERIFIED,RETAIL,AU
CUST1155,Customer_155,customer_155@email.com,+17272279230,56.0,707.0,51990.11,VERIFIED,PREMIUM,US
CUST1156,Customer_156,customer_156@email.com,+17964939366,80.0,584.0,454038.49,VERIFIED,RETAIL,UK
CUST1157,Customer_157,customer_157@email.com,+17591921249,23.0,681.0,10678.08,VERIFIED,RETAIL,US
CUST1158,Customer_158,customer_158@email.com,+17180393767,25.0,448.0,374083.92,VERIFIED,CORPORATE,FR
CUST1159,Customer_159,customer_159@email.com,+14198180390,30.0,819.0,111647.59,VERIFIED,SME,DE
CUST1160,Customer_160,customer_160@email.com,+17643963972,34.0,575.0,366434.85,FAILED,PREMIUM,US
CUST1161,Customer_161,,+11105145988,69.0,433.0,87146.11,VERIFIED,CORPORATE,US
CUST1162,Customer_162,customer_162@email.com,+11855401445,43.0,468.0,400362.32,VERIFIED,RETAIL,US
CUST1163,Customer_163,customer_163@email.com,+13271050816,77.0,796.0,225563.7,VERIFIED,RETAIL,DE
CUST1164,Customer_164,,+16181660176,55.0,805.0,233685.18,VERIFIED,CORPORATE,US
CUST1165,Customer_165,customer_165@email.com,+12600874557,51.0,558.0,244813.8,VERIFIED,PREMIUM,UK
CUST1166,Customer_166,customer_166@email.com,+15919349011,45.0,385.0,373854.51,,CORPORATE,UK
CUST1167,Customer_167,customer_167@email.com,+11920112812,68.0,816.0,117732.89,VERIFIED,SME,UK
CUST1168,Customer_168,customer_168@email.com,+16166832097,78.0,620.0,326641.13,VERIFIED,RETAIL,US
CUST1169,Customer_169,customer_169@email.com,+14030911546,82.0,391.0,440170.21,VERIFIED,RETAIL,FR
CUST1170,Customer_170,customer_170@email.com,+17699639556,29.0,796.0,296636.39,VERIFIED,CORPORATE,US
CUST1171,Customer_171,customer_171@email.com,+13996650715,22.0,566.0,36848.57,VERIFIED,RETAIL,UK
CUST1172,Customer_172,customer_172@email.com,+19500188097,65.0,355.0,56978.57,,SME,US
CUST1173,Customer_173,customer_173@email.com,+16199852496,69.0,786.0,494528.95,VERIFIED,RETAIL,US
CUST1174,Customer_174,customer_174@email.com,+16849952698,84.0,481.0,461078.7,PENDING,RETAIL,UK
CUST1175,Customer_175,customer_175@email.com,+14076745574,45.0,770.0,55652.6,FAILED,,UK
CUST1176,Customer_176,customer_176@email.com,+11140856364,62.0,,479342.77,VERIFIED,CORPORATE,US
CUST1177,Customer_177,,+13893839364,44.0,530.0,393434.21,PENDING,RETAIL,DE
CUST1178,Customer_178,customer_178@email.com,+11387331922,85.0,621.0,167295.44,PENDING,RETAIL,UK
CUST1179,Customer_179,customer_179@email.com,+15199812996,31.0,423.0,251453.65,VERIFIED,SME,UK
CUST1180,Customer_180,customer_180@email.com,,29.0,673.0,412299.48,FAILED,RETAIL,FR
CUST1181,Customer_181,customer_181@email.com,+12743740635,54.0,365.0,427583.22,VERIFIED,RETAIL,FR
CUST1182,Customer_182,,+18406852554,78.0,647.0,340470.25,VERIFIED,SME,AU
CUST1183,Customer_183,customer_183@email.com,+16097328500,42.0,752.0,451096.14,PENDING,RETAIL,US
CUST1184,Customer_184,customer_184@email.com,+15302338153,63.0,715.0,139368.34,VERIFIED,CORPORATE,US
CUST1185,Customer_185,customer_185@email.com,+11438275331,50.0,692.0,172552.73,VERIFIED,RETAIL,FR
CUST1186,Customer_186,customer_186@email.com,+16157600307,38.0,429.0,251807.33,VERIFIED,CORPORATE,AU
CUST1187,Customer_187,customer_187@email.com,+15675778409,26.0,488.0,82971.84,VERIFIED,RETAIL,UK
CUST1188,Customer_188,customer_188@email.com,+12815339164,83.0,427.0,481287.77,VERIFIED,SME,UK
CUST1189,Customer_189,customer_189@email.com,+16568709316,84.0,617.0,38139.06,VERIFIED,RETAIL,US
CUST1190,Customer_190,customer_190@email.com,+15902394367,66.0,603.0,479826.81,VERIFIED,PREMIUM,US
CUST1191,Customer_191,customer_191@email.com,+18196042447,44.0,817.0,202503.28,FAILED,RETAIL,US
CUST1192,Customer_192,customer_192@email.com,+12501498224,42.0,733.0,431198.21,VERIFIED,SME,US
CUST1193,Customer_193,customer_193@email.com,+11502824057,45.0,804.0,161361.75,VERIFIED,RETAIL,FR
CUST1194,Customer_194,customer_194@email.com,+14961050922,34.0,812.0,51310.76,PENDING,RETAIL,US
CUST1195,Customer_195,customer_195@email.com,+13879204491,79.0,642.0,300879.05,VERIFIED,RETAIL,US
CUST1196,Customer_196,customer_196@email.com,,46.0,450.0,446535.47,VERIFIED,RETAIL,AU
CUST1197,Customer_197,customer_197@email.com,+19092132290,54.0,303.0,483939.46,VERIFIED,PREMIUM,UK
CUST1198,Customer_198,customer_198@email.com,+17088298901,43.0,713.0,50894.79,PENDING,RETAIL,UK
CUST1199,Customer_199,customer_199@email.com,+14263125517,73.0,405.0,301720.57,VERIFIED,RETAIL,US
CUST1200,Customer_200,customer_200@email.com,+19869577154,18.0,327.0,448900.74,VERIFIED,RETAIL,AU
CUST1201,Customer_201,customer_201@email.com,+13792008687,72.0,532.0,376058.29,VERIFIED,RETAIL,DE
CUST1202,Customer_202,customer_202@email.com,+11015503474,23.0,555.0,232913.13,PENDING,RETAIL,DE
CUST1203,Customer_203,customer_203@email.com,+13390309631,54.0,617.0,329789.08,VERIFIED,RETAIL,UK
CUST1204,Customer_204,customer_204@email.com,+18032301499,53.0,532.0,56255.94,VERIFIED,RETAIL,UK
CUST1205,Customer_205,customer_205@email.com,+17617964543,83.0,841.0,283993.06,PENDING,CORPORATE,FR
CUST1206,Customer_206,customer_206@email.com,+12726850633,68.0,619.0,175859.03,VERIFIED,CORPORATE,US
CUST1207,Customer_207,customer_207@email.com,+11691261797,50.0,380.0,448592.53,VERIFIED,PREMIUM,US
CUST1208,Customer_208,customer_208@email.com,+17690082373,26.0,678.0,242520.94,VERIFIED,RETAIL,US
CUST1209,Customer_209,customer_209@email.com,+18234823446,24.0,411.0,124413.73,VERIFIED,RETAIL,US
CUST1210,Customer_210,customer_210@email.com,,22.0,576.0,74893.49,VERIFIED,RETAIL,US
CUST1211,Customer_211,customer_211@email.com,+12885415128,53.0,698.0,411895.59,PENDING,SME,UK
CUST1212,Customer_212,customer_212@email.com,+18979046428,82.0,721.0,477524.57,PENDING,RETAIL,DE
CUST1213,Customer_213,customer_213@email.com,+17899396205,54.0,323.0,278147.2,VERIFIED,RETAIL,US
CUST1214,Customer_214,,+14377430443,67.0,633.0,19505.76,VERIFIED,RETAIL,DE
CUST1215,Customer_215,customer_215@email.com,+11026477522,62.0,534.0,300616.31,PENDING,CORPORATE,US
CUST1216,Customer_216,customer_216@email.com,+18985890719,79.0,444.0,45990.68,VERIFIED,RETAIL,US
CUST1217,Customer_217,customer_217@email.com,+11064331598,40.0,480.0,394911.78,PENDING,CORPORATE,AU
CUST1218,Customer_218,customer_218@email.com,+17010867019,60.0,430.0,252711.74,PENDING,CORPORATE,UK
CUST1219,Customer_219,customer_219@email.com,+16643255215,33.0,617.0,247324.2,VERIFIED,RETAIL,AU
CUST1220,Customer_220,customer_220@email.com,,65.0,580.0,345520.4,VERIFIED,RETAIL,FR
CUST1221,Customer_221,customer_221@email.com,+14411772926,48.0,532.0,120921.34,FAILED,PREMIUM,UK
CUST1222,Customer_222,customer_222@email.com,+11503066238,,468.0,21194.7,FAILED,RETAIL,US
CUST1223,Customer_223,customer_223@email.com,+19043809539,45.0,504.0,283485.01,VERIFIED,RETAIL,US
CUST1224,Customer_224,customer_224@email.com,+16220574887,69.0,720.0,175644.44,FAILED,PREMIUM,FR
CUST1225,Customer_225,customer_225@email.com,+17794807341,57.0,749.0,470386.29,VERIFIED,RETAIL,AU
CUST1226,Customer_226,customer_226@email.com,+12789689578,150.0,406.0,306638.09,VERIFIED,CORPORATE,US
CUST1227,Customer_227,customer_227@email.com,+11644723320,57.0,765.0,335287.43,VERIFIED,CORPORATE,US
CUST1228,Customer_228,customer_228@email.com,+12237973828,30.0,633.0,380252.71,VERIFIED,RETAIL,DE
CUST1229,Customer_229,,+18729041827,27.0,341.0,286318.51,VERIFIED,RETAIL,DE
CUST1230,Customer_230,customer_230@email.com,+11983411672,48.0,825.0,71231.75,VERIFIED,CORPORATE,US
CUST1231,Customer_231,customer_231@email.com,+17458262044,44.0,556.0,210635.27,VERIFIED,PREMIUM,DE
CUST1232,Customer_232,customer_232@email.com,+19140910508,55.0,724.0,261143.59,VERIFIED,RETAIL,FR
CUST1233,Customer_233,customer_233@email.com,+16807093973,56.0,789.0,386493.68,VERIFIED,RETAIL,US
CUST1234,Customer_234,customer_234@email.com,+14792596770,65.0,847.0,221401.42,VERIFIED,RETAIL,AU
CUST1235,Customer_235,customer_235@email.com,+11557139748,26.0,569.0,228530.84,VERIFIED,RETAIL,FR
CUST1236,Customer_236,customer_236@email.com,+12789302229,54.0,802.0,191007.63,FAILED,SME,UK
CUST1237,Customer_237,customer_237@email.com,+13614219943,79.0,700.0,412537.2,VERIFIED,CORPORATE,FR
CUST1238,Customer_238,customer_238@email.com,+12687477948,51.0,504.0,208460.03,VERIFIED,CORPORATE,FR
CUST1239,Customer_239,customer_239@email.com,+19403714574,45.0,626.0,197812.31,VERIFIED,CORPORATE,DE
CUST1240,Customer_240,customer_240@email.com,+15891114320,45.0,736.0,389085.03,VERIFIED,PREMIUM,DE
CUST1241,Customer_241,customer_241@email.com,+15801700003,25.0,666.0,241507.58,VERIFIED,RETAIL,UK
CUST1242,Customer_242,customer_242@email.com,+11314008759,33.0,,28645.89,VERIFIED,PREMIUM,US
CUST1243,Customer_243,customer_243@email.com,+12593111913,33.0,801.0,170013.33,VERIFIED,CORPORATE,UK
CUST1244,Customer_244,customer_244@email.com,+19314818053,53.0,300.0,440448.43,VERIFIED,RETAIL,US
CUST1245,Customer_245,customer_245@email.com,+15236282520,79.0,727.0,14835.94,PENDING,RETAIL,UK
CUST1246,Customer_246,customer_246@email.com,+18056115201,26.0,553.0,455107.34,VERIFIED,CORPORATE,AU
CUST1247,Customer_247,customer_247@email.com,+14444136427,64.0,430.0,431965.57,FAILED,RETAIL,US
CUST1248,Customer_248,customer_248@email.com,+18272667126,74.0,310.0,302951.16,VERIFIED,PREMIUM,FR
CUST1249,Customer_249,customer_249@email.com,,42.0,529.0,100670.69,VERIFIED,PREMIUM,US
CUST1250,Customer_250,customer_250@email.com,+19375216428,65.0,524.0,357134.54,VERIFIED,CORPORATE,DE
CUST1251,Customer_251,customer_251@email.com,+12965639623,83.0,508.0,221730.15,VERIFIED,RETAIL,UK
CUST1252,Customer_252,customer_252@email.com,+12450155034,80.0,624.0,314571.19,PENDING,RETAIL,US
CUST1253,Customer_253,customer_253@email.com,+12565374288,45.0,763.0,250716.39,VERIFIED,CORPORATE,US
CUST1254,Customer_254,customer_254@email.com,+19036436897,-5.0,465.0,9846.23,VERIFIED,RETAIL,FR
CUST1255,Customer_255,customer_255@email.com,+14426962329,27.0,760.0,85850.62,VERIFIED,RETAIL,UK
CUST1256,Customer_256,customer_256@email.com,+13982811328,19.0,515.0,340683.25,VERIFIED,RETAIL,AU
CUST1257,Customer_257,customer_257@email.com,+15728537381,45.0,578.0,422504.9,VERIFIED,RETAIL,DE
CUST1258,Customer_258,customer_258@email.com,+14991735321,27.0,739.0,493141.56,VERIFIED,CORPORATE,AU
CUST1259,Customer_259,customer_259@email.com,+16568395845,70.0,397.0,252385.85,VERIFIED,RETAIL,US
CUST1260,Customer_260,customer_260@email.com,+12335771693,64.0,484.0,159564.96,VERIFIED,RETAIL,AU
CUST1261,Customer_261,customer_261@email.com,+15643555586,40.0,,379274.42,VERIFIED,CORPORATE,US
CUST1262,Customer_262,customer_262@email.com,+19067957983,28.0,554.0,161936.89,VERIFIED,RETAIL,AU
CUST1263,Customer_263,customer_263@email.com,+14627372756,73.0,326.0,135402.07,,CORPORATE,UK
CUST1264,Customer_264,customer_264@email.com,+16789770970,46.0,632.0,398042.18,VERIFIED,RETAIL,DE
CUST1265,Customer_265,customer_265@email.com,+19363149575,76.0,690.0,154921.2,VERIFIED,RETAIL,US
CUST1266,Customer_266,customer_266@email.com,+18909544188,55.0,756.0,369353.31,VERIFIED,RETAIL,FR
CUST1267,Customer_267,customer_267@email.com,+15067029346,29.0,728.0,380272.96,VERIFIED,RETAIL,US
CUST1268,Customer_268,customer_268@email.com,+17920016090,41.0,791.0,80789.97,VERIFIED,RETAIL,US
CUST1269,Customer_269,customer_269@email.com,+11976392072,44.0,589.0,443591.57,VERIFIED,RETAIL,US
CUST1270,Customer_270,customer_270@email.com,+15499078623,61.0,769.0,329739.55,PENDING,RETAIL,US
CUST1271,Customer_271,customer_271@email.com,+18691539028,23.0,676.0,321582.57,VERIFIED,RETAIL,AU
CUST1272,Customer_272,customer_272@email.com,+17941076630,32.0,316.0,122923.15,VERIFIED,SME,US
CUST1273,Customer_273,customer_273@email.com,+13056351700,36.0,809.0,122660.78,VERIFIED,CORPORATE,US
CUST1274,Customer_274,customer_274@email.com,+15454177600,65.0,805.0,423457.86,VERIFIED,SME,AU
CUST1275,Customer_275,customer_275@email.com,+14491643558,20.0,848.0,67091.17,VERIFIED,SME,AU
CUST1276,Customer_276,customer_276@email.com,+12044036630,19.0,435.0,300408.22,VERIFIED,PREMIUM,FR
CUST1277,Customer_277,customer_277@email.com,+13709629007,67.0,627.0,394569.82,PENDING,PREMIUM,FR
CUST1278,Customer_278,customer_278@email.com,+15593452616,63.0,601.0,379361.77,VERIFIED,RETAIL,US
CUST1279,Customer_279,customer_279@email.com,+13845701201,83.0,540.0,460562.27,VERIFIED,RETAIL,FR
CUST1280,Customer_280,customer_280@email.com,+12986448775,27.0,606.0,496521.33,VERIFIED,RETAIL,UK
CUST1281,Customer_281,customer_281@email.com,+13310952172,39.0,739.0,47602.51,VERIFIED,RETAIL,US
CUST1282,Customer_282,customer_282@email.com,+11449602227,43.0,665.0,422704.49,VERIFIED,RETAIL,AU
CUST1283,Customer_283,customer_283@email.com,+13939931899,31.0,737.0,484334.7,PENDING,,US
CUST1284,Customer_284,customer_284@email.com,+13780748648,59.0,331.0,478591.34,VERIFIED,RETAIL,UK
CUST1285,Customer_285,,+15215470197,27.0,575.0,54732.87,VERIFIED,SME,AU
CUST1286,Customer_286,customer_286@email.com,+18300772184,47.0,808.0,72160.84,VERIFIED,SME,AU
CUST1287,Customer_287,customer_287@email.com,+11264582381,83.0,594.0,426272.42,VERIFIED,PREMIUM,UK
CUST1288,Customer_288,customer_288@email.com,+11164856927,19.0,594.0,55878.47,VERIFIED,CORPORATE,US
CUST1289,Customer_289,customer_289@email.com,+15920313435,22.0,761.0,369594.06,VERIFIED,RETAIL,US
CUST1290,Customer_290,customer_290@email.com,+18527467287,22.0,659.0,290802.05,VERIFIED,CORPORATE,AU
CUST1291,Customer_291,customer_291@email.com,+13320595357,48.0,481.0,208881.16,VERIFIED,RETAIL,AU
CUST1292,Customer_292,customer_292@email.com,+11644520752,70.0,313.0,47038.7,PENDING,RETAIL,AU
CUST1293,Customer_293,customer_293@email.com,+12072736531,18.0,659.0,187631.02,FAILED,RETAIL,AU
CUST1294,Customer_294,customer_294@email.com,+11354839798,58.0,674.0,34410.89,VERIFIED,RETAIL,DE
CUST1295,Customer_295,customer_295@email.com,+15835173218,50.0,451.0,111259.64,VERIFIED,RETAIL,AU
CUST1296,Customer_296,customer_296@email.com,+12549806976,59.0,610.0,72321.42,VERIFIED,RETAIL,US
CUST1297,Customer_297,customer_297@email.com,+18390291203,57.0,323.0,186775.18,VERIFIED,CORPORATE,DE
CUST1298,Customer_298,customer_298@email.com,+14716588698,69.0,838.0,8455.45,,CORPORATE,US
CUST1299,Customer_299,customer_299@email.com,+14512364025,84.0,470.0,31493.74,VERIFIED,CORPORATE,US
CUST1300,Customer_300,customer_300@email.com,+14184265406,27.0,689.0,229744.68,VERIFIED,PREMIUM,UK
CUST1301,Customer_301,,+12085541092,19.0,538.0,207323.95,,CORPORATE,DE
CUST1302,Customer_302,customer_302@email.com,+12345432860,79.0,552.0,6321.73,VERIFIED,PREMIUM,FR
CUST1303,Customer_303,customer_303@email.com,+16034564693,52.0,619.0,444012.54,VERIFIED,RETAIL,US
CUST1304,Customer_304,customer_304@email.com,+11871595668,71.0,489.0,216136.21,VERIFIED,CORPORATE,FR
CUST1305,Customer_305,customer_305@email.com,+13090722398,71.0,633.0,22187.77,PENDING,PREMIUM,UK
CUST1306,Customer_306,customer_306@email.com,+14526739122,73.0,691.0,251647.04,VERIFIED,,US
CUST1307,Customer_307,customer_307@email.com,+15676084405,24.0,843.0,300050.78,VERIFIED,RETAIL,UK
CUST1308,Customer_308,customer_308@email.com,+11377393855,18.0,550.0,480396.47,VERIFIED,PREMIUM,US
CUST1309,Customer_309,customer_309@email.com,+19628700387,43.0,571.0,305038.37,PENDING,RETAIL,FR
CUST1310,Customer_310,customer_310@email.com,+18514845353,38.0,721.0,418103.27,PENDING,SME,DE
CUST1311,Customer_311,customer_311@email.com,+19745129863,63.0,398.0,479074.41,VERIFIED,SME,US
CUST1312,Customer_312,customer_312@email.com,+12781244937,62.0,568.0,10899.96,PENDING,SME,DE
CUST1313,Customer_313,customer_313@email.com,+19557977453,42.0,522.0,212598.27,VERIFIED,RETAIL,UK
CUST1314,Customer_314,customer_314@email.com,+19201418834,85.0,584.0,444925.87,VERIFIED,RETAIL,UK
CUST1315,Customer_315,customer_315@email.com,+12999765338,60.0,430.0,307401.65,VERIFIED,RETAIL,US
CUST1316,Customer_316,customer_316@email.com,+15901521532,24.0,421.0,426827.57,FAILED,RETAIL,US
CUST1317,Customer_317,customer_317@email.com,+13473223151,30.0,679.0,92705.02,VERIFIED,CORPORATE,US
CUST1318,Customer_318,customer_318@email.com,,37.0,669.0,360450.24,VERIFIED,RETAIL,US
CUST1319,Customer_319,customer_319@email.com,+12863821617,58.0,615.0,369319.26,VERIFIED,RETAIL,DE
CUST1320,Customer_320,customer_320@email.com,+15969760256,34.0,804.0,26615.76,VERIFIED,RETAIL,AU
CUST1321,Customer_321,customer_321@email.com,,48.0,802.0,128496.21,VERIFIED,CORPORATE,UK
CUST1322,Customer_322,customer_322@email.com,+18168267770,29.0,454.0,437832.27,VERIFIED,CORPORATE,UK
CUST1323,Customer_323,customer_323@email.com,,65.0,571.0,272563.75,FAILED,RETAIL,UK
CUST1324,Customer_324,customer_324@email.com,+16652956424,65.0,534.0,391366.0,PENDING,CORPORATE,FR
CUST1325,Customer_325,customer_325@email.com,+19011008559,81.0,,13881.44,,RETAIL,DE
CUST1326,Customer_326,customer_326@email.com,+14195581108,58.0,691.0,18273.42,VERIFIED,CORPORATE,US
CUST1327,Customer_327,customer_327@email.com,+17179070927,84.0,825.0,248895.15,VERIFIED,RETAIL,US
CUST1328,Customer_328,customer_328@email.com,+17362517645,56.0,771.0,339691.22,VERIFIED,RETAIL,UK
CUST1329,Customer_329,customer_329@email.com,+13261216688,37.0,647.0,56931.76,PENDING,RETAIL,FR
CUST1330,Customer_330,customer_330@email.com,+11568207165,,670.0,40150.87,VERIFIED,CORPORATE,AU
CUST1331,Customer_331,customer_331@email.com,+13490284248,81.0,774.0,374593.44,PENDING,PREMIUM,US
CUST1332,Customer_332,customer_332@email.com,+13755985743,68.0,659.0,364835.89,VERIFIED,RETAIL,US
CUST1333,Customer_333,customer_333@email.com,+11268932335,32.0,651.0,346498.78,VERIFIED,PREMIUM,US
CUST1334,Customer_334,customer_334@email.com,+14189214323,71.0,412.0,244170.72,VERIFIED,CORPORATE,FR
CUST1335,Customer_335,customer_335@email.com,+17369704194,40.0,,330558.11,VERIFIED,CORPORATE,
CUST1336,Customer_336,customer_336@email.com,+12052234342,63.0,626.0,20992.73,VERIFIED,RETAIL,DE
CUST1337,Customer_337,customer_337@email.com,+11064055570,65.0,429.0,295314.63,VERIFIED,RETAIL,FR
CUST1338,Customer_338,customer_338@email.com,+17971688385,82.0,495.0,473469.24,VERIFIED,RETAIL,DE
CUST1339,Customer_339,customer_339@email.com,+18227877865,54.0,559.0,128265.41,VERIFIED,RETAIL,US
CUST1340,Customer_340,customer_340@email.com,+12926632688,67.0,767.0,319041.38,VERIFIED,RETAIL,US
CUST1341,Customer_341,customer_341@email.com,+12917742332,62.0,678.0,373921.96,FAILED,SME,US
CUST1342,Customer_342,customer_342@email.com,+12734501730,19.0,,193291.56,VERIFIED,RETAIL,US
CUST1343,Customer_343,customer_343@email.com,+13840675039,18.0,453.0,478960.25,FAILED,SME,US
CUST1344,Customer_344,customer_344@email.com,+18536942563,26.0,574.0,219643.21,VERIFIED,SME,US
CUST1345,Customer_345,customer_345@email.com,+11989846771,85.0,567.0,301452.57,VERIFIED,,FR
CUST1346,Customer_346,,+18416004004,34.0,447.0,263532.69,PENDING,PREMIUM,UK
CUST1347,Customer_347,customer_347@email.com,+15966481132,28.0,661.0,351240.69,PENDING,PREMIUM,DE
CUST1348,Customer_348,customer_348@email.com,+19772456920,41.0,772.0,378430.06,VERIFIED,RETAIL,FR
CUST1349,Customer_349,customer_349@email.com,+14630679357,81.0,529.0,469692.77,PENDING,PREMIUM,DE
CUST1350,Customer_350,customer_350@email.com,+11605856553,37.0,361.0,24251.53,PENDING,RETAIL,DE
CUST1351,Customer_351,customer_351@email.com,+19161634557,30.0,361.0,254889.33,VERIFIED,PREMIUM,DE
CUST1352,Customer_352,customer_352@email.com,+11106941654,80.0,384.0,298646.21,VERIFIED,CORPORATE,US
CUST1353,Customer_353,customer_353@email.com,+19107135592,28.0,539.0,377116.25,VERIFIED,PREMIUM,US
CUST1354,Customer_354,customer_354@email.com,+18049145562,68.0,578.0,91280.5,VERIFIED,RETAIL,AU
CUST1355,Customer_355,customer_355@email.com,+15982226888,32.0,805.0,133250.73,VERIFIED,SME,US
CUST1356,Customer_356,customer_356@email.com,+12899837971,85.0,434.0,195737.33,PENDING,CORPORATE,DE
CUST1357,Customer_357,customer_357@email.com,+18377447133,80.0,370.0,375261.66,PENDING,CORPORATE,AU
CUST1358,Customer_358,customer_358@email.com,+17431743344,76.0,811.0,447596.03,VERIFIED,CORPORATE,US
CUST1359,Customer_359,customer_359@email.com,+15215993101,42.0,844.0,116230.1,VERIFIED,CORPORATE,US
CUST1360,Customer_360,customer_360@email.com,+19092259309,54.0,775.0,118007.52,PENDING,CORPORATE,DE
CUST1361,Customer_361,customer_361@email.com,+11088475176,19.0,811.0,185550.03,VERIFIED,CORPORATE,US
CUST1362,Customer_362,customer_362@email.com,+16901224475,45.0,646.0,385827.21,VERIFIED,RETAIL,US
CUST1363,Customer_363,customer_363@email.com,+11391854347,56.0,721.0,423914.17,VERIFIED,RETAIL,US
CUST1364,Customer_364,customer_364@email.com,+14850748220,48.0,597.0,385328.09,VERIFIED,RETAIL,US
CUST1365,Customer_365,customer_365@email.com,+15686767165,49.0,836.0,276190.05,VERIFIED,RETAIL,AU
CUST1366,Customer_366,customer_366@email.com,+16287504281,70.0,633.0,395502.87,VERIFIED,PREMIUM,US
CUST1367,Customer_367,customer_367@email.com,+14332948220,42.0,736.0,245966.21,VERIFIED,RETAIL,UK
CUST1368,Customer_368,customer_368@email.com,+17398123690,44.0,433.0,429930.06,VERIFIED,RETAIL,
CUST1369,Customer_369,customer_369@email.com,+12503489408,32.0,716.0,264128.39,VERIFIED,CORPORATE,UK
CUST1370,Customer_370,customer_370@email.com,+16149049854,73.0,465.0,420293.01,VERIFIED,PREMIUM,US
CUST1371,Customer_371,customer_371@email.com,+12301344500,66.0,776.0,433981.04,VERIFIED,RETAIL,US
CUST1372,Customer_372,customer_372@email.com,+13349484838,48.0,324.0,463447.53,VERIFIED,CORPORATE,US
CUST1373,Customer_373,customer_373@email.com,+14098718631,59.0,325.0,140609.19,VERIFIED,SME,FR
CUST1374,Customer_374,customer_374@email.com,+12563383786,62.0,686.0,20110.72,,RETAIL,AU
CUST1375,Customer_375,customer_375@email.com,+17873536740,150.0,442.0,498881.58,VERIFIED,RETAIL,DE
CUST1376,Customer_376,customer_376@email.com,+19683105737,55.0,655.0,217662.51,VERIFIED,RETAIL,AU
CUST1377,Customer_377,customer_377@email.com,+17343604177,66.0,,409966.63,VERIFIED,PREMIUM,US
CUST1378,Customer_378,customer_378@email.com,+19356509189,42.0,652.0,291212.55,VERIFIED,RETAIL,UK
CUST1379,Customer_379,,+18539897078,43.0,,15852.36,VERIFIED,SME,US
CUST1380,Customer_380,customer_380@email.com,+15925502215,79.0,339.0,469856.57,VERIFIED,PREMIUM,US
CUST1381,Customer_381,customer_381@email.com,+19926349327,61.0,414.0,130501.76,VERIFIED,CORPORATE,DE
CUST1382,Customer_382,customer_382@email.com,+16963837160,65.0,615.0,425901.45,PENDING,PREMIUM,AU
CUST1383,Customer_383,customer_383@email.com,,33.0,388.0,469616.84,VERIFIED,RETAIL,UK
CUST1384,Customer_384,customer_384@email.com,+17137333211,69.0,457.0,260367.58,VERIFIED,RETAIL,DE
CUST1385,Customer_385,customer_385@email.com,+16030573779,22.0,840.0,253463.83,VERIFIED,CORPORATE,US
CUST1386,Customer_386,customer_386@email.com,+11562883663,78.0,600.0,182827.89,VERIFIED,SME,US
CUST1387,Customer_387,customer_387@email.com,+18174112698,30.0,568.0,74844.48,VERIFIED,RETAIL,US
CUST1388,Customer_388,customer_388@email.com,+18495981490,36.0,594.0,178653.67,VERIFIED,CORPORATE,AU
CUST1389,Customer_389,customer_389@email.com,+18201735451,42.0,778.0,242471.98,VERIFIED,RETAIL,UK
CUST1390,Customer_390,customer_390@email.com,+13480070403,81.0,630.0,19407.68,VERIFIED,RETAIL,AU
CUST1391,Customer_391,customer_391@email.com,,62.0,452.0,177038.87,VERIFIED,CORPORATE,US
CUST1392,Customer_392,customer_392@email.com,+16345591379,72.0,665.0,33933.98,VERIFIED,RETAIL,DE
CUST1393,Customer_393,customer_393@email.com,+18700320860,65.0,734.0,425427.83,VERIFIED,CORPORATE,US
CUST1394,Customer_394,customer_394@email.com,+16931417903,69.0,,49579.89,VERIFIED,SME,FR
CUST1395,Customer_395,customer_395@email.com,+17468848141,50.0,807.0,115444.57,VERIFIED,RETAIL,AU
CUST1396,Customer_396,customer_396@email.com,+17740014138,42.0,373.0,131947.5,VERIFIED,RETAIL,US
CUST1397,Customer_397,customer_397@email.com,+18974591967,24.0,560.0,305407.66,VERIFIED,RETAIL,US
CUST1398,Customer_398,customer_398@email.com,,37.0,799.0,52454.96,VERIFIED,CORPORATE,US
CUST1399,Customer_399,customer_399@email.com,+18060664946,69.0,503.0,414589.62,VERIFIED,CORPORATE,UK
CUST1400,Customer_400,customer_400@email.com,+14563325843,36.0,809.0,221878.66,VERIFIED,CORPORATE,DE
CUST1401,Customer_401,customer_401@email.com,+15732753442,75.0,713.0,496634.34,VERIFIED,,UK
CUST1402,Customer_402,customer_402@email.com,+17347660538,62.0,,388004.68,VERIFIED,PREMIUM,US
CUST1403,Customer_403,customer_403@email.com,+12798015519,35.0,715.0,463071.08,PENDING,CORPORATE,FR
CUST1404,Customer_404,customer_404@email.com,+19678900584,82.0,491.0,131284.83,VERIFIED,RETAIL,UK
CUST1405,Customer_405,customer_405@email.com,+11023624920,55.0,610.0,493111.33,VERIFIED,RETAIL,AU
CUST1406,Customer_406,customer_406@email.com,+15030396382,84.0,463.0,49257.09,PENDING,RETAIL,UK
CUST1407,Customer_407,customer_407@email.com,+18055860220,80.0,666.0,434703.78,VERIFIED,PREMIUM,UK
CUST1408,Customer_408,customer_408@email.com,+18973156754,61.0,372.0,205965.12,VERIFIED,PREMIUM,US
CUST1409,Customer_409,customer_409@email.com,+14288159174,25.0,837.0,400690.9,PENDING,RETAIL,UK
CUST1410,Customer_410,customer_410@email.com,+14108488369,-5.0,403.0,83698.65,,CORPORATE,US
CUST1411,Customer_411,customer_411@email.com,+13789670634,67.0,469.0,398348.2,VERIFIED,SME,AU
CUST1412,Customer_412,customer_412@email.com,+13795748256,77.0,483.0,188108.12,VERIFIED,RETAIL,US
CUST1413,Customer_413,customer_413@email.com,+11636388981,66.0,341.0,373782.3,VERIFIED,PREMIUM,AU
CUST1414,Customer_414,customer_414@email.com,+14124523072,68.0,530.0,320335.71,PENDING,RETAIL,DE
CUST1415,Customer_415,customer_415@email.com,+16809705288,80.0,301.0,129585.52,VERIFIED,PREMIUM,AU
CUST1416,Customer_416,customer_416@email.com,+14054798689,77.0,803.0,421155.95,VERIFIED,CORPORATE,UK
CUST1417,Customer_417,customer_417@email.com,+15454490699,34.0,738.0,51010.12,VERIFIED,RETAIL,FR
CUST1418,Customer_418,customer_418@email.com,+15183924296,33.0,627.0,133837.93,VERIFIED,RETAIL,FR
CUST1419,Customer_419,customer_419@email.com,+16045983100,43.0,746.0,211224.99,VERIFIED,CORPORATE,DE
CUST1420,Customer_420,customer_420@email.com,+15027209584,26.0,744.0,337023.19,VERIFIED,RETAIL,US
CUST1421,Customer_421,customer_421@email.com,+12879259987,20.0,679.0,58030.65,VERIFIED,RETAIL,AU
CUST1422,Customer_422,customer_422@email.com,+16328945368,34.0,322.0,213189.36,VERIFIED,CORPORATE,US
CUST1423,Customer_423,customer_423@email.com,+11665753539,82.0,646.0,416909.31,VERIFIED,RETAIL,UK
CUST1424,Customer_424,customer_424@email.com,+13333028917,81.0,517.0,185110.68,FAILED,RETAIL,AU
CUST1425,Customer_425,customer_425@email.com,+13355176822,71.0,463.0,319910.39,PENDING,RETAIL,US
CUST1426,Customer_426,customer_426@email.com,+12280996564,43.0,632.0,142028.5,VERIFIED,CORPORATE,UK
CUST1427,Customer_427,customer_427@email.com,+19682840377,80.0,510.0,303603.3,VERIFIED,SME,UK
CUST1428,Customer_428,customer_428@email.com,+17752735795,22.0,648.0,413023.75,VERIFIED,PREMIUM,DE
CUST1429,Customer_429,customer_429@email.com,+17624017564,75.0,576.0,173643.42,VERIFIED,RETAIL,UK
CUST1430,Customer_430,customer_430@email.com,+12954107950,75.0,632.0,263372.23,VERIFIED,CORPORATE,UK
CUST1431,Customer_431,customer_431@email.com,,150.0,546.0,220436.99,VERIFIED,SME,AU
CUST1432,Customer_432,customer_432@email.com,+16036327242,60.0,375.0,25308.56,VERIFIED,CORPORATE,FR
CUST1433,Customer_433,customer_433@email.com,+19679311132,72.0,718.0,336334.72,VERIFIED,RETAIL,US
CUST1434,Customer_434,customer_434@email.com,+17390080227,75.0,440.0,245333.99,VERIFIED,PREMIUM,UK
CUST1435,Customer_435,customer_435@email.com,+17597330366,46.0,318.0,269267.08,VERIFIED,SME,US
CUST1436,Customer_436,customer_436@email.com,+19119604499,26.0,439.0,349296.76,VERIFIED,RETAIL,AU
CUST1437,Customer_437,customer_437@email.com,+13748092067,26.0,308.0,206593.17,PENDING,RETAIL,US
CUST1438,Customer_438,customer_438@email.com,+19905060117,22.0,658.0,390816.02,FAILED,PREMIUM,UK
CUST1439,Customer_439,customer_439@email.com,+16874430744,83.0,322.0,2498.0,PENDING,PREMIUM,AU
CUST1440,Customer_440,customer_440@email.com,+16410784582,69.0,474.0,209149.56,VERIFIED,RETAIL,UK
CUST1441,Customer_441,customer_441@email.com,+19151397898,84.0,804.0,309921.71,VERIFIED,RETAIL,AU
CUST1442,Customer_442,customer_442@email.com,+15770935913,52.0,473.0,131912.88,VERIFIED,CORPORATE,US
CUST1443,Customer_443,customer_443@email.com,+13145380314,-5.0,368.0,474577.53,VERIFIED,RETAIL,US
CUST1444,Customer_444,customer_444@email.com,+12871233625,58.0,799.0,247929.36,VERIFIED,RETAIL,US
CUST1445,Customer_445,customer_445@email.com,+17514032694,55.0,834.0,262828.89,FAILED,PREMIUM,UK
CUST1446,Customer_446,customer_446@email.com,+11174752711,22.0,717.0,118869.27,VERIFIED,RETAIL,FR
CUST1447,Customer_447,customer_447@email.com,+14109956593,44.0,598.0,199704.76,VERIFIED,PREMIUM,US
CUST1448,Customer_448,customer_448@email.com,+11029721659,,589.0,262038.32,VERIFIED,SME,US
CUST1449,Customer_449,customer_449@email.com,+13457367028,72.0,464.0,326436.95,VERIFIED,SME,US
CUST1450,Customer_450,customer_450@email.com,+18961721739,26.0,304.0,35754.33,FAILED,RETAIL,US
CUST1451,Customer_451,customer_451@email.com,+11165966075,64.0,624.0,210383.75,VERIFIED,CORPORATE,UK
CUST1452,Customer_452,customer_452@email.com,+14811564281,58.0,837.0,445721.21,FAILED,RETAIL,US
CUST1453,Customer_453,customer_453@email.com,+12065411147,63.0,781.0,20739.11,PENDING,CORPORATE,DE
CUST1454,Customer_454,customer_454@email.com,+12447480722,31.0,332.0,285965.66,VERIFIED,CORPORATE,FR
CUST1455,Customer_455,customer_455@email.com,+18876782597,79.0,815.0,70250.29,PENDING,RETAIL,US
CUST1456,Customer_456,customer_456@email.com,+14930960517,59.0,590.0,82644.02,VERIFIED,RETAIL,DE
CUST1457,Customer_457,customer_457@email.com,+18670234637,68.0,650.0,177384.6,PENDING,RETAIL,UK
CUST1458,Customer_458,customer_458@email.com,+19717305577,62.0,404.0,184544.53,VERIFIED,RETAIL,AU
CUST1459,Customer_459,customer_459@email.com,+11067435729,61.0,767.0,383837.03,FAILED,RETAIL,FR
CUST1460,Customer_460,customer_460@email.com,+18961796898,75.0,,139478.39,VERIFIED,RETAIL,UK
CUST1461,Customer_461,customer_461@email.com,+11133689751,28.0,458.0,363547.15,VERIFIED,RETAIL,DE
CUST1462,Customer_462,customer_462@email.com,+12547344803,32.0,594.0,198850.09,VERIFIED,RETAIL,FR
CUST1463,Customer_463,customer_463@email.com,+18594069654,27.0,839.0,310593.88,VERIFIED,RETAIL,AU
CUST1464,Customer_464,customer_464@email.com,+13555573777,21.0,359.0,276583.58,VERIFIED,SME,US
CUST1465,Customer_465,customer_465@email.com,+15652747912,79.0,549.0,309057.5,PENDING,RETAIL,US
CUST1466,Customer_466,customer_466@email.com,+18630645623,60.0,574.0,48392.84,FAILED,RETAIL,US
CUST1467,Customer_467,,+17228272467,,791.0,179812.65,VERIFIED,CORPORATE,DE
CUST1468,Customer_468,customer_468@email.com,+14464405394,74.0,714.0,424558.47,VERIFIED,CORPORATE,AU
CUST1469,Customer_469,customer_469@email.com,+17093223371,23.0,793.0,78448.08,VERIFIED,CORPORATE,US
CUST1470,Customer_470,customer_470@email.com,+17632072973,34.0,744.0,235225.05,PENDING,RETAIL,UK
CUST1471,Customer_471,customer_471@email.com,+18690301011,55.0,470.0,175332.63,FAILED,RETAIL,AU
CUST1472,Customer_472,customer_472@email.com,+12012759357,53.0,448.0,497157.35,VERIFIED,SME,US
CUST1473,Customer_473,customer_473@email.com,+11604775821,29.0,404.0,75035.25,VERIFIED,RETAIL,AU
CUST1474,Customer_474,customer_474@email.com,+17517481777,36.0,709.0,241353.15,PENDING,CORPORATE,US
CUST1475,Customer_475,customer_475@email.com,+19357387720,33.0,332.0,229462.35,VERIFIED,PREMIUM,US
CUST1476,Customer_476,customer_476@email.com,+15898756209,41.0,777.0,275559.89,VERIFIED,CORPORATE,US
CUST1477,Customer_477,customer_477@email.com,+13956881936,36.0,617.0,88504.08,VERIFIED,SME,US
CUST1478,Customer_478,customer_478@email.com,+18642162213,58.0,613.0,226335.62,VERIFIED,RETAIL,DE
CUST1479,Customer_479,customer_479@email.com,+14031358356,33.0,836.0,485749.27,VERIFIED,SME,UK
CUST1480,Customer_480,customer_480@email.com,+14832681521,18.0,752.0,1880.47,VERIFIED,SME,UK
CUST1481,Customer_481,customer_481@email.com,+19192040440,22.0,,300477.36,VERIFIED,CORPORATE,FR
CUST1482,Customer_482,,+16317826448,31.0,675.0,92299.61,VERIFIED,PREMIUM,US
CUST1483,Customer_483,customer_483@email.com,+17124749445,47.0,612.0,296380.53,VERIFIED,PREMIUM,UK
CUST1484,Customer_484,customer_484@email.com,+14275692632,39.0,,107833.95,VERIFIED,SME,US
CUST1485,Customer_485,customer_485@email.com,+17741512529,54.0,543.0,174674.74,VERIFIED,PREMIUM,AU
CUST1486,Customer_486,customer_486@email.com,+15867115787,80.0,486.0,398402.68,PENDING,RETAIL,US
CUST1487,Customer_487,customer_487@email.com,+19130759539,85.0,581.0,1403.0,VERIFIED,CORPORATE,US
CUST1488,Customer_488,customer_488@email.com,,64.0,316.0,283374.27,VERIFIED,RETAIL,US
CUST1489,Customer_489,customer_489@email.com,+16615445888,29.0,446.0,359681.84,VERIFIED,SME,AU
CUST1490,Customer_490,customer_490@email.com,+17080817683,74.0,415.0,120334.8,PENDING,CORPORATE,AU
CUST1491,Customer_491,customer_491@email.com,+18929819861,70.0,654.0,214234.54,FAILED,SME,FR
CUST1492,Customer_492,customer_492@email.com,+16306375744,52.0,589.0,89441.69,FAILED,SME,AU
CUST1493,Customer_493,customer_493@email.com,+11037769692,70.0,719.0,335267.4,VERIFIED,RETAIL,UK
CUST1494,Customer_494,customer_494@email.com,+14995591390,27.0,630.0,71299.92,VERIFIED,RETAIL,DE
CUST1495,Customer_495,customer_495@email.com,+18752921074,57.0,601.0,117145.94,VERIFIED,RETAIL,US
CUST1496,Customer_496,customer_496@email.com,+15607895237,47.0,543.0,120005.28,PENDING,RETAIL,US
CUST1497,Customer_497,customer_497@email.com,+14852725986,73.0,340.0,327695.61,PENDING,RETAIL,AU
CUST1498,Customer_498,customer_498@email.com,+13986341607,21.0,640.0,181032.33,PENDING,RETAIL,FR
CUST1499,Customer_499,customer_499@email.com,+15333284523,47.0,334.0,414600.3,VERIFIED,PREMIUM,US
CUST1500,Customer_500,customer_500@email.com,+11614956302,50.0,643.0,250055.95,VERIFIED,RETAIL,US
CUST1501,Customer_501,customer_501@email.com,+15014162649,67.0,807.0,104978.36,PENDING,CORPORATE,DE
CUST1502,Customer_502,customer_502@email.com,+12965793921,49.0,782.0,58036.87,PENDING,CORPORATE,US
CUST1503,Customer_503,customer_503@email.com,+19481658783,73.0,532.0,199337.5,VERIFIED,RETAIL,US
CUST1504,Customer_504,customer_504@email.com,+17812163394,28.0,575.0,104481.02,VERIFIED,RETAIL,US
CUST1505,Customer_505,customer_505@email.com,+13150013842,67.0,493.0,432655.3,FAILED,CORPORATE,DE
CUST1506,Customer_506,customer_506@email.com,+11186581634,73.0,802.0,480805.15,FAILED,PREMIUM,AU
CUST1507,Customer_507,customer_507@email.com,+17486216875,37.0,798.0,481353.2,VERIFIED,SME,UK
CUST1508,Customer_508,customer_508@email.com,+15419283280,63.0,727.0,385833.37,PENDING,RETAIL,US
CUST1509,Customer_509,customer_509@email.com,+17891592577,20.0,785.0,85203.53,PENDING,PREMIUM,US
CUST1510,Customer_510,customer_510@email.com,+14080977650,23.0,525.0,399673.43,VERIFIED,SME,DE
CUST1511,Customer_511,customer_511@email.com,+14345799548,20.0,653.0,343280.2,VERIFIED,RETAIL,US
CUST1512,Customer_512,customer_512@email.com,+15710222415,85.0,620.0,46706.83,FAILED,CORPORATE,US
CUST1513,Customer_513,customer_513@email.com,+12306344559,28.0,569.0,114744.23,FAILED,,
CUST1514,Customer_514,customer_514@email.com,+17220996007,72.0,714.0,386014.24,PENDING,PREMIUM,US
CUST1515,Customer_515,customer_515@email.com,+15103112584,35.0,433.0,461301.31,VERIFIED,CORPORATE,US
CUST1516,Customer_516,customer_516@email.com,+13737056001,56.0,615.0,29768.58,VERIFIED,PREMIUM,US
CUST1517,Customer_517,customer_517@email.com,+14391363260,32.0,356.0,304217.26,PENDING,,US
CUST1518,Customer_518,customer_518@email.com,+16143973204,61.0,514.0,270578.44,VERIFIED,RETAIL,US
CUST1519,Customer_519,customer_519@email.com,+14974355950,68.0,496.0,428360.85,VERIFIED,CORPORATE,US
CUST1520,Customer_520,customer_520@email.com,+19031995575,46.0,731.0,45506.83,PENDING,SME,AU
CUST1521,Customer_521,,+11492278458,49.0,484.0,205831.71,FAILED,RETAIL,DE
CUST1522,Customer_522,,+19592410215,39.0,317.0,390097.0,VERIFIED,PREMIUM,AU
CUST1523,Customer_523,customer_523@email.com,,19.0,642.0,459762.5,FAILED,RETAIL,US
CUST1524,Customer_524,customer_524@email.com,+14749196986,44.0,446.0,484391.67,VERIFIED,RETAIL,DE
CUST1525,Customer_525,customer_525@email.com,+18942723559,28.0,624.0,229858.72,VERIFIED,CORPORATE,UK
CUST1526,Customer_526,customer_526@email.com,+18716148660,57.0,772.0,328045.74,VERIFIED,PREMIUM,US
CUST1527,Customer_527,customer_527@email.com,,24.0,318.0,461991.58,PENDING,CORPORATE,US
CUST1528,Customer_528,customer_528@email.com,+12299319595,62.0,679.0,398369.78,VERIFIED,PREMIUM,US
CUST1529,Customer_529,customer_529@email.com,+18088875379,82.0,742.0,263853.65,VERIFIED,PREMIUM,US
CUST1530,Customer_530,customer_530@email.com,+12825710475,79.0,607.0,148078.75,FAILED,CORPORATE,DE
CUST1531,Customer_531,customer_531@email.com,+13911825646,19.0,385.0,167058.56,VERIFIED,RETAIL,UK
CUST1532,Customer_532,customer_532@email.com,,40.0,594.0,225353.33,FAILED,SME,US
CUST1533,Customer_533,customer_533@email.com,+11085230812,47.0,466.0,269353.76,VERIFIED,PREMIUM,US
CUST1534,Customer_534,customer_534@email.com,+14326805600,44.0,731.0,284575.13,VERIFIED,RETAIL,US
CUST1535,Customer_535,,+17398972364,43.0,520.0,361795.11,PENDING,RETAIL,AU
CUST1536,Customer_536,customer_536@email.com,+14615338680,44.0,465.0,328100.96,VERIFIED,RETAIL,US
CUST1537,Customer_537,customer_537@email.com,+11216570998,30.0,312.0,2373.59,FAILED,PREMIUM,AU
CUST1538,Customer_538,customer_538@email.com,+14210479168,28.0,399.0,235274.87,VERIFIED,RETAIL,US
CUST1539,Customer_539,,+14501026734,34.0,542.0,215217.37,FAILED,RETAIL,US
CUST1540,Customer_540,customer_540@email.com,+16914265193,80.0,528.0,281390.68,VERIFIED,RETAIL,UK
CUST1541,Customer_541,customer_541@email.com,+12141983942,77.0,516.0,86772.96,VERIFIED,PREMIUM,DE
CUST1542,Customer_542,customer_542@email.com,+13411435960,70.0,631.0,465027.53,VERIFIED,SME,UK
CUST1543,Customer_543,customer_543@email.com,+11981916284,64.0,396.0,366089.97,PENDING,SME,US
CUST1544,Customer_544,customer_544@email.com,+13089054423,51.0,476.0,256174.79,VERIFIED,SME,US
CUST1545,Customer_545,customer_545@email.com,+19336634865,18.0,707.0,18119.44,VERIFIED,PREMIUM,US
CUST1546,Customer_546,customer_546@email.com,+16754582651,46.0,460.0,430220.7,,RETAIL,US
CUST1547,Customer_547,customer_547@email.com,+13339961791,25.0,402.0,236235.63,VERIFIED,SME,AU
CUST1548,Customer_548,customer_548@email.com,+11199867915,69.0,734.0,195592.85,VERIFIED,RETAIL,AU
CUST1549,Customer_549,customer_549@email.com,+18719088627,48.0,569.0,279262.89,VERIFIED,RETAIL,AU
CUST1550,Customer_550,customer_550@email.com,+15657556133,49.0,303.0,369789.25,VERIFIED,CORPORATE,FR
CUST1551,Customer_551,customer_551@email.com,+18089346535,55.0,438.0,336331.51,VERIFIED,RETAIL,US
CUST1552,Customer_552,customer_552@email.com,+19368873299,85.0,797.0,42186.24,VERIFIED,PREMIUM,US
CUST1553,Customer_553,,+19427599472,28.0,801.0,52414.93,VERIFIED,PREMIUM,UK
CUST1554,Customer_554,customer_554@email.com,+17188151591,50.0,825.0,87040.09,VERIFIED,SME,DE
CUST1555,Customer_555,customer_555@email.com,+17978500971,63.0,791.0,65004.14,VERIFIED,RETAIL,UK
CUST1556,Customer_556,customer_556@email.com,+15655568619,150.0,547.0,364674.11,VERIFIED,CORPORATE,AU
CUST1557,Customer_557,customer_557@email.com,+15648408963,25.0,719.0,87758.92,PENDING,RETAIL,
CUST1558,Customer_558,customer_558@email.com,+14022973515,57.0,339.0,287938.78,FAILED,PREMIUM,
CUST1559,Customer_559,customer_559@email.com,+19657459549,69.0,727.0,329247.05,,PREMIUM,AU
CUST1560,Customer_560,customer_560@email.com,+13917540416,28.0,569.0,439184.27,VERIFIED,RETAIL,DE
CUST1561,Customer_561,customer_561@email.com,+15824681483,52.0,356.0,370238.26,VERIFIED,PREMIUM,AU
CUST1562,Customer_562,customer_562@email.com,,63.0,846.0,172578.49,VERIFIED,SME,DE
CUST1563,Customer_563,,+13148698965,40.0,831.0,173382.75,VERIFIED,CORPORATE,DE
CUST1564,Customer_564,customer_564@email.com,+14737114710,55.0,817.0,217332.91,VERIFIED,SME,AU
CUST1565,Customer_565,customer_565@email.com,+12001399476,,780.0,260378.74,VERIFIED,RETAIL,AU
CUST1566,Customer_566,customer_566@email.com,,20.0,490.0,366790.76,VERIFIED,CORPORATE,US
CUST1567,Customer_567,customer_567@email.com,+17247261560,38.0,793.0,404732.45,VERIFIED,CORPORATE,US
CUST1568,Customer_568,customer_568@email.com,+12546539535,53.0,453.0,26467.27,VERIFIED,RETAIL,UK
CUST1569,Customer_569,customer_569@email.com,+17041617111,26.0,330.0,48242.87,VERIFIED,PREMIUM,DE
CUST1570,Customer_570,customer_570@email.com,+14270220395,49.0,528.0,497836.95,VERIFIED,CORPORATE,US
CUST1571,Customer_571,customer_571@email.com,+15848743102,78.0,506.0,218318.8,VERIFIED,PREMIUM,DE
CUST1572,Customer_572,customer_572@email.com,+16526309355,77.0,,394644.38,VERIFIED,RETAIL,US
CUST1573,Customer_573,customer_573@email.com,+14109860643,65.0,448.0,265280.49,VERIFIED,RETAIL,FR
CUST1574,Customer_574,customer_574@email.com,+19884523713,42.0,545.0,300653.21,VERIFIED,RETAIL,US
CUST1575,Customer_575,customer_575@email.com,+11899038627,43.0,793.0,339535.84,VERIFIED,RETAIL,US
CUST1576,Customer_576,customer_576@email.com,+19977299234,80.0,302.0,493671.18,VERIFIED,SME,FR
CUST1577,Customer_577,customer_577@email.com,+18385722898,24.0,426.0,84450.59,VERIFIED,RETAIL,UK
CUST1578,Customer_578,,+11466043861,35.0,,222405.76,PENDING,RETAIL,AU
CUST1579,Customer_579,customer_579@email.com,+14241154438,80.0,357.0,230970.8,VERIFIED,RETAIL,UK
CUST1580,Customer_580,customer_580@email.com,+15583999875,84.0,491.0,167369.76,VERIFIED,RETAIL,AU
CUST1581,Customer_581,customer_581@email.com,+16144831133,21.0,413.0,222906.12,VERIFIED,RETAIL,US
CUST1582,Customer_582,customer_582@email.com,+11137549097,20.0,336.0,306128.71,VERIFIED,RETAIL,US
CUST1583,Customer_583,customer_583@email.com,+12966205689,49.0,688.0,481370.12,VERIFIED,PREMIUM,AU
CUST1584,Customer_584,customer_584@email.com,+17179375108,78.0,613.0,385164.06,VERIFIED,CORPORATE,FR
CUST1585,Customer_585,customer_585@email.com,,80.0,366.0,335861.87,VERIFIED,SME,UK
CUST1586,Customer_586,customer_586@email.com,+11431269016,54.0,827.0,411420.15,VERIFIED,SME,AU
CUST1587,Customer_587,customer_587@email.com,+18317955669,29.0,666.0,460404.49,VERIFIED,RETAIL,FR
CUST1588,Customer_588,customer_588@email.com,,27.0,648.0,459941.28,FAILED,RETAIL,US
CUST1589,Customer_589,customer_589@email.com,+18062301625,76.0,748.0,286501.55,VERIFIED,RETAIL,AU
CUST1590,Customer_590,customer_590@email.com,+13845006587,45.0,608.0,298114.15,VERIFIED,PREMIUM,US
CUST1591,Customer_591,customer_591@email.com,+19487108333,44.0,387.0,356060.9,VERIFIED,PREMIUM,UK
CUST1592,Customer_592,customer_592@email.com,+17969675838,29.0,470.0,215497.49,VERIFIED,RETAIL,UK
CUST1593,Customer_593,customer_593@email.com,+16162805843,77.0,308.0,298378.13,VERIFIED,RETAIL,
CUST1594,Customer_594,customer_594@email.com,+14471191142,63.0,,358412.66,VERIFIED,PREMIUM,UK
CUST1595,Customer_595,customer_595@email.com,+13791892735,81.0,338.0,233625.4,VERIFIED,RETAIL,DE
CUST1596,Customer_596,customer_596@email.com,+19563834772,26.0,379.0,33199.9,PENDING,RETAIL,UK
CUST1597,Customer_597,customer_597@email.com,+17611223572,38.0,612.0,328134.94,VERIFIED,RETAIL,AU
CUST1598,Customer_598,customer_598@email.com,+14935951768,76.0,336.0,155700.71,VERIFIED,PREMIUM,UK
CUST1599,Customer_599,customer_599@email.com,+11602163666,66.0,796.0,19049.69,VERIFIED,,US
CUST1600,Customer_600,customer_600@email.com,+19035970543,46.0,519.0,157698.74,VERIFIED,RETAIL,UK
CUST1601,Customer_601,customer_601@email.com,+11593950408,-5.0,815.0,214168.97,PENDING,RETAIL,AU
CUST1602,Customer_602,customer_602@email.com,+17141441006,26.0,453.0,226336.81,VERIFIED,RETAIL,AU
CUST1603,Customer_603,customer_603@email.com,+11608343876,32.0,487.0,143791.98,VERIFIED,RETAIL,US
CUST1604,Customer_604,customer_604@email.com,+19046121683,55.0,413.0,299586.59,PENDING,PREMIUM,UK
CUST1605,Customer_605,customer_605@email.com,+16158029790,21.0,540.0,24541.83,VERIFIED,PREMIUM,AU
CUST1606,Customer_606,customer_606@email.com,+18020970088,50.0,306.0,403954.6,PENDING,RETAIL,FR
CUST1607,Customer_607,customer_607@email.com,+12839051138,58.0,570.0,281693.16,PENDING,RETAIL,US
CUST1608,Customer_608,customer_608@email.com,+16573729167,61.0,341.0,79237.12,,RETAIL,US
CUST1609,Customer_609,customer_609@email.com,+18313739411,23.0,602.0,2565.22,VERIFIED,RETAIL,US
CUST1610,Customer_610,customer_610@email.com,+19269425884,47.0,342.0,160654.98,VERIFIED,RETAIL,US
CUST1611,Customer_611,customer_611@email.com,+17897492498,29.0,772.0,116286.83,VERIFIED,PREMIUM,DE
CUST1612,Customer_612,customer_612@email.com,+14863185493,41.0,701.0,42302.29,VERIFIED,RETAIL,FR
CUST1613,Customer_613,customer_613@email.com,+19777408114,68.0,697.0,164644.42,VERIFIED,RETAIL,UK
CUST1614,Customer_614,customer_614@email.com,,74.0,614.0,248084.59,VERIFIED,CORPORATE,US
CUST1615,Customer_615,customer_615@email.com,+18292571251,34.0,514.0,181118.98,PENDING,PREMIUM,UK
CUST1616,Customer_616,customer_616@email.com,+13155061404,22.0,801.0,384302.01,VERIFIED,RETAIL,US
CUST1617,Customer_617,customer_617@email.com,+14885992675,55.0,417.0,471769.11,FAILED,RETAIL,FR
CUST1618,Customer_618,customer_618@email.com,+12496585806,42.0,474.0,95967.75,VERIFIED,RETAIL,DE
CUST1619,Customer_619,customer_619@email.com,,20.0,625.0,420858.13,PENDING,PREMIUM,US
CUST1620,Customer_620,customer_620@email.com,+11605838282,61.0,515.0,232001.25,VERIFIED,SME,US
CUST1621,Customer_621,customer_621@email.com,+14745552732,27.0,661.0,169451.65,VERIFIED,PREMIUM,DE
CUST1622,Customer_622,customer_622@email.com,+14779379443,59.0,305.0,138951.19,PENDING,PREMIUM,FR
CUST1623,Customer_623,customer_623@email.com,+18442119458,62.0,663.0,183020.75,VERIFIED,RETAIL,UK
CUST1624,Customer_624,customer_624@email.com,,71.0,672.0,1454.22,VERIFIED,PREMIUM,US
CUST1625,Customer_625,customer_625@email.com,+19419230633,66.0,451.0,490908.81,VERIFIED,CORPORATE,US
CUST1626,Customer_626,customer_626@email.com,+14609590753,53.0,754.0,113287.68,VERIFIED,RETAIL,US
CUST1627,Customer_627,customer_627@email.com,+16649560141,61.0,841.0,210509.96,VERIFIED,PREMIUM,AU
CUST1628,Customer_628,customer_628@email.com,+14678981423,67.0,427.0,70738.03,VERIFIED,RETAIL,UK
CUST1629,Customer_629,customer_629@email.com,+13137821657,79.0,455.0,308614.76,PENDING,PREMIUM,FR
CUST1630,Customer_630,customer_630@email.com,+15721380234,83.0,518.0,481267.69,VERIFIED,RETAIL,UK
CUST1631,Customer_631,customer_631@email.com,+11249698805,40.0,657.0,491108.53,VERIFIED,PREMIUM,AU
CUST1632,Customer_632,customer_632@email.com,+15541408751,30.0,534.0,135264.23,VERIFIED,CORPORATE,US
CUST1633,Customer_633,customer_633@email.com,+19646942775,43.0,615.0,91004.41,VERIFIED,RETAIL,UK
CUST1634,Customer_634,customer_634@email.com,+17339769666,42.0,431.0,472801.44,VERIFIED,RETAIL,US
CUST1635,Customer_635,customer_635@email.com,+17590544145,76.0,398.0,120890.04,VERIFIED,RETAIL,US
CUST1636,Customer_636,customer_636@email.com,+16836948788,73.0,463.0,229758.98,VERIFIED,RETAIL,UK
CUST1637,Customer_637,customer_637@email.com,+19163870074,40.0,768.0,181713.36,VERIFIED,CORPORATE,UK
CUST1638,Customer_638,customer_638@email.com,+15631086921,63.0,789.0,443663.61,PENDING,PREMIUM,DE
CUST1639,Customer_639,customer_639@email.com,+15543551559,33.0,781.0,34223.03,VERIFIED,CORPORATE,US
CUST1640,Customer_640,customer_640@email.com,+12539855171,63.0,787.0,163057.59,VERIFIED,SME,DE
CUST1641,Customer_641,customer_641@email.com,+15629845675,64.0,405.0,123434.22,VERIFIED,SME,US
CUST1642,Customer_642,customer_642@email.com,+12342628782,28.0,406.0,294874.24,VERIFIED,RETAIL,US
CUST1643,Customer_643,customer_643@email.com,+17893125561,75.0,654.0,457846.56,FAILED,RETAIL,AU
CUST1644,Customer_644,customer_644@email.com,+15610815050,50.0,760.0,263658.55,VERIFIED,PREMIUM,DE
CUST1645,Customer_645,customer_645@email.com,+19575378763,62.0,485.0,341478.95,PENDING,CORPORATE,AU
CUST1646,Customer_646,customer_646@email.com,+13834887863,64.0,352.0,458162.36,VERIFIED,RETAIL,AU
CUST1647,Customer_647,customer_647@email.com,+19522365904,33.0,781.0,259978.98,VERIFIED,RETAIL,FR
CUST1648,Customer_648,customer_648@email.com,+18476992655,21.0,820.0,239133.36,VERIFIED,RETAIL,AU
CUST1649,Customer_649,customer_649@email.com,+17910805780,61.0,806.0,159291.57,VERIFIED,RETAIL,AU
CUST1650,Customer_650,customer_650@email.com,+12747045830,44.0,466.0,157596.36,VERIFIED,RETAIL,UK
CUST1651,Customer_651,customer_651@email.com,+13820736252,79.0,803.0,410857.84,PENDING,RETAIL,UK
CUST1652,Customer_652,customer_652@email.com,+17131412339,65.0,828.0,282450.44,PENDING,RETAIL,UK
CUST1653,Customer_653,customer_653@email.com,+17458553694,49.0,555.0,471112.87,,RETAIL,US
CUST1654,Customer_654,customer_654@email.com,+19193570561,80.0,318.0,378774.93,VERIFIED,SME,FR
CUST1655,Customer_655,customer_655@email.com,+19291301629,54.0,521.0,273124.2,VERIFIED,SME,US
CUST1656,Customer_656,customer_656@email.com,,29.0,312.0,380270.57,VERIFIED,RETAIL,FR
CUST1657,Customer_657,customer_657@email.com,+19567716956,65.0,611.0,164746.43,VERIFIED,RETAIL,US
CUST1658,Customer_658,customer_658@email.com,+16571365628,61.0,766.0,416365.87,VERIFIED,CORPORATE,AU
CUST1659,Customer_659,customer_659@email.com,+15108715091,61.0,410.0,406482.75,VERIFIED,RETAIL,AU
CUST1660,Customer_660,customer_660@email.com,+14537547807,77.0,,223409.04,VERIFIED,RETAIL,UK
CUST1661,Customer_661,customer_661@email.com,+15734895779,84.0,682.0,386985.23,VERIFIED,RETAIL,UK
CUST1662,Customer_662,customer_662@email.com,+11941247094,33.0,406.0,127033.93,VERIFIED,RETAIL,US
CUST1663,Customer_663,customer_663@email.com,+18951487937,150.0,613.0,104212.94,VERIFIED,SME,FR
CUST1664,Customer_664,customer_664@email.com,+11759261173,30.0,850.0,499763.75,FAILED,PREMIUM,US
CUST1665,Customer_665,customer_665@email.com,+13639785096,70.0,331.0,205098.12,VERIFIED,SME,US
CUST1666,Customer_666,customer_666@email.com,+19645136059,76.0,470.0,70478.29,VERIFIED,PREMIUM,US
CUST1667,Customer_667,customer_667@email.com,+15690586705,82.0,764.0,73044.58,FAILED,RETAIL,DE
CUST1668,Customer_668,,+17600134547,62.0,648.0,372877.17,VERIFIED,SME,US
CUST1669,Customer_669,customer_669@email.com,+11497391132,70.0,747.0,299425.91,VERIFIED,RETAIL,AU
CUST1670,Customer_670,customer_670@email.com,+11176641498,43.0,703.0,416525.18,VERIFIED,PREMIUM,US
CUST1671,Customer_671,customer_671@email.com,+13478911430,24.0,447.0,165549.1,VERIFIED,PREMIUM,UK
CUST1672,Customer_672,customer_672@email.com,+18037939287,35.0,401.0,67784.42,VERIFIED,CORPORATE,US
CUST1673,Customer_673,customer_673@email.com,+11039378059,31.0,379.0,306112.6,VERIFIED,RETAIL,DE
CUST1674,Customer_674,customer_674@email.com,,59.0,696.0,462197.79,PENDING,RETAIL,AU
CUST1675,Customer_675,customer_675@email.com,+16240687080,75.0,570.0,394439.36,VERIFIED,CORPORATE,US
CUST1676,Customer_676,customer_676@email.com,+19141616335,84.0,457.0,69928.83,VERIFIED,RETAIL,US
CUST1677,Customer_677,customer_677@email.com,+18654078696,57.0,493.0,270041.22,VERIFIED,RETAIL,DE
CUST1678,Customer_678,customer_678@email.com,+15225351619,44.0,449.0,3690.75,VERIFIED,RETAIL,US
CUST1679,Customer_679,customer_679@email.com,+17829855795,76.0,848.0,372539.66,VERIFIED,PREMIUM,US
CUST1680,Customer_680,customer_680@email.com,+13139115705,73.0,367.0,473391.62,PENDING,RETAIL,US
CUST1681,Customer_681,customer_681@email.com,+13796368839,77.0,647.0,32693.21,VERIFIED,RETAIL,US
CUST1682,Customer_682,customer_682@email.com,+19204412580,84.0,708.0,101619.32,VERIFIED,CORPORATE,US
CUST1683,Customer_683,customer_683@email.com,+11669218146,66.0,612.0,318047.89,VERIFIED,RETAIL,US
CUST1684,Customer_684,customer_684@email.com,+17354828696,40.0,553.0,30527.11,VERIFIED,SME,AU
CUST1685,Customer_685,customer_685@email.com,+12721948340,42.0,446.0,183487.52,PENDING,PREMIUM,AU
CUST1686,Customer_686,customer_686@email.com,+19554926719,42.0,314.0,33444.02,VERIFIED,RETAIL,FR
CUST1687,Customer_687,customer_687@email.com,+16286351244,34.0,393.0,375399.05,VERIFIED,RETAIL,AU
CUST1688,Customer_688,customer_688@email.com,+18336531444,53.0,303.0,181872.93,FAILED,RETAIL,US
CUST1689,Customer_689,customer_689@email.com,+18208176320,77.0,360.0,128565.95,VERIFIED,RETAIL,FR
CUST1690,Customer_690,customer_690@email.com,+15152303305,32.0,481.0,35662.8,VERIFIED,RETAIL,DE
CUST1691,Customer_691,customer_691@email.com,+14710508114,37.0,634.0,180565.69,PENDING,PREMIUM,AU
CUST1692,Customer_692,customer_692@email.com,+11009448048,28.0,406.0,245998.3,FAILED,PREMIUM,DE
CUST1693,Customer_693,customer_693@email.com,+16263400882,44.0,613.0,59578.24,VERIFIED,CORPORATE,US
CUST1694,Customer_694,customer_694@email.com,+16722332529,41.0,514.0,149761.84,VERIFIED,SME,DE
CUST1695,Customer_695,customer_695@email.com,+19646345719,47.0,720.0,74850.12,VERIFIED,SME,US
CUST1696,Customer_696,customer_696@email.com,+17140457235,48.0,532.0,101091.43,VERIFIED,RETAIL,UK
CUST1697,Customer_697,customer_697@email.com,+16982303790,31.0,303.0,182935.66,VERIFIED,SME,UK
CUST1698,Customer_698,customer_698@email.com,+18509224622,48.0,679.0,381696.85,VERIFIED,RETAIL,UK
CUST1699,Customer_699,customer_699@email.com,+16814614710,46.0,457.0,392682.94,VERIFIED,CORPORATE,US
CUST1700,Customer_700,customer_700@email.com,+11284961974,-5.0,734.0,428544.74,VERIFIED,,US
CUST1701,Customer_701,customer_701@email.com,+19562503229,30.0,394.0,384737.51,FAILED,RETAIL,US
CUST1702,Customer_702,,+18587254516,18.0,836.0,238784.16,,RETAIL,UK
CUST1703,Customer_703,,+12666875501,83.0,555.0,72493.57,VERIFIED,RETAIL,US
CUST1704,Customer_704,customer_704@email.com,+18800815256,82.0,588.0,53755.54,PENDING,CORPORATE,AU
CUST1705,Customer_705,customer_705@email.com,+11638745947,54.0,565.0,11622.34,PENDING,RETAIL,US
CUST1706,Customer_706,customer_706@email.com,+16293142694,77.0,848.0,160335.69,PENDING,RETAIL,UK
CUST1707,Customer_707,customer_707@email.com,+11678758302,29.0,773.0,164062.35,FAILED,PREMIUM,US
CUST1708,Customer_708,customer_708@email.com,+15647445323,37.0,509.0,379440.48,VERIFIED,RETAIL,FR
CUST1709,Customer_709,customer_709@email.com,+12295741810,33.0,436.0,74172.92,VERIFIED,RETAIL,US
CUST1710,Customer_710,customer_710@email.com,+11887871263,32.0,313.0,23596.72,VERIFIED,RETAIL,FR
CUST1711,Customer_711,customer_711@email.com,+14805085748,38.0,604.0,22411.45,VERIFIED,PREMIUM,UK
CUST1712,Customer_712,customer_712@email.com,+16313971824,78.0,354.0,103443.95,VERIFIED,RETAIL,UK
CUST1713,Customer_713,customer_713@email.com,+18245063295,28.0,677.0,456488.96,VERIFIED,RETAIL,UK
CUST1714,Customer_714,,+15839041919,45.0,382.0,421358.79,VERIFIED,RETAIL,UK
CUST1715,Customer_715,customer_715@email.com,+18099469683,74.0,613.0,71975.75,VERIFIED,SME,US
CUST1716,Customer_716,customer_716@email.com,+15196906327,71.0,380.0,386502.51,VERIFIED,CORPORATE,FR
CUST1717,Customer_717,customer_717@email.com,+18018654025,28.0,423.0,63183.47,FAILED,RETAIL,DE
CUST1718,Customer_718,customer_718@email.com,+15764479618,67.0,772.0,203679.38,VERIFIED,RETAIL,UK
CUST1719,Customer_719,customer_719@email.com,+18283815486,67.0,441.0,427975.19,VERIFIED,RETAIL,US
CUST1720,Customer_720,customer_720@email.com,+11342937459,82.0,462.0,311539.78,PENDING,CORPORATE,UK
CUST1721,Customer_721,customer_721@email.com,+11180051868,,761.0,428508.35,VERIFIED,PREMIUM,AU
CUST1722,Customer_722,customer_722@email.com,+18797701824,56.0,695.0,100324.3,VERIFIED,CORPORATE,AU
CUST1723,Customer_723,customer_723@email.com,+12259548110,38.0,674.0,708.96,FAILED,RETAIL,US
CUST1724,Customer_724,,+19884160304,59.0,513.0,94716.94,VERIFIED,PREMIUM,
CUST1725,Customer_725,customer_725@email.com,+19484170421,24.0,443.0,455394.74,VERIFIED,SME,US
CUST1726,Customer_726,customer_726@email.com,+16786172913,47.0,685.0,113778.76,VERIFIED,RETAIL,US
CUST1727,Customer_727,customer_727@email.com,+19277193955,25.0,607.0,345108.91,VERIFIED,RETAIL,US
CUST1728,Customer_728,,+17412988835,67.0,,2898.33,PENDING,RETAIL,US
CUST1729,Customer_729,customer_729@email.com,+14375418648,54.0,405.0,272481.77,VERIFIED,RETAIL,FR
CUST1730,Customer_730,customer_730@email.com,+11235778863,54.0,762.0,96677.82,VERIFIED,PREMIUM,DE
CUST1731,Customer_731,customer_731@email.com,,85.0,370.0,251160.17,VERIFIED,RETAIL,FR
CUST1732,Customer_732,customer_732@email.com,+13544903740,40.0,765.0,378817.12,PENDING,RETAIL,US
CUST1733,Customer_733,customer_733@email.com,+19307238506,58.0,,373355.05,VERIFIED,RETAIL,US
CUST1734,Customer_734,customer_734@email.com,+15028603215,23.0,356.0,52208.15,VERIFIED,CORPORATE,UK
CUST1735,Customer_735,customer_735@email.com,+19818129919,84.0,777.0,27044.25,VERIFIED,RETAIL,AU
CUST1736,Customer_736,customer_736@email.com,+17172859619,61.0,790.0,351715.16,VERIFIED,RETAIL,AU
CUST1737,Customer_737,customer_737@email.com,+13977749425,58.0,388.0,215095.63,VERIFIED,SME,DE
CUST1738,Customer_738,customer_738@email.com,+14191164148,49.0,767.0,364278.24,,RETAIL,US
CUST1739,Customer_739,customer_739@email.com,+13448311000,55.0,528.0,313472.5,PENDING,RETAIL,UK
CUST1740,Customer_740,customer_740@email.com,+18489246102,34.0,332.0,58583.38,VERIFIED,RETAIL,
CUST1741,Customer_741,customer_741@email.com,+16974856857,25.0,737.0,452017.04,VERIFIED,PREMIUM,AU
CUST1742,Customer_742,customer_742@email.com,+18320462196,71.0,321.0,435783.2,VERIFIED,RETAIL,UK
CUST1743,Customer_743,customer_743@email.com,+12215432777,40.0,628.0,16054.68,PENDING,CORPORATE,US
CUST1744,Customer_744,customer_744@email.com,+17903713701,34.0,542.0,445556.14,VERIFIED,RETAIL,AU
CUST1745,Customer_745,customer_745@email.com,+18550439354,74.0,328.0,83744.29,VERIFIED,RETAIL,US
CUST1746,Customer_746,customer_746@email.com,+17422040734,44.0,806.0,409074.22,VERIFIED,CORPORATE,AU
CUST1747,Customer_747,customer_747@email.com,+13523836298,19.0,457.0,448368.99,PENDING,PREMIUM,UK
CUST1748,Customer_748,customer_748@email.com,+15845830898,39.0,805.0,100348.15,VERIFIED,RETAIL,US
CUST1749,Customer_749,customer_749@email.com,+19151703536,29.0,418.0,83970.07,VERIFIED,SME,US
CUST1750,Customer_750,customer_750@email.com,+12232993038,72.0,539.0,459698.69,VERIFIED,SME,UK
CUST1751,Customer_751,customer_751@email.com,,37.0,571.0,54208.99,FAILED,RETAIL,FR
CUST1752,Customer_752,customer_752@email.com,+16888217644,21.0,505.0,58436.47,VERIFIED,RETAIL,US
CUST1753,Customer_753,customer_753@email.com,+16595523314,71.0,712.0,127557.88,PENDING,RETAIL,UK
CUST1754,Customer_754,customer_754@email.com,+15526677322,18.0,370.0,462406.51,VERIFIED,CORPORATE,DE
CUST1755,Customer_755,customer_755@email.com,+19201520329,,550.0,172673.1,PENDING,RETAIL,AU
CUST1756,Customer_756,customer_756@email.com,+16777295566,60.0,591.0,200649.66,VERIFIED,SME,UK
CUST1757,Customer_757,customer_757@email.com,+13386569082,35.0,358.0,118174.81,VERIFIED,PREMIUM,US
CUST1758,Customer_758,customer_758@email.com,+11015479618,47.0,326.0,442295.05,VERIFIED,RETAIL,US
CUST1759,Customer_759,customer_759@email.com,+17734817334,54.0,809.0,51966.38,VERIFIED,CORPORATE,DE
CUST1760,Customer_760,customer_760@email.com,+18782189621,74.0,575.0,385610.66,VERIFIED,CORPORATE,FR
CUST1761,Customer_761,customer_761@email.com,+14628366983,27.0,573.0,270131.35,PENDING,CORPORATE,UK
CUST1762,Customer_762,customer_762@email.com,+15306240884,72.0,438.0,484510.16,PENDING,RETAIL,AU
CUST1763,Customer_763,customer_763@email.com,+11286134569,45.0,382.0,329322.25,VERIFIED,CORPORATE,US
CUST1764,Customer_764,,+16513562033,78.0,422.0,41435.35,VERIFIED,SME,UK
CUST1765,Customer_765,customer_765@email.com,+12052334126,75.0,338.0,62571.51,VERIFIED,PREMIUM,US
CUST1766,Customer_766,customer_766@email.com,+13324998273,83.0,805.0,215686.74,VERIFIED,RETAIL,UK
CUST1767,Customer_767,customer_767@email.com,+11636677176,49.0,722.0,432322.16,FAILED,RETAIL,UK
CUST1768,Customer_768,customer_768@email.com,+18300257985,21.0,842.0,329835.57,VERIFIED,PREMIUM,UK
CUST1769,Customer_769,customer_769@email.com,+16738577950,47.0,391.0,93175.77,VERIFIED,RETAIL,US
CUST1770,Customer_770,customer_770@email.com,+18741777812,70.0,307.0,149331.06,VERIFIED,RETAIL,US
CUST1771,Customer_771,customer_771@email.com,+16606063337,73.0,312.0,150755.77,VERIFIED,RETAIL,AU
CUST1772,Customer_772,customer_772@email.com,+15432072664,70.0,514.0,474883.08,VERIFIED,RETAIL,DE
CUST1773,Customer_773,customer_773@email.com,,37.0,561.0,151110.47,PENDING,SME,AU
CUST1774,Customer_774,customer_774@email.com,+11170464118,68.0,691.0,20438.97,VERIFIED,CORPORATE,
CUST1775,Customer_775,customer_775@email.com,+13283805724,79.0,830.0,238851.36,PENDING,SME,DE
CUST1776,Customer_776,customer_776@email.com,+15181240493,18.0,682.0,257131.5,VERIFIED,CORPORATE,US
CUST1777,Customer_777,customer_777@email.com,+12920725536,53.0,827.0,130931.33,PENDING,RETAIL,DE
CUST1778,Customer_778,customer_778@email.com,+17548715651,61.0,725.0,391524.49,VERIFIED,RETAIL,US
CUST1779,Customer_779,customer_779@email.com,+16775988729,22.0,617.0,408789.5,VERIFIED,PREMIUM,US
CUST1780,Customer_780,customer_780@email.com,+16946459018,20.0,666.0,165785.95,VERIFIED,RETAIL,US
CUST1781,Customer_781,customer_781@email.com,+19744774621,77.0,,337643.78,VERIFIED,PREMIUM,DE
CUST1782,Customer_782,customer_782@email.com,+15023516486,38.0,780.0,221148.71,PENDING,CORPORATE,UK
CUST1783,Customer_783,customer_783@email.com,+15284938818,30.0,784.0,391984.07,VERIFIED,RETAIL,AU
CUST1784,Customer_784,customer_784@email.com,+14579204134,71.0,775.0,59233.04,VERIFIED,RETAIL,AU
CUST1785,Customer_785,customer_785@email.com,+18393874917,48.0,769.0,319331.19,PENDING,PREMIUM,AU
CUST1786,Customer_786,customer_786@email.com,+12653839952,55.0,646.0,19099.63,VERIFIED,RETAIL,US
CUST1787,Customer_787,customer_787@email.com,+16247356897,46.0,381.0,239489.72,PENDING,RETAIL,UK
CUST1788,Customer_788,customer_788@email.com,+12720641921,26.0,752.0,188569.2,FAILED,PREMIUM,UK
CUST1789,Customer_789,customer_789@email.com,+11453306929,68.0,,226165.83,PENDING,RETAIL,US
CUST1790,Customer_790,customer_790@email.com,+15942292553,36.0,764.0,428617.71,VERIFIED,CORPORATE,FR
CUST1791,Customer_791,customer_791@email.com,+16674490292,40.0,658.0,387623.42,VERIFIED,RETAIL,UK
CUST1792,Customer_792,customer_792@email.com,+16923269696,75.0,430.0,383708.63,VERIFIED,PREMIUM,UK
CUST1793,Customer_793,customer_793@email.com,+15180114269,18.0,544.0,98227.94,PENDING,CORPORATE,DE
CUST1794,Customer_794,customer_794@email.com,+14739032421,53.0,835.0,111973.45,VERIFIED,CORPORATE,US
CUST1795,Customer_795,customer_795@email.com,,33.0,731.0,428382.64,PENDING,CORPORATE,FR
CUST1796,Customer_796,customer_796@email.com,+12965346357,,825.0,219188.8,VERIFIED,RETAIL,AU
CUST1797,Customer_797,customer_797@email.com,+19008202421,78.0,453.0,477363.29,VERIFIED,CORPORATE,US
CUST1798,Customer_798,customer_798@email.com,,41.0,685.0,145783.12,FAILED,RETAIL,AU
CUST1799,Customer_799,customer_799@email.com,+16104274223,44.0,807.0,372720.72,PENDING,RETAIL,US
CUST1800,Customer_800,,+15988214873,60.0,590.0,485211.48,FAILED,RETAIL,US
CUST1801,Customer_801,customer_801@email.com,+17729238752,56.0,335.0,408932.89,VERIFIED,RETAIL,US
CUST1802,Customer_802,customer_802@email.com,+11983494749,50.0,475.0,455547.52,VERIFIED,CORPORATE,US
CUST1803,Customer_803,customer_803@email.com,+17401554108,56.0,818.0,14314.8,VERIFIED,CORPORATE,US
CUST1804,Customer_804,,+15106962864,52.0,776.0,28405.37,VERIFIED,SME,US
CUST1805,Customer_805,customer_805@email.com,+14667993723,61.0,794.0,126885.21,VERIFIED,RETAIL,US
CUST1806,Customer_806,customer_806@email.com,+15194893053,21.0,651.0,4133.81,VERIFIED,SME,US
CUST1807,Customer_807,customer_807@email.com,+13324389209,19.0,609.0,479759.08,VERIFIED,CORPORATE,US
CUST1808,Customer_808,customer_808@email.com,+17469831850,36.0,648.0,482425.27,VERIFIED,RETAIL,DE
CUST1809,Customer_809,customer_809@email.com,+11581174251,81.0,501.0,371614.95,PENDING,CORPORATE,DE
CUST1810,Customer_810,customer_810@email.com,+11573789994,83.0,654.0,485951.17,VERIFIED,,US
CUST1811,Customer_811,customer_811@email.com,+14450761015,78.0,451.0,378454.15,VERIFIED,RETAIL,FR
CUST1812,Customer_812,customer_812@email.com,+17565202981,79.0,356.0,34917.29,VERIFIED,CORPORATE,UK
CUST1813,Customer_813,customer_813@email.com,+16062005588,71.0,845.0,67017.41,VERIFIED,RETAIL,FR
CUST1814,Customer_814,customer_814@email.com,+17727437737,74.0,832.0,313712.42,VERIFIED,PREMIUM,AU
CUST1815,Customer_815,customer_815@email.com,+11375127226,53.0,384.0,187351.01,VERIFIED,PREMIUM,US
CUST1816,Customer_816,customer_816@email.com,+18943994326,20.0,741.0,132327.54,,CORPORATE,UK
CUST1817,Customer_817,customer_817@email.com,+12288876874,33.0,620.0,96160.86,VERIFIED,CORPORATE,UK
CUST1818,Customer_818,customer_818@email.com,+12234816917,28.0,358.0,57088.12,VERIFIED,RETAIL,DE
CUST1819,Customer_819,customer_819@email.com,,60.0,794.0,253210.93,PENDING,PREMIUM,DE
CUST1820,Customer_820,customer_820@email.com,+19347698369,73.0,780.0,467788.21,VERIFIED,RETAIL,AU
CUST1821,Customer_821,customer_821@email.com,+14757531509,26.0,366.0,293886.55,VERIFIED,CORPORATE,UK
CUST1822,Customer_822,customer_822@email.com,+18881598098,63.0,699.0,191322.6,,,UK
CUST1823,Customer_823,customer_823@email.com,+14674744959,,534.0,349653.82,VERIFIED,RETAIL,UK
CUST1824,Customer_824,customer_824@email.com,+15550823359,62.0,578.0,12587.65,FAILED,RETAIL,UK
CUST1825,Customer_825,,+18739442573,56.0,348.0,245236.71,VERIFIED,RETAIL,US
CUST1826,Customer_826,customer_826@email.com,+13623450418,44.0,839.0,185743.96,FAILED,PREMIUM,US
CUST1827,Customer_827,customer_827@email.com,+19380184322,51.0,624.0,181006.49,VERIFIED,PREMIUM,
CUST1828,Customer_828,customer_828@email.com,+16870756700,23.0,361.0,103523.95,VERIFIED,SME,US
CUST1829,Customer_829,customer_829@email.com,+16299637806,34.0,447.0,446502.85,PENDING,SME,UK
CUST1830,Customer_830,customer_830@email.com,+11488530539,77.0,610.0,112823.83,VERIFIED,RETAIL,US
CUST1831,Customer_831,customer_831@email.com,+18375677237,85.0,503.0,271532.06,VERIFIED,SME,FR
CUST1832,Customer_832,customer_832@email.com,+19651346075,19.0,380.0,211681.52,VERIFIED,SME,US
CUST1833,Customer_833,customer_833@email.com,+18457341761,60.0,661.0,152807.17,VERIFIED,RETAIL,UK
CUST1834,Customer_834,customer_834@email.com,+15357206385,56.0,566.0,326213.4,VERIFIED,RETAIL,US
CUST1835,Customer_835,customer_835@email.com,+11320612679,72.0,474.0,206215.06,PENDING,PREMIUM,AU
CUST1836,Customer_836,customer_836@email.com,+16855462901,66.0,302.0,96987.62,VERIFIED,RETAIL,UK
CUST1837,Customer_837,customer_837@email.com,,33.0,348.0,153459.97,PENDING,RETAIL,US
CUST1838,Customer_838,customer_838@email.com,+19928206018,-5.0,,484262.2,PENDING,PREMIUM,AU
CUST1839,Customer_839,customer_839@email.com,+19223926152,84.0,697.0,366162.68,VERIFIED,RETAIL,UK
CUST1840,Customer_840,customer_840@email.com,+14717842281,40.0,503.0,40394.09,VERIFIED,RETAIL,US
CUST1841,Customer_841,customer_841@email.com,+14693925313,62.0,422.0,64775.41,VERIFIED,SME,AU
CUST1842,Customer_842,customer_842@email.com,+14047639458,77.0,494.0,115887.24,VERIFIED,RETAIL,DE
CUST1843,Customer_843,customer_843@email.com,+13181281806,40.0,588.0,171306.6,VERIFIED,SME,AU
CUST1844,Customer_844,customer_844@email.com,+12612688866,83.0,679.0,361203.44,FAILED,RETAIL,DE
CUST1845,Customer_845,customer_845@email.com,+13179239061,66.0,506.0,403102.87,VERIFIED,RETAIL,AU
CUST1846,Customer_846,customer_846@email.com,+14093094271,19.0,697.0,300018.39,PENDING,RETAIL,UK
CUST1847,Customer_847,customer_847@email.com,+16002383158,-5.0,348.0,122199.37,VERIFIED,RETAIL,US
CUST1848,Customer_848,customer_848@email.com,+19399288736,49.0,,408338.48,PENDING,PREMIUM,US
CUST1849,Customer_849,customer_849@email.com,+13702534539,44.0,571.0,452611.83,VERIFIED,,US
CUST1850,Customer_850,customer_850@email.com,+12986238149,35.0,484.0,175577.91,VERIFIED,CORPORATE,US
CUST1851,Customer_851,customer_851@email.com,+17855861594,59.0,742.0,79672.04,PENDING,RETAIL,UK
CUST1852,Customer_852,customer_852@email.com,+16281266338,36.0,629.0,16306.75,VERIFIED,PREMIUM,AU
CUST1853,Customer_853,customer_853@email.com,+11829766452,74.0,724.0,286948.06,VERIFIED,SME,AU
CUST1854,Customer_854,customer_854@email.com,+14179415560,56.0,,478895.14,VERIFIED,SME,UK
CUST1855,Customer_855,customer_855@email.com,+15761584361,78.0,499.0,215965.13,,CORPORATE,AU
CUST1856,Customer_856,customer_856@email.com,+13761319922,70.0,648.0,337805.65,PENDING,SME,US
CUST1857,Customer_857,customer_857@email.com,+16519411696,44.0,824.0,321633.1,VERIFIED,RETAIL,FR
CUST1858,Customer_858,customer_858@email.com,+18108356093,72.0,742.0,51960.33,VERIFIED,PREMIUM,US
CUST1859,Customer_859,customer_859@email.com,+16881835510,60.0,415.0,453555.64,,SME,US
CUST1860,Customer_860,customer_860@email.com,+13222540513,43.0,790.0,303854.6,VERIFIED,CORPORATE,US
CUST1861,Customer_861,customer_861@email.com,+16412902803,83.0,539.0,162931.92,VERIFIED,PREMIUM,US
CUST1862,Customer_862,customer_862@email.com,+16469036027,57.0,357.0,201656.52,VERIFIED,SME,UK
CUST1863,Customer_863,customer_863@email.com,+17075205648,82.0,400.0,291092.75,VERIFIED,SME,US
CUST1864,Customer_864,customer_864@email.com,+17983672196,47.0,671.0,298026.95,VERIFIED,SME,AU
CUST1865,Customer_865,customer_865@email.com,+19629614811,,566.0,242249.19,VERIFIED,RETAIL,AU
CUST1866,Customer_866,customer_866@email.com,+16583318793,70.0,455.0,426629.69,VERIFIED,RETAIL,FR
CUST1867,Customer_867,customer_867@email.com,+12118824345,38.0,422.0,349337.69,VERIFIED,RETAIL,DE
CUST1868,Customer_868,customer_868@email.com,+13758158022,69.0,393.0,439345.76,FAILED,CORPORATE,US
CUST1869,Customer_869,customer_869@email.com,+14819816669,31.0,577.0,418764.32,FAILED,CORPORATE,UK
CUST1870,Customer_870,customer_870@email.com,+14101096167,56.0,643.0,141846.51,VERIFIED,CORPORATE,DE
CUST1871,Customer_871,customer_871@email.com,+13800539916,78.0,850.0,323285.51,VERIFIED,SME,DE
CUST1872,Customer_872,customer_872@email.com,+11371538449,63.0,411.0,148801.12,VERIFIED,SME,US
CUST1873,Customer_873,customer_873@email.com,+14118652938,54.0,466.0,68603.97,VERIFIED,PREMIUM,US
CUST1874,Customer_874,customer_874@email.com,+11104324688,27.0,376.0,371954.16,VERIFIED,RETAIL,US
CUST1875,Customer_875,customer_875@email.com,+16682834940,24.0,441.0,456524.75,VERIFIED,RETAIL,DE
CUST1876,Customer_876,customer_876@email.com,+13444900729,32.0,402.0,364916.19,PENDING,RETAIL,UK
CUST1877,Customer_877,customer_877@email.com,+14958517785,55.0,538.0,286739.78,PENDING,CORPORATE,DE
CUST1878,Customer_878,customer_878@email.com,+15227123508,22.0,402.0,347162.14,VERIFIED,CORPORATE,FR
CUST1879,Customer_879,customer_879@email.com,+18849918109,40.0,360.0,96630.5,VERIFIED,SME,US
CUST1880,Customer_880,customer_880@email.com,+19448093345,37.0,,175423.89,PENDING,RETAIL,US
CUST1881,Customer_881,customer_881@email.com,+13963731437,58.0,,171175.66,VERIFIED,RETAIL,US
CUST1882,Customer_882,customer_882@email.com,+14424475306,52.0,736.0,62911.03,VERIFIED,RETAIL,US
CUST1883,Customer_883,customer_883@email.com,+12457857430,23.0,469.0,91247.96,VERIFIED,PREMIUM,AU
CUST1884,Customer_884,customer_884@email.com,+12629919264,18.0,720.0,183484.02,VERIFIED,SME,AU
CUST1885,Customer_885,customer_885@email.com,+13095367312,85.0,532.0,21234.54,VERIFIED,,
CUST1886,Customer_886,customer_886@email.com,+16715778981,34.0,495.0,26231.6,VERIFIED,PREMIUM,US
CUST1887,Customer_887,customer_887@email.com,+11812690845,21.0,459.0,494995.25,PENDING,PREMIUM,AU
CUST1888,Customer_888,customer_888@email.com,+19237199705,18.0,397.0,452105.33,VERIFIED,RETAIL,UK
CUST1889,Customer_889,customer_889@email.com,+17766923642,81.0,587.0,158866.79,VERIFIED,RETAIL,AU
CUST1890,Customer_890,customer_890@email.com,+19697466962,80.0,840.0,403259.7,VERIFIED,PREMIUM,FR
CUST1891,Customer_891,customer_891@email.com,+17628960584,36.0,833.0,245554.34,VERIFIED,RETAIL,
CUST1892,Customer_892,customer_892@email.com,+13894255320,73.0,519.0,420517.72,VERIFIED,RETAIL,US
CUST1893,Customer_893,customer_893@email.com,+17654370797,40.0,553.0,369732.8,FAILED,RETAIL,US
CUST1894,Customer_894,customer_894@email.com,+15086143654,44.0,745.0,183374.04,VERIFIED,PREMIUM,AU
CUST1895,Customer_895,customer_895@email.com,+11727716105,72.0,565.0,211471.53,VERIFIED,RETAIL,US
CUST1896,Customer_896,customer_896@email.com,+16321084577,68.0,319.0,255683.52,PENDING,RETAIL,FR
CUST1897,Customer_897,customer_897@email.com,+13165099886,28.0,517.0,176620.25,PENDING,SME,FR
CUST1898,Customer_898,customer_898@email.com,+16180808228,63.0,576.0,101335.88,VERIFIED,SME,US
CUST1899,Customer_899,customer_899@email.com,,21.0,840.0,300811.23,VERIFIED,RETAIL,US
CUST1900,Customer_900,customer_900@email.com,+18752562316,42.0,638.0,441975.17,VERIFIED,RETAIL,US
CUST1901,Customer_901,customer_901@email.com,+13697213993,77.0,401.0,124433.18,FAILED,CORPORATE,US
CUST1902,Customer_902,customer_902@email.com,+13901600668,74.0,388.0,292388.8,PENDING,RETAIL,FR
CUST1903,Customer_903,customer_903@email.com,+19406889422,77.0,752.0,39943.78,VERIFIED,RETAIL,AU
CUST1904,Customer_904,customer_904@email.com,+19107874652,27.0,786.0,478332.41,VERIFIED,PREMIUM,US
CUST1905,Customer_905,customer_905@email.com,+17632926613,33.0,831.0,336494.34,VERIFIED,SME,AU
CUST1906,Customer_906,customer_906@email.com,+18339060116,39.0,719.0,136699.75,VERIFIED,PREMIUM,UK
CUST1907,Customer_907,customer_907@email.com,+12120808211,42.0,474.0,39260.6,FAILED,RETAIL,DE
CUST1908,Customer_908,customer_908@email.com,,41.0,,268201.31,PENDING,RETAIL,US
CUST1909,Customer_909,customer_909@email.com,+19041781410,52.0,652.0,390898.37,FAILED,SME,US
CUST1910,Customer_910,customer_910@email.com,,62.0,,278258.47,VERIFIED,CORPORATE,UK
CUST1911,Customer_911,customer_911@email.com,+16236500470,43.0,516.0,28858.65,,RETAIL,US
CUST1912,Customer_912,customer_912@email.com,+12323652000,35.0,718.0,204385.38,VERIFIED,RETAIL,US
CUST1913,Customer_913,customer_913@email.com,+18421744149,65.0,750.0,371414.78,VERIFIED,RETAIL,US
CUST1914,Customer_914,customer_914@email.com,+17937473179,49.0,721.0,363459.66,VERIFIED,RETAIL,
CUST1915,Customer_915,customer_915@email.com,+13134296152,40.0,738.0,390166.85,VERIFIED,SME,AU
CUST1916,Customer_916,customer_916@email.com,+12355860236,22.0,719.0,399351.32,VERIFIED,RETAIL,
CUST1917,Customer_917,,+11611142493,77.0,729.0,89026.17,VERIFIED,CORPORATE,UK
CUST1918,Customer_918,customer_918@email.com,+11456258136,53.0,330.0,215703.72,PENDING,PREMIUM,
CUST1919,Customer_919,customer_919@email.com,+11863121142,30.0,626.0,144594.24,VERIFIED,RETAIL,AU
CUST1920,Customer_920,customer_920@email.com,+15658818235,60.0,779.0,278312.83,VERIFIED,RETAIL,US
CUST1921,Customer_921,customer_921@email.com,+18879596334,22.0,739.0,136429.96,VERIFIED,SME,US
CUST1922,Customer_922,customer_922@email.com,+19406663417,63.0,438.0,22960.74,VERIFIED,RETAIL,UK
CUST1923,Customer_923,customer_923@email.com,+15936088665,67.0,592.0,442747.79,VERIFIED,PREMIUM,UK
CUST1924,Customer_924,customer_924@email.com,+18011265925,46.0,708.0,135467.16,PENDING,RETAIL,DE
CUST1925,Customer_925,customer_925@email.com,+18584746846,32.0,817.0,285770.41,VERIFIED,CORPORATE,US
CUST1926,Customer_926,customer_926@email.com,+16531044187,38.0,,344980.16,VERIFIED,PREMIUM,UK
CUST1927,Customer_927,customer_927@email.com,+16932344583,66.0,379.0,406242.49,VERIFIED,RETAIL,UK
CUST1928,Customer_928,customer_928@email.com,+19376863031,76.0,418.0,250698.26,,RETAIL,
CUST1929,Customer_929,customer_929@email.com,+13519525340,46.0,579.0,378789.17,VERIFIED,PREMIUM,FR
CUST1930,Customer_930,customer_930@email.com,+12146921791,44.0,811.0,371746.75,PENDING,PREMIUM,US
CUST1931,Customer_931,customer_931@email.com,+18831117170,78.0,833.0,435248.48,VERIFIED,CORPORATE,US
CUST1932,Customer_932,customer_932@email.com,+12929398721,33.0,557.0,377914.15,VERIFIED,PREMIUM,UK
CUST1933,Customer_933,customer_933@email.com,+15720373938,80.0,519.0,25035.43,VERIFIED,,AU
CUST1934,Customer_934,customer_934@email.com,+13868081287,38.0,775.0,395775.35,PENDING,CORPORATE,UK
CUST1935,Customer_935,customer_935@email.com,+19404064650,75.0,543.0,193019.57,VERIFIED,PREMIUM,US
CUST1936,Customer_936,customer_936@email.com,+16384042768,19.0,455.0,217071.64,FAILED,RETAIL,US
CUST1937,Customer_937,customer_937@email.com,+14870562345,53.0,334.0,368711.44,VERIFIED,RETAIL,US
CUST1938,Customer_938,customer_938@email.com,+15921879366,73.0,303.0,424095.02,VERIFIED,CORPORATE,AU
CUST1939,Customer_939,customer_939@email.com,+19495071705,55.0,,25045.65,VERIFIED,RETAIL,UK
CUST1940,Customer_940,customer_940@email.com,+18472830917,78.0,791.0,304258.38,VERIFIED,CORPORATE,DE
CUST1941,Customer_941,customer_941@email.com,+13835037940,65.0,425.0,260082.1,VERIFIED,RETAIL,US
CUST1942,Customer_942,customer_942@email.com,+12797202087,-5.0,844.0,170207.81,PENDING,PREMIUM,AU
CUST1943,Customer_943,customer_943@email.com,+19092673787,60.0,619.0,48892.63,PENDING,RETAIL,UK
CUST1944,Customer_944,customer_944@email.com,+15770514090,21.0,474.0,405532.42,VERIFIED,SME,US
CUST1945,Customer_945,customer_945@email.com,+16860379915,25.0,812.0,21546.68,VERIFIED,CORPORATE,FR
CUST1946,Customer_946,customer_946@email.com,+18667378990,77.0,795.0,12253.89,VERIFIED,RETAIL,US
CUST1947,Customer_947,customer_947@email.com,+17179478483,22.0,730.0,144759.97,VERIFIED,PREMIUM,UK
CUST1948,Customer_948,customer_948@email.com,+13407872987,43.0,655.0,68787.99,VERIFIED,CORPORATE,AU
CUST1949,Customer_949,customer_949@email.com,+11829245908,82.0,418.0,211032.78,VERIFIED,CORPORATE,DE
CUST1950,Customer_950,customer_950@email.com,+14772592774,70.0,829.0,146717.33,VERIFIED,CORPORATE,AU
CUST1951,Customer_951,customer_951@email.com,+11350289456,24.0,739.0,326256.23,VERIFIED,RETAIL,UK
CUST1952,Customer_952,customer_952@email.com,+11282106172,46.0,657.0,495980.39,VERIFIED,SME,AU
CUST1953,Customer_953,customer_953@email.com,+18635381033,82.0,561.0,324085.1,VERIFIED,RETAIL,US
CUST1954,Customer_954,customer_954@email.com,+17558992210,27.0,628.0,52978.0,VERIFIED,SME,AU
CUST1955,Customer_955,customer_955@email.com,+16974264136,34.0,665.0,299808.28,VERIFIED,RETAIL,DE
CUST1956,Customer_956,customer_956@email.com,+14148719289,43.0,437.0,214536.24,VERIFIED,RETAIL,US
CUST1957,Customer_957,customer_957@email.com,+19057651422,45.0,737.0,67955.86,PENDING,,US
CUST1958,Customer_958,customer_958@email.com,,51.0,325.0,264787.09,PENDING,PREMIUM,US
CUST1959,Customer_959,customer_959@email.com,+18852132227,42.0,755.0,81025.47,PENDING,CORPORATE,US
CUST1960,Customer_960,customer_960@email.com,+15033553752,60.0,442.0,175216.42,VERIFIED,RETAIL,FR
CUST1961,Customer_961,customer_961@email.com,+11392217625,51.0,391.0,291461.32,VERIFIED,CORPORATE,DE
CUST1962,Customer_962,customer_962@email.com,+16060339390,-5.0,725.0,469213.19,VERIFIED,RETAIL,AU
CUST1963,Customer_963,customer_963@email.com,,68.0,818.0,476350.75,VERIFIED,RETAIL,US
CUST1964,Customer_964,customer_964@email.com,+15576734741,32.0,306.0,470690.58,VERIFIED,SME,US
CUST1965,Customer_965,customer_965@email.com,+17122675344,67.0,753.0,182628.92,VERIFIED,PREMIUM,AU
CUST1966,Customer_966,customer_966@email.com,+18650485085,62.0,660.0,366902.76,VERIFIED,PREMIUM,AU
CUST1967,Customer_967,customer_967@email.com,,19.0,787.0,19643.07,VERIFIED,RETAIL,FR
CUST1968,Customer_968,customer_968@email.com,+13792930179,30.0,675.0,6020.05,FAILED,CORPORATE,US
CUST1969,Customer_969,customer_969@email.com,+17177206281,59.0,408.0,238533.78,VERIFIED,RETAIL,UK
CUST1970,Customer_970,customer_970@email.com,+11983449918,62.0,771.0,107337.09,VERIFIED,CORPORATE,DE
CUST1971,Customer_971,customer_971@email.com,+15557077854,44.0,605.0,277114.15,VERIFIED,RETAIL,DE
CUST1972,Customer_972,customer_972@email.com,+16615997813,79.0,709.0,419299.16,PENDING,CORPORATE,UK
CUST1973,Customer_973,customer_973@email.com,+12328431930,81.0,,335119.92,,SME,US
CUST1974,Customer_974,customer_974@email.com,+18924566956,82.0,537.0,358989.35,FAILED,RETAIL,AU
CUST1975,Customer_975,customer_975@email.com,+15845695898,54.0,534.0,64841.96,PENDING,SME,DE
CUST1976,Customer_976,customer_976@email.com,+19453604534,75.0,439.0,164983.56,VERIFIED,CORPORATE,UK
CUST1977,Customer_977,customer_977@email.com,,50.0,550.0,160012.57,VERIFIED,RETAIL,UK
CUST1978,Customer_978,customer_978@email.com,+11346810656,20.0,463.0,476317.31,FAILED,RETAIL,US
CUST1979,Customer_979,customer_979@email.com,+17845168031,32.0,634.0,16719.76,VERIFIED,RETAIL,UK
CUST1980,Customer_980,customer_980@email.com,+17471668826,55.0,396.0,391399.89,VERIFIED,RETAIL,AU
CUST1981,Customer_981,customer_981@email.com,+19606349504,48.0,770.0,496020.21,VERIFIED,CORPORATE,UK
CUST1982,Customer_982,customer_982@email.com,+14215434927,24.0,726.0,96986.24,FAILED,SME,UK
CUST1983,Customer_983,customer_983@email.com,+14354265970,75.0,597.0,89807.75,PENDING,CORPORATE,UK
CUST1984,Customer_984,customer_984@email.com,+18913004826,71.0,790.0,458924.19,PENDING,RETAIL,FR
CUST1985,Customer_985,customer_985@email.com,+14347890234,20.0,847.0,359815.06,VERIFIED,SME,AU
CUST1986,Customer_986,customer_986@email.com,+16155242346,68.0,675.0,254493.63,FAILED,CORPORATE,UK
CUST1987,Customer_987,customer_987@email.com,+19565568520,26.0,303.0,149620.21,VERIFIED,RETAIL,UK
CUST1988,Customer_988,customer_988@email.com,+12610407142,67.0,373.0,397049.76,VERIFIED,RETAIL,UK
CUST1989,Customer_989,customer_989@email.com,+12806679290,26.0,519.0,208617.1,VERIFIED,RETAIL,US
CUST1990,Customer_990,customer_990@email.com,+14910663800,64.0,399.0,359993.06,PENDING,RETAIL,UK
CUST1991,Customer_991,customer_991@email.com,+18534809491,36.0,564.0,151552.1,VERIFIED,PREMIUM,US
CUST1992,Customer_992,customer_992@email.com,+18185230261,28.0,807.0,425753.43,VERIFIED,RETAIL,
CUST1993,Customer_993,customer_993@email.com,+13419243777,74.0,301.0,133146.96,VERIFIED,SME,US
CUST1994,Customer_994,customer_994@email.com,+17097252489,27.0,501.0,27695.71,VERIFIED,RETAIL,US
CUST1995,Customer_995,customer_995@email.com,+11153134024,71.0,692.0,416912.69,PENDING,PREMIUM,UK
CUST1996,Customer_996,customer_996@email.com,+13996644391,53.0,588.0,315952.47,VERIFIED,SME,US
CUST1997,Customer_997,customer_997@email.com,+12026549874,82.0,418.0,404025.38,VERIFIED,RETAIL,US
CUST1998,Customer_998,customer_998@email.com,+18817180865,31.0,468.0,178940.06,VERIFIED,RETAIL,UK
CUST1999,Customer_999,customer_999@email.com,+14759490466,78.0,488.0,8705.18,VERIFIED,CORPORATE,DE
CUST2000,Customer_1000,customer_1000@email.com,+18785184891,34.0,671.0,444721.12,VERIFIED,PREMIUM,AU
CUST2001,Customer_1001,customer_1001@email.com,+19732615313,39.0,846.0,257603.41,VERIFIED,CORPORATE,FR
CUST2002,Customer_1002,customer_1002@email.com,+14846508707,28.0,692.0,173994.2,VERIFIED,CORPORATE,US
CUST2003,Customer_1003,customer_1003@email.com,+11814784490,-5.0,528.0,141451.27,VERIFIED,RETAIL,US
CUST2004,Customer_1004,customer_1004@email.com,+12364489500,33.0,434.0,346911.5,FAILED,PREMIUM,UK
CUST2005,Customer_1005,customer_1005@email.com,+19608184266,31.0,400.0,23115.04,VERIFIED,SME,UK
CUST2006,Customer_1006,customer_1006@email.com,+13833255636,69.0,824.0,139083.92,VERIFIED,CORPORATE,US
CUST2007,Customer_1007,customer_1007@email.com,+12660889183,36.0,471.0,181056.5,VERIFIED,RETAIL,AU
CUST2008,Customer_1008,customer_1008@email.com,+12991892300,48.0,644.0,163805.92,PENDING,PREMIUM,AU
CUST2009,Customer_1009,customer_1009@email.com,+13643384817,40.0,760.0,248476.63,PENDING,RETAIL,US
CUST2010,Customer_1010,customer_1010@email.com,+17148266932,29.0,818.0,398923.89,FAILED,RETAIL,US
CUST2011,Customer_1011,customer_1011@email.com,+14125735706,48.0,564.0,241268.06,VERIFIED,RETAIL,US
CUST2012,Customer_1012,customer_1012@email.com,,69.0,556.0,499296.93,VERIFIED,PREMIUM,US
CUST2013,Customer_1013,customer_1013@email.com,+17638626947,44.0,467.0,461365.09,VERIFIED,PREMIUM,UK
CUST2014,Customer_1014,customer_1014@email.com,+13857686867,73.0,715.0,149471.78,VERIFIED,,UK
CUST2015,Customer_1015,customer_1015@email.com,+14771434503,39.0,681.0,155938.56,VERIFIED,CORPORATE,AU
CUST2016,Customer_1016,customer_1016@email.com,+11455052913,19.0,714.0,327433.85,VERIFIED,RETAIL,DE
CUST2017,Customer_1017,customer_1017@email.com,+14546600273,54.0,646.0,372829.13,VERIFIED,RETAIL,
CUST2018,Customer_1018,customer_1018@email.com,+16189806009,66.0,329.0,494785.55,VERIFIED,PREMIUM,US
CUST2019,Customer_1019,customer_1019@email.com,+14584775423,33.0,353.0,78354.55,VERIFIED,RETAIL,US
CUST2020,Customer_1020,customer_1020@email.com,+19252515868,35.0,381.0,200062.21,FAILED,CORPORATE,US
CUST2021,Customer_1021,customer_1021@email.com,+13971539439,27.0,,477296.96,VERIFIED,RETAIL,US
CUST2022,Customer_1022,customer_1022@email.com,+14989503180,51.0,710.0,23748.1,VERIFIED,RETAIL,UK
CUST2023,Customer_1023,customer_1023@email.com,+14270055940,78.0,336.0,353653.7,VERIFIED,CORPORATE,AU
CUST2024,Customer_1024,customer_1024@email.com,+17115245775,25.0,737.0,297476.6,VERIFIED,RETAIL,US
CUST2025,Customer_1025,customer_1025@email.com,+14218007882,65.0,600.0,476454.9,PENDING,RETAIL,AU
CUST2026,Customer_1026,customer_1026@email.com,,37.0,651.0,460429.8,VERIFIED,RETAIL,US
CUST2027,Customer_1027,customer_1027@email.com,+13150245897,52.0,,230961.03,VERIFIED,RETAIL,UK
CUST2028,Customer_1028,customer_1028@email.com,+14903079217,77.0,574.0,255956.57,VERIFIED,PREMIUM,DE
CUST2029,Customer_1029,customer_1029@email.com,+16476390955,57.0,753.0,304562.45,VERIFIED,PREMIUM,DE
CUST2030,Customer_1030,customer_1030@email.com,+12403655665,69.0,493.0,403144.22,VERIFIED,PREMIUM,AU
CUST2031,Customer_1031,customer_1031@email.com,+17004398400,84.0,598.0,102073.09,VERIFIED,RETAIL,AU
CUST2032,Customer_1032,customer_1032@email.com,+18867831688,36.0,379.0,367432.3,VERIFIED,PREMIUM,AU
CUST2033,Customer_1033,customer_1033@email.com,+19332357931,61.0,426.0,301567.61,VERIFIED,RETAIL,US
CUST2034,Customer_1034,customer_1034@email.com,+14544722248,47.0,656.0,428206.26,VERIFIED,CORPORATE,US
CUST2035,Customer_1035,customer_1035@email.com,+17133226457,43.0,677.0,51155.61,VERIFIED,SME,US
CUST2036,Customer_1036,customer_1036@email.com,+16044793005,30.0,767.0,318349.59,PENDING,CORPORATE,AU
CUST2037,Customer_1037,customer_1037@email.com,+14974726309,53.0,698.0,304052.64,VERIFIED,,UK
CUST2038,Customer_1038,customer_1038@email.com,+18362471600,63.0,,106958.25,VERIFIED,CORPORATE,DE
CUST2039,Customer_1039,customer_1039@email.com,+11509623314,29.0,720.0,182529.19,VERIFIED,PREMIUM,US
CUST2040,Customer_1040,customer_1040@email.com,+17772114942,56.0,609.0,358196.23,VERIFIED,SME,UK
CUST2041,Customer_1041,customer_1041@email.com,+18967931191,22.0,366.0,203248.14,VERIFIED,RETAIL,US
CUST2042,Customer_1042,customer_1042@email.com,+17061629350,33.0,444.0,90975.25,VERIFIED,PREMIUM,AU
CUST2043,Customer_1043,customer_1043@email.com,+11261833505,69.0,613.0,224745.16,PENDING,SME,US
CUST2044,Customer_1044,customer_1044@email.com,+14696509911,26.0,460.0,127492.05,VERIFIED,RETAIL,UK
CUST2045,Customer_1045,customer_1045@email.com,+16189996695,23.0,513.0,212054.83,VERIFIED,PREMIUM,US
CUST2046,Customer_1046,customer_1046@email.com,+14299448347,24.0,,250301.54,VERIFIED,SME,UK
CUST2047,Customer_1047,customer_1047@email.com,+11680530957,29.0,774.0,337597.3,FAILED,CORPORATE,UK
CUST2048,Customer_1048,customer_1048@email.com,+13357008687,28.0,699.0,111877.13,VERIFIED,RETAIL,AU
CUST2049,Customer_1049,customer_1049@email.com,+11568991969,39.0,,94517.6,VERIFIED,RETAIL,US
CUST2050,Customer_1050,customer_1050@email.com,+13242741211,19.0,724.0,405703.07,,PREMIUM,AU
CUST2051,Customer_1051,customer_1051@email.com,+11862117018,30.0,619.0,386447.82,VERIFIED,RETAIL,AU
CUST2052,Customer_1052,customer_1052@email.com,+19042131271,34.0,659.0,339513.28,VERIFIED,SME,AU
CUST2053,Customer_1053,customer_1053@email.com,+11648242451,51.0,555.0,160397.58,VERIFIED,SME,UK
CUST2054,Customer_1054,customer_1054@email.com,+15815424488,27.0,454.0,128919.46,VERIFIED,SME,US
CUST2055,Customer_1055,,+16407879410,39.0,329.0,445309.42,VERIFIED,RETAIL,DE
CUST2056,Customer_1056,customer_1056@email.com,+17546519990,83.0,322.0,194445.91,VERIFIED,RETAIL,US
CUST2057,Customer_1057,customer_1057@email.com,+17939509927,47.0,483.0,433682.19,FAILED,CORPORATE,DE
CUST2058,Customer_1058,customer_1058@email.com,+12077738196,65.0,609.0,119381.18,,PREMIUM,FR
CUST2059,Customer_1059,customer_1059@email.com,+15066609097,58.0,646.0,38144.18,VERIFIED,PREMIUM,US
CUST2060,Customer_1060,customer_1060@email.com,+16674703659,46.0,632.0,283926.77,VERIFIED,PREMIUM,US
CUST2061,Customer_1061,customer_1061@email.com,+13223332086,41.0,819.0,14330.75,VERIFIED,RETAIL,US
CUST2062,Customer_1062,customer_1062@email.com,+14059660172,82.0,424.0,100955.37,VERIFIED,PREMIUM,US
CUST2063,Customer_1063,customer_1063@email.com,+16366213644,78.0,,235691.6,VERIFIED,PREMIUM,DE
CUST2064,Customer_1064,customer_1064@email.com,+17656380647,35.0,375.0,278209.47,VERIFIED,RETAIL,FR
CUST2065,Customer_1065,customer_1065@email.com,+17112170463,24.0,461.0,399067.91,VERIFIED,PREMIUM,UK
CUST2066,Customer_1066,customer_1066@email.com,+17307071348,64.0,615.0,220091.91,VERIFIED,RETAIL,US
CUST2067,Customer_1067,customer_1067@email.com,+18679894547,50.0,481.0,100912.4,VERIFIED,PREMIUM,UK
CUST2068,Customer_1068,customer_1068@email.com,+18908958924,37.0,548.0,3603.68,VERIFIED,PREMIUM,UK
CUST2069,Customer_1069,customer_1069@email.com,+15184238131,26.0,834.0,54091.76,VERIFIED,RETAIL,DE
CUST2070,Customer_1070,customer_1070@email.com,+16567032766,65.0,,217890.66,FAILED,RETAIL,DE
CUST2071,Customer_1071,customer_1071@email.com,+13877688138,82.0,713.0,147861.37,VERIFIED,SME,US
CUST2072,Customer_1072,customer_1072@email.com,+16109999216,43.0,633.0,452184.74,VERIFIED,RETAIL,US
CUST2073,Customer_1073,customer_1073@email.com,+12483618468,27.0,766.0,412460.98,VERIFIED,RETAIL,UK
CUST2074,Customer_1074,customer_1074@email.com,+17817520459,38.0,381.0,404619.44,VERIFIED,PREMIUM,US
CUST2075,Customer_1075,customer_1075@email.com,+19373040566,75.0,839.0,207293.05,PENDING,RETAIL,DE
CUST2076,Customer_1076,customer_1076@email.com,+11016437602,37.0,337.0,26530.04,VERIFIED,PREMIUM,UK
CUST2077,Customer_1077,customer_1077@email.com,+15476851657,76.0,535.0,76642.47,PENDING,RETAIL,US
CUST2078,Customer_1078,customer_1078@email.com,+11675016868,39.0,688.0,296151.97,VERIFIED,RETAIL,US
CUST2079,Customer_1079,customer_1079@email.com,+17490685450,41.0,,95871.39,VERIFIED,PREMIUM,UK
CUST2080,Customer_1080,customer_1080@email.com,+12123566796,41.0,414.0,82623.14,VERIFIED,RETAIL,UK
CUST2081,Customer_1081,customer_1081@email.com,+19155215543,54.0,804.0,152660.44,VERIFIED,PREMIUM,US
CUST2082,Customer_1082,customer_1082@email.com,+15015958872,80.0,802.0,292575.99,VERIFIED,CORPORATE,US
CUST2083,Customer_1083,customer_1083@email.com,+18985556052,26.0,349.0,375287.45,VERIFIED,SME,US
CUST2084,Customer_1084,customer_1084@email.com,+19540888471,72.0,,20652.37,VERIFIED,PREMIUM,US
CUST2085,Customer_1085,,+13766703744,41.0,528.0,287529.93,VERIFIED,RETAIL,AU
CUST2086,Customer_1086,customer_1086@email.com,+16122934207,63.0,427.0,356088.62,VERIFIED,RETAIL,US
CUST2087,Customer_1087,customer_1087@email.com,+12762843909,34.0,493.0,174169.57,VERIFIED,CORPORATE,US
CUST2088,Customer_1088,customer_1088@email.com,+18061160887,18.0,602.0,426119.87,VERIFIED,SME,UK
CUST2089,Customer_1089,customer_1089@email.com,+15042275119,54.0,423.0,95250.61,FAILED,PREMIUM,DE
CUST2090,Customer_1090,customer_1090@email.com,+13524468392,37.0,475.0,316069.68,VERIFIED,PREMIUM,UK
CUST2091,Customer_1091,customer_1091@email.com,+16397140046,42.0,393.0,338833.85,VERIFIED,SME,US
CUST2092,Customer_1092,customer_1092@email.com,+15252103104,61.0,741.0,283123.8,VERIFIED,RETAIL,DE
CUST2093,Customer_1093,customer_1093@email.com,+13050573826,43.0,647.0,424811.08,VERIFIED,PREMIUM,US
CUST2094,Customer_1094,customer_1094@email.com,+12361521634,31.0,551.0,112910.18,VERIFIED,RETAIL,FR
CUST2095,Customer_1095,customer_1095@email.com,+16825902221,26.0,792.0,322604.25,VERIFIED,RETAIL,UK
CUST2096,Customer_1096,customer_1096@email.com,+18314469242,80.0,615.0,108457.96,VERIFIED,RETAIL,UK
CUST2097,Customer_1097,customer_1097@email.com,+14091898578,63.0,302.0,232056.93,VERIFIED,RETAIL,US
CUST2098,Customer_1098,customer_1098@email.com,+16608580546,75.0,600.0,484726.66,VERIFIED,SME,US
CUST2099,Customer_1099,customer_1099@email.com,+14211948668,57.0,440.0,279876.96,FAILED,CORPORATE,AU
CUST2100,Customer_1100,customer_1100@email.com,+13710135642,53.0,453.0,90370.56,VERIFIED,PREMIUM,US
CUST2101,Customer_1101,customer_1101@email.com,+14327292625,62.0,630.0,441185.52,FAILED,RETAIL,FR
CUST2102,Customer_1102,customer_1102@email.com,+13614357664,66.0,821.0,197711.29,VERIFIED,RETAIL,DE
CUST2103,Customer_1103,customer_1103@email.com,+15413125681,77.0,831.0,262974.26,VERIFIED,PREMIUM,UK
CUST2104,Customer_1104,customer_1104@email.com,+13533783974,58.0,682.0,380446.12,VERIFIED,PREMIUM,DE
CUST2105,Customer_1105,customer_1105@email.com,+15232605875,36.0,499.0,104673.47,VERIFIED,RETAIL,DE
CUST2106,Customer_1106,customer_1106@email.com,+19036847339,74.0,679.0,30894.36,PENDING,PREMIUM,UK
CUST2107,Customer_1107,customer_1107@email.com,+17016464093,36.0,377.0,205925.35,VERIFIED,RETAIL,US
CUST2108,Customer_1108,customer_1108@email.com,+11229899479,78.0,349.0,262707.29,FAILED,RETAIL,UK
CUST2109,Customer_1109,customer_1109@email.com,+18956872658,74.0,815.0,196292.4,FAILED,PREMIUM,US
CUST2110,Customer_1110,customer_1110@email.com,+18985858596,24.0,846.0,150013.93,VERIFIED,PREMIUM,US
CUST2111,Customer_1111,customer_1111@email.com,+12488279382,58.0,434.0,77186.88,PENDING,SME,FR
CUST2112,Customer_1112,customer_1112@email.com,+19322634608,44.0,,135473.32,VERIFIED,RETAIL,AU
CUST2113,Customer_1113,customer_1113@email.com,+14157566431,18.0,756.0,126960.31,VERIFIED,PREMIUM,US
CUST2114,Customer_1114,customer_1114@email.com,+16215448635,-5.0,341.0,51596.0,PENDING,CORPORATE,US
CUST2115,Customer_1115,customer_1115@email.com,+17245270610,66.0,499.0,424692.98,VERIFIED,RETAIL,FR
CUST2116,Customer_1116,customer_1116@email.com,+14323060080,40.0,496.0,347900.57,VERIFIED,PREMIUM,
CUST2117,Customer_1117,customer_1117@email.com,+13286783447,74.0,827.0,305861.8,VERIFIED,SME,US
CUST2118,Customer_1118,customer_1118@email.com,+15428007330,82.0,468.0,294898.67,FAILED,PREMIUM,AU
CUST2119,Customer_1119,customer_1119@email.com,+18022002784,27.0,409.0,400276.23,VERIFIED,PREMIUM,AU
CUST2120,Customer_1120,customer_1120@email.com,+11378422111,27.0,682.0,368548.46,VERIFIED,PREMIUM,AU
CUST2121,Customer_1121,customer_1121@email.com,+11345183318,54.0,485.0,478006.57,FAILED,RETAIL,DE
CUST2122,Customer_1122,customer_1122@email.com,+17607862057,78.0,706.0,3227.56,PENDING,SME,FR
CUST2123,Customer_1123,customer_1123@email.com,+13793931813,69.0,565.0,104516.08,,RETAIL,DE
CUST2124,Customer_1124,customer_1124@email.com,,56.0,451.0,222132.27,VERIFIED,SME,FR
CUST2125,Customer_1125,customer_1125@email.com,+11381563266,84.0,,229971.6,VERIFIED,PREMIUM,DE
CUST2126,Customer_1126,customer_1126@email.com,+16917149638,54.0,711.0,69930.38,FAILED,PREMIUM,DE
CUST2127,Customer_1127,customer_1127@email.com,+13451703690,53.0,339.0,211768.16,PENDING,RETAIL,US
CUST2128,Customer_1128,customer_1128@email.com,+12591829495,40.0,724.0,92465.79,VERIFIED,RETAIL,DE
CUST2129,Customer_1129,customer_1129@email.com,+14734804869,30.0,617.0,255575.69,VERIFIED,RETAIL,US
CUST2130,Customer_1130,customer_1130@email.com,+18300019275,29.0,630.0,225021.67,VERIFIED,CORPORATE,UK
CUST2131,Customer_1131,customer_1131@email.com,+13551044629,36.0,734.0,275375.27,VERIFIED,RETAIL,US
CUST2132,Customer_1132,customer_1132@email.com,+18135813779,48.0,510.0,372600.29,VERIFIED,RETAIL,US
CUST2133,Customer_1133,customer_1133@email.com,+15355606395,55.0,647.0,398834.3,VERIFIED,PREMIUM,US
CUST2134,Customer_1134,customer_1134@email.com,+14116515494,44.0,725.0,114832.59,VERIFIED,PREMIUM,US
CUST2135,Customer_1135,customer_1135@email.com,+17889015970,70.0,705.0,463660.31,VERIFIED,RETAIL,FR
CUST2136,Customer_1136,,+18274327495,69.0,370.0,496270.96,VERIFIED,SME,AU
CUST2137,Customer_1137,customer_1137@email.com,+11289339299,46.0,695.0,302532.83,VERIFIED,PREMIUM,US
CUST2138,Customer_1138,customer_1138@email.com,+18537851728,27.0,673.0,304539.78,VERIFIED,RETAIL,US
CUST2139,Customer_1139,customer_1139@email.com,+14993283414,67.0,473.0,141348.65,FAILED,SME,UK
CUST2140,Customer_1140,customer_1140@email.com,,74.0,339.0,430354.07,VERIFIED,SME,US
CUST2141,Customer_1141,customer_1141@email.com,+18461212682,58.0,567.0,369071.96,VERIFIED,CORPORATE,US
CUST2142,Customer_1142,customer_1142@email.com,+17173068197,54.0,534.0,346384.78,VERIFIED,RETAIL,AU
CUST2143,Customer_1143,customer_1143@email.com,+12836437698,68.0,459.0,276892.42,PENDING,RETAIL,US
CUST2144,Customer_1144,customer_1144@email.com,+11626653782,58.0,714.0,140119.93,FAILED,CORPORATE,US
CUST2145,Customer_1145,customer_1145@email.com,+18673073313,78.0,766.0,403603.12,VERIFIED,RETAIL,AU
CUST2146,Customer_1146,customer_1146@email.com,+16658273971,54.0,681.0,341439.69,PENDING,PREMIUM,DE
CUST2147,Customer_1147,customer_1147@email.com,+18139845801,42.0,466.0,299181.53,VERIFIED,CORPORATE,US
CUST2148,Customer_1148,customer_1148@email.com,,53.0,,47896.28,VERIFIED,PREMIUM,AU
CUST2149,Customer_1149,customer_1149@email.com,+11589850697,75.0,395.0,252921.24,VERIFIED,CORPORATE,UK
CUST2150,Customer_1150,customer_1150@email.com,+17330692095,28.0,568.0,462228.14,VERIFIED,RETAIL,US
CUST2151,Customer_1151,customer_1151@email.com,+11756049032,52.0,532.0,82262.85,VERIFIED,CORPORATE,US
CUST2152,Customer_1152,customer_1152@email.com,+19679304627,58.0,511.0,371448.52,VERIFIED,RETAIL,AU
CUST2153,Customer_1153,customer_1153@email.com,+17850166701,47.0,725.0,97363.28,FAILED,RETAIL,US
CUST2154,Customer_1154,customer_1154@email.com,+13224098612,38.0,813.0,73757.88,VERIFIED,RETAIL,US
CUST2155,Customer_1155,customer_1155@email.com,+11865734116,61.0,727.0,442039.25,VERIFIED,CORPORATE,US
CUST2156,Customer_1156,customer_1156@email.com,+18673393495,50.0,646.0,401238.97,VERIFIED,RETAIL,US
CUST2157,Customer_1157,customer_1157@email.com,+11959186868,34.0,776.0,30248.22,VERIFIED,RETAIL,US
CUST2158,Customer_1158,customer_1158@email.com,+13390291943,18.0,462.0,261021.34,VERIFIED,PREMIUM,UK
CUST2159,Customer_1159,customer_1159@email.com,+18770968218,80.0,766.0,437924.45,VERIFIED,CORPORATE,DE
CUST2160,Customer_1160,customer_1160@email.com,+16310132277,69.0,811.0,230588.91,VERIFIED,CORPORATE,UK
CUST2161,Customer_1161,customer_1161@email.com,+13578665371,55.0,685.0,387168.88,VERIFIED,PREMIUM,UK
CUST2162,Customer_1162,customer_1162@email.com,+15485591177,67.0,481.0,203332.6,VERIFIED,RETAIL,AU
CUST2163,Customer_1163,customer_1163@email.com,+12513271731,73.0,793.0,30726.28,VERIFIED,PREMIUM,US
CUST2164,Customer_1164,customer_1164@email.com,,39.0,685.0,318099.02,VERIFIED,PREMIUM,UK
CUST2165,Customer_1165,customer_1165@email.com,+12199147030,23.0,321.0,105831.78,VERIFIED,RETAIL,UK
CUST2166,Customer_1166,customer_1166@email.com,+19572186019,76.0,740.0,177717.28,VERIFIED,CORPORATE,
CUST2167,Customer_1167,customer_1167@email.com,+13382625381,59.0,677.0,129670.84,,CORPORATE,AU
CUST2168,Customer_1168,customer_1168@email.com,,66.0,676.0,40157.32,PENDING,RETAIL,AU
CUST2169,Customer_1169,customer_1169@email.com,+19642375995,57.0,597.0,412618.92,VERIFIED,RETAIL,AU
CUST2170,Customer_1170,customer_1170@email.com,+13883685373,31.0,519.0,461190.96,FAILED,PREMIUM,UK
CUST2171,Customer_1171,customer_1171@email.com,+17444262050,23.0,523.0,434223.47,FAILED,PREMIUM,US
CUST2172,Customer_1172,customer_1172@email.com,+11617522527,69.0,310.0,174724.51,VERIFIED,RETAIL,US
CUST2173,Customer_1173,customer_1173@email.com,+18061671007,54.0,661.0,173240.13,,CORPORATE,US
CUST2174,Customer_1174,customer_1174@email.com,+16542476331,45.0,832.0,371622.24,VERIFIED,CORPORATE,US
CUST2175,Customer_1175,customer_1175@email.com,+12774962632,34.0,,34260.31,VERIFIED,,US
CUST2176,Customer_1176,customer_1176@email.com,+18541631758,,381.0,396215.71,PENDING,RETAIL,DE
CUST2177,Customer_1177,customer_1177@email.com,+15381395951,81.0,793.0,213299.34,VERIFIED,RETAIL,US
CUST2178,Customer_1178,customer_1178@email.com,+15157998925,85.0,639.0,409568.46,PENDING,RETAIL,AU
CUST2179,Customer_1179,customer_1179@email.com,+16317500835,85.0,468.0,31703.72,PENDING,RETAIL,US
CUST2180,Customer_1180,customer_1180@email.com,,85.0,366.0,465241.37,VERIFIED,SME,US
CUST2181,Customer_1181,customer_1181@email.com,+15258248721,29.0,828.0,153071.82,PENDING,SME,US
CUST2182,Customer_1182,customer_1182@email.com,+14745248224,52.0,604.0,280428.04,VERIFIED,CORPORATE,US
CUST2183,Customer_1183,customer_1183@email.com,+18093789043,24.0,706.0,14479.38,VERIFIED,CORPORATE,US
CUST2184,Customer_1184,customer_1184@email.com,+18436631430,25.0,323.0,282592.82,VERIFIED,PREMIUM,UK
CUST2185,Customer_1185,customer_1185@email.com,+19173086970,55.0,344.0,475583.78,PENDING,PREMIUM,US
CUST2186,Customer_1186,customer_1186@email.com,+19088267359,56.0,650.0,339525.34,VERIFIED,PREMIUM,UK
CUST2187,Customer_1187,customer_1187@email.com,+13859549723,79.0,424.0,22132.27,VERIFIED,CORPORATE,US
CUST2188,Customer_1188,customer_1188@email.com,+11916163901,70.0,,385956.28,FAILED,RETAIL,US
CUST2189,Customer_1189,customer_1189@email.com,+12347174953,52.0,376.0,20107.11,FAILED,SME,US
CUST2190,Customer_1190,customer_1190@email.com,+18140078238,57.0,421.0,282142.16,VERIFIED,RETAIL,US
CUST2191,Customer_1191,customer_1191@email.com,+12409252154,77.0,697.0,437448.05,VERIFIED,RETAIL,AU
CUST2192,Customer_1192,customer_1192@email.com,+13224950599,25.0,373.0,213685.48,PENDING,RETAIL,UK
CUST2193,Customer_1193,customer_1193@email.com,+17538341198,31.0,468.0,393354.6,VERIFIED,CORPORATE,DE
CUST2194,Customer_1194,customer_1194@email.com,+11062049250,46.0,659.0,65797.09,FAILED,RETAIL,US
CUST2195,Customer_1195,customer_1195@email.com,+14927718214,40.0,554.0,77030.95,VERIFIED,RETAIL,FR
CUST2196,Customer_1196,customer_1196@email.com,+17654548567,22.0,307.0,203544.69,VERIFIED,RETAIL,AU
CUST2197,Customer_1197,customer_1197@email.com,+12890342837,71.0,710.0,147760.12,VERIFIED,SME,US
CUST2198,Customer_1198,customer_1198@email.com,+14865798280,73.0,513.0,424482.72,VERIFIED,CORPORATE,US
CUST2199,Customer_1199,customer_1199@email.com,+11517499044,51.0,736.0,424025.26,VERIFIED,CORPORATE,UK
CUST2200,Customer_1200,customer_1200@email.com,+12072424804,53.0,570.0,246107.38,VERIFIED,CORPORATE,US
CUST2201,Customer_1201,customer_1201@email.com,+15854960548,66.0,451.0,113435.53,VERIFIED,RETAIL,AU
CUST2202,Customer_1202,customer_1202@email.com,+14590571070,59.0,585.0,332738.18,PENDING,RETAIL,AU
CUST2203,Customer_1203,customer_1203@email.com,+14165886117,85.0,332.0,136161.57,VERIFIED,CORPORATE,UK
CUST2204,Customer_1204,customer_1204@email.com,+12896044929,84.0,719.0,222000.62,,SME,US
CUST2205,Customer_1205,customer_1205@email.com,+18728936712,68.0,362.0,21630.61,PENDING,CORPORATE,DE
CUST2206,Customer_1206,customer_1206@email.com,+18393326117,42.0,445.0,104485.8,VERIFIED,RETAIL,US
CUST2207,Customer_1207,customer_1207@email.com,+16663029855,39.0,666.0,95506.73,FAILED,RETAIL,FR
CUST2208,Customer_1208,customer_1208@email.com,+14327821237,56.0,402.0,377348.83,FAILED,RETAIL,US
CUST2209,Customer_1209,customer_1209@email.com,,80.0,513.0,44974.81,,SME,AU
CUST2210,Customer_1210,customer_1210@email.com,+15525169883,73.0,,281395.36,PENDING,CORPORATE,US
CUST2211,Customer_1211,customer_1211@email.com,+19004257773,62.0,393.0,348673.52,VERIFIED,RETAIL,AU
CUST2212,Customer_1212,customer_1212@email.com,+11264723936,55.0,813.0,466914.74,VERIFIED,PREMIUM,US
CUST2213,Customer_1213,customer_1213@email.com,,69.0,389.0,196438.62,VERIFIED,CORPORATE,US
CUST2214,Customer_1214,customer_1214@email.com,+14194835043,64.0,740.0,95866.57,FAILED,RETAIL,US
CUST2215,Customer_1215,customer_1215@email.com,+13574060780,35.0,623.0,324683.42,VERIFIED,RETAIL,US
CUST2216,Customer_1216,customer_1216@email.com,+12535903425,49.0,456.0,181878.72,VERIFIED,RETAIL,UK
CUST2217,Customer_1217,customer_1217@email.com,+16056494006,70.0,769.0,466253.24,VERIFIED,SME,US
CUST2218,Customer_1218,customer_1218@email.com,+15563366685,55.0,713.0,210431.31,VERIFIED,RETAIL,DE
CUST2219,Customer_1219,customer_1219@email.com,+15784741483,59.0,460.0,128891.04,VERIFIED,RETAIL,US
CUST2220,Customer_1220,customer_1220@email.com,+18026442891,71.0,794.0,84889.93,VERIFIED,RETAIL,UK
CUST2221,Customer_1221,customer_1221@email.com,+14800567520,48.0,,298506.44,FAILED,PREMIUM,US
CUST2222,Customer_1222,customer_1222@email.com,+18018740678,58.0,750.0,444300.98,VERIFIED,PREMIUM,UK
CUST2223,Customer_1223,customer_1223@email.com,+14372550407,63.0,731.0,264905.09,VERIFIED,RETAIL,AU
CUST2224,Customer_1224,customer_1224@email.com,+11731872095,63.0,791.0,243639.89,VERIFIED,RETAIL,US
CUST2225,Customer_1225,customer_1225@email.com,,20.0,715.0,228603.47,VERIFIED,RETAIL,AU
CUST2226,Customer_1226,customer_1226@email.com,+12501386161,37.0,518.0,13823.48,PENDING,RETAIL,UK
CUST2227,Customer_1227,customer_1227@email.com,+17776614213,81.0,449.0,253959.45,VERIFIED,CORPORATE,AU
CUST2228,Customer_1228,customer_1228@email.com,+15853723367,51.0,773.0,175543.7,VERIFIED,RETAIL,UK
CUST2229,Customer_1229,customer_1229@email.com,+12779928952,46.0,442.0,330288.51,VERIFIED,CORPORATE,US
CUST2230,Customer_1230,customer_1230@email.com,+15967754967,78.0,780.0,231810.55,PENDING,PREMIUM,US
CUST2231,Customer_1231,customer_1231@email.com,+17986159976,39.0,470.0,376910.55,VERIFIED,SME,US
CUST2232,Customer_1232,customer_1232@email.com,+16790203276,82.0,370.0,16540.56,VERIFIED,RETAIL,US
CUST2233,Customer_1233,customer_1233@email.com,+15736679552,75.0,309.0,273753.21,VERIFIED,RETAIL,US
CUST2234,Customer_1234,customer_1234@email.com,+14718192186,67.0,697.0,64855.98,VERIFIED,PREMIUM,US
CUST2235,Customer_1235,customer_1235@email.com,+15326333632,54.0,404.0,406732.88,VERIFIED,RETAIL,UK
CUST2236,Customer_1236,customer_1236@email.com,+16679773131,85.0,503.0,216459.68,FAILED,RETAIL,AU
CUST2237,Customer_1237,customer_1237@email.com,+18177530459,75.0,753.0,415811.65,FAILED,RETAIL,AU
CUST2238,Customer_1238,customer_1238@email.com,+11411624057,71.0,792.0,356823.92,FAILED,CORPORATE,AU
CUST2239,Customer_1239,customer_1239@email.com,+18359236151,29.0,341.0,134975.58,FAILED,SME,US
CUST2240,Customer_1240,customer_1240@email.com,+13587854978,80.0,797.0,42823.46,VERIFIED,RETAIL,AU
CUST2241,Customer_1241,,+18921447638,82.0,349.0,122043.07,VERIFIED,CORPORATE,AU
CUST2242,Customer_1242,customer_1242@email.com,+13780146119,29.0,788.0,334163.24,VERIFIED,SME,US
CUST2243,Customer_1243,customer_1243@email.com,+12564325398,70.0,675.0,56190.33,VERIFIED,SME,UK
CUST2244,Customer_1244,customer_1244@email.com,+18182240555,65.0,828.0,187291.61,VERIFIED,CORPORATE,US
CUST2245,Customer_1245,customer_1245@email.com,+17013680426,21.0,465.0,343161.57,VERIFIED,RETAIL,UK
CUST2246,Customer_1246,customer_1246@email.com,+12801467944,59.0,670.0,186713.08,PENDING,RETAIL,US
CUST2247,Customer_1247,customer_1247@email.com,+19948032936,53.0,597.0,474711.36,PENDING,,US
CUST2248,Customer_1248,,+11045653821,85.0,399.0,140754.72,FAILED,RETAIL,US
CUST2249,Customer_1249,customer_1249@email.com,+16295459327,51.0,483.0,302547.56,PENDING,SME,AU
CUST2250,Customer_1250,customer_1250@email.com,+14699150503,43.0,336.0,303689.75,FAILED,RETAIL,UK
CUST2251,Customer_1251,customer_1251@email.com,+18352247505,18.0,658.0,403341.57,VERIFIED,PREMIUM,UK
CUST2252,Customer_1252,customer_1252@email.com,+14196556868,53.0,765.0,105406.0,VERIFIED,PREMIUM,US
CUST2253,Customer_1253,customer_1253@email.com,+11806269879,31.0,748.0,349371.26,VERIFIED,RETAIL,DE
CUST2254,Customer_1254,customer_1254@email.com,+13344839793,61.0,499.0,406919.76,VERIFIED,PREMIUM,UK
CUST2255,Customer_1255,customer_1255@email.com,+11167317321,-5.0,672.0,235782.2,VERIFIED,SME,UK
CUST2256,Customer_1256,customer_1256@email.com,+18872429874,38.0,594.0,107946.01,VERIFIED,SME,US
CUST2257,Customer_1257,customer_1257@email.com,+17758041155,83.0,586.0,276364.02,VERIFIED,CORPORATE,US
CUST2258,Customer_1258,customer_1258@email.com,+16588008465,81.0,667.0,484043.3,VERIFIED,SME,US
CUST2259,Customer_1259,customer_1259@email.com,+13889855752,21.0,809.0,400171.81,PENDING,PREMIUM,UK
CUST2260,Customer_1260,customer_1260@email.com,+12669026518,28.0,557.0,446478.74,,PREMIUM,US
CUST2261,Customer_1261,customer_1261@email.com,,28.0,545.0,186196.49,VERIFIED,RETAIL,US
CUST2262,Customer_1262,customer_1262@email.com,+13889405386,50.0,723.0,97044.67,PENDING,RETAIL,US
CUST2263,Customer_1263,customer_1263@email.com,,-5.0,629.0,397671.93,FAILED,RETAIL,UK
CUST2264,Customer_1264,customer_1264@email.com,+13217042210,85.0,588.0,109216.61,VERIFIED,PREMIUM,UK
CUST2265,Customer_1265,customer_1265@email.com,+14762013349,26.0,355.0,356255.58,VERIFIED,RETAIL,US
CUST2266,Customer_1266,customer_1266@email.com,+16602187305,63.0,628.0,173584.39,VERIFIED,RETAIL,FR
CUST2267,Customer_1267,customer_1267@email.com,+19167335017,150.0,490.0,332377.79,VERIFIED,SME,UK
CUST2268,Customer_1268,customer_1268@email.com,,52.0,526.0,116461.56,,RETAIL,US
CUST2269,Customer_1269,customer_1269@email.com,+15907774703,25.0,454.0,328127.16,VERIFIED,RETAIL,UK
CUST2270,Customer_1270,customer_1270@email.com,+18006924274,85.0,810.0,341025.98,VERIFIED,RETAIL,FR
CUST2271,Customer_1271,customer_1271@email.com,+11700873949,40.0,845.0,233486.26,VERIFIED,PREMIUM,DE
CUST2272,Customer_1272,customer_1272@email.com,+17232702215,20.0,687.0,11729.8,VERIFIED,PREMIUM,US
CUST2273,Customer_1273,customer_1273@email.com,+13901644450,80.0,848.0,451607.73,PENDING,PREMIUM,DE
CUST2274,Customer_1274,customer_1274@email.com,+19007851998,60.0,820.0,55812.65,VERIFIED,RETAIL,UK
CUST2275,Customer_1275,customer_1275@email.com,+12883768272,38.0,502.0,271393.74,VERIFIED,CORPORATE,DE
CUST2276,Customer_1276,customer_1276@email.com,+17306251497,26.0,843.0,474240.33,VERIFIED,PREMIUM,US
CUST2277,Customer_1277,customer_1277@email.com,+12519712354,81.0,341.0,472191.07,VERIFIED,CORPORATE,AU
CUST2278,Customer_1278,customer_1278@email.com,+17036281137,,576.0,40999.93,VERIFIED,SME,FR
CUST2279,Customer_1279,customer_1279@email.com,+13373584314,77.0,517.0,454935.98,VERIFIED,RETAIL,AU
CUST2280,Customer_1280,customer_1280@email.com,+13353429432,33.0,324.0,322044.54,VERIFIED,RETAIL,FR
CUST2281,Customer_1281,customer_1281@email.com,+16610468704,24.0,544.0,298369.15,VERIFIED,RETAIL,US
CUST2282,Customer_1282,customer_1282@email.com,+12504450204,45.0,568.0,474602.88,FAILED,CORPORATE,US
CUST2283,Customer_1283,customer_1283@email.com,+18241740197,65.0,632.0,118565.13,PENDING,PREMIUM,US
CUST2284,Customer_1284,customer_1284@email.com,,39.0,350.0,399389.96,VERIFIED,CORPORATE,UK
CUST2285,Customer_1285,customer_1285@email.com,+17209427002,83.0,426.0,350911.19,FAILED,RETAIL,DE
CUST2286,Customer_1286,customer_1286@email.com,+14626957889,31.0,630.0,68887.92,PENDING,RETAIL,US
CUST2287,Customer_1287,customer_1287@email.com,+13827310120,77.0,464.0,255976.68,VERIFIED,PREMIUM,DE
CUST2288,Customer_1288,customer_1288@email.com,+14152000785,40.0,,297390.92,VERIFIED,RETAIL,DE
CUST2289,Customer_1289,customer_1289@email.com,+19309333139,76.0,550.0,139423.58,VERIFIED,PREMIUM,US
CUST2290,Customer_1290,,+18154433549,77.0,717.0,55761.87,VERIFIED,RETAIL,UK
CUST2291,Customer_1291,customer_1291@email.com,+16051704456,20.0,315.0,488966.83,VERIFIED,PREMIUM,FR
CUST2292,Customer_1292,customer_1292@email.com,+15772317311,30.0,453.0,455578.46,VERIFIED,SME,US
CUST2293,Customer_1293,customer_1293@email.com,+19254869993,59.0,787.0,352139.25,,SME,DE
CUST2294,Customer_1294,customer_1294@email.com,+15753813155,42.0,420.0,291724.2,VERIFIED,RETAIL,UK
CUST2295,Customer_1295,customer_1295@email.com,+12295402613,41.0,738.0,370062.99,PENDING,RETAIL,DE
CUST2296,Customer_1296,customer_1296@email.com,+12718393382,50.0,829.0,173248.38,VERIFIED,RETAIL,AU
CUST2297,Customer_1297,customer_1297@email.com,+16266185312,84.0,336.0,147594.85,VERIFIED,RETAIL,US
CUST2298,Customer_1298,customer_1298@email.com,+11679444924,-5.0,724.0,352297.87,VERIFIED,SME,US
CUST2299,Customer_1299,customer_1299@email.com,+11040495381,21.0,465.0,484797.13,PENDING,RETAIL,US
CUST2300,Customer_1300,customer_1300@email.com,+14260481064,40.0,371.0,493788.05,VERIFIED,PREMIUM,US
CUST2301,Customer_1301,customer_1301@email.com,+18120655838,28.0,574.0,81976.93,VERIFIED,,FR
CUST2302,Customer_1302,customer_1302@email.com,+19098499401,18.0,406.0,444790.15,VERIFIED,CORPORATE,UK
CUST2303,Customer_1303,customer_1303@email.com,+17624525169,53.0,563.0,236893.14,VERIFIED,RETAIL,UK
CUST2304,Customer_1304,customer_1304@email.com,+19224371637,75.0,661.0,369515.94,VERIFIED,RETAIL,US
CUST2305,Customer_1305,customer_1305@email.com,+15593378548,48.0,570.0,391127.87,VERIFIED,CORPORATE,US
CUST2306,Customer_1306,customer_1306@email.com,+13510929708,31.0,333.0,363931.09,VERIFIED,SME,US
CUST2307,Customer_1307,customer_1307@email.com,+16730213092,64.0,681.0,366919.55,,RETAIL,US
CUST2308,Customer_1308,customer_1308@email.com,+18444793304,23.0,486.0,447337.6,VERIFIED,RETAIL,US
CUST2309,Customer_1309,,+11352445074,,580.0,118314.48,VERIFIED,SME,UK
CUST2310,Customer_1310,customer_1310@email.com,+11199021407,43.0,716.0,313198.51,PENDING,RETAIL,US
CUST2311,Customer_1311,customer_1311@email.com,+15747906552,20.0,368.0,218443.56,VERIFIED,RETAIL,US
CUST2312,Customer_1312,customer_1312@email.com,+18076377410,80.0,818.0,362899.82,VERIFIED,RETAIL,US
CUST2313,Customer_1313,customer_1313@email.com,+16355936456,35.0,808.0,64537.02,VERIFIED,CORPORATE,US
CUST2314,Customer_1314,customer_1314@email.com,+13423956548,45.0,786.0,194121.1,VERIFIED,PREMIUM,US
CUST2315,Customer_1315,customer_1315@email.com,+16670604759,56.0,661.0,387180.69,VERIFIED,SME,FR
CUST2316,Customer_1316,customer_1316@email.com,+19279461547,58.0,309.0,65364.04,VERIFIED,CORPORATE,US
CUST2317,Customer_1317,customer_1317@email.com,+18850066656,39.0,689.0,232967.72,PENDING,SME,US
CUST2318,Customer_1318,,+11659166273,28.0,844.0,330890.12,VERIFIED,SME,US
CUST2319,Customer_1319,customer_1319@email.com,+18046673594,80.0,640.0,235894.77,VERIFIED,PREMIUM,UK
CUST2320,Customer_1320,customer_1320@email.com,,42.0,545.0,349360.18,VERIFIED,RETAIL,US
CUST2321,Customer_1321,,+11831708321,37.0,657.0,110520.6,VERIFIED,RETAIL,AU
CUST2322,Customer_1322,customer_1322@email.com,+15239865707,71.0,428.0,415002.02,FAILED,CORPORATE,FR
CUST2323,Customer_1323,customer_1323@email.com,+15302289983,54.0,395.0,12560.59,VERIFIED,RETAIL,US
CUST2324,Customer_1324,customer_1324@email.com,+16335579373,33.0,593.0,479095.06,VERIFIED,PREMIUM,UK
CUST2325,Customer_1325,customer_1325@email.com,+15237058186,76.0,670.0,137142.44,VERIFIED,RETAIL,US
CUST2326,Customer_1326,customer_1326@email.com,+15053800530,31.0,349.0,60832.24,VERIFIED,SME,US
CUST2327,Customer_1327,customer_1327@email.com,+14179532393,43.0,322.0,350892.42,FAILED,RETAIL,FR
CUST2328,Customer_1328,customer_1328@email.com,+11861931847,40.0,608.0,101892.16,VERIFIED,RETAIL,US
CUST2329,Customer_1329,customer_1329@email.com,+13551373931,42.0,685.0,406605.28,VERIFIED,PREMIUM,FR
CUST2330,Customer_1330,customer_1330@email.com,+12536339718,31.0,369.0,119543.49,VERIFIED,RETAIL,UK
CUST2331,Customer_1331,customer_1331@email.com,+15665080708,25.0,777.0,174575.61,PENDING,RETAIL,US
CUST2332,Customer_1332,customer_1332@email.com,+16323299575,64.0,341.0,462762.99,VERIFIED,RETAIL,
CUST2333,Customer_1333,customer_1333@email.com,+12149841376,43.0,743.0,325931.37,VERIFIED,SME,FR
CUST2334,Customer_1334,customer_1334@email.com,+15734227654,25.0,583.0,250301.68,VERIFIED,RETAIL,US
CUST2335,Customer_1335,,+19476860504,35.0,526.0,332317.87,VERIFIED,PREMIUM,US
CUST2336,Customer_1336,customer_1336@email.com,+14460711193,40.0,804.0,118739.9,PENDING,SME,US
CUST2337,Customer_1337,customer_1337@email.com,+13370776261,56.0,595.0,80224.71,VERIFIED,CORPORATE,US
CUST2338,Customer_1338,customer_1338@email.com,+15472053723,33.0,476.0,139016.41,FAILED,CORPORATE,
CUST2339,Customer_1339,customer_1339@email.com,+15347054857,78.0,373.0,227857.47,FAILED,PREMIUM,US
CUST2340,Customer_1340,customer_1340@email.com,+19058211921,60.0,703.0,471290.98,PENDING,RETAIL,UK
CUST2341,Customer_1341,customer_1341@email.com,+16689901613,66.0,357.0,20975.05,VERIFIED,RETAIL,US
CUST2342,Customer_1342,customer_1342@email.com,+11539655847,40.0,668.0,247098.82,VERIFIED,RETAIL,AU
CUST2343,Customer_1343,customer_1343@email.com,+11433845553,34.0,621.0,481225.44,,SME,FR
CUST2344,Customer_1344,customer_1344@email.com,+14481406134,51.0,654.0,128065.54,VERIFIED,RETAIL,DE
CUST2345,Customer_1345,customer_1345@email.com,+17552632904,62.0,332.0,321952.57,VERIFIED,PREMIUM,DE
CUST2346,Customer_1346,customer_1346@email.com,+16834303542,-5.0,576.0,340134.11,PENDING,CORPORATE,UK
CUST2347,Customer_1347,customer_1347@email.com,+16796583673,18.0,659.0,329567.5,PENDING,RETAIL,UK
CUST2348,Customer_1348,customer_1348@email.com,+13286457887,-5.0,720.0,191519.03,VERIFIED,PREMIUM,AU
CUST2349,Customer_1349,customer_1349@email.com,+12910936636,71.0,629.0,452980.82,VERIFIED,RETAIL,UK
CUST2350,Customer_1350,customer_1350@email.com,+15571925629,59.0,521.0,202194.63,VERIFIED,RETAIL,UK
CUST2351,Customer_1351,customer_1351@email.com,+16528900975,55.0,735.0,141287.77,PENDING,PREMIUM,FR
CUST2352,Customer_1352,customer_1352@email.com,+13497781878,48.0,538.0,199860.61,FAILED,RETAIL,FR
CUST2353,Customer_1353,customer_1353@email.com,+11777921224,60.0,545.0,285336.39,VERIFIED,RETAIL,US
CUST2354,Customer_1354,customer_1354@email.com,+12897006099,59.0,333.0,8319.72,VERIFIED,PREMIUM,US
CUST2355,Customer_1355,customer_1355@email.com,+17351403053,78.0,541.0,107059.71,VERIFIED,CORPORATE,DE
CUST2356,Customer_1356,customer_1356@email.com,+16686988781,36.0,495.0,435411.87,VERIFIED,,US
CUST2357,Customer_1357,customer_1357@email.com,+14483882368,50.0,498.0,361874.91,VERIFIED,CORPORATE,FR
CUST2358,Customer_1358,customer_1358@email.com,+12915335063,31.0,429.0,95228.37,VERIFIED,SME,US
CUST2359,Customer_1359,customer_1359@email.com,,36.0,486.0,329176.04,FAILED,RETAIL,AU
CUST2360,Customer_1360,customer_1360@email.com,+19459002488,49.0,698.0,378736.84,VERIFIED,RETAIL,US
CUST2361,Customer_1361,customer_1361@email.com,+19675109749,72.0,643.0,416785.09,VERIFIED,RETAIL,US
CUST2362,Customer_1362,customer_1362@email.com,+13990263234,46.0,738.0,461993.89,VERIFIED,CORPORATE,US
CUST2363,Customer_1363,customer_1363@email.com,+13492788837,18.0,791.0,357231.52,VERIFIED,CORPORATE,FR
CUST2364,Customer_1364,customer_1364@email.com,+17867602321,23.0,516.0,128819.8,VERIFIED,RETAIL,US
CUST2365,Customer_1365,customer_1365@email.com,+17739036752,60.0,345.0,19994.26,VERIFIED,CORPORATE,US
CUST2366,Customer_1366,customer_1366@email.com,+17028547898,41.0,839.0,407839.51,VERIFIED,RETAIL,FR
CUST2367,Customer_1367,customer_1367@email.com,+12875221619,75.0,649.0,212007.91,VERIFIED,RETAIL,DE
CUST2368,Customer_1368,customer_1368@email.com,+17448206360,79.0,796.0,312779.11,VERIFIED,SME,UK
CUST2369,Customer_1369,customer_1369@email.com,,40.0,442.0,480757.66,PENDING,SME,US
CUST2370,Customer_1370,customer_1370@email.com,+18554164756,58.0,564.0,125441.07,PENDING,RETAIL,DE
CUST2371,Customer_1371,customer_1371@email.com,+19795562163,43.0,822.0,412600.62,VERIFIED,RETAIL,UK
CUST2372,Customer_1372,customer_1372@email.com,+19033389155,75.0,777.0,268144.48,VERIFIED,CORPORATE,US
CUST2373,Customer_1373,customer_1373@email.com,+18552968153,18.0,648.0,357339.24,VERIFIED,RETAIL,AU
CUST2374,Customer_1374,customer_1374@email.com,+18386450599,33.0,522.0,269562.88,VERIFIED,SME,UK
CUST2375,Customer_1375,customer_1375@email.com,+12180675300,41.0,521.0,201146.26,VERIFIED,SME,DE
CUST2376,Customer_1376,customer_1376@email.com,+17616788359,51.0,584.0,438232.86,VERIFIED,RETAIL,UK
CUST2377,Customer_1377,customer_1377@email.com,+16205019493,38.0,317.0,194662.04,VERIFIED,PREMIUM,AU
CUST2378,Customer_1378,customer_1378@email.com,+18724666764,79.0,380.0,84189.77,VERIFIED,PREMIUM,UK
CUST2379,Customer_1379,customer_1379@email.com,+17677901323,68.0,300.0,33136.94,VERIFIED,CORPORATE,UK
CUST2380,Customer_1380,customer_1380@email.com,+12695406024,54.0,684.0,124906.54,VERIFIED,PREMIUM,UK
CUST2381,Customer_1381,customer_1381@email.com,+18479571884,81.0,490.0,270204.47,VERIFIED,SME,DE
CUST2382,Customer_1382,customer_1382@email.com,+12636348128,43.0,730.0,218922.61,VERIFIED,SME,DE
CUST2383,Customer_1383,customer_1383@email.com,+17047529599,80.0,478.0,472048.36,VERIFIED,SME,US
CUST2384,Customer_1384,customer_1384@email.com,+14986978165,36.0,,89166.14,VERIFIED,RETAIL,US
CUST2385,Customer_1385,customer_1385@email.com,,65.0,578.0,250722.24,VERIFIED,RETAIL,US
CUST2386,Customer_1386,customer_1386@email.com,+11575814324,45.0,,117748.57,VERIFIED,CORPORATE,UK
CUST2387,Customer_1387,customer_1387@email.com,+16161245643,76.0,773.0,124970.69,PENDING,RETAIL,UK
CUST2388,Customer_1388,customer_1388@email.com,+12514269333,22.0,460.0,477293.42,,PREMIUM,US
CUST2389,Customer_1389,customer_1389@email.com,+13080371215,27.0,386.0,163506.67,VERIFIED,CORPORATE,US
CUST2390,Customer_1390,customer_1390@email.com,+16279552609,71.0,776.0,404892.92,FAILED,RETAIL,FR
CUST2391,Customer_1391,customer_1391@email.com,+19013643270,37.0,538.0,1632.73,VERIFIED,SME,AU
CUST2392,Customer_1392,customer_1392@email.com,+19145666213,59.0,455.0,83815.19,VERIFIED,CORPORATE,UK
CUST2393,Customer_1393,customer_1393@email.com,+15610894704,70.0,512.0,54438.92,VERIFIED,RETAIL,AU
CUST2394,Customer_1394,customer_1394@email.com,+18224054500,21.0,414.0,316344.82,VERIFIED,,US
CUST2395,Customer_1395,customer_1395@email.com,+14101933455,44.0,637.0,488530.42,VERIFIED,PREMIUM,AU
CUST2396,Customer_1396,customer_1396@email.com,+18702284554,35.0,767.0,427439.17,PENDING,RETAIL,UK
CUST2397,Customer_1397,customer_1397@email.com,+18748723748,29.0,588.0,82755.58,VERIFIED,SME,US
CUST2398,Customer_1398,customer_1398@email.com,+17103096508,32.0,795.0,360228.86,VERIFIED,RETAIL,UK
CUST2399,Customer_1399,customer_1399@email.com,+12334551976,64.0,541.0,152948.16,VERIFIED,RETAIL,AU
CUST2400,Customer_1400,customer_1400@email.com,+18310342651,46.0,762.0,31229.88,VERIFIED,RETAIL,US
CUST2401,Customer_1401,customer_1401@email.com,+14320382138,32.0,755.0,145100.62,VERIFIED,RETAIL,FR
CUST2402,Customer_1402,customer_1402@email.com,+18751684530,35.0,461.0,176004.39,VERIFIED,PREMIUM,US
CUST2403,Customer_1403,customer_1403@email.com,+17800514812,68.0,842.0,316392.29,VERIFIED,SME,
CUST2404,Customer_1404,customer_1404@email.com,+11029704595,83.0,660.0,191534.59,VERIFIED,RETAIL,DE
CUST2405,Customer_1405,customer_1405@email.com,+12719039708,31.0,385.0,42694.55,VERIFIED,,US
CUST2406,Customer_1406,customer_1406@email.com,+13270979602,75.0,,219874.94,PENDING,SME,US
CUST2407,Customer_1407,customer_1407@email.com,+14639009760,23.0,513.0,75435.54,VERIFIED,RETAIL,UK
CUST2408,Customer_1408,customer_1408@email.com,+18392869112,,773.0,431381.42,VERIFIED,PREMIUM,
CUST2409,Customer_1409,customer_1409@email.com,+16813679644,39.0,413.0,433254.26,VERIFIED,CORPORATE,AU
CUST2410,Customer_1410,customer_1410@email.com,+15658605222,33.0,515.0,170892.94,PENDING,PREMIUM,US
CUST2411,Customer_1411,customer_1411@email.com,+14027974763,42.0,673.0,171254.98,PENDING,RETAIL,US
CUST2412,Customer_1412,customer_1412@email.com,,65.0,338.0,34947.82,PENDING,CORPORATE,US
CUST2413,Customer_1413,customer_1413@email.com,+17985487414,28.0,608.0,34934.07,VERIFIED,RETAIL,DE
CUST2414,Customer_1414,customer_1414@email.com,+19181376138,81.0,791.0,234953.15,VERIFIED,RETAIL,US
CUST2415,Customer_1415,customer_1415@email.com,+17796348739,63.0,397.0,311979.91,VERIFIED,RETAIL,UK
CUST2416,Customer_1416,customer_1416@email.com,+18124531028,31.0,478.0,58634.45,VERIFIED,CORPORATE,AU
CUST2417,Customer_1417,customer_1417@email.com,+13454130805,-5.0,509.0,407033.25,VERIFIED,CORPORATE,US
CUST2418,Customer_1418,customer_1418@email.com,+16035064631,61.0,798.0,218199.16,VERIFIED,RETAIL,FR
CUST2419,Customer_1419,customer_1419@email.com,+13234876712,79.0,564.0,301373.67,PENDING,RETAIL,US
CUST2420,Customer_1420,customer_1420@email.com,+12692387623,41.0,751.0,296643.38,VERIFIED,RETAIL,US
CUST2421,Customer_1421,customer_1421@email.com,+17688569223,46.0,646.0,30822.6,VERIFIED,PREMIUM,AU
CUST2422,Customer_1422,customer_1422@email.com,+18721893073,29.0,577.0,453662.33,VERIFIED,SME,UK
CUST2423,Customer_1423,customer_1423@email.com,+14793660615,80.0,646.0,457115.75,VERIFIED,CORPORATE,FR
CUST2424,Customer_1424,customer_1424@email.com,+15859462043,82.0,542.0,206006.06,VERIFIED,SME,AU
CUST2425,Customer_1425,customer_1425@email.com,+16827888162,68.0,627.0,113183.71,VERIFIED,CORPORATE,DE
CUST2426,Customer_1426,customer_1426@email.com,+11658388461,70.0,319.0,75972.32,FAILED,SME,US
CUST2427,Customer_1427,,+17043495824,75.0,630.0,489024.05,VERIFIED,RETAIL,FR
CUST2428,Customer_1428,customer_1428@email.com,+19220600256,71.0,791.0,449646.87,VERIFIED,CORPORATE,FR
CUST2429,Customer_1429,customer_1429@email.com,+18226441666,23.0,748.0,488747.34,VERIFIED,RETAIL,AU
CUST2430,Customer_1430,customer_1430@email.com,+19473329371,38.0,416.0,344972.33,VERIFIED,RETAIL,US
CUST2431,Customer_1431,customer_1431@email.com,+19708645461,81.0,315.0,245570.84,VERIFIED,PREMIUM,FR
CUST2432,Customer_1432,customer_1432@email.com,+14480371709,84.0,351.0,334494.13,PENDING,CORPORATE,UK
CUST2433,Customer_1433,customer_1433@email.com,+11568311443,79.0,729.0,182282.42,VERIFIED,RETAIL,AU
CUST2434,Customer_1434,customer_1434@email.com,+15907267345,32.0,569.0,496822.63,VERIFIED,RETAIL,US
CUST2435,Customer_1435,customer_1435@email.com,+19302982292,34.0,331.0,215049.93,VERIFIED,RETAIL,DE
CUST2436,Customer_1436,customer_1436@email.com,+18742296130,-5.0,321.0,155447.58,VERIFIED,RETAIL,AU
CUST2437,Customer_1437,customer_1437@email.com,+14019508924,32.0,813.0,55774.82,VERIFIED,,UK
CUST2438,Customer_1438,customer_1438@email.com,+13191503315,26.0,398.0,401269.3,VERIFIED,PREMIUM,UK
CUST2439,Customer_1439,customer_1439@email.com,+18915734988,73.0,301.0,319988.78,VERIFIED,RETAIL,DE
CUST2440,Customer_1440,customer_1440@email.com,+19681389634,59.0,617.0,348771.98,VERIFIED,CORPORATE,US
CUST2441,Customer_1441,customer_1441@email.com,+14555941353,44.0,815.0,464614.78,VERIFIED,RETAIL,US
CUST2442,Customer_1442,customer_1442@email.com,,60.0,319.0,109457.48,VERIFIED,PREMIUM,
CUST2443,Customer_1443,customer_1443@email.com,+18612517793,36.0,787.0,249123.38,VERIFIED,CORPORATE,AU
CUST2444,Customer_1444,customer_1444@email.com,+13497850647,30.0,564.0,341983.28,VERIFIED,RETAIL,UK
CUST2445,Customer_1445,customer_1445@email.com,+12608188474,69.0,815.0,96972.19,PENDING,SME,
CUST2446,Customer_1446,customer_1446@email.com,+18952017701,34.0,822.0,219917.14,VERIFIED,CORPORATE,UK
CUST2447,Customer_1447,customer_1447@email.com,+14988859795,20.0,719.0,159140.88,VERIFIED,CORPORATE,UK
CUST2448,Customer_1448,customer_1448@email.com,+17451920915,54.0,832.0,131651.18,VERIFIED,SME,US
CUST2449,Customer_1449,customer_1449@email.com,+11939771463,55.0,349.0,175541.85,VERIFIED,RETAIL,US
CUST2450,Customer_1450,customer_1450@email.com,+13299350442,68.0,,337089.76,VERIFIED,CORPORATE,US
CUST2451,Customer_1451,customer_1451@email.com,+15066183464,33.0,838.0,108454.38,VERIFIED,PREMIUM,FR
CUST2452,Customer_1452,customer_1452@email.com,+19325013332,32.0,737.0,231006.59,VERIFIED,RETAIL,US
CUST2453,Customer_1453,customer_1453@email.com,+11759881303,23.0,696.0,24376.65,VERIFIED,RETAIL,UK
CUST2454,Customer_1454,customer_1454@email.com,,78.0,683.0,243307.6,VERIFIED,PREMIUM,US
CUST2455,Customer_1455,customer_1455@email.com,+11625238231,47.0,839.0,259271.07,VERIFIED,PREMIUM,FR
CUST2456,Customer_1456,customer_1456@email.com,+11161356215,19.0,303.0,168170.06,VERIFIED,RETAIL,UK
CUST2457,Customer_1457,customer_1457@email.com,+14976745297,57.0,822.0,173068.05,VERIFIED,PREMIUM,DE
CUST2458,Customer_1458,customer_1458@email.com,+15422648979,31.0,567.0,444564.09,VERIFIED,PREMIUM,US
CUST2459,Customer_1459,customer_1459@email.com,+16127617168,39.0,733.0,445650.17,VERIFIED,CORPORATE,UK
CUST2460,Customer_1460,customer_1460@email.com,+15454964287,40.0,604.0,97543.63,VERIFIED,SME,US
CUST2461,Customer_1461,customer_1461@email.com,+19756837783,63.0,319.0,354688.91,VERIFIED,RETAIL,AU
CUST2462,Customer_1462,customer_1462@email.com,+13511061673,42.0,581.0,342450.34,FAILED,CORPORATE,US
CUST2463,Customer_1463,customer_1463@email.com,+18312846429,,791.0,57642.16,PENDING,RETAIL,DE
CUST2464,Customer_1464,customer_1464@email.com,+13818490302,73.0,470.0,184141.73,VERIFIED,CORPORATE,UK
CUST2465,Customer_1465,customer_1465@email.com,+14990145708,36.0,539.0,165413.76,VERIFIED,RETAIL,AU
CUST2466,Customer_1466,customer_1466@email.com,+17332328586,83.0,779.0,282524.11,VERIFIED,RETAIL,AU
CUST2467,Customer_1467,customer_1467@email.com,+13659182881,20.0,828.0,409927.67,VERIFIED,RETAIL,AU
CUST2468,Customer_1468,customer_1468@email.com,+15536335680,75.0,650.0,497029.06,VERIFIED,RETAIL,UK
CUST2469,Customer_1469,customer_1469@email.com,+16689889653,21.0,646.0,133449.52,PENDING,PREMIUM,US
CUST2470,Customer_1470,customer_1470@email.com,+19852442396,22.0,767.0,382273.22,VERIFIED,CORPORATE,AU
CUST2471,Customer_1471,customer_1471@email.com,,42.0,553.0,97780.55,VERIFIED,RETAIL,UK
CUST2472,Customer_1472,customer_1472@email.com,+17061972624,75.0,746.0,385398.45,VERIFIED,RETAIL,AU
CUST2473,Customer_1473,customer_1473@email.com,,79.0,646.0,358531.64,PENDING,PREMIUM,UK
CUST2474,Customer_1474,customer_1474@email.com,+15838244460,63.0,826.0,2734.41,VERIFIED,CORPORATE,FR
CUST2475,Customer_1475,customer_1475@email.com,+11215247985,21.0,336.0,78798.85,VERIFIED,RETAIL,AU
CUST2476,Customer_1476,customer_1476@email.com,+18367861925,64.0,442.0,136584.19,FAILED,RETAIL,UK
CUST2477,Customer_1477,customer_1477@email.com,+15679132629,68.0,502.0,142195.02,PENDING,RETAIL,FR
CUST2478,Customer_1478,customer_1478@email.com,+12838638715,44.0,397.0,87811.1,VERIFIED,SME,US
CUST2479,Customer_1479,customer_1479@email.com,+11236260766,19.0,575.0,45768.65,VERIFIED,RETAIL,US
CUST2480,Customer_1480,customer_1480@email.com,+16762074576,64.0,607.0,372109.68,VERIFIED,RETAIL,DE
CUST2481,Customer_1481,customer_1481@email.com,+17815270548,65.0,779.0,255600.6,VERIFIED,PREMIUM,US
CUST2482,Customer_1482,customer_1482@email.com,+18454581498,77.0,492.0,100403.94,VERIFIED,RETAIL,UK
CUST2483,Customer_1483,customer_1483@email.com,+11480278254,82.0,523.0,468654.27,PENDING,RETAIL,FR
CUST2484,Customer_1484,customer_1484@email.com,+19500552177,40.0,754.0,23425.34,VERIFIED,RETAIL,AU
CUST2485,Customer_1485,customer_1485@email.com,+17230113737,21.0,360.0,136074.26,PENDING,RETAIL,DE
CUST2486,Customer_1486,customer_1486@email.com,+14423739465,21.0,509.0,5938.73,VERIFIED,SME,AU
CUST2487,Customer_1487,customer_1487@email.com,+15278461601,20.0,,144547.12,VERIFIED,SME,AU
CUST2488,Customer_1488,customer_1488@email.com,+14708518633,53.0,743.0,116116.51,PENDING,CORPORATE,UK
CUST2489,Customer_1489,customer_1489@email.com,+16975037379,53.0,785.0,152413.75,VERIFIED,CORPORATE,US
CUST2490,Customer_1490,customer_1490@email.com,+16981525273,49.0,688.0,123846.08,FAILED,RETAIL,US
CUST2491,Customer_1491,customer_1491@email.com,+17685261334,150.0,313.0,295709.83,VERIFIED,RETAIL,US
CUST2492,Customer_1492,customer_1492@email.com,+11066636403,58.0,753.0,136815.73,FAILED,RETAIL,US
CUST2493,Customer_1493,customer_1493@email.com,+12717066014,-5.0,778.0,490642.72,VERIFIED,RETAIL,UK
CUST2494,Customer_1494,customer_1494@email.com,+16432203982,66.0,690.0,322641.82,VERIFIED,PREMIUM,AU
CUST2495,Customer_1495,customer_1495@email.com,+17336474083,64.0,387.0,45396.28,VERIFIED,SME,FR
CUST2496,Customer_1496,customer_1496@email.com,+17868070806,20.0,316.0,108205.65,VERIFIED,RETAIL,US
CUST2497,Customer_1497,customer_1497@email.com,+11739284176,57.0,493.0,449125.02,VERIFIED,SME,AU
CUST2498,Customer_1498,customer_1498@email.com,+12354803616,35.0,428.0,240573.77,PENDING,RETAIL,US
CUST2499,Customer_1499,customer_1499@email.com,+18376341693,30.0,552.0,306125.67,VERIFIED,PREMIUM,US
CUST2500,Customer_1500,,+11380325985,48.0,573.0,257915.6,VERIFIED,CORPORATE,US
CUST2501,Customer_1501,customer_1501@email.com,+19149081570,25.0,451.0,363637.23,VERIFIED,CORPORATE,AU
CUST2502,Customer_1502,customer_1502@email.com,,42.0,387.0,355022.27,VERIFIED,RETAIL,US
CUST2503,Customer_1503,customer_1503@email.com,+16571338551,82.0,370.0,484633.23,VERIFIED,CORPORATE,US
CUST2504,Customer_1504,customer_1504@email.com,+13115079623,80.0,674.0,107139.05,VERIFIED,RETAIL,US
CUST2505,Customer_1505,customer_1505@email.com,+14125736877,82.0,330.0,335999.25,VERIFIED,RETAIL,US
CUST2506,Customer_1506,customer_1506@email.com,+18805142313,21.0,547.0,168408.39,FAILED,PREMIUM,US
CUST2507,Customer_1507,customer_1507@email.com,+11529546427,84.0,,340513.95,VERIFIED,RETAIL,US
CUST2508,Customer_1508,customer_1508@email.com,+16367069210,44.0,558.0,399373.27,VERIFIED,RETAIL,UK
CUST2509,Customer_1509,customer_1509@email.com,+14534991328,85.0,504.0,96619.69,VERIFIED,RETAIL,US
CUST2510,Customer_1510,customer_1510@email.com,+16402807686,81.0,645.0,322548.32,VERIFIED,RETAIL,US
CUST2511,Customer_1511,customer_1511@email.com,+18369114732,43.0,518.0,257225.67,VERIFIED,RETAIL,UK
CUST2512,Customer_1512,customer_1512@email.com,+15909666561,70.0,313.0,278677.31,VERIFIED,RETAIL,AU
CUST2513,Customer_1513,customer_1513@email.com,+15448177125,49.0,567.0,288867.43,FAILED,SME,US
CUST2514,Customer_1514,,+15085741894,76.0,412.0,446174.57,PENDING,PREMIUM,UK
CUST2515,Customer_1515,customer_1515@email.com,+15945292107,54.0,698.0,309418.87,VERIFIED,PREMIUM,US
CUST2516,Customer_1516,,+11537697391,40.0,829.0,79058.45,VERIFIED,RETAIL,AU
CUST2517,Customer_1517,customer_1517@email.com,+15176256627,79.0,,418284.01,FAILED,CORPORATE,US
CUST2518,Customer_1518,customer_1518@email.com,+15107802003,44.0,835.0,355364.78,VERIFIED,RETAIL,FR
CUST2519,Customer_1519,customer_1519@email.com,+18242648866,81.0,648.0,459674.48,FAILED,PREMIUM,DE
CUST2520,Customer_1520,customer_1520@email.com,+11919945623,40.0,839.0,271571.38,PENDING,RETAIL,US
CUST2521,Customer_1521,customer_1521@email.com,+18938885845,23.0,300.0,484976.22,VERIFIED,PREMIUM,FR
CUST2522,Customer_1522,,+19565911543,40.0,478.0,49622.92,VERIFIED,PREMIUM,US
CUST2523,Customer_1523,customer_1523@email.com,+19516740924,29.0,522.0,209574.43,VERIFIED,CORPORATE,US
CUST2524,Customer_1524,customer_1524@email.com,+18256636377,25.0,746.0,336942.54,VERIFIED,CORPORATE,UK
CUST2525,Customer_1525,customer_1525@email.com,+14623768765,79.0,530.0,353798.76,FAILED,,US
CUST2526,Customer_1526,customer_1526@email.com,+16213953208,30.0,531.0,472479.11,VERIFIED,CORPORATE,AU
CUST2527,Customer_1527,customer_1527@email.com,+19594534051,22.0,378.0,246636.9,VERIFIED,RETAIL,AU
CUST2528,Customer_1528,,+13200942113,76.0,386.0,257847.77,VERIFIED,RETAIL,US
CUST2529,Customer_1529,customer_1529@email.com,+18562994564,85.0,465.0,144717.71,VERIFIED,PREMIUM,AU
CUST2530,Customer_1530,customer_1530@email.com,+12427795816,82.0,714.0,382214.34,VERIFIED,SME,UK
CUST2531,Customer_1531,customer_1531@email.com,+15958709736,40.0,540.0,61708.91,PENDING,RETAIL,US
CUST2532,Customer_1532,customer_1532@email.com,+17999952132,26.0,841.0,416640.29,VERIFIED,RETAIL,US
CUST2533,Customer_1533,customer_1533@email.com,+14642557513,63.0,352.0,450934.47,VERIFIED,RETAIL,US
CUST2534,Customer_1534,customer_1534@email.com,+15871327549,55.0,621.0,486286.1,PENDING,RETAIL,FR
CUST2535,Customer_1535,customer_1535@email.com,+17646173376,39.0,350.0,351830.3,FAILED,RETAIL,AU
CUST2536,Customer_1536,customer_1536@email.com,,25.0,690.0,217817.74,VERIFIED,RETAIL,AU
CUST2537,Customer_1537,customer_1537@email.com,,68.0,324.0,291290.9,VERIFIED,PREMIUM,DE
CUST2538,Customer_1538,customer_1538@email.com,+13844910254,24.0,460.0,312200.92,PENDING,SME,US
CUST2539,Customer_1539,customer_1539@email.com,+15328871231,41.0,715.0,158329.55,VERIFIED,RETAIL,US
CUST2540,Customer_1540,customer_1540@email.com,+11356828897,69.0,570.0,233993.86,VERIFIED,RETAIL,AU
CUST2541,Customer_1541,customer_1541@email.com,+12545622620,46.0,642.0,224147.33,VERIFIED,RETAIL,US
CUST2542,Customer_1542,customer_1542@email.com,+17002898061,25.0,674.0,444932.61,VERIFIED,CORPORATE,AU
CUST2543,Customer_1543,customer_1543@email.com,+14650302769,35.0,761.0,97845.45,VERIFIED,CORPORATE,UK
CUST2544,Customer_1544,customer_1544@email.com,+16746607090,43.0,451.0,384589.02,PENDING,RETAIL,FR
CUST2545,Customer_1545,customer_1545@email.com,+12626619859,85.0,502.0,47418.03,VERIFIED,SME,FR
CUST2546,Customer_1546,customer_1546@email.com,+15635681508,25.0,800.0,491872.35,VERIFIED,RETAIL,UK
CUST2547,Customer_1547,customer_1547@email.com,+11380478507,53.0,369.0,260516.96,VERIFIED,RETAIL,UK
CUST2548,Customer_1548,customer_1548@email.com,+13941408106,44.0,307.0,171055.65,VERIFIED,RETAIL,US
CUST2549,Customer_1549,customer_1549@email.com,+13702631938,40.0,772.0,88702.29,VERIFIED,RETAIL,UK
CUST2550,Customer_1550,customer_1550@email.com,+18349511068,84.0,737.0,220686.98,VERIFIED,CORPORATE,UK
CUST2551,Customer_1551,customer_1551@email.com,+12241120599,58.0,559.0,428910.69,VERIFIED,SME,DE
CUST2552,Customer_1552,customer_1552@email.com,+19780432804,28.0,,426921.84,VERIFIED,RETAIL,US
CUST2553,Customer_1553,customer_1553@email.com,+14852518273,35.0,578.0,40986.45,FAILED,,FR
CUST2554,Customer_1554,customer_1554@email.com,+19152428582,45.0,649.0,351369.26,PENDING,SME,AU
CUST2555,Customer_1555,customer_1555@email.com,+14810065517,60.0,383.0,393139.25,VERIFIED,RETAIL,UK
CUST2556,Customer_1556,customer_1556@email.com,+15802327986,22.0,771.0,366166.68,VERIFIED,PREMIUM,US
CUST2557,Customer_1557,customer_1557@email.com,+12299154383,19.0,303.0,475165.66,VERIFIED,SME,UK
CUST2558,Customer_1558,customer_1558@email.com,,31.0,601.0,62091.08,VERIFIED,RETAIL,US
CUST2559,Customer_1559,customer_1559@email.com,+19900557712,20.0,438.0,19911.14,VERIFIED,PREMIUM,US
CUST2560,Customer_1560,customer_1560@email.com,+19465145612,62.0,669.0,7937.56,PENDING,RETAIL,UK
CUST2561,Customer_1561,customer_1561@email.com,+12260014195,35.0,825.0,19977.17,VERIFIED,CORPORATE,US
CUST2562,Customer_1562,customer_1562@email.com,+12849370645,68.0,723.0,48103.56,VERIFIED,CORPORATE,US
CUST2563,Customer_1563,customer_1563@email.com,+16806693244,-5.0,543.0,146129.89,VERIFIED,RETAIL,UK
CUST2564,Customer_1564,customer_1564@email.com,+19081794057,51.0,521.0,474737.72,VERIFIED,CORPORATE,US
CUST2565,Customer_1565,customer_1565@email.com,+13445584022,19.0,378.0,38948.14,VERIFIED,RETAIL,AU
CUST2566,Customer_1566,customer_1566@email.com,+12220177773,31.0,461.0,265428.32,VERIFIED,RETAIL,US
CUST2567,Customer_1567,customer_1567@email.com,+14750989999,80.0,654.0,35117.98,VERIFIED,PREMIUM,UK
CUST2568,Customer_1568,customer_1568@email.com,+18210178071,48.0,772.0,430209.4,VERIFIED,RETAIL,US
CUST2569,Customer_1569,customer_1569@email.com,+18906832859,82.0,372.0,376402.71,VERIFIED,PREMIUM,UK
CUST2570,Customer_1570,customer_1570@email.com,,31.0,497.0,300557.99,PENDING,,UK
CUST2571,Customer_1571,customer_1571@email.com,+11778804990,81.0,311.0,187407.59,,RETAIL,US
CUST2572,Customer_1572,customer_1572@email.com,+16481768958,55.0,642.0,392704.13,VERIFIED,PREMIUM,UK
CUST2573,Customer_1573,customer_1573@email.com,+18146738685,23.0,792.0,222974.44,FAILED,RETAIL,AU
CUST2574,Customer_1574,customer_1574@email.com,+12686617484,24.0,362.0,316589.55,PENDING,SME,UK
CUST2575,Customer_1575,customer_1575@email.com,+12476357919,36.0,403.0,476629.02,VERIFIED,PREMIUM,DE
CUST2576,Customer_1576,customer_1576@email.com,+14388185168,45.0,845.0,165362.77,VERIFIED,CORPORATE,DE
CUST2577,Customer_1577,customer_1577@email.com,+12126198697,55.0,496.0,89530.11,VERIFIED,PREMIUM,US
CUST2578,Customer_1578,customer_1578@email.com,+18405119682,42.0,735.0,211475.53,VERIFIED,PREMIUM,FR
CUST2579,Customer_1579,customer_1579@email.com,+11985786147,81.0,454.0,107832.89,VERIFIED,RETAIL,DE
CUST2580,Customer_1580,customer_1580@email.com,+11820191268,74.0,342.0,470136.63,VERIFIED,CORPORATE,US
CUST2581,Customer_1581,customer_1581@email.com,+14491191083,66.0,574.0,412956.79,VERIFIED,PREMIUM,US
CUST2582,Customer_1582,customer_1582@email.com,+12385513829,75.0,535.0,21736.39,VERIFIED,CORPORATE,FR
CUST2583,Customer_1583,customer_1583@email.com,+12192447755,26.0,660.0,104971.92,VERIFIED,RETAIL,US
CUST2584,Customer_1584,customer_1584@email.com,+12489251758,85.0,516.0,283386.74,VERIFIED,RETAIL,FR
CUST2585,Customer_1585,customer_1585@email.com,,30.0,629.0,471618.43,VERIFIED,SME,US
CUST2586,Customer_1586,customer_1586@email.com,+11848512983,33.0,715.0,265453.95,VERIFIED,CORPORATE,FR
CUST2587,Customer_1587,customer_1587@email.com,+11956096060,33.0,536.0,312536.81,VERIFIED,RETAIL,US
CUST2588,Customer_1588,customer_1588@email.com,+16902962456,46.0,758.0,2609.94,VERIFIED,CORPORATE,UK
CUST2589,Customer_1589,customer_1589@email.com,+15030213767,48.0,781.0,204108.13,PENDING,RETAIL,US
CUST2590,Customer_1590,customer_1590@email.com,+12791366559,52.0,488.0,395787.2,FAILED,PREMIUM,FR
CUST2591,Customer_1591,customer_1591@email.com,+16048451563,53.0,711.0,376867.32,FAILED,RETAIL,US
CUST2592,Customer_1592,customer_1592@email.com,+16242159897,71.0,558.0,354377.67,VERIFIED,PREMIUM,DE
CUST2593,Customer_1593,customer_1593@email.com,+18967632159,20.0,474.0,429566.07,VERIFIED,SME,US
CUST2594,Customer_1594,customer_1594@email.com,+14593353783,28.0,805.0,37708.06,VERIFIED,RETAIL,UK
CUST2595,Customer_1595,customer_1595@email.com,,25.0,337.0,391230.04,VERIFIED,RETAIL,UK
CUST2596,Customer_1596,customer_1596@email.com,+16784468371,54.0,416.0,12142.78,FAILED,,US
CUST2597,Customer_1597,customer_1597@email.com,+15709634388,24.0,708.0,293110.8,VERIFIED,SME,AU
CUST2598,Customer_1598,customer_1598@email.com,+15292363797,83.0,326.0,380960.71,PENDING,,US
CUST2599,Customer_1599,customer_1599@email.com,+13661256754,49.0,329.0,109347.21,VERIFIED,CORPORATE,US
CUST2600,Customer_1600,customer_1600@email.com,+17430787092,81.0,637.0,310932.18,FAILED,RETAIL,US
CUST2601,Customer_1601,customer_1601@email.com,+18776438224,82.0,742.0,38691.31,VERIFIED,,US
CUST2602,Customer_1602,customer_1602@email.com,+14511677359,34.0,460.0,18289.04,FAILED,PREMIUM,UK
CUST2603,Customer_1603,customer_1603@email.com,+18891054247,33.0,795.0,187805.29,VERIFIED,PREMIUM,AU
CUST2604,Customer_1604,customer_1604@email.com,,29.0,395.0,369611.34,PENDING,RETAIL,FR
CUST2605,Customer_1605,customer_1605@email.com,+15588012203,59.0,608.0,309389.5,PENDING,RETAIL,US
CUST2606,Customer_1606,customer_1606@email.com,+11904081475,46.0,446.0,266042.84,VERIFIED,PREMIUM,DE
CUST2607,Customer_1607,customer_1607@email.com,+11726811753,52.0,627.0,241636.2,VERIFIED,RETAIL,DE
CUST2608,Customer_1608,customer_1608@email.com,+15682975438,46.0,781.0,485911.32,VERIFIED,CORPORATE,FR
CUST2609,Customer_1609,customer_1609@email.com,+18578666309,52.0,837.0,271256.82,FAILED,PREMIUM,UK
CUST2610,Customer_1610,customer_1610@email.com,+14590522801,24.0,509.0,382797.97,VERIFIED,RETAIL,US
CUST2611,Customer_1611,customer_1611@email.com,+19879951893,77.0,755.0,390026.44,VERIFIED,SME,DE
CUST2612,Customer_1612,customer_1612@email.com,+17256626898,62.0,465.0,472629.87,VERIFIED,CORPORATE,UK
CUST2613,Customer_1613,customer_1613@email.com,,19.0,305.0,334854.55,VERIFIED,SME,DE
CUST2614,Customer_1614,customer_1614@email.com,+18048169346,28.0,540.0,384920.35,PENDING,PREMIUM,US
CUST2615,Customer_1615,customer_1615@email.com,+13559081096,30.0,310.0,164966.61,VERIFIED,CORPORATE,US
CUST2616,Customer_1616,customer_1616@email.com,,30.0,797.0,361199.76,FAILED,RETAIL,FR
CUST2617,Customer_1617,customer_1617@email.com,+14211956337,85.0,650.0,164765.3,FAILED,SME,UK
CUST2618,Customer_1618,customer_1618@email.com,+18230807089,57.0,535.0,2418.14,VERIFIED,RETAIL,UK
CUST2619,Customer_1619,customer_1619@email.com,+18548453743,39.0,681.0,267478.23,VERIFIED,PREMIUM,US
CUST2620,Customer_1620,customer_1620@email.com,+15394976443,56.0,575.0,113374.23,VERIFIED,CORPORATE,DE
CUST2621,Customer_1621,customer_1621@email.com,+15983187647,85.0,,478478.2,VERIFIED,RETAIL,US
CUST2622,Customer_1622,customer_1622@email.com,+16706156164,63.0,568.0,450094.62,VERIFIED,PREMIUM,DE
CUST2623,Customer_1623,customer_1623@email.com,+16064278825,65.0,414.0,400131.46,VERIFIED,RETAIL,US
CUST2624,Customer_1624,customer_1624@email.com,+18664180304,43.0,333.0,85923.75,VERIFIED,SME,US
CUST2625,Customer_1625,customer_1625@email.com,+14468185799,44.0,451.0,157135.7,VERIFIED,SME,US
CUST2626,Customer_1626,customer_1626@email.com,+15020322606,79.0,657.0,461910.0,VERIFIED,RETAIL,DE
CUST2627,Customer_1627,customer_1627@email.com,+15256882002,28.0,443.0,342632.46,PENDING,RETAIL,FR
CUST2628,Customer_1628,customer_1628@email.com,+11214465578,74.0,816.0,382568.78,VERIFIED,RETAIL,US
CUST2629,Customer_1629,customer_1629@email.com,+18761620388,26.0,547.0,248742.04,VERIFIED,PREMIUM,AU
CUST2630,Customer_1630,customer_1630@email.com,+12462082844,57.0,525.0,116090.41,PENDING,RETAIL,DE
CUST2631,Customer_1631,customer_1631@email.com,,72.0,350.0,278044.24,VERIFIED,,US
CUST2632,Customer_1632,customer_1632@email.com,+18425240111,43.0,660.0,379893.48,VERIFIED,PREMIUM,US
CUST2633,Customer_1633,customer_1633@email.com,+19885296163,27.0,630.0,109879.37,PENDING,RETAIL,US
CUST2634,Customer_1634,customer_1634@email.com,+11990997794,78.0,602.0,109575.11,FAILED,CORPORATE,US
CUST2635,Customer_1635,customer_1635@email.com,+11111734849,51.0,,210323.88,VERIFIED,PREMIUM,US
CUST2636,Customer_1636,customer_1636@email.com,+11134596445,53.0,600.0,344221.07,PENDING,RETAIL,AU
CUST2637,Customer_1637,customer_1637@email.com,+17488149331,59.0,599.0,319903.63,VERIFIED,PREMIUM,US
CUST2638,Customer_1638,customer_1638@email.com,+18745755122,73.0,575.0,187013.99,VERIFIED,CORPORATE,UK
CUST2639,Customer_1639,customer_1639@email.com,+16457135133,35.0,415.0,159566.14,VERIFIED,,AU
CUST2640,Customer_1640,customer_1640@email.com,+13916429758,24.0,765.0,235248.01,PENDING,RETAIL,AU
CUST2641,Customer_1641,customer_1641@email.com,+14364106631,32.0,428.0,262671.75,VERIFIED,RETAIL,US
CUST2642,Customer_1642,customer_1642@email.com,+16044931232,27.0,397.0,424867.12,VERIFIED,SME,US
CUST2643,Customer_1643,customer_1643@email.com,+15155232985,25.0,527.0,480871.09,PENDING,RETAIL,FR
CUST2644,Customer_1644,customer_1644@email.com,+13160742765,47.0,645.0,378715.05,VERIFIED,CORPORATE,AU
CUST2645,Customer_1645,customer_1645@email.com,+15697404358,58.0,742.0,47580.58,VERIFIED,RETAIL,US
CUST2646,Customer_1646,customer_1646@email.com,+12023267879,84.0,714.0,320561.71,VERIFIED,RETAIL,UK
CUST2647,Customer_1647,customer_1647@email.com,+18965251729,66.0,741.0,321724.07,VERIFIED,RETAIL,DE
CUST2648,Customer_1648,customer_1648@email.com,+16049858931,43.0,786.0,375620.18,FAILED,PREMIUM,US
CUST2649,Customer_1649,customer_1649@email.com,+18648951660,58.0,807.0,125158.49,VERIFIED,RETAIL,UK
CUST2650,Customer_1650,,+14071757410,81.0,833.0,379049.34,,PREMIUM,US
CUST2651,Customer_1651,customer_1651@email.com,+17088494192,57.0,481.0,379335.7,PENDING,RETAIL,UK
CUST2652,Customer_1652,customer_1652@email.com,+14429866376,26.0,340.0,284980.06,VERIFIED,RETAIL,DE
CUST2653,Customer_1653,customer_1653@email.com,+16571730982,78.0,746.0,494938.98,PENDING,,US
CUST2654,Customer_1654,customer_1654@email.com,+19080893417,76.0,530.0,216941.57,VERIFIED,CORPORATE,US
CUST2655,Customer_1655,customer_1655@email.com,+19095496384,74.0,761.0,473017.25,FAILED,RETAIL,FR
CUST2656,Customer_1656,,+15177712302,68.0,616.0,415816.85,FAILED,RETAIL,DE
CUST2657,Customer_1657,customer_1657@email.com,+12036517176,,462.0,34037.9,,RETAIL,US
CUST2658,Customer_1658,customer_1658@email.com,+11887964814,68.0,489.0,144023.6,VERIFIED,RETAIL,FR
CUST2659,Customer_1659,customer_1659@email.com,+19433726780,71.0,816.0,337482.98,VERIFIED,RETAIL,AU
CUST2660,Customer_1660,,+14911747421,28.0,774.0,447793.45,VERIFIED,RETAIL,DE
CUST2661,Customer_1661,customer_1661@email.com,+17197911504,85.0,682.0,184573.41,VERIFIED,RETAIL,AU
CUST2662,Customer_1662,customer_1662@email.com,+19658685596,44.0,742.0,451966.75,VERIFIED,CORPORATE,US
CUST2663,Customer_1663,customer_1663@email.com,+15901283268,66.0,766.0,445680.09,VERIFIED,PREMIUM,DE
CUST2664,Customer_1664,customer_1664@email.com,+12168423678,47.0,592.0,218139.8,VERIFIED,RETAIL,FR
CUST2665,Customer_1665,customer_1665@email.com,+11445950198,47.0,493.0,280909.91,FAILED,PREMIUM,FR
CUST2666,Customer_1666,customer_1666@email.com,+15069900150,150.0,477.0,63522.36,VERIFIED,RETAIL,US
CUST2667,Customer_1667,customer_1667@email.com,+12006296933,39.0,334.0,348265.73,FAILED,SME,US
CUST2668,Customer_1668,customer_1668@email.com,+12052641210,47.0,745.0,474628.2,VERIFIED,RETAIL,US
CUST2669,Customer_1669,customer_1669@email.com,+19774508003,18.0,304.0,299820.48,VERIFIED,RETAIL,US
CUST2670,Customer_1670,,+13113879658,40.0,432.0,355241.16,VERIFIED,RETAIL,AU
CUST2671,Customer_1671,customer_1671@email.com,,67.0,343.0,250592.66,PENDING,RETAIL,AU
CUST2672,Customer_1672,customer_1672@email.com,+11168554398,52.0,644.0,367761.06,VERIFIED,RETAIL,UK
CUST2673,Customer_1673,customer_1673@email.com,,33.0,615.0,303023.02,PENDING,CORPORATE,US
CUST2674,Customer_1674,customer_1674@email.com,+17355836723,57.0,348.0,157898.67,VERIFIED,CORPORATE,UK
CUST2675,Customer_1675,customer_1675@email.com,+15905227528,64.0,347.0,284691.33,PENDING,RETAIL,AU
CUST2676,Customer_1676,customer_1676@email.com,,40.0,302.0,23589.7,VERIFIED,RETAIL,US
CUST2677,Customer_1677,customer_1677@email.com,+15398103424,26.0,751.0,453564.69,VERIFIED,RETAIL,UK
CUST2678,Customer_1678,customer_1678@email.com,+13826422053,85.0,531.0,80292.36,VERIFIED,PREMIUM,US
CUST2679,Customer_1679,customer_1679@email.com,+18401529967,21.0,365.0,28659.53,VERIFIED,RETAIL,US
CUST2680,Customer_1680,customer_1680@email.com,+11218903646,59.0,736.0,187880.0,FAILED,PREMIUM,UK
CUST2681,Customer_1681,customer_1681@email.com,+15398657387,59.0,409.0,346346.37,VERIFIED,CORPORATE,US
CUST2682,Customer_1682,customer_1682@email.com,+19788337700,36.0,366.0,445401.6,VERIFIED,SME,UK
CUST2683,Customer_1683,customer_1683@email.com,+12661989984,-5.0,423.0,417542.91,VERIFIED,SME,US
CUST2684,Customer_1684,customer_1684@email.com,+16560390888,36.0,590.0,307185.36,VERIFIED,RETAIL,FR
CUST2685,Customer_1685,customer_1685@email.com,+17034779374,82.0,404.0,282182.92,PENDING,PREMIUM,UK
CUST2686,Customer_1686,customer_1686@email.com,+12085814139,74.0,729.0,204447.55,PENDING,PREMIUM,US
CUST2687,Customer_1687,customer_1687@email.com,+16810351342,46.0,456.0,223552.59,VERIFIED,SME,US
CUST2688,Customer_1688,customer_1688@email.com,+16164162822,54.0,770.0,80531.74,PENDING,RETAIL,UK
CUST2689,Customer_1689,customer_1689@email.com,+12487974578,77.0,617.0,395648.87,VERIFIED,RETAIL,FR
CUST2690,Customer_1690,customer_1690@email.com,+14688137478,59.0,346.0,350722.83,VERIFIED,CORPORATE,US
CUST2691,Customer_1691,customer_1691@email.com,+19650392378,64.0,489.0,440624.59,VERIFIED,RETAIL,AU
CUST2692,Customer_1692,customer_1692@email.com,+19684206248,77.0,771.0,448910.65,VERIFIED,CORPORATE,US
CUST2693,Customer_1693,customer_1693@email.com,+13730989428,23.0,805.0,68335.34,VERIFIED,RETAIL,UK
CUST2694,Customer_1694,customer_1694@email.com,+14861965377,28.0,580.0,170460.46,VERIFIED,PREMIUM,DE
CUST2695,Customer_1695,customer_1695@email.com,+14339949940,66.0,627.0,499587.83,PENDING,RETAIL,DE
CUST2696,Customer_1696,customer_1696@email.com,+18687869382,55.0,803.0,14701.05,VERIFIED,CORPORATE,FR
CUST2697,Customer_1697,customer_1697@email.com,+11306927672,79.0,613.0,192171.86,VERIFIED,CORPORATE,DE
CUST2698,Customer_1698,customer_1698@email.com,+11508911760,84.0,,415848.43,,PREMIUM,
CUST2699,Customer_1699,customer_1699@email.com,+16321161866,80.0,455.0,82256.69,VERIFIED,PREMIUM,US
CUST2700,Customer_1700,customer_1700@email.com,+15066393181,83.0,343.0,12995.96,VERIFIED,SME,FR
CUST2701,Customer_1701,customer_1701@email.com,+12778642318,68.0,535.0,91857.84,VERIFIED,PREMIUM,US
CUST2702,Customer_1702,customer_1702@email.com,+15845691765,44.0,828.0,126531.71,VERIFIED,PREMIUM,US
CUST2703,Customer_1703,,+12758026912,25.0,459.0,181612.01,VERIFIED,RETAIL,AU
CUST2704,Customer_1704,customer_1704@email.com,+14814120109,42.0,805.0,389903.67,VERIFIED,PREMIUM,US
CUST2705,Customer_1705,customer_1705@email.com,,35.0,473.0,173751.73,VERIFIED,RETAIL,US
CUST2706,Customer_1706,customer_1706@email.com,+18721498218,48.0,829.0,349094.51,VERIFIED,CORPORATE,US
CUST2707,Customer_1707,customer_1707@email.com,+16267222345,25.0,525.0,175940.8,FAILED,CORPORATE,US
CUST2708,Customer_1708,customer_1708@email.com,+17015127410,19.0,,406696.88,VERIFIED,PREMIUM,UK
CUST2709,Customer_1709,customer_1709@email.com,+15844576912,34.0,630.0,489178.93,FAILED,PREMIUM,UK
CUST2710,Customer_1710,customer_1710@email.com,+15642554428,18.0,480.0,456840.36,VERIFIED,PREMIUM,FR
CUST2711,Customer_1711,customer_1711@email.com,+11000746356,32.0,457.0,253171.76,VERIFIED,RETAIL,US
CUST2712,Customer_1712,customer_1712@email.com,+13328563987,73.0,418.0,121135.69,VERIFIED,CORPORATE,US
CUST2713,Customer_1713,customer_1713@email.com,+11155735040,46.0,785.0,265978.72,VERIFIED,CORPORATE,UK
CUST2714,Customer_1714,customer_1714@email.com,+13151678289,74.0,578.0,73259.5,PENDING,RETAIL,UK
CUST2715,Customer_1715,customer_1715@email.com,+16591977794,29.0,490.0,119250.58,VERIFIED,RETAIL,US
CUST2716,Customer_1716,customer_1716@email.com,+14141904737,26.0,804.0,310686.13,VERIFIED,PREMIUM,US
CUST2717,Customer_1717,customer_1717@email.com,+16074892230,61.0,570.0,351846.32,VERIFIED,CORPORATE,AU
CUST2718,Customer_1718,customer_1718@email.com,+19239161209,53.0,531.0,358472.82,VERIFIED,SME,US
CUST2719,Customer_1719,customer_1719@email.com,+18229574165,60.0,389.0,193460.15,VERIFIED,PREMIUM,AU
CUST2720,Customer_1720,customer_1720@email.com,+16489249400,18.0,560.0,489279.41,VERIFIED,RETAIL,AU
CUST2721,Customer_1721,customer_1721@email.com,+16318155247,26.0,782.0,395195.03,PENDING,PREMIUM,FR
CUST2722,Customer_1722,customer_1722@email.com,+19105608918,22.0,342.0,380119.0,VERIFIED,SME,UK
CUST2723,Customer_1723,customer_1723@email.com,+18940814995,35.0,763.0,157964.69,VERIFIED,RETAIL,AU
CUST2724,Customer_1724,customer_1724@email.com,+17740823701,78.0,762.0,454312.43,VERIFIED,CORPORATE,US
CUST2725,Customer_1725,customer_1725@email.com,+19576709658,67.0,622.0,1131.54,VERIFIED,CORPORATE,AU
CUST2726,Customer_1726,customer_1726@email.com,+11460522512,61.0,381.0,364556.41,VERIFIED,RETAIL,UK
CUST2727,Customer_1727,customer_1727@email.com,+14315393617,74.0,311.0,461798.26,VERIFIED,PREMIUM,AU
CUST2728,Customer_1728,customer_1728@email.com,+12860101286,75.0,441.0,127880.34,VERIFIED,SME,UK
CUST2729,Customer_1729,customer_1729@email.com,,57.0,508.0,276301.95,VERIFIED,SME,DE
CUST2730,Customer_1730,customer_1730@email.com,+19317923749,27.0,697.0,243572.42,VERIFIED,PREMIUM,AU
CUST2731,Customer_1731,customer_1731@email.com,+14849414574,40.0,566.0,85839.74,PENDING,SME,FR
CUST2732,Customer_1732,customer_1732@email.com,+13768695985,24.0,641.0,134226.12,FAILED,CORPORATE,UK
CUST2733,Customer_1733,customer_1733@email.com,+15537281014,44.0,715.0,388918.22,PENDING,PREMIUM,US
CUST2734,Customer_1734,customer_1734@email.com,+12889882273,79.0,657.0,203731.72,VERIFIED,PREMIUM,AU
CUST2735,Customer_1735,customer_1735@email.com,+17465132291,82.0,375.0,245754.88,VERIFIED,CORPORATE,UK
CUST2736,Customer_1736,customer_1736@email.com,+11130565463,26.0,756.0,37177.93,VERIFIED,PREMIUM,UK
CUST2737,Customer_1737,customer_1737@email.com,+11759548608,68.0,616.0,351006.72,FAILED,RETAIL,US
CUST2738,Customer_1738,customer_1738@email.com,+15780660709,72.0,331.0,280948.69,VERIFIED,CORPORATE,UK
CUST2739,Customer_1739,customer_1739@email.com,+17762629593,62.0,746.0,249596.31,FAILED,RETAIL,UK
CUST2740,Customer_1740,customer_1740@email.com,+13480030564,29.0,648.0,435669.2,VERIFIED,CORPORATE,US
CUST2741,Customer_1741,customer_1741@email.com,+11861501460,51.0,343.0,470278.99,VERIFIED,RETAIL,US
CUST2742,Customer_1742,customer_1742@email.com,+11771839214,22.0,332.0,318766.64,VERIFIED,SME,
CUST2743,Customer_1743,customer_1743@email.com,+11299106581,40.0,759.0,254934.59,VERIFIED,RETAIL,UK
CUST2744,Customer_1744,customer_1744@email.com,+15970477313,67.0,794.0,297687.92,VERIFIED,RETAIL,US
CUST2745,Customer_1745,customer_1745@email.com,+11444629956,54.0,839.0,239057.58,VERIFIED,RETAIL,UK
CUST2746,Customer_1746,customer_1746@email.com,+18154299175,23.0,377.0,345730.8,VERIFIED,RETAIL,US
CUST2747,Customer_1747,customer_1747@email.com,+16842769711,38.0,663.0,374391.7,FAILED,RETAIL,FR
CUST2748,Customer_1748,customer_1748@email.com,+19833419506,66.0,378.0,490088.37,VERIFIED,RETAIL,US
CUST2749,Customer_1749,customer_1749@email.com,+19213984060,46.0,308.0,48170.84,VERIFIED,RETAIL,US
CUST2750,Customer_1750,customer_1750@email.com,+13023706973,76.0,766.0,365461.32,VERIFIED,RETAIL,FR
CUST2751,Customer_1751,customer_1751@email.com,+15945324791,51.0,772.0,64892.0,VERIFIED,PREMIUM,US
CUST2752,Customer_1752,customer_1752@email.com,+11542922725,65.0,696.0,247681.01,VERIFIED,RETAIL,US
CUST2753,Customer_1753,,+12479385848,24.0,344.0,484338.84,VERIFIED,CORPORATE,US
CUST2754,Customer_1754,customer_1754@email.com,+16584044046,76.0,373.0,77617.73,VERIFIED,SME,DE
CUST2755,Customer_1755,customer_1755@email.com,+17002899938,83.0,752.0,298758.88,VERIFIED,RETAIL,US
CUST2756,Customer_1756,customer_1756@email.com,+17214905989,77.0,681.0,242840.74,PENDING,PREMIUM,UK
CUST2757,Customer_1757,customer_1757@email.com,+14162843959,22.0,667.0,408861.57,VERIFIED,CORPORATE,US
CUST2758,Customer_1758,,+11091466848,84.0,385.0,73584.71,VERIFIED,RETAIL,FR
CUST2759,Customer_1759,customer_1759@email.com,+12297698562,74.0,311.0,294438.41,VERIFIED,RETAIL,US
CUST2760,Customer_1760,customer_1760@email.com,+18966747784,82.0,706.0,130431.08,FAILED,RETAIL,US
CUST2761,Customer_1761,customer_1761@email.com,+17507937763,78.0,493.0,110753.5,VERIFIED,PREMIUM,UK
CUST2762,Customer_1762,customer_1762@email.com,+11515523500,30.0,354.0,253222.85,VERIFIED,CORPORATE,DE
CUST2763,Customer_1763,customer_1763@email.com,+18934643113,66.0,307.0,379810.49,PENDING,SME,AU
CUST2764,Customer_1764,customer_1764@email.com,+14193492738,66.0,737.0,260607.08,PENDING,CORPORATE,US
CUST2765,Customer_1765,customer_1765@email.com,+14115504458,31.0,408.0,188071.1,PENDING,PREMIUM,US
CUST2766,Customer_1766,customer_1766@email.com,+19366452361,70.0,673.0,460349.58,VERIFIED,PREMIUM,AU
CUST2767,Customer_1767,customer_1767@email.com,+14018928960,78.0,626.0,77738.71,VERIFIED,CORPORATE,US
CUST2768,Customer_1768,customer_1768@email.com,+19476103875,56.0,470.0,15795.97,VERIFIED,RETAIL,AU
CUST2769,Customer_1769,customer_1769@email.com,+14323499778,55.0,489.0,177722.96,PENDING,PREMIUM,
CUST2770,Customer_1770,customer_1770@email.com,+18890838451,65.0,436.0,99547.82,VERIFIED,RETAIL,US
CUST2771,Customer_1771,customer_1771@email.com,+14096572819,45.0,637.0,66836.2,VERIFIED,RETAIL,FR
CUST2772,Customer_1772,customer_1772@email.com,+19378824997,26.0,490.0,79610.17,VERIFIED,CORPORATE,US
CUST2773,Customer_1773,customer_1773@email.com,+19529883953,70.0,303.0,402894.27,VERIFIED,RETAIL,UK
CUST2774,Customer_1774,customer_1774@email.com,+19702404962,46.0,444.0,163067.6,VERIFIED,RETAIL,US
CUST2775,Customer_1775,customer_1775@email.com,+12388414602,20.0,442.0,163090.17,VERIFIED,RETAIL,US
CUST2776,Customer_1776,customer_1776@email.com,+16648208771,54.0,532.0,24233.51,VERIFIED,SME,US
CUST2777,Customer_1777,customer_1777@email.com,+15663071794,48.0,362.0,392151.5,VERIFIED,PREMIUM,US
CUST2778,Customer_1778,customer_1778@email.com,+17809310740,83.0,787.0,325158.09,VERIFIED,CORPORATE,DE
CUST2779,Customer_1779,customer_1779@email.com,+17064706871,61.0,718.0,231773.61,FAILED,RETAIL,UK
CUST2780,Customer_1780,customer_1780@email.com,+11958908928,28.0,637.0,341486.39,VERIFIED,RETAIL,AU
CUST2781,Customer_1781,customer_1781@email.com,+15586756659,35.0,647.0,390217.3,VERIFIED,,DE
CUST2782,Customer_1782,customer_1782@email.com,+19528542578,68.0,358.0,469783.91,VERIFIED,RETAIL,AU
CUST2783,Customer_1783,customer_1783@email.com,+13666042989,-5.0,848.0,206289.12,VERIFIED,RETAIL,FR
CUST2784,Customer_1784,customer_1784@email.com,+12908753587,41.0,,401141.52,PENDING,CORPORATE,US
CUST2785,Customer_1785,customer_1785@email.com,+11613686346,46.0,716.0,225803.83,VERIFIED,RETAIL,AU
CUST2786,Customer_1786,customer_1786@email.com,+19245041136,24.0,446.0,453532.38,VERIFIED,CORPORATE,FR
CUST2787,Customer_1787,,+14999819432,66.0,399.0,412434.73,VERIFIED,CORPORATE,FR
CUST2788,Customer_1788,customer_1788@email.com,+13446538308,34.0,513.0,163529.49,VERIFIED,CORPORATE,US
CUST2789,Customer_1789,customer_1789@email.com,+13279497027,40.0,,494301.92,VERIFIED,PREMIUM,UK
CUST2790,Customer_1790,customer_1790@email.com,+14020746811,26.0,578.0,478185.95,VERIFIED,CORPORATE,UK
CUST2791,Customer_1791,customer_1791@email.com,+17829252664,33.0,816.0,292949.25,VERIFIED,RETAIL,US
CUST2792,Customer_1792,customer_1792@email.com,+11569268261,69.0,319.0,277786.24,VERIFIED,,US
CUST2793,Customer_1793,customer_1793@email.com,+11996641642,75.0,776.0,130690.0,VERIFIED,RETAIL,UK
CUST2794,Customer_1794,customer_1794@email.com,+15811739569,50.0,837.0,280937.52,VERIFIED,PREMIUM,UK
CUST2795,Customer_1795,customer_1795@email.com,+11664541796,80.0,575.0,353271.38,VERIFIED,SME,US
CUST2796,Customer_1796,customer_1796@email.com,+12620297404,60.0,590.0,187989.76,VERIFIED,CORPORATE,DE
CUST2797,Customer_1797,customer_1797@email.com,+14009030844,46.0,635.0,245908.0,VERIFIED,RETAIL,DE
CUST2798,Customer_1798,customer_1798@email.com,+14600265455,38.0,423.0,348420.39,VERIFIED,,DE
CUST2799,Customer_1799,customer_1799@email.com,+15041008367,64.0,648.0,261368.2,FAILED,SME,FR
CUST2800,Customer_1800,customer_1800@email.com,+19330737689,83.0,543.0,251976.41,VERIFIED,PREMIUM,UK
CUST2801,Customer_1801,customer_1801@email.com,+12013402399,68.0,804.0,129943.6,VERIFIED,RETAIL,US
CUST2802,Customer_1802,,+16139212783,64.0,849.0,454634.52,FAILED,RETAIL,FR
CUST2803,Customer_1803,,+17975883856,39.0,523.0,270362.35,VERIFIED,SME,DE
CUST2804,Customer_1804,customer_1804@email.com,,42.0,300.0,319910.5,VERIFIED,SME,AU
CUST2805,Customer_1805,,+16379444310,71.0,319.0,226838.78,VERIFIED,PREMIUM,AU
CUST2806,Customer_1806,customer_1806@email.com,+13471308952,41.0,629.0,168442.29,VERIFIED,RETAIL,US
CUST2807,Customer_1807,customer_1807@email.com,+16555630988,84.0,627.0,110906.94,FAILED,PREMIUM,FR
CUST2808,Customer_1808,customer_1808@email.com,+15784403469,54.0,406.0,8687.3,VERIFIED,CORPORATE,US
CUST2809,Customer_1809,customer_1809@email.com,+11784077583,27.0,453.0,439070.95,VERIFIED,RETAIL,DE
CUST2810,Customer_1810,customer_1810@email.com,+11561637009,48.0,836.0,303979.32,VERIFIED,PREMIUM,UK
CUST2811,Customer_1811,customer_1811@email.com,+12853185623,44.0,843.0,221795.03,VERIFIED,RETAIL,UK
CUST2812,Customer_1812,customer_1812@email.com,+14559047878,20.0,809.0,35418.14,VERIFIED,SME,US
CUST2813,Customer_1813,customer_1813@email.com,+14972612195,26.0,764.0,442705.88,VERIFIED,RETAIL,UK
CUST2814,Customer_1814,customer_1814@email.com,+18824469485,70.0,794.0,100312.7,VERIFIED,PREMIUM,US
CUST2815,Customer_1815,customer_1815@email.com,+15620966114,59.0,658.0,353807.57,VERIFIED,RETAIL,UK
CUST2816,Customer_1816,customer_1816@email.com,+15388298569,84.0,570.0,464628.57,VERIFIED,PREMIUM,US
CUST2817,Customer_1817,customer_1817@email.com,+14261246297,40.0,757.0,42490.4,VERIFIED,RETAIL,US
CUST2818,Customer_1818,customer_1818@email.com,+12768500704,43.0,420.0,93027.98,VERIFIED,RETAIL,DE
CUST2819,Customer_1819,customer_1819@email.com,+13400889683,82.0,631.0,86576.12,PENDING,RETAIL,AU
CUST2820,Customer_1820,customer_1820@email.com,+13403836443,62.0,321.0,70154.34,VERIFIED,RETAIL,AU
CUST2821,Customer_1821,customer_1821@email.com,+16183338647,73.0,744.0,11333.2,PENDING,RETAIL,UK
CUST2822,Customer_1822,customer_1822@email.com,+17197494257,63.0,408.0,134511.75,PENDING,SME,DE
CUST2823,Customer_1823,customer_1823@email.com,,150.0,517.0,394730.07,VERIFIED,RETAIL,US
CUST2824,Customer_1824,customer_1824@email.com,+19091611806,60.0,544.0,335899.4,VERIFIED,RETAIL,US
CUST2825,Customer_1825,,+12314147339,68.0,390.0,110157.08,VERIFIED,SME,UK
CUST2826,Customer_1826,customer_1826@email.com,+12003734298,46.0,350.0,329753.12,FAILED,CORPORATE,FR
CUST2827,Customer_1827,customer_1827@email.com,+14906463598,30.0,719.0,210028.36,VERIFIED,RETAIL,UK
CUST2828,Customer_1828,customer_1828@email.com,+11916794600,20.0,508.0,360981.48,VERIFIED,RETAIL,US
CUST2829,Customer_1829,customer_1829@email.com,+14270180773,41.0,516.0,23286.08,VERIFIED,PREMIUM,US
CUST2830,Customer_1830,customer_1830@email.com,+14415954471,38.0,842.0,453955.08,PENDING,RETAIL,AU
CUST2831,Customer_1831,customer_1831@email.com,+15858042638,27.0,323.0,223115.17,VERIFIED,RETAIL,AU
CUST2832,Customer_1832,customer_1832@email.com,+13927993198,39.0,316.0,107238.33,VERIFIED,PREMIUM,US
CUST2833,Customer_1833,customer_1833@email.com,+18013985795,44.0,541.0,169382.35,VERIFIED,PREMIUM,UK
CUST2834,Customer_1834,customer_1834@email.com,+14260021904,74.0,621.0,212162.98,PENDING,CORPORATE,US
CUST2835,Customer_1835,customer_1835@email.com,+19171692657,22.0,402.0,343330.68,FAILED,RETAIL,US
CUST2836,Customer_1836,,+17666882123,25.0,566.0,81219.56,VERIFIED,PREMIUM,DE
CUST2837,Customer_1837,customer_1837@email.com,+13615811152,37.0,499.0,328394.87,PENDING,RETAIL,DE
CUST2838,Customer_1838,customer_1838@email.com,+15866363005,71.0,300.0,72050.54,VERIFIED,PREMIUM,AU
CUST2839,Customer_1839,customer_1839@email.com,+12218610022,79.0,626.0,458884.7,VERIFIED,CORPORATE,DE
CUST2840,Customer_1840,customer_1840@email.com,+16545549991,39.0,681.0,463371.68,VERIFIED,PREMIUM,DE
CUST2841,Customer_1841,customer_1841@email.com,+16474667942,23.0,812.0,56171.48,VERIFIED,RETAIL,US
CUST2842,Customer_1842,customer_1842@email.com,+13002142577,44.0,723.0,283339.88,VERIFIED,RETAIL,US
CUST2843,Customer_1843,customer_1843@email.com,+12223599889,71.0,438.0,473778.05,VERIFIED,RETAIL,US
CUST2844,Customer_1844,customer_1844@email.com,+15794572844,58.0,769.0,358530.78,VERIFIED,PREMIUM,FR
CUST2845,Customer_1845,customer_1845@email.com,+11253988347,42.0,492.0,97398.49,VERIFIED,PREMIUM,DE
CUST2846,Customer_1846,customer_1846@email.com,+18133381976,,629.0,72820.63,FAILED,RETAIL,FR
CUST2847,Customer_1847,customer_1847@email.com,+17822998426,-5.0,438.0,79508.45,PENDING,RETAIL,US
CUST2848,Customer_1848,customer_1848@email.com,+13105783933,31.0,424.0,117180.42,VERIFIED,RETAIL,US
CUST2849,Customer_1849,customer_1849@email.com,+15300625876,21.0,828.0,385984.26,PENDING,CORPORATE,US
CUST2850,Customer_1850,customer_1850@email.com,+16352225803,35.0,775.0,402617.67,VERIFIED,RETAIL,AU
CUST2851,Customer_1851,,+18319172278,85.0,574.0,404424.71,VERIFIED,RETAIL,DE
CUST2852,Customer_1852,customer_1852@email.com,+11546516597,46.0,593.0,250369.76,VERIFIED,RETAIL,DE
CUST2853,Customer_1853,customer_1853@email.com,+12918325476,71.0,534.0,316579.08,VERIFIED,SME,DE
CUST2854,Customer_1854,customer_1854@email.com,+12967624484,70.0,628.0,369309.86,VERIFIED,SME,FR
CUST2855,Customer_1855,customer_1855@email.com,+16186719336,30.0,510.0,23577.47,VERIFIED,SME,AU
CUST2856,Customer_1856,customer_1856@email.com,+15219071227,53.0,,145281.78,VERIFIED,CORPORATE,US
CUST2857,Customer_1857,customer_1857@email.com,+12239168689,18.0,398.0,182477.57,VERIFIED,RETAIL,FR
CUST2858,Customer_1858,customer_1858@email.com,+12031491696,65.0,526.0,277539.33,VERIFIED,SME,UK
CUST2859,Customer_1859,customer_1859@email.com,+16310157527,43.0,421.0,405870.95,VERIFIED,RETAIL,US
CUST2860,Customer_1860,customer_1860@email.com,+19997524958,78.0,608.0,130013.79,PENDING,RETAIL,AU
CUST2861,Customer_1861,customer_1861@email.com,+16591508596,42.0,824.0,243801.52,PENDING,RETAIL,AU
CUST2862,Customer_1862,customer_1862@email.com,+17815451162,76.0,849.0,188862.8,FAILED,RETAIL,US
CUST2863,Customer_1863,customer_1863@email.com,+16768415486,75.0,680.0,165459.55,VERIFIED,RETAIL,DE
CUST2864,Customer_1864,customer_1864@email.com,+17862441796,37.0,320.0,286005.94,VERIFIED,PREMIUM,FR
CUST2865,Customer_1865,customer_1865@email.com,,-5.0,767.0,420498.68,VERIFIED,CORPORATE,US
CUST2866,Customer_1866,customer_1866@email.com,+14200037406,79.0,433.0,477119.92,,RETAIL,FR
CUST2867,Customer_1867,customer_1867@email.com,+13141072364,25.0,463.0,230387.99,VERIFIED,RETAIL,US
CUST2868,Customer_1868,customer_1868@email.com,+11082295103,51.0,303.0,174854.02,PENDING,CORPORATE,
CUST2869,Customer_1869,customer_1869@email.com,+12724788166,73.0,401.0,432187.44,VERIFIED,PREMIUM,
CUST2870,Customer_1870,customer_1870@email.com,+19366702583,46.0,839.0,96872.14,VERIFIED,CORPORATE,FR
CUST2871,Customer_1871,customer_1871@email.com,+14176347820,72.0,662.0,263968.21,PENDING,RETAIL,US
CUST2872,Customer_1872,customer_1872@email.com,+13745685405,30.0,516.0,393805.91,VERIFIED,PREMIUM,
CUST2873,Customer_1873,customer_1873@email.com,+17520052052,66.0,407.0,121796.24,VERIFIED,PREMIUM,US
CUST2874,Customer_1874,customer_1874@email.com,+19722956263,51.0,678.0,227831.92,VERIFIED,RETAIL,FR
CUST2875,Customer_1875,customer_1875@email.com,+14147541891,69.0,330.0,189856.0,FAILED,SME,FR
CUST2876,Customer_1876,customer_1876@email.com,+12843893097,66.0,786.0,311833.82,PENDING,PREMIUM,US
CUST2877,Customer_1877,customer_1877@email.com,+19133841564,43.0,743.0,337425.95,PENDING,RETAIL,FR
CUST2878,Customer_1878,customer_1878@email.com,+13016940777,25.0,425.0,41327.31,VERIFIED,RETAIL,US
CUST2879,Customer_1879,customer_1879@email.com,+18227545988,62.0,424.0,72065.8,VERIFIED,RETAIL,DE
CUST2880,Customer_1880,customer_1880@email.com,+13824144920,84.0,638.0,72576.43,VERIFIED,RETAIL,DE
CUST2881,Customer_1881,customer_1881@email.com,+17991560507,80.0,,266010.78,VERIFIED,RETAIL,UK
CUST2882,Customer_1882,customer_1882@email.com,+18866819588,69.0,394.0,265907.33,VERIFIED,RETAIL,UK
CUST2883,Customer_1883,customer_1883@email.com,,74.0,368.0,232145.83,VERIFIED,SME,AU
CUST2884,Customer_1884,customer_1884@email.com,+18180491466,56.0,562.0,465149.89,VERIFIED,PREMIUM,DE
CUST2885,Customer_1885,customer_1885@email.com,+17243650389,69.0,775.0,429164.16,VERIFIED,RETAIL,US
CUST2886,Customer_1886,customer_1886@email.com,+13401433660,48.0,369.0,272711.27,VERIFIED,RETAIL,US
CUST2887,Customer_1887,customer_1887@email.com,+11992382021,59.0,700.0,449960.19,VERIFIED,CORPORATE,US
CUST2888,Customer_1888,customer_1888@email.com,+12199018364,80.0,581.0,181048.75,PENDING,RETAIL,UK
CUST2889,Customer_1889,customer_1889@email.com,+12890166637,36.0,498.0,368395.42,FAILED,RETAIL,DE
CUST2890,Customer_1890,customer_1890@email.com,+15460185819,48.0,382.0,392840.56,PENDING,CORPORATE,US
CUST2891,Customer_1891,customer_1891@email.com,+13123896016,63.0,756.0,389337.44,VERIFIED,RETAIL,AU
CUST2892,Customer_1892,customer_1892@email.com,+17855774649,57.0,696.0,82437.96,VERIFIED,CORPORATE,FR
CUST2893,Customer_1893,customer_1893@email.com,+15041525942,70.0,529.0,438910.82,VERIFIED,CORPORATE,FR
CUST2894,Customer_1894,customer_1894@email.com,+13169965586,43.0,447.0,437864.59,VERIFIED,RETAIL,DE
CUST2895,Customer_1895,customer_1895@email.com,+18894652520,31.0,442.0,398408.95,VERIFIED,RETAIL,US
CUST2896,Customer_1896,customer_1896@email.com,+11743365557,47.0,496.0,307028.59,FAILED,PREMIUM,US
CUST2897,Customer_1897,customer_1897@email.com,+17376991270,38.0,367.0,499155.22,VERIFIED,SME,US
CUST2898,Customer_1898,customer_1898@email.com,,34.0,496.0,119522.9,VERIFIED,RETAIL,US
CUST2899,Customer_1899,customer_1899@email.com,+11196419135,52.0,770.0,203213.5,FAILED,RETAIL,DE
CUST2900,Customer_1900,customer_1900@email.com,+12427655959,62.0,455.0,75253.15,VERIFIED,RETAIL,UK
CUST2901,Customer_1901,customer_1901@email.com,,37.0,560.0,5532.8,VERIFIED,SME,US
CUST2902,Customer_1902,customer_1902@email.com,+16431375257,33.0,551.0,263493.06,PENDING,RETAIL,US
CUST2903,Customer_1903,customer_1903@email.com,+18893714905,62.0,685.0,326054.1,VERIFIED,CORPORATE,AU
CUST2904,Customer_1904,customer_1904@email.com,+17471351206,25.0,391.0,82438.26,FAILED,PREMIUM,AU
CUST2905,Customer_1905,customer_1905@email.com,+14301806587,19.0,396.0,247490.34,VERIFIED,SME,US
CUST2906,Customer_1906,customer_1906@email.com,+16654380733,28.0,551.0,18312.43,VERIFIED,SME,UK
CUST2907,Customer_1907,customer_1907@email.com,,72.0,411.0,222200.06,PENDING,RETAIL,DE
CUST2908,Customer_1908,customer_1908@email.com,+17610736192,62.0,338.0,454202.58,VERIFIED,CORPORATE,US
CUST2909,Customer_1909,customer_1909@email.com,+15995018212,39.0,,198197.67,PENDING,CORPORATE,FR
CUST2910,Customer_1910,customer_1910@email.com,+14830355768,51.0,308.0,212413.23,VERIFIED,PREMIUM,US
CUST2911,Customer_1911,customer_1911@email.com,+18887429054,45.0,784.0,155244.05,VERIFIED,RETAIL,US
CUST2912,Customer_1912,customer_1912@email.com,+11868984631,61.0,791.0,421741.49,PENDING,RETAIL,AU
CUST2913,Customer_1913,customer_1913@email.com,+14560970070,33.0,316.0,355747.48,VERIFIED,RETAIL,UK
CUST2914,Customer_1914,customer_1914@email.com,+17228483203,21.0,842.0,91931.39,VERIFIED,SME,US
CUST2915,Customer_1915,customer_1915@email.com,+13413163926,64.0,406.0,165920.15,VERIFIED,RETAIL,US
CUST2916,Customer_1916,customer_1916@email.com,+12566689528,60.0,388.0,87555.05,VERIFIED,SME,AU
CUST2917,Customer_1917,customer_1917@email.com,+15398150351,49.0,478.0,246411.77,FAILED,PREMIUM,DE
CUST2918,Customer_1918,customer_1918@email.com,+15438622007,68.0,529.0,60648.83,FAILED,RETAIL,DE
CUST2919,Customer_1919,customer_1919@email.com,+19635628355,20.0,396.0,57419.08,VERIFIED,RETAIL,UK
CUST2920,Customer_1920,customer_1920@email.com,+11132070392,31.0,398.0,473833.09,PENDING,RETAIL,US
CUST2921,Customer_1921,customer_1921@email.com,+13086688541,27.0,540.0,95967.05,PENDING,CORPORATE,UK
CUST2922,Customer_1922,customer_1922@email.com,+15582007940,66.0,344.0,469683.39,VERIFIED,CORPORATE,AU
CUST2923,Customer_1923,customer_1923@email.com,+17754169520,77.0,545.0,251275.03,VERIFIED,SME,FR
CUST2924,Customer_1924,customer_1924@email.com,+14230262820,84.0,315.0,347436.34,PENDING,RETAIL,UK
CUST2925,Customer_1925,customer_1925@email.com,,71.0,578.0,390482.13,VERIFIED,RETAIL,FR
CUST2926,Customer_1926,customer_1926@email.com,+11091822257,34.0,449.0,284548.97,VERIFIED,RETAIL,US
CUST2927,Customer_1927,customer_1927@email.com,+13748848663,64.0,692.0,245871.23,PENDING,RETAIL,US
CUST2928,Customer_1928,customer_1928@email.com,+16328023874,74.0,531.0,487907.59,PENDING,SME,DE
CUST2929,Customer_1929,customer_1929@email.com,+11392690077,70.0,602.0,257077.75,VERIFIED,RETAIL,US
CUST2930,Customer_1930,customer_1930@email.com,,68.0,619.0,148441.11,,CORPORATE,FR
CUST2931,Customer_1931,customer_1931@email.com,+11642161488,31.0,424.0,203667.92,VERIFIED,RETAIL,DE
CUST2932,Customer_1932,customer_1932@email.com,+18091700387,30.0,834.0,35716.79,FAILED,RETAIL,UK
CUST2933,Customer_1933,customer_1933@email.com,+17316807804,62.0,657.0,66194.91,VERIFIED,CORPORATE,UK
CUST2934,Customer_1934,customer_1934@email.com,+16179427860,19.0,402.0,280557.34,VERIFIED,RETAIL,US
CUST2935,Customer_1935,customer_1935@email.com,+19652475485,85.0,399.0,356519.75,VERIFIED,PREMIUM,FR
CUST2936,Customer_1936,customer_1936@email.com,+18692282816,22.0,793.0,43953.75,VERIFIED,PREMIUM,FR
CUST2937,Customer_1937,customer_1937@email.com,+11798251359,31.0,592.0,158632.29,PENDING,CORPORATE,FR
CUST2938,Customer_1938,customer_1938@email.com,+15182221770,29.0,516.0,174795.71,VERIFIED,RETAIL,DE
CUST2939,Customer_1939,customer_1939@email.com,+16592142915,30.0,333.0,319826.91,VERIFIED,PREMIUM,US
CUST2940,Customer_1940,customer_1940@email.com,+14984740791,23.0,,109065.72,VERIFIED,PREMIUM,US
CUST2941,Customer_1941,customer_1941@email.com,+12657506752,63.0,515.0,22665.97,VERIFIED,CORPORATE,UK
CUST2942,Customer_1942,,+19842663901,44.0,803.0,23967.69,VERIFIED,RETAIL,DE
CUST2943,Customer_1943,customer_1943@email.com,+17020648621,33.0,460.0,14880.1,FAILED,CORPORATE,US
CUST2944,Customer_1944,customer_1944@email.com,+18919288753,73.0,481.0,206757.22,VERIFIED,SME,AU
CUST2945,Customer_1945,customer_1945@email.com,,55.0,636.0,319251.76,PENDING,CORPORATE,AU
CUST2946,Customer_1946,customer_1946@email.com,+12533672983,85.0,777.0,341076.37,PENDING,RETAIL,US
CUST2947,Customer_1947,customer_1947@email.com,+12033961799,27.0,610.0,403856.43,VERIFIED,CORPORATE,US
CUST2948,Customer_1948,customer_1948@email.com,+11882018939,74.0,441.0,176243.2,VERIFIED,RETAIL,US
CUST2949,Customer_1949,customer_1949@email.com,+17803768130,78.0,308.0,305293.36,FAILED,RETAIL,US
CUST2950,Customer_1950,customer_1950@email.com,+17288273549,62.0,556.0,331382.72,VERIFIED,RETAIL,US
CUST2951,Customer_1951,customer_1951@email.com,+16591562971,62.0,482.0,335103.24,VERIFIED,RETAIL,UK
CUST2952,Customer_1952,customer_1952@email.com,+19595765927,63.0,477.0,324753.05,VERIFIED,PREMIUM,US
CUST2953,Customer_1953,customer_1953@email.com,+14738027303,66.0,329.0,327150.66,VERIFIED,RETAIL,DE
CUST2954,Customer_1954,customer_1954@email.com,+11514515919,76.0,549.0,114431.95,PENDING,RETAIL,US
CUST2955,Customer_1955,customer_1955@email.com,+15517071893,72.0,746.0,250055.12,PENDING,PREMIUM,UK
CUST2956,Customer_1956,customer_1956@email.com,+19093882708,33.0,397.0,47717.94,VERIFIED,CORPORATE,DE
CUST2957,Customer_1957,customer_1957@email.com,+15052558593,33.0,,188356.06,VERIFIED,RETAIL,DE
CUST2958,Customer_1958,customer_1958@email.com,+19816463855,43.0,327.0,234582.14,PENDING,CORPORATE,UK
CUST2959,Customer_1959,,+12907335207,71.0,,211301.13,VERIFIED,RETAIL,FR
CUST2960,Customer_1960,customer_1960@email.com,+13303295342,150.0,415.0,219462.0,,RETAIL,US
CUST2961,Customer_1961,customer_1961@email.com,+19820812327,73.0,367.0,154036.88,VERIFIED,PREMIUM,UK
CUST2962,Customer_1962,customer_1962@email.com,+18356363216,79.0,308.0,394919.43,VERIFIED,RETAIL,US
CUST2963,Customer_1963,customer_1963@email.com,+16543286486,56.0,525.0,466535.83,VERIFIED,RETAIL,UK
CUST2964,Customer_1964,customer_1964@email.com,+13188868027,24.0,333.0,466113.43,VERIFIED,CORPORATE,US
CUST2965,Customer_1965,customer_1965@email.com,+19086396955,40.0,685.0,10540.56,VERIFIED,PREMIUM,DE
CUST2966,Customer_1966,customer_1966@email.com,+17513636083,83.0,421.0,144423.96,VERIFIED,CORPORATE,US
CUST2967,Customer_1967,customer_1967@email.com,+11217902894,37.0,442.0,179857.12,FAILED,RETAIL,UK
CUST2968,Customer_1968,customer_1968@email.com,+19795862460,79.0,654.0,138031.37,VERIFIED,CORPORATE,US
CUST2969,Customer_1969,customer_1969@email.com,+11576988387,83.0,515.0,405607.29,VERIFIED,RETAIL,UK
CUST2970,Customer_1970,customer_1970@email.com,+16616537355,31.0,,140022.52,VERIFIED,CORPORATE,UK
CUST2971,Customer_1971,customer_1971@email.com,+14006291423,29.0,303.0,460136.84,VERIFIED,PREMIUM,UK
CUST2972,Customer_1972,customer_1972@email.com,+19748128363,52.0,781.0,83603.92,VERIFIED,RETAIL,DE
CUST2973,Customer_1973,customer_1973@email.com,+15890962709,43.0,612.0,67919.44,PENDING,RETAIL,US
CUST2974,Customer_1974,customer_1974@email.com,+19600425487,22.0,534.0,211092.65,,RETAIL,US
CUST2975,Customer_1975,customer_1975@email.com,+13331989076,80.0,691.0,351360.19,VERIFIED,RETAIL,UK
CUST2976,Customer_1976,customer_1976@email.com,+16154331532,22.0,469.0,406955.24,VERIFIED,CORPORATE,DE
CUST2977,Customer_1977,customer_1977@email.com,+16030695264,44.0,629.0,146077.92,VERIFIED,CORPORATE,DE
CUST2978,Customer_1978,customer_1978@email.com,+17296555736,45.0,816.0,194894.75,VERIFIED,PREMIUM,US
CUST2979,Customer_1979,customer_1979@email.com,+13065647328,37.0,771.0,105927.8,VERIFIED,RETAIL,UK
CUST2980,Customer_1980,customer_1980@email.com,+16947975389,55.0,370.0,123999.82,VERIFIED,RETAIL,UK
CUST2981,Customer_1981,customer_1981@email.com,+12278685822,65.0,685.0,240176.64,VERIFIED,RETAIL,UK
CUST2982,Customer_1982,customer_1982@email.com,+17533760326,34.0,764.0,61668.28,VERIFIED,RETAIL,US
CUST2983,Customer_1983,customer_1983@email.com,+12983054101,66.0,569.0,321946.45,PENDING,RETAIL,
CUST2984,Customer_1984,customer_1984@email.com,+12129751783,85.0,828.0,92629.69,VERIFIED,PREMIUM,DE
CUST2985,Customer_1985,customer_1985@email.com,+15065309903,52.0,731.0,52739.7,VERIFIED,CORPORATE,FR
CUST2986,Customer_1986,customer_1986@email.com,+13827092841,50.0,802.0,396214.03,PENDING,RETAIL,DE
CUST2987,Customer_1987,customer_1987@email.com,+11304822662,24.0,635.0,22873.79,VERIFIED,RETAIL,US
CUST2988,Customer_1988,customer_1988@email.com,+13514254787,49.0,573.0,496263.03,FAILED,PREMIUM,UK
CUST2989,Customer_1989,customer_1989@email.com,+18024558403,57.0,682.0,344417.77,VERIFIED,PREMIUM,UK
CUST2990,Customer_1990,customer_1990@email.com,+16308578713,76.0,758.0,107129.0,VERIFIED,SME,UK
CUST2991,Customer_1991,customer_1991@email.com,+19125327662,81.0,795.0,225030.44,VERIFIED,CORPORATE,UK
CUST2992,Customer_1992,customer_1992@email.com,+19462230926,40.0,421.0,239380.9,VERIFIED,RETAIL,US
CUST2993,Customer_1993,customer_1993@email.com,+14838995194,62.0,352.0,443258.79,VERIFIED,CORPORATE,US
CUST2994,Customer_1994,customer_1994@email.com,+12485663307,69.0,350.0,36778.2,VERIFIED,PREMIUM,DE
CUST2995,Customer_1995,customer_1995@email.com,+19139516150,27.0,770.0,215230.91,VERIFIED,RETAIL,UK
CUST2996,Customer_1996,customer_1996@email.com,+19984342974,27.0,515.0,140724.24,PENDING,RETAIL,DE
CUST2997,Customer_1997,customer_1997@email.com,+14608532205,31.0,301.0,442358.18,VERIFIED,RETAIL,US
CUST2998,Customer_1998,customer_1998@email.com,+17852299687,74.0,768.0,120336.76,VERIFIED,SME,AU
CUST2999,Customer_1999,customer_1999@email.com,+13666971951,46.0,341.0,396851.62,VERIFIED,RETAIL,UK
CUST3000,Customer_2000,customer_2000@email.com,+14384280806,75.0,376.0,467676.28,VERIFIED,RETAIL,DE
CUST3001,Customer_2001,customer_2001@email.com,+19251707344,28.0,402.0,382339.04,VERIFIED,RETAIL,DE
CUST3002,Customer_2002,customer_2002@email.com,+18318986749,20.0,424.0,105071.28,VERIFIED,SME,UK
CUST3003,Customer_2003,customer_2003@email.com,+14541834185,63.0,756.0,376942.57,FAILED,SME,UK
CUST3004,Customer_2004,customer_2004@email.com,+11510020480,44.0,809.0,347999.65,VERIFIED,PREMIUM,US
CUST3005,Customer_2005,customer_2005@email.com,+13160787796,39.0,392.0,366754.33,VERIFIED,RETAIL,AU
CUST3006,Customer_2006,customer_2006@email.com,+18572900949,75.0,528.0,374000.29,PENDING,PREMIUM,US
CUST3007,Customer_2007,customer_2007@email.com,+12886715976,85.0,468.0,304938.5,PENDING,RETAIL,US
CUST3008,Customer_2008,,+14118325950,65.0,527.0,128174.04,VERIFIED,SME,US
CUST3009,Customer_2009,customer_2009@email.com,+17691292539,19.0,,265413.23,VERIFIED,CORPORATE,US
CUST3010,Customer_2010,customer_2010@email.com,+19436442018,66.0,553.0,106321.62,VERIFIED,PREMIUM,UK
CUST3011,Customer_2011,customer_2011@email.com,+19453226317,47.0,380.0,359139.04,,PREMIUM,US
CUST3012,Customer_2012,customer_2012@email.com,+13694118121,84.0,316.0,35209.05,VERIFIED,RETAIL,AU
CUST3013,Customer_2013,customer_2013@email.com,+13982786489,65.0,416.0,14971.07,PENDING,CORPORATE,US
CUST3014,Customer_2014,customer_2014@email.com,+16374517214,62.0,621.0,476276.98,VERIFIED,RETAIL,AU
CUST3015,Customer_2015,customer_2015@email.com,+14248492679,82.0,434.0,71969.02,VERIFIED,SME,UK
CUST3016,Customer_2016,customer_2016@email.com,+17067813570,48.0,690.0,494280.76,VERIFIED,SME,AU
CUST3017,Customer_2017,customer_2017@email.com,+19855412887,26.0,,397640.35,VERIFIED,RETAIL,US
CUST3018,Customer_2018,customer_2018@email.com,+13808559133,51.0,769.0,442771.65,VERIFIED,PREMIUM,US
CUST3019,Customer_2019,customer_2019@email.com,+19160139750,150.0,479.0,87007.52,VERIFIED,PREMIUM,AU
CUST3020,Customer_2020,customer_2020@email.com,+13689386624,27.0,526.0,460880.61,VERIFIED,PREMIUM,AU
CUST3021,Customer_2021,customer_2021@email.com,+16618556853,85.0,552.0,215215.58,VERIFIED,RETAIL,US
CUST3022,Customer_2022,customer_2022@email.com,+12748949825,43.0,467.0,414663.17,VERIFIED,CORPORATE,AU
CUST3023,Customer_2023,customer_2023@email.com,+15571073698,84.0,666.0,55324.62,VERIFIED,CORPORATE,AU
CUST3024,Customer_2024,customer_2024@email.com,+16948310452,45.0,499.0,470822.38,VERIFIED,RETAIL,US
CUST3025,Customer_2025,customer_2025@email.com,+12454123165,20.0,741.0,352322.54,VERIFIED,RETAIL,AU
CUST3026,Customer_2026,customer_2026@email.com,+12358648876,49.0,496.0,39140.53,PENDING,SME,US
CUST3027,Customer_2027,customer_2027@email.com,+16190230715,44.0,650.0,339626.98,VERIFIED,SME,UK
CUST3028,Customer_2028,,+12370389502,49.0,517.0,269196.51,PENDING,RETAIL,US
CUST3029,Customer_2029,customer_2029@email.com,+15444946154,21.0,715.0,197054.97,FAILED,RETAIL,UK
CUST3030,Customer_2030,customer_2030@email.com,+11243836276,23.0,364.0,232667.37,VERIFIED,RETAIL,DE
CUST3031,Customer_2031,customer_2031@email.com,,73.0,495.0,161118.0,FAILED,SME,US
CUST3032,Customer_2032,customer_2032@email.com,+11056573714,69.0,309.0,419620.02,VERIFIED,RETAIL,US
CUST3033,Customer_2033,customer_2033@email.com,+18284189609,67.0,786.0,40503.64,VERIFIED,RETAIL,US
CUST3034,Customer_2034,customer_2034@email.com,+13062129136,53.0,391.0,351959.65,VERIFIED,RETAIL,DE
CUST3035,Customer_2035,customer_2035@email.com,+12620730472,64.0,563.0,330346.79,VERIFIED,RETAIL,DE
CUST3036,Customer_2036,customer_2036@email.com,+19599123681,26.0,,196540.43,VERIFIED,SME,DE
CUST3037,Customer_2037,customer_2037@email.com,,71.0,612.0,109817.16,VERIFIED,PREMIUM,UK
CUST3038,Customer_2038,customer_2038@email.com,+19532891010,63.0,450.0,179846.96,VERIFIED,PREMIUM,FR
CUST3039,Customer_2039,customer_2039@email.com,+14564163273,78.0,382.0,358249.89,,RETAIL,US
CUST3040,Customer_2040,customer_2040@email.com,+16393480766,84.0,711.0,227126.13,PENDING,PREMIUM,US
CUST3041,Customer_2041,customer_2041@email.com,+14506733174,-5.0,682.0,308750.59,VERIFIED,RETAIL,UK
CUST3042,Customer_2042,customer_2042@email.com,+18423020781,54.0,818.0,280794.45,FAILED,RETAIL,US
CUST3043,Customer_2043,customer_2043@email.com,+12499121174,-5.0,596.0,189012.24,VERIFIED,PREMIUM,US
CUST3044,Customer_2044,customer_2044@email.com,+14886018434,46.0,412.0,401941.37,FAILED,CORPORATE,US
CUST3045,Customer_2045,customer_2045@email.com,+15957000417,28.0,,51463.29,VERIFIED,PREMIUM,US
CUST3046,Customer_2046,customer_2046@email.com,+17225558903,21.0,360.0,134177.35,VERIFIED,CORPORATE,US
CUST3047,Customer_2047,customer_2047@email.com,+11576916561,77.0,697.0,483942.05,VERIFIED,PREMIUM,FR
CUST3048,Customer_2048,customer_2048@email.com,+17275107899,70.0,,41946.62,,RETAIL,UK
CUST3049,Customer_2049,customer_2049@email.com,+19311450910,71.0,725.0,186603.41,FAILED,SME,UK
CUST3050,Customer_2050,customer_2050@email.com,+18791160971,35.0,764.0,175726.53,VERIFIED,RETAIL,US
CUST3051,Customer_2051,customer_2051@email.com,+13609105207,47.0,842.0,255685.82,FAILED,RETAIL,AU
CUST3052,Customer_2052,customer_2052@email.com,+18447080458,39.0,663.0,34812.29,VERIFIED,PREMIUM,US
CUST3053,Customer_2053,customer_2053@email.com,+17775258263,62.0,581.0,417189.69,VERIFIED,RETAIL,US
CUST3054,Customer_2054,customer_2054@email.com,+17885136268,35.0,680.0,378379.59,FAILED,RETAIL,US
CUST3055,Customer_2055,,+15667224172,19.0,455.0,55777.74,VERIFIED,RETAIL,DE
CUST3056,Customer_2056,customer_2056@email.com,+13722455524,63.0,548.0,365562.84,VERIFIED,SME,DE
CUST3057,Customer_2057,customer_2057@email.com,+15764847380,25.0,834.0,235620.51,FAILED,CORPORATE,US
CUST3058,Customer_2058,customer_2058@email.com,+16010462350,77.0,541.0,62344.67,VERIFIED,RETAIL,UK
CUST3059,Customer_2059,customer_2059@email.com,+11941105312,65.0,545.0,227040.69,VERIFIED,SME,AU
CUST3060,Customer_2060,customer_2060@email.com,+14807407733,50.0,347.0,220194.08,PENDING,RETAIL,AU
CUST3061,Customer_2061,customer_2061@email.com,+14039880457,25.0,824.0,274740.09,VERIFIED,SME,FR
CUST3062,Customer_2062,customer_2062@email.com,+16527165561,48.0,514.0,438007.41,VERIFIED,RETAIL,US
CUST3063,Customer_2063,customer_2063@email.com,+14653393193,55.0,371.0,296049.56,VERIFIED,CORPORATE,FR
CUST3064,Customer_2064,customer_2064@email.com,+18724700506,18.0,612.0,455754.69,PENDING,,FR
CUST3065,Customer_2065,customer_2065@email.com,+11759137031,53.0,814.0,89934.74,VERIFIED,CORPORATE,AU
CUST3066,Customer_2066,customer_2066@email.com,+11479746104,76.0,586.0,365505.7,FAILED,RETAIL,US
CUST3067,Customer_2067,customer_2067@email.com,+15143201012,61.0,822.0,308581.85,VERIFIED,PREMIUM,AU
CUST3068,Customer_2068,customer_2068@email.com,+17926749439,37.0,335.0,136171.51,,CORPORATE,FR
CUST3069,Customer_2069,customer_2069@email.com,+17260149788,80.0,681.0,59502.69,VERIFIED,RETAIL,UK
CUST3070,Customer_2070,customer_2070@email.com,+17115638531,30.0,,466519.95,VERIFIED,RETAIL,US
CUST3071,Customer_2071,customer_2071@email.com,+17199389135,62.0,624.0,385153.36,VERIFIED,CORPORATE,US
CUST3072,Customer_2072,customer_2072@email.com,+15624979227,80.0,834.0,163650.41,,PREMIUM,US
CUST3073,Customer_2073,customer_2073@email.com,+11154996257,19.0,622.0,22623.81,FAILED,SME,US
CUST3074,Customer_2074,customer_2074@email.com,+19211197037,38.0,541.0,193333.8,VERIFIED,RETAIL,US
CUST3075,Customer_2075,customer_2075@email.com,+13154658071,42.0,479.0,405748.84,PENDING,RETAIL,US
CUST3076,Customer_2076,customer_2076@email.com,+17926165937,29.0,,336153.5,VERIFIED,,FR
CUST3077,Customer_2077,customer_2077@email.com,+18094651007,81.0,360.0,460674.27,FAILED,CORPORATE,AU
CUST3078,Customer_2078,,+16091462671,69.0,377.0,238504.89,PENDING,PREMIUM,DE
CUST3079,Customer_2079,customer_2079@email.com,+11933906854,77.0,605.0,212174.83,VERIFIED,RETAIL,AU
CUST3080,Customer_2080,customer_2080@email.com,+14594582510,44.0,432.0,250029.42,VERIFIED,PREMIUM,US
CUST3081,Customer_2081,customer_2081@email.com,+14413792305,53.0,412.0,253811.89,VERIFIED,RETAIL,FR
CUST3082,Customer_2082,customer_2082@email.com,+16160733428,54.0,761.0,68315.24,VERIFIED,RETAIL,US
CUST3083,Customer_2083,customer_2083@email.com,+16442962643,54.0,740.0,295402.04,VERIFIED,RETAIL,US
CUST3084,Customer_2084,customer_2084@email.com,+12649428221,53.0,524.0,87002.76,VERIFIED,SME,UK
CUST3085,Customer_2085,customer_2085@email.com,+11687007266,75.0,523.0,129830.61,FAILED,PREMIUM,FR
CUST3086,Customer_2086,customer_2086@email.com,+15395370892,75.0,547.0,208744.55,PENDING,PREMIUM,US
CUST3087,Customer_2087,customer_2087@email.com,+17477294857,19.0,330.0,192431.87,VERIFIED,SME,US
CUST3088,Customer_2088,customer_2088@email.com,+17942929769,25.0,609.0,351556.71,VERIFIED,SME,US
CUST3089,Customer_2089,customer_2089@email.com,+15169015729,59.0,377.0,135341.75,VERIFIED,PREMIUM,UK
CUST3090,Customer_2090,customer_2090@email.com,+17030611650,42.0,732.0,425028.13,VERIFIED,RETAIL,US
CUST3091,Customer_2091,customer_2091@email.com,+16644016559,42.0,673.0,412650.6,VERIFIED,RETAIL,AU
CUST3092,Customer_2092,customer_2092@email.com,+15412420674,26.0,829.0,418142.67,VERIFIED,PREMIUM,FR
CUST3093,Customer_2093,customer_2093@email.com,+14529877423,74.0,300.0,432185.07,VERIFIED,PREMIUM,US
CUST3094,Customer_2094,customer_2094@email.com,+18818261077,31.0,328.0,237150.55,VERIFIED,PREMIUM,AU
CUST3095,Customer_2095,customer_2095@email.com,+19358219584,21.0,386.0,198132.89,VERIFIED,SME,US
CUST3096,Customer_2096,customer_2096@email.com,+13642266668,21.0,496.0,413327.93,VERIFIED,PREMIUM,US
CUST3097,Customer_2097,customer_2097@email.com,+17228793037,85.0,480.0,203459.78,VERIFIED,RETAIL,US
CUST3098,Customer_2098,customer_2098@email.com,+19695714758,33.0,710.0,161365.26,VERIFIED,RETAIL,UK
CUST3099,Customer_2099,customer_2099@email.com,+18145901167,81.0,644.0,176064.42,VERIFIED,SME,DE
CUST3100,Customer_2100,customer_2100@email.com,+14194109792,56.0,761.0,444324.97,VERIFIED,PREMIUM,UK
CUST3101,Customer_2101,customer_2101@email.com,+17766231775,66.0,848.0,388169.95,VERIFIED,RETAIL,UK
CUST3102,Customer_2102,customer_2102@email.com,+15822770203,22.0,765.0,320031.21,VERIFIED,RETAIL,US
CUST3103,Customer_2103,customer_2103@email.com,+13170376923,41.0,493.0,310963.33,VERIFIED,RETAIL,US
CUST3104,Customer_2104,customer_2104@email.com,+13354840918,68.0,675.0,491012.99,VERIFIED,RETAIL,US
CUST3105,Customer_2105,customer_2105@email.com,+13019442413,23.0,374.0,114811.94,VERIFIED,RETAIL,UK
CUST3106,Customer_2106,customer_2106@email.com,+17420076765,74.0,596.0,55011.74,VERIFIED,RETAIL,AU
CUST3107,Customer_2107,customer_2107@email.com,+18972515104,25.0,762.0,290979.8,VERIFIED,PREMIUM,UK
CUST3108,Customer_2108,customer_2108@email.com,+19486178859,65.0,,471561.24,VERIFIED,RETAIL,FR
CUST3109,Customer_2109,customer_2109@email.com,+11109797336,-5.0,,1634.93,VERIFIED,CORPORATE,AU
CUST3110,Customer_2110,customer_2110@email.com,+15932887949,52.0,592.0,40920.92,VERIFIED,PREMIUM,US
CUST3111,Customer_2111,customer_2111@email.com,+17727022255,76.0,557.0,87834.7,,CORPORATE,
CUST3112,Customer_2112,customer_2112@email.com,+11088887808,37.0,390.0,343568.87,VERIFIED,RETAIL,US
CUST3113,Customer_2113,customer_2113@email.com,+15378841861,44.0,382.0,236616.14,VERIFIED,PREMIUM,US
CUST3114,Customer_2114,customer_2114@email.com,,,744.0,249484.98,VERIFIED,CORPORATE,UK
CUST3115,Customer_2115,customer_2115@email.com,+15602267410,67.0,395.0,393668.89,VERIFIED,RETAIL,AU
CUST3116,Customer_2116,customer_2116@email.com,+14286096580,48.0,482.0,103481.88,VERIFIED,PREMIUM,US
CUST3117,Customer_2117,customer_2117@email.com,+19801924094,-5.0,726.0,211652.64,VERIFIED,RETAIL,DE
CUST3118,Customer_2118,customer_2118@email.com,+17891762659,83.0,685.0,430096.57,VERIFIED,PREMIUM,US
CUST3119,Customer_2119,customer_2119@email.com,+11709022585,63.0,675.0,9784.93,VERIFIED,CORPORATE,DE
CUST3120,Customer_2120,customer_2120@email.com,+12010224492,55.0,,258753.22,VERIFIED,PREMIUM,US
CUST3121,Customer_2121,customer_2121@email.com,+13344090024,33.0,636.0,231066.42,VERIFIED,PREMIUM,
CUST3122,Customer_2122,customer_2122@email.com,+17197330002,70.0,380.0,386338.24,VERIFIED,PREMIUM,AU
CUST3123,Customer_2123,customer_2123@email.com,+17372755236,63.0,398.0,123271.91,VERIFIED,RETAIL,FR
CUST3124,Customer_2124,customer_2124@email.com,+15141520412,42.0,537.0,396137.32,VERIFIED,,UK
CUST3125,Customer_2125,customer_2125@email.com,+15304047481,50.0,825.0,90320.3,VERIFIED,SME,US
CUST3126,Customer_2126,customer_2126@email.com,+17650383766,21.0,833.0,175884.48,PENDING,CORPORATE,US
CUST3127,Customer_2127,customer_2127@email.com,+17271751454,84.0,352.0,356211.63,VERIFIED,CORPORATE,FR
CUST3128,Customer_2128,customer_2128@email.com,+18709595773,49.0,696.0,168044.05,VERIFIED,PREMIUM,US
CUST3129,Customer_2129,customer_2129@email.com,+13345620962,31.0,502.0,4381.89,FAILED,RETAIL,US
CUST3130,Customer_2130,,+13201017710,19.0,667.0,212731.76,VERIFIED,SME,FR
CUST3131,Customer_2131,customer_2131@email.com,,46.0,710.0,305770.6,VERIFIED,PREMIUM,US
CUST3132,Customer_2132,customer_2132@email.com,+15638299227,18.0,382.0,477965.11,VERIFIED,PREMIUM,US
CUST3133,Customer_2133,customer_2133@email.com,+14725531737,55.0,618.0,88842.55,VERIFIED,PREMIUM,UK
CUST3134,Customer_2134,customer_2134@email.com,+13294316584,76.0,383.0,127515.08,PENDING,PREMIUM,FR
CUST3135,Customer_2135,customer_2135@email.com,+11639142751,57.0,374.0,304721.84,VERIFIED,RETAIL,US
CUST3136,Customer_2136,customer_2136@email.com,+14545220048,39.0,517.0,285824.29,VERIFIED,PREMIUM,AU
CUST3137,Customer_2137,customer_2137@email.com,,28.0,731.0,115095.01,VERIFIED,RETAIL,
CUST3138,Customer_2138,customer_2138@email.com,+13438574707,33.0,,156834.08,PENDING,RETAIL,FR
CUST3139,Customer_2139,customer_2139@email.com,+12346655308,150.0,481.0,210530.33,PENDING,RETAIL,US
CUST3140,Customer_2140,customer_2140@email.com,+12503880714,76.0,557.0,200374.5,PENDING,RETAIL,UK
CUST3141,Customer_2141,customer_2141@email.com,+16904811365,22.0,361.0,487400.25,VERIFIED,RETAIL,US
CUST3142,Customer_2142,customer_2142@email.com,+16107701143,19.0,360.0,450057.54,VERIFIED,RETAIL,UK
CUST3143,Customer_2143,customer_2143@email.com,+17097015498,49.0,326.0,486265.05,VERIFIED,SME,AU
CUST3144,Customer_2144,customer_2144@email.com,+15157731580,54.0,505.0,172822.05,VERIFIED,RETAIL,US
CUST3145,Customer_2145,customer_2145@email.com,+14279854585,54.0,684.0,404702.82,VERIFIED,PREMIUM,US
CUST3146,Customer_2146,customer_2146@email.com,+12212388723,63.0,354.0,12869.87,VERIFIED,RETAIL,AU
CUST3147,Customer_2147,customer_2147@email.com,+13345330909,44.0,591.0,171298.87,VERIFIED,RETAIL,US
CUST3148,Customer_2148,customer_2148@email.com,+18301507048,69.0,775.0,187347.87,VERIFIED,PREMIUM,US
CUST3149,Customer_2149,customer_2149@email.com,+18405729738,80.0,366.0,342500.45,VERIFIED,RETAIL,US
CUST3150,Customer_2150,customer_2150@email.com,+14853975287,35.0,430.0,207496.72,PENDING,CORPORATE,US
CUST3151,Customer_2151,customer_2151@email.com,,52.0,488.0,242151.73,VERIFIED,CORPORATE,AU
CUST3152,Customer_2152,customer_2152@email.com,+16670993780,47.0,777.0,187603.94,VERIFIED,CORPORATE,UK
CUST3153,Customer_2153,customer_2153@email.com,+17046262681,26.0,499.0,458599.14,PENDING,RETAIL,US
CUST3154,Customer_2154,customer_2154@email.com,+18129757531,36.0,593.0,126283.12,VERIFIED,RETAIL,AU
CUST3155,Customer_2155,customer_2155@email.com,+16013404086,30.0,453.0,280738.84,VERIFIED,CORPORATE,US
CUST3156,Customer_2156,customer_2156@email.com,+12219022073,60.0,,227498.17,PENDING,RETAIL,DE
CUST3157,Customer_2157,customer_2157@email.com,+14744465154,77.0,403.0,483338.51,VERIFIED,RETAIL,UK
CUST3158,Customer_2158,customer_2158@email.com,+11717568156,71.0,323.0,32890.98,VERIFIED,PREMIUM,UK
CUST3159,Customer_2159,customer_2159@email.com,+19269968701,25.0,327.0,315759.45,VERIFIED,RETAIL,US
CUST3160,Customer_2160,customer_2160@email.com,+12017417055,31.0,631.0,378142.85,PENDING,SME,
CUST3161,Customer_2161,customer_2161@email.com,,20.0,850.0,150933.97,VERIFIED,SME,AU
CUST3162,Customer_2162,customer_2162@email.com,+12563308230,44.0,523.0,220653.27,PENDING,PREMIUM,UK
CUST3163,Customer_2163,,+19706958978,82.0,593.0,142585.86,VERIFIED,SME,US
CUST3164,Customer_2164,customer_2164@email.com,+17478807831,78.0,406.0,453253.03,FAILED,PREMIUM,US
CUST3165,Customer_2165,customer_2165@email.com,+17937003275,24.0,590.0,36373.66,VERIFIED,RETAIL,DE
CUST3166,Customer_2166,customer_2166@email.com,+15569985537,63.0,487.0,300665.05,VERIFIED,PREMIUM,US
CUST3167,Customer_2167,customer_2167@email.com,+13545836314,41.0,358.0,428516.96,FAILED,CORPORATE,FR
CUST3168,Customer_2168,customer_2168@email.com,+18025854426,35.0,417.0,178709.77,VERIFIED,RETAIL,FR
CUST3169,Customer_2169,customer_2169@email.com,,49.0,550.0,331394.12,PENDING,RETAIL,US
CUST3170,Customer_2170,customer_2170@email.com,+19980782960,74.0,672.0,351356.56,VERIFIED,RETAIL,US
CUST3171,Customer_2171,customer_2171@email.com,+11783414397,70.0,643.0,29158.02,FAILED,RETAIL,AU
CUST3172,Customer_2172,customer_2172@email.com,+17489983807,53.0,548.0,341030.62,VERIFIED,RETAIL,AU
CUST3173,Customer_2173,customer_2173@email.com,+12737641867,59.0,795.0,310598.66,VERIFIED,CORPORATE,AU
CUST3174,Customer_2174,customer_2174@email.com,+19546303109,24.0,596.0,43883.03,VERIFIED,RETAIL,UK
CUST3175,Customer_2175,,+14053593522,81.0,458.0,259532.65,VERIFIED,RETAIL,AU
CUST3176,Customer_2176,customer_2176@email.com,+15998780754,69.0,371.0,80978.66,VERIFIED,CORPORATE,DE
CUST3177,Customer_2177,customer_2177@email.com,+16800343023,59.0,615.0,231572.07,VERIFIED,SME,FR
CUST3178,Customer_2178,customer_2178@email.com,+11224830442,82.0,720.0,30656.86,VERIFIED,RETAIL,US
CUST3179,Customer_2179,customer_2179@email.com,+18911240521,45.0,844.0,141571.39,VERIFIED,PREMIUM,
CUST3180,Customer_2180,customer_2180@email.com,+16164602354,71.0,514.0,41517.16,PENDING,RETAIL,FR
CUST3181,Customer_2181,customer_2181@email.com,+12978378904,41.0,698.0,450293.93,VERIFIED,CORPORATE,US
CUST3182,Customer_2182,customer_2182@email.com,+15244735403,39.0,,107163.57,VERIFIED,RETAIL,DE
CUST3183,Customer_2183,customer_2183@email.com,+12761875956,77.0,445.0,58257.68,FAILED,SME,US
CUST3184,Customer_2184,customer_2184@email.com,,34.0,472.0,49341.09,VERIFIED,PREMIUM,FR
CUST3185,Customer_2185,,+18182876023,25.0,314.0,393926.19,VERIFIED,PREMIUM,DE
CUST3186,Customer_2186,customer_2186@email.com,+13433625282,74.0,,19017.12,VERIFIED,RETAIL,DE
CUST3187,Customer_2187,customer_2187@email.com,+12024628949,54.0,396.0,480401.4,PENDING,RETAIL,US
CUST3188,Customer_2188,customer_2188@email.com,+14802438323,21.0,487.0,365441.71,,RETAIL,US
CUST3189,Customer_2189,customer_2189@email.com,+16124510035,36.0,680.0,219378.32,VERIFIED,CORPORATE,DE
CUST3190,Customer_2190,customer_2190@email.com,+16792265023,75.0,685.0,392208.38,FAILED,RETAIL,DE
CUST3191,Customer_2191,customer_2191@email.com,+11155468650,31.0,419.0,462689.34,VERIFIED,PREMIUM,US
CUST3192,Customer_2192,customer_2192@email.com,+11380788101,62.0,331.0,61646.75,VERIFIED,PREMIUM,US
CUST3193,Customer_2193,customer_2193@email.com,,20.0,835.0,473994.4,VERIFIED,PREMIUM,US
CUST3194,Customer_2194,customer_2194@email.com,+13282942710,72.0,665.0,150817.52,VERIFIED,RETAIL,FR
CUST3195,Customer_2195,customer_2195@email.com,+14957730102,43.0,500.0,997.39,PENDING,RETAIL,US
CUST3196,Customer_2196,customer_2196@email.com,+17187202522,32.0,315.0,165916.18,VERIFIED,SME,US
CUST3197,Customer_2197,customer_2197@email.com,+11868867987,56.0,800.0,162268.51,VERIFIED,RETAIL,UK
CUST3198,Customer_2198,customer_2198@email.com,+11377636975,79.0,436.0,307397.38,VERIFIED,PREMIUM,US
CUST3199,Customer_2199,customer_2199@email.com,+15604010628,34.0,578.0,53775.09,VERIFIED,SME,UK
CUST3200,Customer_2200,customer_2200@email.com,+15109051725,72.0,595.0,108138.69,VERIFIED,CORPORATE,US
CUST3201,Customer_2201,customer_2201@email.com,+16098851950,37.0,325.0,248081.1,VERIFIED,PREMIUM,US
CUST3202,Customer_2202,customer_2202@email.com,+19812051072,41.0,633.0,8446.7,VERIFIED,CORPORATE,US
CUST3203,Customer_2203,customer_2203@email.com,+11077390183,81.0,825.0,78631.28,VERIFIED,RETAIL,AU
CUST3204,Customer_2204,customer_2204@email.com,+15618071493,44.0,839.0,16920.49,VERIFIED,CORPORATE,US
CUST3205,Customer_2205,customer_2205@email.com,+16370275221,58.0,781.0,433806.69,VERIFIED,RETAIL,US
CUST3206,Customer_2206,customer_2206@email.com,+15665506347,46.0,602.0,441672.47,VERIFIED,PREMIUM,AU
CUST3207,Customer_2207,customer_2207@email.com,+16063185239,83.0,499.0,348580.89,VERIFIED,RETAIL,UK
CUST3208,Customer_2208,customer_2208@email.com,+17987164177,39.0,767.0,68114.51,VERIFIED,PREMIUM,AU
CUST3209,Customer_2209,customer_2209@email.com,+15017168076,69.0,352.0,198911.87,VERIFIED,SME,US
CUST3210,Customer_2210,customer_2210@email.com,+19039256165,44.0,345.0,37641.29,VERIFIED,SME,DE
CUST3211,Customer_2211,customer_2211@email.com,+13839330297,64.0,,108118.94,VERIFIED,SME,DE
CUST3212,Customer_2212,customer_2212@email.com,+11503593515,78.0,662.0,365568.9,VERIFIED,RETAIL,US
CUST3213,Customer_2213,customer_2213@email.com,+13818190479,20.0,327.0,210580.35,VERIFIED,CORPORATE,DE
CUST3214,Customer_2214,customer_2214@email.com,+13213843281,44.0,847.0,453653.72,VERIFIED,PREMIUM,AU
CUST3215,Customer_2215,customer_2215@email.com,+15409285668,63.0,702.0,74575.88,VERIFIED,CORPORATE,UK
CUST3216,Customer_2216,customer_2216@email.com,+19785547351,31.0,411.0,282116.2,VERIFIED,RETAIL,AU
CUST3217,Customer_2217,customer_2217@email.com,+11907175749,23.0,411.0,90371.85,,RETAIL,DE
CUST3218,Customer_2218,customer_2218@email.com,,32.0,834.0,352616.57,PENDING,RETAIL,US
CUST3219,Customer_2219,customer_2219@email.com,+11286990156,39.0,730.0,288991.48,VERIFIED,RETAIL,UK
CUST3220,Customer_2220,customer_2220@email.com,,36.0,785.0,40953.06,VERIFIED,RETAIL,UK
CUST3221,Customer_2221,customer_2221@email.com,+16519072997,19.0,324.0,255636.16,VERIFIED,SME,DE
CUST3222,Customer_2222,customer_2222@email.com,+15508934592,59.0,489.0,323580.0,VERIFIED,PREMIUM,UK
CUST3223,Customer_2223,customer_2223@email.com,+16022173550,54.0,792.0,249901.61,VERIFIED,RETAIL,DE
CUST3224,Customer_2224,customer_2224@email.com,+15922083779,78.0,365.0,38917.82,VERIFIED,RETAIL,UK
CUST3225,Customer_2225,customer_2225@email.com,+16885322483,73.0,704.0,80827.33,VERIFIED,RETAIL,AU
CUST3226,Customer_2226,customer_2226@email.com,+14987442452,76.0,543.0,199449.04,FAILED,RETAIL,AU
CUST3227,Customer_2227,customer_2227@email.com,+12325791200,58.0,770.0,433818.96,VERIFIED,RETAIL,US
CUST3228,Customer_2228,customer_2228@email.com,+16547323732,58.0,816.0,129495.05,PENDING,RETAIL,UK
CUST3229,Customer_2229,customer_2229@email.com,+15107041205,34.0,850.0,253163.13,VERIFIED,CORPORATE,US
CUST3230,Customer_2230,customer_2230@email.com,+16251725310,62.0,638.0,297405.47,VERIFIED,PREMIUM,FR
CUST3231,Customer_2231,customer_2231@email.com,,58.0,401.0,29507.5,VERIFIED,RETAIL,AU
CUST3232,Customer_2232,customer_2232@email.com,+11112549467,72.0,637.0,253383.7,VERIFIED,RETAIL,DE
CUST3233,Customer_2233,customer_2233@email.com,+11797886573,18.0,836.0,92927.75,FAILED,RETAIL,UK
CUST3234,Customer_2234,customer_2234@email.com,+12780712330,34.0,375.0,449156.56,FAILED,RETAIL,UK
CUST3235,Customer_2235,customer_2235@email.com,+13997513406,37.0,730.0,366251.31,FAILED,RETAIL,DE
CUST3236,Customer_2236,customer_2236@email.com,+13864117278,74.0,587.0,272155.2,VERIFIED,PREMIUM,US
CUST3237,Customer_2237,customer_2237@email.com,+12638075548,67.0,565.0,435937.43,VERIFIED,RETAIL,FR
CUST3238,Customer_2238,customer_2238@email.com,+17697426311,42.0,822.0,388590.24,VERIFIED,RETAIL,US
CUST3239,Customer_2239,customer_2239@email.com,+19960911968,46.0,751.0,230107.95,VERIFIED,CORPORATE,US
CUST3240,Customer_2240,customer_2240@email.com,+18678521588,150.0,835.0,422748.77,VERIFIED,RETAIL,UK
CUST3241,Customer_2241,customer_2241@email.com,+17417926927,21.0,420.0,296268.47,VERIFIED,SME,US
CUST3242,Customer_2242,,+14917512349,46.0,424.0,180944.12,VERIFIED,CORPORATE,US
CUST3243,Customer_2243,customer_2243@email.com,+15079802849,67.0,657.0,397533.54,VERIFIED,PREMIUM,US
CUST3244,Customer_2244,customer_2244@email.com,+15117973922,61.0,433.0,281681.4,VERIFIED,CORPORATE,UK
CUST3245,Customer_2245,customer_2245@email.com,+19939226966,29.0,399.0,188030.86,VERIFIED,RETAIL,US
CUST3246,Customer_2246,customer_2246@email.com,+12396384488,24.0,814.0,95206.43,VERIFIED,RETAIL,UK
CUST3247,Customer_2247,customer_2247@email.com,+12998568881,58.0,365.0,248000.49,VERIFIED,SME,US
CUST3248,Customer_2248,customer_2248@email.com,+15101479485,59.0,381.0,350399.14,VERIFIED,RETAIL,UK
CUST3249,Customer_2249,customer_2249@email.com,+15943429981,49.0,596.0,381787.83,PENDING,RETAIL,US
CUST3250,Customer_2250,customer_2250@email.com,+13803390973,36.0,376.0,304476.69,VERIFIED,RETAIL,US
CUST3251,Customer_2251,customer_2251@email.com,+16248736608,81.0,515.0,349233.73,VERIFIED,RETAIL,US
CUST3252,Customer_2252,customer_2252@email.com,+17276241336,72.0,381.0,285366.51,VERIFIED,RETAIL,FR
CUST3253,Customer_2253,customer_2253@email.com,+18405026712,34.0,503.0,364986.67,PENDING,CORPORATE,DE
CUST3254,Customer_2254,customer_2254@email.com,+18708439813,79.0,308.0,469883.71,VERIFIED,CORPORATE,DE
CUST3255,Customer_2255,customer_2255@email.com,+14291310715,44.0,457.0,335743.05,VERIFIED,RETAIL,US
CUST3256,Customer_2256,customer_2256@email.com,+14487329716,83.0,736.0,70215.27,PENDING,RETAIL,US
CUST3257,Customer_2257,customer_2257@email.com,+14769187556,64.0,827.0,362057.09,VERIFIED,RETAIL,US
CUST3258,Customer_2258,customer_2258@email.com,+15611843481,35.0,,414462.42,PENDING,RETAIL,DE
CUST3259,Customer_2259,customer_2259@email.com,+15438406866,76.0,776.0,208901.59,VERIFIED,RETAIL,DE
CUST3260,Customer_2260,customer_2260@email.com,+13783239325,50.0,598.0,497678.47,FAILED,CORPORATE,US
CUST3261,Customer_2261,customer_2261@email.com,,63.0,825.0,81905.4,VERIFIED,SME,UK
CUST3262,Customer_2262,customer_2262@email.com,+17255973325,28.0,771.0,244382.75,VERIFIED,,DE
CUST3263,Customer_2263,customer_2263@email.com,+14360996614,61.0,829.0,393485.73,VERIFIED,RETAIL,FR
CUST3264,Customer_2264,customer_2264@email.com,+19226776366,39.0,788.0,455345.47,VERIFIED,SME,AU
CUST3265,Customer_2265,customer_2265@email.com,+16055348984,24.0,647.0,320889.08,FAILED,RETAIL,US
CUST3266,Customer_2266,customer_2266@email.com,+18082259473,57.0,635.0,417092.98,VERIFIED,SME,DE
CUST3267,Customer_2267,customer_2267@email.com,+14828760650,61.0,445.0,143657.19,VERIFIED,SME,UK
CUST3268,Customer_2268,customer_2268@email.com,+11770470663,-5.0,627.0,336853.36,VERIFIED,PREMIUM,UK
CUST3269,Customer_2269,customer_2269@email.com,+16361344954,35.0,670.0,476013.32,VERIFIED,PREMIUM,UK
CUST3270,Customer_2270,customer_2270@email.com,+17004072956,59.0,350.0,335545.09,VERIFIED,CORPORATE,US
CUST3271,Customer_2271,,+12888773566,41.0,534.0,74284.09,VERIFIED,SME,AU
CUST3272,Customer_2272,customer_2272@email.com,+12740091314,63.0,729.0,180588.17,VERIFIED,PREMIUM,US
CUST3273,Customer_2273,customer_2273@email.com,+16508857884,50.0,721.0,50186.72,VERIFIED,SME,US
CUST3274,Customer_2274,customer_2274@email.com,+15230830459,41.0,795.0,241600.41,VERIFIED,RETAIL,US
CUST3275,Customer_2275,customer_2275@email.com,+18084867690,38.0,512.0,224202.24,PENDING,RETAIL,US
CUST3276,Customer_2276,customer_2276@email.com,,81.0,362.0,131587.75,VERIFIED,CORPORATE,US
CUST3277,Customer_2277,customer_2277@email.com,+18083527409,64.0,444.0,11780.98,VERIFIED,PREMIUM,DE
CUST3278,Customer_2278,customer_2278@email.com,+18737575071,41.0,690.0,407264.25,VERIFIED,PREMIUM,UK
CUST3279,Customer_2279,customer_2279@email.com,+17590922448,80.0,417.0,54665.87,VERIFIED,CORPORATE,UK
CUST3280,Customer_2280,customer_2280@email.com,+17245603558,21.0,411.0,295010.68,PENDING,CORPORATE,UK
CUST3281,Customer_2281,customer_2281@email.com,+17756602570,59.0,463.0,409928.24,PENDING,RETAIL,FR
CUST3282,Customer_2282,customer_2282@email.com,+14338521347,39.0,422.0,47408.42,PENDING,RETAIL,AU
CUST3283,Customer_2283,customer_2283@email.com,+15894381132,68.0,624.0,441652.93,VERIFIED,SME,US
CUST3284,Customer_2284,customer_2284@email.com,+13369401700,79.0,463.0,476431.41,VERIFIED,RETAIL,UK
CUST3285,Customer_2285,customer_2285@email.com,+11189937857,72.0,836.0,63353.05,VERIFIED,RETAIL,US
CUST3286,Customer_2286,customer_2286@email.com,+18424046542,150.0,816.0,189558.52,PENDING,SME,US
CUST3287,Customer_2287,customer_2287@email.com,+14450313128,33.0,359.0,417207.64,VERIFIED,PREMIUM,DE
CUST3288,Customer_2288,customer_2288@email.com,+11194506798,75.0,568.0,131295.99,VERIFIED,CORPORATE,FR
CUST3289,Customer_2289,customer_2289@email.com,+18642509007,41.0,453.0,94711.52,PENDING,SME,UK
CUST3290,Customer_2290,customer_2290@email.com,+17313807879,20.0,569.0,261150.51,FAILED,PREMIUM,UK
CUST3291,Customer_2291,customer_2291@email.com,+12646046986,58.0,488.0,30830.12,VERIFIED,SME,UK
CUST3292,Customer_2292,customer_2292@email.com,+16317317708,150.0,605.0,233120.73,PENDING,SME,US
CUST3293,Customer_2293,,+13300337951,37.0,631.0,494764.1,VERIFIED,CORPORATE,US
CUST3294,Customer_2294,customer_2294@email.com,+14441492710,71.0,483.0,456100.51,VERIFIED,PREMIUM,US
CUST3295,Customer_2295,customer_2295@email.com,+18716287593,51.0,700.0,178016.93,FAILED,RETAIL,US
CUST3296,Customer_2296,customer_2296@email.com,+13104992675,76.0,301.0,361609.61,VERIFIED,CORPORATE,FR
CUST3297,Customer_2297,customer_2297@email.com,,22.0,837.0,59978.76,VERIFIED,SME,UK
CUST3298,Customer_2298,customer_2298@email.com,+12251613214,57.0,833.0,383529.94,PENDING,RETAIL,AU
CUST3299,Customer_2299,customer_2299@email.com,+16673557468,61.0,447.0,267556.0,VERIFIED,RETAIL,FR
CUST3300,Customer_2300,customer_2300@email.com,+11442298324,26.0,443.0,258216.27,VERIFIED,CORPORATE,FR
CUST3301,Customer_2301,customer_2301@email.com,+11276681378,38.0,538.0,438984.0,VERIFIED,PREMIUM,US
CUST3302,Customer_2302,customer_2302@email.com,+19418604943,79.0,671.0,63885.23,VERIFIED,RETAIL,US
CUST3303,Customer_2303,customer_2303@email.com,+12596209444,52.0,611.0,83831.55,VERIFIED,RETAIL,AU
CUST3304,Customer_2304,customer_2304@email.com,+11383874331,79.0,850.0,465468.54,PENDING,CORPORATE,FR
CUST3305,Customer_2305,customer_2305@email.com,+12224039005,82.0,460.0,120963.42,PENDING,SME,US
CUST3306,Customer_2306,,,32.0,703.0,241217.8,VERIFIED,SME,FR
CUST3307,Customer_2307,customer_2307@email.com,,77.0,755.0,334064.27,VERIFIED,RETAIL,DE
CUST3308,Customer_2308,,+13512274631,32.0,470.0,399481.19,FAILED,PREMIUM,US
CUST3309,Customer_2309,customer_2309@email.com,+11637147688,31.0,714.0,82499.03,VERIFIED,RETAIL,US
CUST3310,Customer_2310,customer_2310@email.com,+14888202522,77.0,377.0,154313.58,VERIFIED,SME,US
CUST3311,Customer_2311,customer_2311@email.com,+18263348040,59.0,721.0,434721.3,PENDING,RETAIL,UK
CUST3312,Customer_2312,customer_2312@email.com,+12548647735,-5.0,405.0,427607.75,VERIFIED,PREMIUM,US
CUST3313,Customer_2313,customer_2313@email.com,+14503130190,84.0,,136567.05,VERIFIED,RETAIL,DE
CUST3314,Customer_2314,customer_2314@email.com,+14389656700,62.0,,216434.43,VERIFIED,CORPORATE,US
CUST3315,Customer_2315,customer_2315@email.com,+12301873741,46.0,399.0,273788.7,VERIFIED,RETAIL,DE
CUST3316,Customer_2316,customer_2316@email.com,+11664879753,79.0,776.0,424749.74,VERIFIED,PREMIUM,US
CUST3317,Customer_2317,customer_2317@email.com,+18102011256,53.0,362.0,385086.31,PENDING,PREMIUM,
CUST3318,Customer_2318,customer_2318@email.com,+15688561862,64.0,801.0,394710.77,VERIFIED,PREMIUM,AU
CUST3319,Customer_2319,customer_2319@email.com,+14068498789,73.0,672.0,445526.73,FAILED,RETAIL,US
CUST3320,Customer_2320,customer_2320@email.com,,41.0,826.0,144310.4,VERIFIED,RETAIL,US
CUST3321,Customer_2321,customer_2321@email.com,+16004831521,82.0,778.0,248915.57,FAILED,SME,
CUST3322,Customer_2322,customer_2322@email.com,+16924587559,20.0,671.0,289807.5,VERIFIED,SME,FR
CUST3323,Customer_2323,customer_2323@email.com,+14549722096,84.0,420.0,355125.16,VERIFIED,RETAIL,US
CUST3324,Customer_2324,customer_2324@email.com,+19574913528,81.0,456.0,282668.07,VERIFIED,RETAIL,US
CUST3325,Customer_2325,customer_2325@email.com,+15510698987,20.0,533.0,18824.58,VERIFIED,CORPORATE,FR
CUST3326,Customer_2326,customer_2326@email.com,+15417263650,21.0,512.0,245055.92,PENDING,PREMIUM,US
CUST3327,Customer_2327,customer_2327@email.com,+16473266200,37.0,345.0,311601.01,VERIFIED,CORPORATE,UK
CUST3328,Customer_2328,customer_2328@email.com,+19377374833,71.0,517.0,278226.17,VERIFIED,SME,UK
CUST3329,Customer_2329,customer_2329@email.com,+12678503458,81.0,,2349.82,VERIFIED,RETAIL,US
CUST3330,Customer_2330,customer_2330@email.com,+12515989235,40.0,408.0,311008.59,FAILED,RETAIL,US
CUST3331,Customer_2331,customer_2331@email.com,+16316002640,28.0,603.0,331466.7,VERIFIED,CORPORATE,US
CUST3332,Customer_2332,customer_2332@email.com,+15411560164,43.0,446.0,427804.33,VERIFIED,RETAIL,US
CUST3333,Customer_2333,customer_2333@email.com,+12670744348,21.0,641.0,24765.71,VERIFIED,PREMIUM,UK
CUST3334,Customer_2334,customer_2334@email.com,+14828391139,18.0,683.0,150446.57,VERIFIED,RETAIL,UK
CUST3335,Customer_2335,customer_2335@email.com,+18477711264,56.0,460.0,47875.15,VERIFIED,PREMIUM,AU
CUST3336,Customer_2336,customer_2336@email.com,,150.0,590.0,44660.45,VERIFIED,SME,US
CUST3337,Customer_2337,customer_2337@email.com,+19444930152,43.0,,323782.69,VERIFIED,CORPORATE,DE
CUST3338,Customer_2338,customer_2338@email.com,+15608347999,84.0,475.0,48123.03,VERIFIED,SME,
CUST3339,Customer_2339,customer_2339@email.com,+16127088652,18.0,813.0,39283.08,VERIFIED,CORPORATE,US
CUST3340,Customer_2340,customer_2340@email.com,+17123418056,80.0,316.0,254005.98,FAILED,PREMIUM,US
CUST3341,Customer_2341,customer_2341@email.com,+13555577819,58.0,,326486.38,VERIFIED,CORPORATE,AU
CUST3342,Customer_2342,customer_2342@email.com,+18603773989,30.0,443.0,278101.44,PENDING,CORPORATE,US
CUST3343,Customer_2343,customer_2343@email.com,+14525496854,67.0,638.0,208423.15,VERIFIED,RETAIL,UK
CUST3344,Customer_2344,,+16095305629,30.0,755.0,112774.48,VERIFIED,RETAIL,UK
CUST3345,Customer_2345,customer_2345@email.com,+14971971612,75.0,715.0,398554.55,VERIFIED,CORPORATE,DE
CUST3346,Customer_2346,customer_2346@email.com,,34.0,559.0,4873.64,VERIFIED,SME,US
CUST3347,Customer_2347,customer_2347@email.com,+15867133960,63.0,351.0,242099.59,VERIFIED,RETAIL,UK
CUST3348,Customer_2348,,+16257247499,85.0,588.0,444635.2,VERIFIED,RETAIL,DE
CUST3349,Customer_2349,customer_2349@email.com,+11862297995,76.0,,29450.57,VERIFIED,RETAIL,US
CUST3350,Customer_2350,customer_2350@email.com,+19820132210,48.0,382.0,494331.81,PENDING,PREMIUM,FR
CUST3351,Customer_2351,customer_2351@email.com,+17030032131,38.0,328.0,57293.51,PENDING,SME,AU
CUST3352,Customer_2352,customer_2352@email.com,+19533123486,62.0,665.0,164573.73,PENDING,RETAIL,AU
CUST3353,Customer_2353,customer_2353@email.com,+14143273403,77.0,831.0,385029.01,VERIFIED,RETAIL,US
CUST3354,Customer_2354,customer_2354@email.com,+16728920871,85.0,828.0,453308.5,PENDING,,US
CUST3355,Customer_2355,customer_2355@email.com,+14071689236,,,267024.44,VERIFIED,,UK
CUST3356,Customer_2356,customer_2356@email.com,+17002117450,45.0,419.0,208850.2,FAILED,SME,US
CUST3357,Customer_2357,customer_2357@email.com,+16298434406,50.0,595.0,43751.8,VERIFIED,PREMIUM,DE
CUST3358,Customer_2358,customer_2358@email.com,+15174508435,27.0,536.0,391784.47,VERIFIED,RETAIL,AU
CUST3359,Customer_2359,customer_2359@email.com,,28.0,359.0,291513.23,VERIFIED,RETAIL,AU
CUST3360,Customer_2360,customer_2360@email.com,+19034621536,62.0,478.0,93203.27,PENDING,RETAIL,AU
CUST3361,Customer_2361,customer_2361@email.com,+15440166653,48.0,760.0,246464.69,PENDING,RETAIL,AU
CUST3362,Customer_2362,customer_2362@email.com,+13568963534,24.0,771.0,326603.74,VERIFIED,SME,FR
CUST3363,Customer_2363,customer_2363@email.com,+15179181838,67.0,624.0,245294.25,VERIFIED,RETAIL,FR
CUST3364,Customer_2364,customer_2364@email.com,+12224372554,78.0,698.0,28217.39,VERIFIED,CORPORATE,FR
CUST3365,Customer_2365,customer_2365@email.com,+18342149149,55.0,309.0,93804.6,VERIFIED,SME,US
CUST3366,Customer_2366,customer_2366@email.com,+13396391578,72.0,675.0,8341.24,VERIFIED,,US
CUST3367,Customer_2367,customer_2367@email.com,+17713656381,47.0,641.0,375546.6,FAILED,RETAIL,UK
CUST3368,Customer_2368,customer_2368@email.com,+18661164862,57.0,,14468.57,,SME,DE
CUST3369,Customer_2369,customer_2369@email.com,,79.0,354.0,210993.91,PENDING,CORPORATE,DE
CUST3370,Customer_2370,customer_2370@email.com,+13816957910,62.0,503.0,357764.02,VERIFIED,RETAIL,UK
CUST3371,Customer_2371,customer_2371@email.com,+12596271385,18.0,666.0,2886.85,VERIFIED,RETAIL,FR
CUST3372,Customer_2372,customer_2372@email.com,+11941044522,23.0,545.0,225499.68,VERIFIED,CORPORATE,US
CUST3373,Customer_2373,customer_2373@email.com,+18440097563,35.0,674.0,445786.25,VERIFIED,CORPORATE,FR
CUST3374,Customer_2374,customer_2374@email.com,+19095788213,44.0,528.0,75865.07,VERIFIED,RETAIL,DE
CUST3375,Customer_2375,customer_2375@email.com,+17770366373,70.0,331.0,168828.02,FAILED,PREMIUM,UK
CUST3376,Customer_2376,customer_2376@email.com,+16889541446,32.0,400.0,37478.06,VERIFIED,PREMIUM,DE
CUST3377,Customer_2377,customer_2377@email.com,+14827426054,54.0,639.0,306475.05,VERIFIED,RETAIL,AU
CUST3378,Customer_2378,customer_2378@email.com,+14485615355,76.0,368.0,423076.08,VERIFIED,RETAIL,FR
CUST3379,Customer_2379,customer_2379@email.com,+18122830592,51.0,485.0,330218.45,VERIFIED,PREMIUM,US
CUST3380,Customer_2380,customer_2380@email.com,+13109937821,57.0,344.0,145731.32,VERIFIED,RETAIL,UK
CUST3381,Customer_2381,customer_2381@email.com,+15342777913,49.0,752.0,285100.16,VERIFIED,RETAIL,FR
CUST3382,Customer_2382,customer_2382@email.com,+18855878183,150.0,417.0,365626.49,VERIFIED,RETAIL,US
CUST3383,Customer_2383,customer_2383@email.com,+18882449537,45.0,,292397.35,VERIFIED,PREMIUM,FR
CUST3384,Customer_2384,customer_2384@email.com,,41.0,438.0,297095.32,VERIFIED,RETAIL,US
CUST3385,Customer_2385,customer_2385@email.com,+15535710580,75.0,705.0,283206.16,VERIFIED,RETAIL,AU
CUST3386,Customer_2386,customer_2386@email.com,+14459408083,33.0,483.0,328305.18,VERIFIED,RETAIL,AU
CUST3387,Customer_2387,customer_2387@email.com,+19759939851,42.0,544.0,44671.12,PENDING,CORPORATE,US
CUST3388,Customer_2388,customer_2388@email.com,+11145709782,60.0,822.0,49598.55,PENDING,CORPORATE,US
CUST3389,Customer_2389,customer_2389@email.com,+16337978596,61.0,312.0,92714.27,VERIFIED,RETAIL,DE
CUST3390,Customer_2390,,+13861251766,74.0,385.0,195139.91,VERIFIED,RETAIL,US
CUST3391,Customer_2391,customer_2391@email.com,+18035670555,44.0,831.0,388288.71,VERIFIED,RETAIL,US
CUST3392,Customer_2392,customer_2392@email.com,+15617198765,35.0,365.0,110655.27,,PREMIUM,US
CUST3393,Customer_2393,customer_2393@email.com,+15109132946,80.0,402.0,219180.94,PENDING,RETAIL,AU
CUST3394,Customer_2394,customer_2394@email.com,+14814840235,59.0,725.0,128368.88,VERIFIED,CORPORATE,AU
CUST3395,Customer_2395,customer_2395@email.com,+15303461905,22.0,518.0,197083.18,VERIFIED,CORPORATE,UK
CUST3396,Customer_2396,customer_2396@email.com,+19556403595,58.0,839.0,258124.83,VERIFIED,RETAIL,UK
CUST3397,Customer_2397,customer_2397@email.com,+16532594057,28.0,575.0,38923.58,VERIFIED,PREMIUM,AU
CUST3398,Customer_2398,customer_2398@email.com,+14450841741,73.0,817.0,171260.92,PENDING,PREMIUM,DE
CUST3399,Customer_2399,customer_2399@email.com,+16416906211,65.0,507.0,209005.82,VERIFIED,RETAIL,FR
CUST3400,Customer_2400,customer_2400@email.com,,19.0,301.0,463046.15,FAILED,PREMIUM,UK
CUST3401,Customer_2401,customer_2401@email.com,+13435023484,34.0,815.0,331563.11,PENDING,CORPORATE,US
CUST3402,Customer_2402,customer_2402@email.com,+14005596891,74.0,829.0,126686.08,VERIFIED,CORPORATE,US
CUST3403,Customer_2403,customer_2403@email.com,,29.0,306.0,83145.05,PENDING,PREMIUM,DE
CUST3404,Customer_2404,customer_2404@email.com,+19621992376,70.0,560.0,299181.85,VERIFIED,CORPORATE,FR
CUST3405,Customer_2405,customer_2405@email.com,+18119560664,63.0,620.0,201476.89,VERIFIED,RETAIL,US
CUST3406,Customer_2406,customer_2406@email.com,+15003044050,24.0,799.0,449797.59,VERIFIED,CORPORATE,US
CUST3407,Customer_2407,customer_2407@email.com,+19368603128,45.0,723.0,344328.13,VERIFIED,PREMIUM,UK
CUST3408,Customer_2408,customer_2408@email.com,+15917170705,81.0,373.0,151066.48,PENDING,SME,US
CUST3409,Customer_2409,customer_2409@email.com,+18783509358,20.0,605.0,79036.48,VERIFIED,RETAIL,US
CUST3410,Customer_2410,,+14653251572,33.0,626.0,298975.18,VERIFIED,RETAIL,US
CUST3411,Customer_2411,customer_2411@email.com,+12439728846,31.0,360.0,50322.06,VERIFIED,RETAIL,AU
CUST3412,Customer_2412,customer_2412@email.com,+14107928450,57.0,754.0,148945.79,VERIFIED,SME,US
CUST3413,Customer_2413,customer_2413@email.com,+11162539481,60.0,589.0,410179.22,VERIFIED,PREMIUM,UK
CUST3414,Customer_2414,customer_2414@email.com,+18219357399,76.0,766.0,34937.6,VERIFIED,PREMIUM,AU
CUST3415,Customer_2415,customer_2415@email.com,+11624506627,70.0,658.0,27090.67,VERIFIED,PREMIUM,US
CUST3416,Customer_2416,customer_2416@email.com,+14845036455,18.0,761.0,95787.31,VERIFIED,RETAIL,DE
CUST3417,Customer_2417,customer_2417@email.com,+13719103092,150.0,417.0,425404.94,VERIFIED,RETAIL,AU
CUST3418,Customer_2418,customer_2418@email.com,+12810790561,37.0,704.0,168289.81,VERIFIED,RETAIL,US
CUST3419,Customer_2419,customer_2419@email.com,+11737831379,18.0,402.0,312332.32,,RETAIL,UK
CUST3420,Customer_2420,customer_2420@email.com,+17745796388,67.0,344.0,306662.88,VERIFIED,PREMIUM,US
CUST3421,Customer_2421,customer_2421@email.com,+16611104850,58.0,785.0,162078.69,,RETAIL,DE
CUST3422,Customer_2422,customer_2422@email.com,+11480829160,77.0,660.0,493326.04,VERIFIED,RETAIL,US
CUST3423,Customer_2423,customer_2423@email.com,,47.0,708.0,376231.8,VERIFIED,RETAIL,UK
CUST3424,Customer_2424,customer_2424@email.com,+13213147742,72.0,636.0,180425.22,VERIFIED,PREMIUM,US
CUST3425,Customer_2425,customer_2425@email.com,+15599238031,66.0,606.0,244118.76,VERIFIED,RETAIL,US
CUST3426,Customer_2426,customer_2426@email.com,+14133987935,46.0,817.0,101311.47,VERIFIED,RETAIL,AU
CUST3427,Customer_2427,customer_2427@email.com,+12133873311,30.0,725.0,57993.44,VERIFIED,RETAIL,UK
CUST3428,Customer_2428,customer_2428@email.com,+11820179466,75.0,737.0,438438.68,VERIFIED,CORPORATE,US
CUST3429,Customer_2429,customer_2429@email.com,+15879933978,65.0,746.0,304074.51,VERIFIED,PREMIUM,US
CUST3430,Customer_2430,customer_2430@email.com,+14771701669,60.0,457.0,185036.22,VERIFIED,RETAIL,
CUST3431,Customer_2431,customer_2431@email.com,+15521629471,42.0,437.0,204510.88,FAILED,RETAIL,FR
CUST3432,Customer_2432,customer_2432@email.com,+14101713663,150.0,441.0,424104.6,PENDING,PREMIUM,US
CUST3433,Customer_2433,customer_2433@email.com,+16431730146,48.0,,45371.21,VERIFIED,RETAIL,FR
CUST3434,Customer_2434,customer_2434@email.com,+19126259017,43.0,364.0,17146.66,PENDING,CORPORATE,AU
CUST3435,Customer_2435,customer_2435@email.com,+19755628218,78.0,729.0,249974.98,PENDING,SME,US
CUST3436,Customer_2436,customer_2436@email.com,+13990227646,24.0,661.0,131491.93,VERIFIED,SME,DE
CUST3437,Customer_2437,customer_2437@email.com,+11295085363,66.0,748.0,338455.08,VERIFIED,CORPORATE,DE
CUST3438,Customer_2438,customer_2438@email.com,+19143684038,80.0,828.0,389352.69,FAILED,RETAIL,FR
CUST3439,Customer_2439,customer_2439@email.com,+16357969877,-5.0,717.0,71459.55,VERIFIED,CORPORATE,DE
CUST3440,Customer_2440,customer_2440@email.com,+17801971555,69.0,498.0,457866.36,VERIFIED,PREMIUM,DE
CUST3441,Customer_2441,customer_2441@email.com,+14243163327,33.0,824.0,265952.11,FAILED,PREMIUM,UK
CUST3442,Customer_2442,customer_2442@email.com,+14034977787,46.0,745.0,139445.24,VERIFIED,CORPORATE,AU
CUST3443,Customer_2443,customer_2443@email.com,+15147604828,67.0,577.0,403696.0,VERIFIED,PREMIUM,US
CUST3444,Customer_2444,customer_2444@email.com,+12575751044,84.0,470.0,206921.03,VERIFIED,RETAIL,US
CUST3445,Customer_2445,customer_2445@email.com,+19025524557,81.0,544.0,279428.34,PENDING,RETAIL,US
CUST3446,Customer_2446,customer_2446@email.com,+18126694684,76.0,730.0,249504.37,VERIFIED,RETAIL,US
CUST3447,Customer_2447,customer_2447@email.com,+15856222452,,850.0,439984.73,VERIFIED,CORPORATE,US
CUST3448,Customer_2448,customer_2448@email.com,+16937777989,,568.0,251436.66,VERIFIED,RETAIL,AU
CUST3449,Customer_2449,customer_2449@email.com,+19689921906,19.0,394.0,295574.72,VERIFIED,RETAIL,US
CUST3450,Customer_2450,customer_2450@email.com,+11975620226,27.0,644.0,476289.4,VERIFIED,RETAIL,DE
CUST3451,Customer_2451,customer_2451@email.com,+15145676868,74.0,764.0,425900.3,VERIFIED,CORPORATE,UK
CUST3452,Customer_2452,customer_2452@email.com,+14466610708,67.0,592.0,158717.71,VERIFIED,RETAIL,AU
CUST3453,Customer_2453,customer_2453@email.com,+11829906451,22.0,788.0,345842.08,VERIFIED,RETAIL,UK
CUST3454,Customer_2454,customer_2454@email.com,+16839362918,54.0,527.0,436315.89,VERIFIED,,US
CUST3455,Customer_2455,customer_2455@email.com,,78.0,634.0,306097.59,FAILED,RETAIL,US
CUST3456,Customer_2456,customer_2456@email.com,+13621534106,20.0,653.0,302181.57,VERIFIED,RETAIL,US
CUST3457,Customer_2457,customer_2457@email.com,+14296498676,61.0,467.0,303405.93,VERIFIED,CORPORATE,AU
CUST3458,Customer_2458,customer_2458@email.com,+17250758990,83.0,479.0,458232.26,FAILED,RETAIL,AU
CUST3459,Customer_2459,customer_2459@email.com,+19280499272,75.0,369.0,378248.03,,RETAIL,DE
CUST3460,Customer_2460,customer_2460@email.com,+17742037593,24.0,634.0,217002.19,VERIFIED,CORPORATE,DE
CUST3461,Customer_2461,customer_2461@email.com,+14157725270,56.0,433.0,34876.31,VERIFIED,RETAIL,UK
CUST3462,Customer_2462,customer_2462@email.com,+11926765419,72.0,441.0,212735.51,FAILED,RETAIL,UK
CUST3463,Customer_2463,customer_2463@email.com,+15314377855,82.0,666.0,269629.4,VERIFIED,RETAIL,DE
CUST3464,Customer_2464,customer_2464@email.com,+16130582814,60.0,679.0,360827.2,,RETAIL,UK
CUST3465,Customer_2465,customer_2465@email.com,+18609771390,28.0,606.0,402892.77,VERIFIED,RETAIL,
CUST3466,Customer_2466,customer_2466@email.com,+16760262460,71.0,578.0,73641.63,VERIFIED,RETAIL,FR
CUST3467,Customer_2467,customer_2467@email.com,+16014464272,63.0,502.0,458649.8,VERIFIED,,
CUST3468,Customer_2468,customer_2468@email.com,+13731148866,20.0,457.0,302123.3,PENDING,RETAIL,US
CUST3469,Customer_2469,customer_2469@email.com,+15010959555,41.0,740.0,77287.16,VERIFIED,RETAIL,US
CUST3470,Customer_2470,customer_2470@email.com,+13049997094,44.0,323.0,470270.44,VERIFIED,CORPORATE,DE
CUST3471,Customer_2471,customer_2471@email.com,+17507122684,27.0,411.0,184799.89,VERIFIED,RETAIL,US
CUST3472,Customer_2472,customer_2472@email.com,,68.0,578.0,38538.85,VERIFIED,RETAIL,AU
CUST3473,Customer_2473,customer_2473@email.com,+13274029531,33.0,550.0,339257.7,VERIFIED,RETAIL,US
CUST3474,Customer_2474,customer_2474@email.com,+19809298150,66.0,650.0,224656.1,VERIFIED,SME,DE
CUST3475,Customer_2475,customer_2475@email.com,+14088771424,24.0,825.0,413189.77,VERIFIED,RETAIL,US
CUST3476,Customer_2476,customer_2476@email.com,+14048151170,36.0,708.0,387260.43,VERIFIED,RETAIL,UK
CUST3477,Customer_2477,customer_2477@email.com,+16823815666,83.0,671.0,19861.85,VERIFIED,SME,UK
CUST3478,Customer_2478,customer_2478@email.com,+15033931885,79.0,723.0,166728.79,VERIFIED,RETAIL,UK
CUST3479,Customer_2479,customer_2479@email.com,+19655370078,65.0,300.0,420223.8,VERIFIED,RETAIL,FR
CUST3480,Customer_2480,customer_2480@email.com,+18885234965,55.0,557.0,52134.65,VERIFIED,RETAIL,US
CUST3481,Customer_2481,customer_2481@email.com,+18048329829,70.0,457.0,87868.64,VERIFIED,RETAIL,AU
CUST3482,Customer_2482,customer_2482@email.com,+17495025789,67.0,683.0,410751.07,VERIFIED,RETAIL,AU
CUST3483,Customer_2483,customer_2483@email.com,+19943818109,42.0,341.0,302049.29,VERIFIED,RETAIL,DE
CUST3484,Customer_2484,customer_2484@email.com,+13629900544,54.0,814.0,62920.0,VERIFIED,SME,FR
CUST3485,Customer_2485,customer_2485@email.com,+18615650407,-5.0,827.0,79274.15,VERIFIED,RETAIL,DE
CUST3486,Customer_2486,customer_2486@email.com,+17867695065,52.0,323.0,410391.7,VERIFIED,SME,DE
CUST3487,Customer_2487,,,58.0,312.0,211238.48,VERIFIED,PREMIUM,DE
CUST3488,Customer_2488,customer_2488@email.com,+17203280934,76.0,399.0,202089.7,VERIFIED,RETAIL,AU
CUST3489,Customer_2489,customer_2489@email.com,+17198907346,29.0,445.0,421941.42,VERIFIED,SME,
CUST3490,Customer_2490,customer_2490@email.com,+11482238632,18.0,645.0,387389.84,VERIFIED,PREMIUM,FR
CUST3491,Customer_2491,customer_2491@email.com,+11150516888,49.0,439.0,226746.72,VERIFIED,,US
CUST3492,Customer_2492,customer_2492@email.com,+15793238958,53.0,608.0,345831.4,VERIFIED,CORPORATE,US
CUST3493,Customer_2493,customer_2493@email.com,+11038825367,36.0,449.0,166746.18,VERIFIED,RETAIL,DE
CUST3494,Customer_2494,customer_2494@email.com,+17275894907,52.0,484.0,101676.16,VERIFIED,RETAIL,US
CUST3495,Customer_2495,customer_2495@email.com,+18999952516,64.0,693.0,426215.99,PENDING,RETAIL,US
CUST3496,Customer_2496,customer_2496@email.com,+13526327239,69.0,597.0,103307.22,VERIFIED,RETAIL,AU
CUST3497,Customer_2497,customer_2497@email.com,,63.0,411.0,178586.83,VERIFIED,PREMIUM,UK
CUST3498,Customer_2498,customer_2498@email.com,+12986111735,53.0,,42.04,VERIFIED,CORPORATE,UK
CUST3499,Customer_2499,customer_2499@email.com,+18586859003,82.0,329.0,118399.62,VERIFIED,SME,US
CUST3500,Customer_2500,customer_2500@email.com,+19092669608,18.0,420.0,378528.79,PENDING,RETAIL,UK
CUST3501,Customer_2501,customer_2501@email.com,+15801990294,43.0,662.0,281862.87,PENDING,RETAIL,AU
CUST3502,Customer_2502,customer_2502@email.com,,66.0,836.0,143728.26,VERIFIED,RETAIL,DE
CUST3503,Customer_2503,customer_2503@email.com,+16610263947,48.0,710.0,453954.64,VERIFIED,RETAIL,US
CUST3504,Customer_2504,customer_2504@email.com,+14322640512,65.0,,248736.13,VERIFIED,RETAIL,UK
CUST3505,Customer_2505,customer_2505@email.com,+15312010779,78.0,512.0,422067.64,FAILED,RETAIL,US
CUST3506,Customer_2506,customer_2506@email.com,+11466238808,67.0,603.0,359622.92,VERIFIED,SME,UK
CUST3507,Customer_2507,customer_2507@email.com,+18299543446,68.0,639.0,347753.5,FAILED,,UK
CUST3508,Customer_2508,customer_2508@email.com,+17806207159,35.0,611.0,124085.43,VERIFIED,SME,FR
CUST3509,Customer_2509,customer_2509@email.com,+19235210598,70.0,332.0,122222.7,VERIFIED,PREMIUM,US
CUST3510,Customer_2510,customer_2510@email.com,+13117373551,-5.0,498.0,391931.45,VERIFIED,CORPORATE,DE
CUST3511,Customer_2511,customer_2511@email.com,+16023869915,68.0,,136230.65,FAILED,RETAIL,FR
CUST3512,Customer_2512,customer_2512@email.com,+12216845272,24.0,622.0,297023.26,VERIFIED,PREMIUM,US
CUST3513,Customer_2513,customer_2513@email.com,+15972368327,57.0,444.0,54157.01,PENDING,PREMIUM,US
CUST3514,Customer_2514,customer_2514@email.com,,41.0,465.0,295929.21,VERIFIED,RETAIL,FR
CUST3515,Customer_2515,customer_2515@email.com,+15312217646,75.0,746.0,214896.85,VERIFIED,RETAIL,FR
CUST3516,Customer_2516,customer_2516@email.com,+13938726258,36.0,569.0,142207.18,VERIFIED,SME,US
CUST3517,Customer_2517,customer_2517@email.com,+18727130874,44.0,765.0,247196.26,PENDING,RETAIL,FR
CUST3518,Customer_2518,customer_2518@email.com,+18628114577,68.0,,494497.25,VERIFIED,CORPORATE,US
CUST3519,Customer_2519,customer_2519@email.com,+11863519800,60.0,500.0,293778.68,VERIFIED,RETAIL,US
CUST3520,Customer_2520,customer_2520@email.com,+17633174129,69.0,807.0,171123.03,VERIFIED,PREMIUM,US
CUST3521,Customer_2521,customer_2521@email.com,+14353890843,37.0,782.0,72131.84,VERIFIED,CORPORATE,DE
CUST3522,Customer_2522,customer_2522@email.com,+18810761289,33.0,477.0,306509.54,VERIFIED,SME,AU
CUST3523,Customer_2523,customer_2523@email.com,+14927161951,85.0,363.0,109978.25,VERIFIED,SME,US
CUST3524,Customer_2524,customer_2524@email.com,+18246076468,72.0,760.0,248800.76,VERIFIED,CORPORATE,US
CUST3525,Customer_2525,customer_2525@email.com,+16068432187,32.0,679.0,192682.66,VERIFIED,RETAIL,UK
CUST3526,Customer_2526,customer_2526@email.com,+12127400336,65.0,492.0,194846.74,VERIFIED,RETAIL,AU
CUST3527,Customer_2527,customer_2527@email.com,+17744142323,81.0,676.0,149090.72,VERIFIED,SME,FR
CUST3528,Customer_2528,customer_2528@email.com,+11770682584,54.0,385.0,384148.74,VERIFIED,RETAIL,UK
CUST3529,Customer_2529,customer_2529@email.com,+11383553559,31.0,312.0,202083.92,VERIFIED,SME,US
CUST3530,Customer_2530,customer_2530@email.com,+13422791616,51.0,624.0,145849.92,VERIFIED,CORPORATE,FR
CUST3531,Customer_2531,customer_2531@email.com,+18930647987,44.0,499.0,155391.44,PENDING,PREMIUM,UK
CUST3532,Customer_2532,customer_2532@email.com,+16155308273,83.0,720.0,233749.14,VERIFIED,CORPORATE,DE
CUST3533,Customer_2533,customer_2533@email.com,+12051383035,48.0,454.0,132374.13,PENDING,,UK
CUST3534,Customer_2534,customer_2534@email.com,+15369971811,33.0,797.0,73438.41,VERIFIED,RETAIL,US
CUST3535,Customer_2535,customer_2535@email.com,+13236095462,19.0,613.0,186741.83,VERIFIED,RETAIL,US
CUST3536,Customer_2536,customer_2536@email.com,+17132547834,150.0,539.0,216641.41,FAILED,CORPORATE,DE
CUST3537,Customer_2537,customer_2537@email.com,,85.0,432.0,289986.1,VERIFIED,PREMIUM,US
CUST3538,Customer_2538,customer_2538@email.com,+19978841060,64.0,707.0,329267.7,VERIFIED,CORPORATE,US
CUST3539,Customer_2539,customer_2539@email.com,+12825451866,84.0,687.0,460298.46,FAILED,SME,US
CUST3540,Customer_2540,customer_2540@email.com,+17495720421,47.0,,487082.55,VERIFIED,RETAIL,US
CUST3541,Customer_2541,customer_2541@email.com,+17482484946,41.0,355.0,86959.06,VERIFIED,PREMIUM,US
CUST3542,Customer_2542,customer_2542@email.com,+12721741856,19.0,304.0,271316.41,VERIFIED,RETAIL,DE
CUST3543,Customer_2543,customer_2543@email.com,+19983813845,22.0,787.0,459108.2,VERIFIED,CORPORATE,UK
CUST3544,Customer_2544,customer_2544@email.com,+19809596684,18.0,476.0,1888.77,PENDING,RETAIL,UK
CUST3545,Customer_2545,customer_2545@email.com,+12308371285,58.0,693.0,446092.38,VERIFIED,CORPORATE,US
CUST3546,Customer_2546,customer_2546@email.com,+15425089214,84.0,454.0,464187.24,VERIFIED,CORPORATE,US
CUST3547,Customer_2547,customer_2547@email.com,+11413030082,53.0,669.0,136074.81,VERIFIED,RETAIL,FR
CUST3548,Customer_2548,customer_2548@email.com,+17702127852,28.0,706.0,98124.34,VERIFIED,PREMIUM,US
CUST3549,Customer_2549,customer_2549@email.com,+11934691835,34.0,601.0,81256.25,VERIFIED,RETAIL,US
CUST3550,Customer_2550,customer_2550@email.com,+17264241966,66.0,442.0,394473.75,VERIFIED,RETAIL,AU
CUST3551,Customer_2551,customer_2551@email.com,+11218586619,150.0,461.0,90453.82,PENDING,PREMIUM,US
CUST3552,Customer_2552,customer_2552@email.com,+16909934221,64.0,831.0,124621.22,VERIFIED,RETAIL,AU
CUST3553,Customer_2553,customer_2553@email.com,+16039040211,72.0,353.0,484823.78,PENDING,PREMIUM,US
CUST3554,Customer_2554,customer_2554@email.com,+11337404581,39.0,801.0,388587.1,PENDING,RETAIL,US
CUST3555,Customer_2555,customer_2555@email.com,+17178836954,53.0,760.0,77869.43,VERIFIED,RETAIL,US
CUST3556,Customer_2556,customer_2556@email.com,,50.0,694.0,143761.99,VERIFIED,RETAIL,AU
CUST3557,Customer_2557,customer_2557@email.com,+17952633000,73.0,387.0,196877.57,,RETAIL,AU
CUST3558,Customer_2558,customer_2558@email.com,+19978216686,26.0,610.0,305646.56,VERIFIED,PREMIUM,FR
CUST3559,Customer_2559,customer_2559@email.com,+18174015098,69.0,722.0,271004.79,VERIFIED,PREMIUM,
CUST3560,Customer_2560,customer_2560@email.com,+17317349657,64.0,,470823.41,VERIFIED,CORPORATE,UK
CUST3561,Customer_2561,customer_2561@email.com,+18599924888,79.0,372.0,440036.29,VERIFIED,RETAIL,AU
CUST3562,Customer_2562,customer_2562@email.com,+12218872210,84.0,558.0,81292.22,VERIFIED,RETAIL,US
CUST3563,Customer_2563,customer_2563@email.com,+16134539705,80.0,638.0,115567.43,VERIFIED,RETAIL,UK
CUST3564,Customer_2564,customer_2564@email.com,+13300038249,76.0,661.0,471568.01,VERIFIED,PREMIUM,UK
CUST3565,Customer_2565,customer_2565@email.com,+11848655342,35.0,315.0,142496.29,VERIFIED,RETAIL,AU
CUST3566,Customer_2566,customer_2566@email.com,+18977147810,70.0,830.0,209684.09,VERIFIED,CORPORATE,US
CUST3567,Customer_2567,customer_2567@email.com,+11586219432,39.0,411.0,211942.89,VERIFIED,RETAIL,UK
CUST3568,Customer_2568,customer_2568@email.com,+19199831070,33.0,345.0,312395.03,VERIFIED,RETAIL,UK
CUST3569,Customer_2569,customer_2569@email.com,+17818265853,77.0,666.0,12148.44,PENDING,CORPORATE,US
CUST3570,Customer_2570,customer_2570@email.com,+18782963779,56.0,451.0,373143.46,VERIFIED,SME,DE
CUST3571,Customer_2571,customer_2571@email.com,+14923673123,58.0,778.0,292734.47,PENDING,RETAIL,AU
CUST3572,Customer_2572,customer_2572@email.com,+11004788444,54.0,583.0,347480.68,VERIFIED,CORPORATE,US
CUST3573,Customer_2573,customer_2573@email.com,+17228305224,72.0,587.0,150993.14,VERIFIED,RETAIL,US
CUST3574,Customer_2574,customer_2574@email.com,,42.0,780.0,151753.88,PENDING,RETAIL,DE
CUST3575,Customer_2575,customer_2575@email.com,+11488349542,56.0,364.0,111484.71,FAILED,PREMIUM,AU
CUST3576,Customer_2576,customer_2576@email.com,+14089187803,,395.0,38424.49,PENDING,RETAIL,US
CUST3577,Customer_2577,customer_2577@email.com,+11584618304,30.0,633.0,386951.99,VERIFIED,PREMIUM,US
CUST3578,Customer_2578,customer_2578@email.com,+17227697550,72.0,767.0,367907.84,VERIFIED,CORPORATE,AU
CUST3579,Customer_2579,customer_2579@email.com,+16265542652,71.0,311.0,67377.28,PENDING,PREMIUM,US
CUST3580,Customer_2580,customer_2580@email.com,+14577884284,85.0,834.0,366294.85,VERIFIED,SME,AU
CUST3581,Customer_2581,customer_2581@email.com,+18148662821,62.0,354.0,5156.77,FAILED,RETAIL,DE
CUST3582,Customer_2582,customer_2582@email.com,+18450691077,73.0,531.0,376350.72,VERIFIED,RETAIL,US
CUST3583,Customer_2583,customer_2583@email.com,+16627369873,37.0,549.0,460168.44,VERIFIED,CORPORATE,US
CUST3584,Customer_2584,customer_2584@email.com,+16331712083,40.0,737.0,356851.41,PENDING,PREMIUM,FR
CUST3585,Customer_2585,customer_2585@email.com,+15205592933,71.0,364.0,89017.59,VERIFIED,RETAIL,US
CUST3586,Customer_2586,customer_2586@email.com,+12378118163,56.0,821.0,58133.66,VERIFIED,RETAIL,DE
CUST3587,Customer_2587,customer_2587@email.com,+17520343002,74.0,454.0,20048.25,VERIFIED,PREMIUM,AU
CUST3588,Customer_2588,customer_2588@email.com,+16632938516,33.0,442.0,373500.01,FAILED,PREMIUM,AU
CUST3589,Customer_2589,customer_2589@email.com,+12930035308,43.0,775.0,252233.25,VERIFIED,PREMIUM,UK
CUST3590,Customer_2590,customer_2590@email.com,+12236943212,34.0,834.0,218217.74,VERIFIED,RETAIL,AU
CUST3591,Customer_2591,,+14881512917,47.0,656.0,200746.94,PENDING,CORPORATE,AU
CUST3592,Customer_2592,customer_2592@email.com,+15249129988,44.0,339.0,493447.35,VERIFIED,CORPORATE,US
CUST3593,Customer_2593,customer_2593@email.com,+17056598757,52.0,579.0,281403.74,PENDING,CORPORATE,DE
CUST3594,Customer_2594,customer_2594@email.com,+11422747279,37.0,531.0,191194.59,PENDING,CORPORATE,US
CUST3595,Customer_2595,customer_2595@email.com,+12812715680,39.0,380.0,190945.25,VERIFIED,,AU
CUST3596,Customer_2596,,+14865557483,77.0,313.0,423927.12,VERIFIED,RETAIL,UK
CUST3597,Customer_2597,customer_2597@email.com,+16935470225,35.0,717.0,85257.31,VERIFIED,RETAIL,DE
CUST3598,Customer_2598,customer_2598@email.com,+18413265802,56.0,433.0,416629.44,,CORPORATE,US
CUST3599,Customer_2599,customer_2599@email.com,+17746287814,50.0,365.0,232794.13,VERIFIED,CORPORATE,FR
CUST3600,Customer_2600,customer_2600@email.com,+19152074673,37.0,512.0,272474.8,VERIFIED,CORPORATE,FR
CUST3601,Customer_2601,customer_2601@email.com,+11631110554,61.0,594.0,451315.09,VERIFIED,RETAIL,US
CUST3602,Customer_2602,customer_2602@email.com,+11983609198,41.0,785.0,394134.1,VERIFIED,SME,US
CUST3603,Customer_2603,customer_2603@email.com,+12435381487,32.0,548.0,429588.7,VERIFIED,CORPORATE,
CUST3604,Customer_2604,customer_2604@email.com,+13707924205,55.0,316.0,73043.19,VERIFIED,SME,UK
CUST3605,Customer_2605,customer_2605@email.com,+13854918156,33.0,774.0,38777.47,VERIFIED,RETAIL,US
CUST3606,Customer_2606,customer_2606@email.com,+11870168339,64.0,803.0,342800.99,VERIFIED,SME,DE
CUST3607,Customer_2607,customer_2607@email.com,+11087127533,43.0,671.0,14750.43,VERIFIED,CORPORATE,AU
CUST3608,Customer_2608,customer_2608@email.com,+19223972882,41.0,,388140.8,VERIFIED,PREMIUM,FR
CUST3609,Customer_2609,customer_2609@email.com,,76.0,585.0,211309.68,FAILED,RETAIL,DE
CUST3610,Customer_2610,customer_2610@email.com,+15539264414,55.0,667.0,219471.54,VERIFIED,PREMIUM,US
CUST3611,Customer_2611,customer_2611@email.com,+16303888413,52.0,451.0,173983.12,VERIFIED,CORPORATE,DE
CUST3612,Customer_2612,,+18295624130,85.0,516.0,260373.45,VERIFIED,CORPORATE,AU
CUST3613,Customer_2613,customer_2613@email.com,+18665414100,62.0,679.0,189582.93,VERIFIED,CORPORATE,DE
CUST3614,Customer_2614,customer_2614@email.com,+17367053243,51.0,596.0,436300.27,VERIFIED,SME,AU
CUST3615,Customer_2615,customer_2615@email.com,+19132888486,45.0,800.0,446664.41,PENDING,PREMIUM,AU
CUST3616,Customer_2616,customer_2616@email.com,+14689725283,35.0,487.0,304014.9,VERIFIED,RETAIL,US
CUST3617,Customer_2617,customer_2617@email.com,+18620735349,41.0,526.0,454806.27,FAILED,SME,US
CUST3618,Customer_2618,customer_2618@email.com,+16864912859,52.0,538.0,322525.71,VERIFIED,CORPORATE,
CUST3619,Customer_2619,,+16599127537,44.0,806.0,298739.81,PENDING,RETAIL,AU
CUST3620,Customer_2620,customer_2620@email.com,,150.0,525.0,489036.74,VERIFIED,RETAIL,DE
CUST3621,Customer_2621,customer_2621@email.com,+12708714572,42.0,632.0,481425.06,VERIFIED,RETAIL,UK
CUST3622,Customer_2622,customer_2622@email.com,+16217260541,56.0,722.0,260186.56,,RETAIL,
CUST3623,Customer_2623,customer_2623@email.com,+14917736760,48.0,815.0,404956.43,FAILED,PREMIUM,US
CUST3624,Customer_2624,customer_2624@email.com,+17364437138,30.0,675.0,369064.1,VERIFIED,PREMIUM,FR
CUST3625,Customer_2625,customer_2625@email.com,,55.0,485.0,315580.23,VERIFIED,SME,DE
CUST3626,Customer_2626,customer_2626@email.com,+13981993791,50.0,516.0,103427.91,VERIFIED,RETAIL,UK
CUST3627,Customer_2627,customer_2627@email.com,+15743696891,74.0,801.0,9422.3,PENDING,PREMIUM,AU
CUST3628,Customer_2628,customer_2628@email.com,+14684221809,,342.0,264020.59,FAILED,PREMIUM,DE
CUST3629,Customer_2629,customer_2629@email.com,+18841521742,-5.0,769.0,468359.97,VERIFIED,CORPORATE,US
CUST3630,Customer_2630,customer_2630@email.com,+14691463536,69.0,648.0,234544.31,VERIFIED,PREMIUM,FR
CUST3631,Customer_2631,customer_2631@email.com,+15765929200,26.0,323.0,372845.94,VERIFIED,RETAIL,FR
CUST3632,Customer_2632,customer_2632@email.com,+11992922633,47.0,498.0,210619.16,VERIFIED,SME,FR
CUST3633,Customer_2633,customer_2633@email.com,+12637889053,150.0,319.0,254426.95,PENDING,PREMIUM,FR
CUST3634,Customer_2634,customer_2634@email.com,+11594412062,63.0,780.0,194556.87,VERIFIED,PREMIUM,DE
CUST3635,Customer_2635,customer_2635@email.com,+15343708875,48.0,504.0,36035.68,VERIFIED,RETAIL,AU
CUST3636,Customer_2636,customer_2636@email.com,+12742988317,47.0,736.0,207949.44,VERIFIED,SME,UK
CUST3637,Customer_2637,customer_2637@email.com,+19348522438,80.0,750.0,320734.21,PENDING,SME,UK
CUST3638,Customer_2638,customer_2638@email.com,+12803919438,47.0,809.0,433038.95,PENDING,PREMIUM,US
CUST3639,Customer_2639,customer_2639@email.com,+11988660381,49.0,838.0,132761.11,VERIFIED,RETAIL,AU
CUST3640,Customer_2640,customer_2640@email.com,+12759731297,42.0,665.0,130306.35,VERIFIED,CORPORATE,DE
CUST3641,Customer_2641,customer_2641@email.com,+17364107529,29.0,309.0,415454.59,VERIFIED,RETAIL,US
CUST3642,Customer_2642,customer_2642@email.com,+13637525691,56.0,589.0,270165.38,VERIFIED,RETAIL,AU
CUST3643,Customer_2643,customer_2643@email.com,+18706966229,27.0,,310808.4,VERIFIED,CORPORATE,FR
CUST3644,Customer_2644,customer_2644@email.com,,39.0,369.0,274174.46,VERIFIED,CORPORATE,DE
CUST3645,Customer_2645,customer_2645@email.com,+15813700388,59.0,356.0,25309.36,VERIFIED,RETAIL,US
CUST3646,Customer_2646,customer_2646@email.com,+19837988441,24.0,411.0,237811.45,VERIFIED,RETAIL,UK
CUST3647,Customer_2647,customer_2647@email.com,+19440445600,42.0,768.0,428409.29,VERIFIED,PREMIUM,US
CUST3648,Customer_2648,customer_2648@email.com,+19205884173,54.0,327.0,182381.31,,CORPORATE,US
CUST3649,Customer_2649,customer_2649@email.com,+12602211531,62.0,553.0,80855.04,PENDING,SME,DE
CUST3650,Customer_2650,customer_2650@email.com,+19586893846,83.0,481.0,169197.56,VERIFIED,PREMIUM,AU
CUST3651,Customer_2651,customer_2651@email.com,+19969323960,26.0,352.0,235215.61,VERIFIED,CORPORATE,US
CUST3652,Customer_2652,customer_2652@email.com,+11188428622,33.0,717.0,347944.54,VERIFIED,SME,DE
CUST3653,Customer_2653,customer_2653@email.com,+16391811837,50.0,320.0,436752.45,PENDING,RETAIL,FR
CUST3654,Customer_2654,customer_2654@email.com,+14007750277,64.0,639.0,339830.36,VERIFIED,RETAIL,US
CUST3655,Customer_2655,customer_2655@email.com,+18811447591,40.0,338.0,198959.43,VERIFIED,RETAIL,UK
CUST3656,Customer_2656,customer_2656@email.com,+19851917393,73.0,596.0,432324.91,VERIFIED,CORPORATE,DE
CUST3657,Customer_2657,customer_2657@email.com,+11512522321,56.0,799.0,143459.33,VERIFIED,SME,UK
CUST3658,Customer_2658,customer_2658@email.com,+18940490028,79.0,303.0,457382.11,PENDING,RETAIL,DE
CUST3659,Customer_2659,customer_2659@email.com,+11392687287,,652.0,171340.29,VERIFIED,RETAIL,DE
CUST3660,Customer_2660,customer_2660@email.com,+18857673013,81.0,481.0,366076.52,VERIFIED,CORPORATE,AU
CUST3661,Customer_2661,customer_2661@email.com,+11805400726,,349.0,183746.41,VERIFIED,CORPORATE,DE
CUST3662,Customer_2662,customer_2662@email.com,+13642624843,41.0,470.0,236193.73,VERIFIED,RETAIL,AU
CUST3663,Customer_2663,customer_2663@email.com,+13252680193,73.0,608.0,183158.2,VERIFIED,RETAIL,US
CUST3664,Customer_2664,customer_2664@email.com,+17857044858,58.0,707.0,476141.97,VERIFIED,CORPORATE,UK
CUST3665,Customer_2665,customer_2665@email.com,+16454024895,38.0,710.0,12407.98,PENDING,RETAIL,US
CUST3666,Customer_2666,customer_2666@email.com,+13188877018,73.0,464.0,200731.83,VERIFIED,PREMIUM,US
CUST3667,Customer_2667,customer_2667@email.com,+16262035234,46.0,788.0,443359.66,VERIFIED,RETAIL,AU
CUST3668,Customer_2668,customer_2668@email.com,+13842042872,33.0,831.0,155725.61,FAILED,RETAIL,US
CUST3669,Customer_2669,customer_2669@email.com,+19501416205,41.0,616.0,461982.93,VERIFIED,PREMIUM,US
CUST3670,Customer_2670,customer_2670@email.com,+18520277262,61.0,,155475.4,VERIFIED,RETAIL,FR
CUST3671,Customer_2671,customer_2671@email.com,+12628581109,79.0,355.0,386250.62,VERIFIED,PREMIUM,US
CUST3672,Customer_2672,customer_2672@email.com,+13405454097,75.0,391.0,479341.35,VERIFIED,RETAIL,US
CUST3673,Customer_2673,customer_2673@email.com,+19494382653,41.0,589.0,126785.0,FAILED,RETAIL,US
CUST3674,Customer_2674,customer_2674@email.com,+17090107563,29.0,644.0,255037.99,VERIFIED,CORPORATE,US
CUST3675,Customer_2675,customer_2675@email.com,+12407353255,19.0,330.0,191736.03,VERIFIED,SME,DE
CUST3676,Customer_2676,customer_2676@email.com,+14261700833,64.0,409.0,430024.58,PENDING,PREMIUM,US
CUST3677,Customer_2677,customer_2677@email.com,+15813757945,49.0,716.0,41609.09,VERIFIED,PREMIUM,UK
CUST3678,Customer_2678,customer_2678@email.com,+19938033307,32.0,449.0,28705.33,FAILED,PREMIUM,UK
CUST3679,Customer_2679,customer_2679@email.com,,59.0,369.0,288897.47,FAILED,,US
CUST3680,Customer_2680,customer_2680@email.com,+18378540288,76.0,359.0,382127.64,VERIFIED,,US
CUST3681,Customer_2681,,+17998109780,73.0,729.0,365067.67,PENDING,RETAIL,US
CUST3682,Customer_2682,customer_2682@email.com,+17198104985,44.0,388.0,149354.1,VERIFIED,CORPORATE,US
CUST3683,Customer_2683,customer_2683@email.com,+17528860925,84.0,763.0,412773.39,PENDING,PREMIUM,UK
CUST3684,Customer_2684,customer_2684@email.com,+19565665193,19.0,416.0,100014.16,FAILED,RETAIL,US
CUST3685,Customer_2685,customer_2685@email.com,+13802959820,73.0,552.0,416624.94,VERIFIED,,UK
CUST3686,Customer_2686,customer_2686@email.com,+17239260474,43.0,396.0,126990.19,VERIFIED,RETAIL,DE
CUST3687,Customer_2687,customer_2687@email.com,+11096774082,61.0,633.0,230746.83,PENDING,CORPORATE,UK
CUST3688,Customer_2688,customer_2688@email.com,+14946830462,33.0,715.0,433944.52,VERIFIED,CORPORATE,US
CUST3689,Customer_2689,customer_2689@email.com,+11362941992,43.0,616.0,159671.39,PENDING,RETAIL,DE
CUST3690,Customer_2690,customer_2690@email.com,+19303561556,26.0,473.0,457209.58,PENDING,PREMIUM,AU
CUST3691,Customer_2691,customer_2691@email.com,+12545541596,39.0,764.0,191734.75,VERIFIED,RETAIL,UK
CUST3692,Customer_2692,customer_2692@email.com,+14186819689,59.0,730.0,451011.21,PENDING,RETAIL,UK
CUST3693,Customer_2693,customer_2693@email.com,+19770189297,35.0,429.0,137610.06,VERIFIED,SME,UK
CUST3694,Customer_2694,customer_2694@email.com,+16960341822,38.0,497.0,29020.35,VERIFIED,PREMIUM,UK
CUST3695,Customer_2695,customer_2695@email.com,+18126255475,75.0,728.0,461677.47,VERIFIED,RETAIL,US
CUST3696,Customer_2696,customer_2696@email.com,+19096853268,60.0,429.0,273288.04,VERIFIED,RETAIL,US
CUST3697,Customer_2697,customer_2697@email.com,+16509543782,51.0,424.0,271377.08,VERIFIED,RETAIL,US
CUST3698,Customer_2698,customer_2698@email.com,+12463395137,58.0,610.0,312012.67,VERIFIED,RETAIL,US
CUST3699,Customer_2699,customer_2699@email.com,+13766764554,85.0,433.0,24682.36,VERIFIED,CORPORATE,US
CUST3700,Customer_2700,customer_2700@email.com,+11530659717,36.0,522.0,261921.16,VERIFIED,SME,US
CUST3701,Customer_2701,customer_2701@email.com,+13186170386,81.0,399.0,176956.21,VERIFIED,SME,UK
CUST3702,Customer_2702,customer_2702@email.com,,39.0,678.0,89773.57,VERIFIED,RETAIL,AU
CUST3703,Customer_2703,customer_2703@email.com,+12279192567,65.0,596.0,361535.95,VERIFIED,RETAIL,US
CUST3704,Customer_2704,customer_2704@email.com,+11565305737,81.0,746.0,1877.98,VERIFIED,CORPORATE,US
CUST3705,Customer_2705,customer_2705@email.com,+19024553480,72.0,782.0,328960.59,VERIFIED,PREMIUM,AU
CUST3706,Customer_2706,customer_2706@email.com,+17403688753,62.0,424.0,17848.21,VERIFIED,RETAIL,AU
CUST3707,Customer_2707,customer_2707@email.com,+16535743705,19.0,300.0,318755.19,VERIFIED,RETAIL,US
CUST3708,Customer_2708,customer_2708@email.com,+19981931866,49.0,473.0,41736.91,VERIFIED,PREMIUM,US
CUST3709,Customer_2709,customer_2709@email.com,+13048431409,78.0,460.0,337615.95,VERIFIED,RETAIL,US
CUST3710,Customer_2710,customer_2710@email.com,+15952803810,33.0,316.0,163585.12,VERIFIED,RETAIL,US
CUST3711,Customer_2711,,+11489859506,39.0,771.0,314204.87,PENDING,RETAIL,DE
CUST3712,Customer_2712,customer_2712@email.com,+11808804075,41.0,801.0,231050.03,VERIFIED,SME,UK
CUST3713,Customer_2713,customer_2713@email.com,+15381030737,37.0,700.0,153475.69,VERIFIED,RETAIL,UK
CUST3714,Customer_2714,customer_2714@email.com,+14466005708,83.0,840.0,450361.18,FAILED,RETAIL,UK
CUST3715,Customer_2715,customer_2715@email.com,+19178478472,41.0,783.0,343460.61,PENDING,PREMIUM,US
CUST3716,Customer_2716,customer_2716@email.com,+15894785591,30.0,480.0,38647.89,VERIFIED,RETAIL,FR
CUST3717,Customer_2717,customer_2717@email.com,+14264570193,36.0,548.0,385116.91,,SME,US
CUST3718,Customer_2718,customer_2718@email.com,+14642260185,43.0,460.0,158862.01,VERIFIED,RETAIL,UK
CUST3719,Customer_2719,customer_2719@email.com,+13584309481,31.0,413.0,400279.2,VERIFIED,CORPORATE,US
CUST3720,Customer_2720,customer_2720@email.com,+15417356403,60.0,,367325.72,PENDING,SME,AU
CUST3721,Customer_2721,,+13720612174,82.0,603.0,38356.59,VERIFIED,PREMIUM,US
CUST3722,Customer_2722,customer_2722@email.com,,66.0,526.0,334479.8,VERIFIED,SME,US
CUST3723,Customer_2723,customer_2723@email.com,+19252883031,19.0,319.0,244467.77,VERIFIED,PREMIUM,FR
CUST3724,Customer_2724,customer_2724@email.com,+16785387535,150.0,490.0,150983.55,VERIFIED,RETAIL,US
CUST3725,Customer_2725,,+14806977261,-5.0,834.0,277495.84,PENDING,RETAIL,FR
CUST3726,Customer_2726,customer_2726@email.com,+17912759212,73.0,581.0,200065.15,VERIFIED,PREMIUM,UK
CUST3727,Customer_2727,customer_2727@email.com,+12238733530,22.0,329.0,242023.39,PENDING,PREMIUM,US
CUST3728,Customer_2728,customer_2728@email.com,+17156204947,36.0,488.0,53850.72,PENDING,PREMIUM,US
CUST3729,Customer_2729,customer_2729@email.com,+18469654994,18.0,828.0,96158.35,FAILED,PREMIUM,UK
CUST3730,Customer_2730,customer_2730@email.com,+17883159992,45.0,743.0,13227.59,VERIFIED,RETAIL,US
CUST3731,Customer_2731,customer_2731@email.com,+13928762768,76.0,734.0,254614.95,VERIFIED,RETAIL,UK
CUST3732,Customer_2732,customer_2732@email.com,+19807939143,24.0,303.0,328348.88,VERIFIED,CORPORATE,US
CUST3733,Customer_2733,customer_2733@email.com,+14883154806,24.0,454.0,176618.84,VERIFIED,PREMIUM,DE
CUST3734,Customer_2734,customer_2734@email.com,+15853352671,41.0,830.0,342687.52,PENDING,RETAIL,US
CUST3735,Customer_2735,customer_2735@email.com,+17792148649,75.0,816.0,374001.47,PENDING,RETAIL,AU
CUST3736,Customer_2736,customer_2736@email.com,+18801263612,67.0,551.0,243462.27,FAILED,CORPORATE,AU
CUST3737,Customer_2737,,+16287391627,65.0,611.0,132434.79,VERIFIED,RETAIL,DE
CUST3738,Customer_2738,customer_2738@email.com,+13083859181,84.0,351.0,160186.53,VERIFIED,RETAIL,US
CUST3739,Customer_2739,customer_2739@email.com,+13302809876,34.0,621.0,50784.44,VERIFIED,SME,US
CUST3740,Customer_2740,customer_2740@email.com,+13150407103,57.0,472.0,119260.55,VERIFIED,SME,US
CUST3741,Customer_2741,customer_2741@email.com,+12551309002,20.0,754.0,329832.38,VERIFIED,CORPORATE,US
CUST3742,Customer_2742,customer_2742@email.com,+19872165973,82.0,414.0,297585.29,PENDING,PREMIUM,DE
CUST3743,Customer_2743,customer_2743@email.com,+15156337643,63.0,301.0,262670.68,VERIFIED,SME,UK
CUST3744,Customer_2744,customer_2744@email.com,+13433984770,27.0,385.0,76788.78,VERIFIED,RETAIL,US
CUST3745,Customer_2745,customer_2745@email.com,,80.0,702.0,387794.41,VERIFIED,PREMIUM,UK
CUST3746,Customer_2746,customer_2746@email.com,+18070156473,82.0,587.0,26432.52,FAILED,SME,US
CUST3747,Customer_2747,customer_2747@email.com,+19906914602,70.0,542.0,162628.58,PENDING,PREMIUM,AU
CUST3748,Customer_2748,customer_2748@email.com,+16618544518,41.0,343.0,177218.19,VERIFIED,RETAIL,UK
CUST3749,Customer_2749,customer_2749@email.com,+11466696953,64.0,590.0,240271.75,VERIFIED,PREMIUM,AU
CUST3750,Customer_2750,customer_2750@email.com,+13137529302,81.0,,380994.61,FAILED,RETAIL,DE
CUST3751,Customer_2751,customer_2751@email.com,+16202472466,84.0,741.0,436716.01,FAILED,RETAIL,US
CUST3752,Customer_2752,customer_2752@email.com,+14078872879,70.0,656.0,153922.56,VERIFIED,CORPORATE,DE
CUST3753,Customer_2753,customer_2753@email.com,+19284499809,26.0,376.0,187878.4,VERIFIED,CORPORATE,AU
CUST3754,Customer_2754,customer_2754@email.com,+13683717956,39.0,559.0,263739.34,VERIFIED,RETAIL,US
CUST3755,Customer_2755,customer_2755@email.com,,78.0,842.0,60913.73,VERIFIED,RETAIL,US
CUST3756,Customer_2756,customer_2756@email.com,+11792467100,52.0,705.0,238576.77,VERIFIED,SME,FR
CUST3757,Customer_2757,customer_2757@email.com,+12558921371,-5.0,811.0,496428.63,VERIFIED,CORPORATE,US
CUST3758,Customer_2758,customer_2758@email.com,+17825084068,49.0,723.0,246380.26,PENDING,RETAIL,US
CUST3759,Customer_2759,customer_2759@email.com,+18618973523,25.0,603.0,312790.41,VERIFIED,RETAIL,UK
CUST3760,Customer_2760,customer_2760@email.com,+15056690695,61.0,505.0,185722.13,VERIFIED,RETAIL,AU
CUST3761,Customer_2761,customer_2761@email.com,+16027174470,76.0,362.0,426251.98,VERIFIED,PREMIUM,US
CUST3762,Customer_2762,customer_2762@email.com,+16703696632,37.0,408.0,198153.65,VERIFIED,,UK
CUST3763,Customer_2763,customer_2763@email.com,+14081817693,54.0,584.0,198037.27,VERIFIED,PREMIUM,US
CUST3764,Customer_2764,customer_2764@email.com,+19058568993,40.0,613.0,4235.6,VERIFIED,CORPORATE,DE
CUST3765,Customer_2765,customer_2765@email.com,+13607790374,19.0,573.0,326414.67,VERIFIED,PREMIUM,US
CUST3766,Customer_2766,customer_2766@email.com,+12206704770,21.0,750.0,123313.95,VERIFIED,RETAIL,US
CUST3767,Customer_2767,customer_2767@email.com,+13806898226,24.0,619.0,105303.35,PENDING,SME,UK
CUST3768,Customer_2768,customer_2768@email.com,+11451456740,71.0,823.0,99391.0,VERIFIED,RETAIL,US
CUST3769,Customer_2769,,+19016320883,77.0,599.0,484644.73,VERIFIED,RETAIL,UK
CUST3770,Customer_2770,customer_2770@email.com,+19439298962,35.0,,349843.16,VERIFIED,SME,UK
CUST3771,Customer_2771,customer_2771@email.com,+11524793298,55.0,621.0,122493.85,VERIFIED,RETAIL,FR
CUST3772,Customer_2772,customer_2772@email.com,+18976944130,76.0,397.0,3236.11,VERIFIED,RETAIL,AU
CUST3773,Customer_2773,,+13940264678,80.0,526.0,167449.94,FAILED,RETAIL,DE
CUST3774,Customer_2774,customer_2774@email.com,+19508220873,35.0,768.0,408495.9,VERIFIED,PREMIUM,FR
CUST3775,Customer_2775,customer_2775@email.com,+13242235126,51.0,357.0,446634.67,VERIFIED,CORPORATE,US
CUST3776,Customer_2776,,+16291090578,26.0,576.0,288711.36,VERIFIED,RETAIL,UK
CUST3777,Customer_2777,customer_2777@email.com,+16412142585,55.0,422.0,144055.94,VERIFIED,SME,UK
CUST3778,Customer_2778,,+18156331620,79.0,780.0,9070.02,PENDING,RETAIL,US
CUST3779,Customer_2779,customer_2779@email.com,+13286649502,32.0,,86576.74,VERIFIED,RETAIL,AU
CUST3780,Customer_2780,customer_2780@email.com,+14723322446,39.0,547.0,402511.17,VERIFIED,CORPORATE,US
CUST3781,Customer_2781,customer_2781@email.com,+13102905399,29.0,543.0,323806.13,VERIFIED,PREMIUM,FR
CUST3782,Customer_2782,customer_2782@email.com,+16141588917,24.0,653.0,25394.34,VERIFIED,SME,AU
CUST3783,Customer_2783,customer_2783@email.com,+16401411639,60.0,560.0,423357.23,VERIFIED,CORPORATE,US
CUST3784,Customer_2784,customer_2784@email.com,+11836880325,52.0,818.0,109127.62,VERIFIED,CORPORATE,US
CUST3785,Customer_2785,customer_2785@email.com,+15441411450,65.0,835.0,109341.06,VERIFIED,PREMIUM,US
CUST3786,Customer_2786,customer_2786@email.com,+19205626220,40.0,727.0,328889.41,VERIFIED,CORPORATE,AU
CUST3787,Customer_2787,customer_2787@email.com,,42.0,412.0,189409.85,VERIFIED,RETAIL,AU
CUST3788,Customer_2788,customer_2788@email.com,+12698294195,49.0,618.0,327864.77,VERIFIED,RETAIL,US
CUST3789,Customer_2789,customer_2789@email.com,+19374954864,61.0,523.0,315749.75,VERIFIED,RETAIL,AU
CUST3790,Customer_2790,customer_2790@email.com,+14766030245,48.0,479.0,326118.59,PENDING,RETAIL,US
CUST3791,Customer_2791,customer_2791@email.com,+12950406398,55.0,508.0,81971.52,FAILED,RETAIL,US
CUST3792,Customer_2792,customer_2792@email.com,+12597968174,72.0,319.0,227391.33,VERIFIED,RETAIL,AU
CUST3793,Customer_2793,customer_2793@email.com,+17197603404,72.0,803.0,106423.33,VERIFIED,PREMIUM,UK
CUST3794,Customer_2794,customer_2794@email.com,+15315306745,44.0,554.0,375956.95,VERIFIED,RETAIL,FR
CUST3795,Customer_2795,customer_2795@email.com,+11952470755,66.0,514.0,150975.66,VERIFIED,CORPORATE,UK
CUST3796,Customer_2796,customer_2796@email.com,+13422452329,51.0,738.0,99925.79,PENDING,RETAIL,
CUST3797,Customer_2797,,+14542000817,49.0,,412121.21,FAILED,CORPORATE,US
CUST3798,Customer_2798,customer_2798@email.com,+17968344990,41.0,401.0,63254.3,VERIFIED,SME,US
CUST3799,Customer_2799,customer_2799@email.com,+14322441665,84.0,367.0,119056.73,PENDING,RETAIL,US
CUST3800,Customer_2800,customer_2800@email.com,+17910579308,61.0,455.0,412043.04,VERIFIED,RETAIL,US
CUST3801,Customer_2801,customer_2801@email.com,+19419591804,26.0,826.0,484039.09,VERIFIED,PREMIUM,US
CUST3802,Customer_2802,customer_2802@email.com,+13138613306,64.0,421.0,220226.95,VERIFIED,RETAIL,UK
CUST3803,Customer_2803,customer_2803@email.com,+16004464422,,736.0,323668.02,VERIFIED,RETAIL,UK
CUST3804,Customer_2804,customer_2804@email.com,+18917951116,55.0,781.0,363205.38,VERIFIED,CORPORATE,US
CUST3805,Customer_2805,customer_2805@email.com,+18388025796,71.0,732.0,198981.27,VERIFIED,RETAIL,DE
CUST3806,Customer_2806,customer_2806@email.com,+12571172524,78.0,377.0,157244.62,FAILED,RETAIL,AU
CUST3807,Customer_2807,customer_2807@email.com,+12043097154,40.0,476.0,117429.93,FAILED,CORPORATE,UK
CUST3808,Customer_2808,customer_2808@email.com,+19463369820,41.0,620.0,156815.08,VERIFIED,PREMIUM,US
CUST3809,Customer_2809,customer_2809@email.com,+13619897245,18.0,330.0,232801.14,VERIFIED,PREMIUM,DE
CUST3810,Customer_2810,customer_2810@email.com,+18421355639,50.0,601.0,215442.55,VERIFIED,SME,US
CUST3811,Customer_2811,customer_2811@email.com,+14413506702,80.0,398.0,174871.31,VERIFIED,RETAIL,UK
CUST3812,Customer_2812,customer_2812@email.com,+13932863918,150.0,759.0,414836.49,PENDING,RETAIL,FR
CUST3813,Customer_2813,customer_2813@email.com,,-5.0,565.0,15534.84,VERIFIED,RETAIL,FR
CUST3814,Customer_2814,customer_2814@email.com,+17136279773,44.0,823.0,144931.57,VERIFIED,,US
CUST3815,Customer_2815,customer_2815@email.com,+15888321368,72.0,458.0,494421.91,VERIFIED,SME,DE
CUST3816,Customer_2816,customer_2816@email.com,+19647259860,30.0,446.0,102397.31,PENDING,CORPORATE,US
CUST3817,Customer_2817,customer_2817@email.com,,33.0,659.0,356688.46,VERIFIED,RETAIL,DE
CUST3818,Customer_2818,customer_2818@email.com,+18615150564,18.0,486.0,188241.68,VERIFIED,RETAIL,FR
CUST3819,Customer_2819,customer_2819@email.com,+19620401401,70.0,315.0,290563.6,VERIFIED,CORPORATE,UK
CUST3820,Customer_2820,customer_2820@email.com,+19931952562,65.0,829.0,163508.63,VERIFIED,CORPORATE,UK
CUST3821,Customer_2821,customer_2821@email.com,+16784845812,77.0,439.0,149739.17,PENDING,RETAIL,UK
CUST3822,Customer_2822,customer_2822@email.com,+12146026625,21.0,815.0,252812.56,VERIFIED,CORPORATE,US
CUST3823,Customer_2823,customer_2823@email.com,+17979056147,81.0,354.0,195011.14,PENDING,RETAIL,US
CUST3824,Customer_2824,customer_2824@email.com,+14158358383,85.0,828.0,228202.89,VERIFIED,CORPORATE,FR
CUST3825,Customer_2825,customer_2825@email.com,+15627203580,28.0,840.0,480778.63,VERIFIED,CORPORATE,UK
CUST3826,Customer_2826,customer_2826@email.com,+12782700505,26.0,721.0,469786.2,VERIFIED,CORPORATE,US
CUST3827,Customer_2827,customer_2827@email.com,+15050586957,23.0,,102236.77,VERIFIED,RETAIL,US
CUST3828,Customer_2828,customer_2828@email.com,+13432475716,84.0,504.0,22568.31,VERIFIED,SME,AU
CUST3829,Customer_2829,customer_2829@email.com,+15889528563,77.0,406.0,333854.78,VERIFIED,RETAIL,FR
CUST3830,Customer_2830,customer_2830@email.com,+13295929809,41.0,563.0,285825.71,VERIFIED,PREMIUM,UK
CUST3831,Customer_2831,customer_2831@email.com,+19421182441,39.0,350.0,154069.88,FAILED,CORPORATE,US
CUST3832,Customer_2832,customer_2832@email.com,+19464158753,62.0,404.0,176804.82,VERIFIED,RETAIL,US
CUST3833,Customer_2833,customer_2833@email.com,+19751604989,57.0,721.0,257944.44,VERIFIED,RETAIL,US
CUST3834,Customer_2834,customer_2834@email.com,+19842299116,73.0,848.0,224076.81,VERIFIED,CORPORATE,DE
CUST3835,Customer_2835,customer_2835@email.com,+17827184178,28.0,524.0,356004.51,VERIFIED,RETAIL,US
CUST3836,Customer_2836,customer_2836@email.com,+12802334149,50.0,799.0,45707.94,VERIFIED,PREMIUM,AU
CUST3837,Customer_2837,customer_2837@email.com,+18083449540,150.0,479.0,483019.92,PENDING,CORPORATE,AU
CUST3838,Customer_2838,customer_2838@email.com,+17394082603,70.0,475.0,64595.4,VERIFIED,SME,US
CUST3839,Customer_2839,customer_2839@email.com,+14553405585,18.0,664.0,495020.99,VERIFIED,CORPORATE,US
CUST3840,Customer_2840,customer_2840@email.com,+11497955080,30.0,498.0,144884.74,VERIFIED,CORPORATE,UK
CUST3841,Customer_2841,customer_2841@email.com,+17089022365,73.0,431.0,237631.56,VERIFIED,RETAIL,US
CUST3842,Customer_2842,customer_2842@email.com,+17263052946,21.0,762.0,216760.85,VERIFIED,CORPORATE,DE
CUST3843,Customer_2843,customer_2843@email.com,+16589009319,42.0,,130622.12,VERIFIED,RETAIL,US
CUST3844,Customer_2844,customer_2844@email.com,+14567130323,36.0,460.0,227947.46,VERIFIED,RETAIL,AU
CUST3845,Customer_2845,customer_2845@email.com,+15165873566,73.0,808.0,334570.08,VERIFIED,SME,US
CUST3846,Customer_2846,customer_2846@email.com,+12007326263,67.0,,75699.47,PENDING,CORPORATE,US
CUST3847,Customer_2847,customer_2847@email.com,+17262359549,38.0,558.0,419925.04,FAILED,RETAIL,DE
CUST3848,Customer_2848,customer_2848@email.com,+12648793280,43.0,569.0,51638.64,PENDING,RETAIL,FR
CUST3849,Customer_2849,customer_2849@email.com,+18871250469,27.0,618.0,4939.33,VERIFIED,PREMIUM,UK
CUST3850,Customer_2850,customer_2850@email.com,+19356809716,,440.0,439818.44,VERIFIED,PREMIUM,US
CUST3851,Customer_2851,customer_2851@email.com,+11065407192,72.0,726.0,410022.19,VERIFIED,CORPORATE,UK
CUST3852,Customer_2852,customer_2852@email.com,+14429940701,41.0,452.0,284976.44,VERIFIED,RETAIL,AU
CUST3853,Customer_2853,,+12436173131,36.0,506.0,328840.48,VERIFIED,PREMIUM,UK
CUST3854,Customer_2854,customer_2854@email.com,+17979976955,63.0,658.0,26911.69,VERIFIED,RETAIL,US
CUST3855,Customer_2855,customer_2855@email.com,+12563114277,20.0,590.0,206121.22,VERIFIED,PREMIUM,UK
CUST3856,Customer_2856,customer_2856@email.com,+15903258566,69.0,782.0,467269.92,VERIFIED,RETAIL,US
CUST3857,Customer_2857,customer_2857@email.com,+13224627328,45.0,410.0,316180.67,VERIFIED,SME,DE
CUST3858,Customer_2858,customer_2858@email.com,+14644867701,82.0,327.0,330886.18,VERIFIED,RETAIL,AU
CUST3859,Customer_2859,customer_2859@email.com,,41.0,357.0,461206.75,VERIFIED,RETAIL,UK
CUST3860,Customer_2860,customer_2860@email.com,+15621012906,19.0,687.0,350587.84,VERIFIED,CORPORATE,
CUST3861,Customer_2861,customer_2861@email.com,+12814838513,45.0,720.0,355288.13,FAILED,CORPORATE,US
CUST3862,Customer_2862,customer_2862@email.com,+19875983067,22.0,654.0,453801.94,,RETAIL,US
CUST3863,Customer_2863,customer_2863@email.com,+17329672427,80.0,352.0,470838.49,VERIFIED,RETAIL,
CUST3864,Customer_2864,customer_2864@email.com,,76.0,454.0,253220.08,VERIFIED,RETAIL,FR
CUST3865,Customer_2865,customer_2865@email.com,+12242812371,39.0,344.0,245399.84,VERIFIED,RETAIL,UK
CUST3866,Customer_2866,customer_2866@email.com,+17103566842,36.0,496.0,54099.2,VERIFIED,SME,US
CUST3867,Customer_2867,customer_2867@email.com,+14214899094,42.0,548.0,400248.61,VERIFIED,RETAIL,UK
CUST3868,Customer_2868,customer_2868@email.com,+18096715582,20.0,691.0,43651.92,VERIFIED,RETAIL,US
CUST3869,Customer_2869,customer_2869@email.com,+12668270962,75.0,788.0,61528.98,VERIFIED,PREMIUM,AU
CUST3870,Customer_2870,customer_2870@email.com,+15336711395,52.0,812.0,496139.2,VERIFIED,SME,AU
CUST3871,Customer_2871,customer_2871@email.com,+19045524583,44.0,445.0,228627.78,VERIFIED,RETAIL,AU
CUST3872,Customer_2872,customer_2872@email.com,,33.0,715.0,380134.05,VERIFIED,RETAIL,FR
CUST3873,Customer_2873,customer_2873@email.com,+16131708365,46.0,357.0,33976.05,FAILED,RETAIL,US
CUST3874,Customer_2874,,+18307859472,26.0,642.0,96477.58,VERIFIED,RETAIL,US
CUST3875,Customer_2875,customer_2875@email.com,+11341083496,69.0,738.0,352256.68,VERIFIED,CORPORATE,US
CUST3876,Customer_2876,customer_2876@email.com,+11487390992,46.0,326.0,86824.16,PENDING,RETAIL,US
CUST3877,Customer_2877,customer_2877@email.com,+11266754662,32.0,531.0,430725.36,VERIFIED,RETAIL,AU
CUST3878,Customer_2878,customer_2878@email.com,,66.0,732.0,8985.06,VERIFIED,SME,AU
CUST3879,Customer_2879,customer_2879@email.com,+15289485150,50.0,731.0,454754.4,VERIFIED,RETAIL,US
CUST3880,Customer_2880,customer_2880@email.com,+15766475326,40.0,585.0,4179.8,VERIFIED,RETAIL,AU
CUST3881,Customer_2881,customer_2881@email.com,+11764143593,25.0,553.0,220633.61,VERIFIED,SME,DE
CUST3882,Customer_2882,customer_2882@email.com,+15827742506,81.0,374.0,484385.54,VERIFIED,PREMIUM,UK
CUST3883,Customer_2883,customer_2883@email.com,+19258588186,24.0,733.0,139712.03,PENDING,CORPORATE,US
CUST3884,Customer_2884,customer_2884@email.com,+15393213112,84.0,715.0,374981.38,VERIFIED,PREMIUM,UK
CUST3885,Customer_2885,customer_2885@email.com,+12003709138,50.0,777.0,191166.94,VERIFIED,RETAIL,AU
CUST3886,Customer_2886,customer_2886@email.com,+17345886536,83.0,785.0,337896.11,VERIFIED,RETAIL,AU
CUST3887,Customer_2887,customer_2887@email.com,+13005612674,47.0,322.0,238984.24,VERIFIED,CORPORATE,FR
CUST3888,Customer_2888,customer_2888@email.com,+11929675548,40.0,800.0,133897.14,VERIFIED,CORPORATE,US
CUST3889,Customer_2889,customer_2889@email.com,+16391614556,76.0,770.0,208870.61,VERIFIED,RETAIL,FR
CUST3890,Customer_2890,customer_2890@email.com,+19847029035,83.0,440.0,292428.88,VERIFIED,PREMIUM,DE
CUST3891,Customer_2891,customer_2891@email.com,+15792118006,63.0,334.0,227451.7,VERIFIED,RETAIL,US
CUST3892,Customer_2892,customer_2892@email.com,+17960179788,64.0,350.0,228740.87,VERIFIED,RETAIL,DE
CUST3893,Customer_2893,customer_2893@email.com,+14590780850,27.0,635.0,371461.78,VERIFIED,RETAIL,US
CUST3894,Customer_2894,customer_2894@email.com,+12994564338,80.0,362.0,249729.24,VERIFIED,RETAIL,UK
CUST3895,Customer_2895,customer_2895@email.com,+16402531203,40.0,458.0,434722.93,VERIFIED,SME,UK
CUST3896,Customer_2896,customer_2896@email.com,+13481769922,22.0,395.0,327083.7,VERIFIED,PREMIUM,AU
CUST3897,Customer_2897,customer_2897@email.com,+16540153298,29.0,468.0,385674.29,VERIFIED,CORPORATE,UK
CUST3898,Customer_2898,customer_2898@email.com,+19122110078,42.0,848.0,256231.2,VERIFIED,RETAIL,US
CUST3899,Customer_2899,customer_2899@email.com,+19698813288,76.0,344.0,27194.83,VERIFIED,PREMIUM,UK
CUST3900,Customer_2900,customer_2900@email.com,+19425432318,85.0,615.0,272712.02,VERIFIED,PREMIUM,UK
CUST3901,Customer_2901,customer_2901@email.com,+16943431349,70.0,434.0,156528.4,VERIFIED,PREMIUM,US
CUST3902,Customer_2902,customer_2902@email.com,,26.0,,342050.94,PENDING,SME,US
CUST3903,Customer_2903,customer_2903@email.com,+12937160689,20.0,495.0,123669.29,VERIFIED,PREMIUM,UK
CUST3904,Customer_2904,customer_2904@email.com,+19022103280,47.0,513.0,42827.38,VERIFIED,CORPORATE,FR
CUST3905,Customer_2905,customer_2905@email.com,+18699993412,55.0,847.0,222713.48,PENDING,RETAIL,UK
CUST3906,Customer_2906,customer_2906@email.com,+11103966463,52.0,730.0,72276.81,VERIFIED,PREMIUM,US
CUST3907,Customer_2907,customer_2907@email.com,+16673030554,39.0,438.0,435453.83,PENDING,RETAIL,US
CUST3908,Customer_2908,customer_2908@email.com,+17787269733,81.0,439.0,293410.02,FAILED,RETAIL,US
CUST3909,Customer_2909,,+12866026899,31.0,460.0,175982.35,VERIFIED,RETAIL,UK
CUST3910,Customer_2910,customer_2910@email.com,+19234532060,59.0,685.0,84299.25,VERIFIED,RETAIL,US
CUST3911,Customer_2911,customer_2911@email.com,+16003408692,58.0,821.0,205977.46,PENDING,RETAIL,DE
CUST3912,Customer_2912,customer_2912@email.com,,78.0,507.0,467097.15,PENDING,SME,UK
CUST3913,Customer_2913,customer_2913@email.com,+11406476504,65.0,586.0,223605.4,PENDING,PREMIUM,DE
CUST3914,Customer_2914,customer_2914@email.com,+19149496272,43.0,419.0,461732.62,FAILED,SME,UK
CUST3915,Customer_2915,customer_2915@email.com,+13073234093,58.0,813.0,144875.11,,RETAIL,DE
CUST3916,Customer_2916,customer_2916@email.com,+13081440062,79.0,448.0,177083.59,VERIFIED,CORPORATE,UK
CUST3917,Customer_2917,customer_2917@email.com,+14734319278,81.0,417.0,383860.74,PENDING,RETAIL,AU
CUST3918,Customer_2918,customer_2918@email.com,+19261663985,52.0,626.0,477978.19,PENDING,RETAIL,UK
CUST3919,Customer_2919,customer_2919@email.com,+15085846849,28.0,573.0,11574.54,VERIFIED,PREMIUM,US
CUST3920,Customer_2920,customer_2920@email.com,+13655569511,47.0,759.0,102419.43,VERIFIED,CORPORATE,US
CUST3921,Customer_2921,customer_2921@email.com,,80.0,829.0,78256.09,PENDING,RETAIL,FR
CUST3922,Customer_2922,customer_2922@email.com,+18804675363,83.0,648.0,448317.79,VERIFIED,CORPORATE,DE
CUST3923,Customer_2923,customer_2923@email.com,+11689428065,33.0,,395563.81,VERIFIED,PREMIUM,US
CUST3924,Customer_2924,customer_2924@email.com,+11050531034,74.0,415.0,431638.76,VERIFIED,RETAIL,UK
CUST3925,Customer_2925,customer_2925@email.com,+12302748561,80.0,487.0,205972.01,VERIFIED,RETAIL,US
CUST3926,Customer_2926,customer_2926@email.com,+12707638212,28.0,696.0,493512.31,VERIFIED,SME,US
CUST3927,Customer_2927,customer_2927@email.com,+15345679946,60.0,745.0,402386.98,VERIFIED,CORPORATE,AU
CUST3928,Customer_2928,customer_2928@email.com,+13509444709,50.0,720.0,207579.03,VERIFIED,SME,US
CUST3929,Customer_2929,customer_2929@email.com,+14809166885,52.0,517.0,163713.83,VERIFIED,PREMIUM,DE
CUST3930,Customer_2930,customer_2930@email.com,+17719684985,37.0,752.0,151275.58,VERIFIED,RETAIL,UK
CUST3931,Customer_2931,,+12264357346,65.0,712.0,309694.6,FAILED,RETAIL,FR
CUST3932,Customer_2932,customer_2932@email.com,+17054623117,38.0,340.0,81228.68,VERIFIED,PREMIUM,AU
CUST3933,Customer_2933,customer_2933@email.com,+19131005270,43.0,303.0,350421.08,VERIFIED,RETAIL,UK
CUST3934,Customer_2934,customer_2934@email.com,+11432571338,52.0,590.0,348834.61,VERIFIED,RETAIL,US
CUST3935,Customer_2935,customer_2935@email.com,+19695478018,52.0,654.0,133983.25,VERIFIED,RETAIL,UK
CUST3936,Customer_2936,customer_2936@email.com,+17727263464,61.0,459.0,194924.86,VERIFIED,RETAIL,US
CUST3937,Customer_2937,customer_2937@email.com,+17469042732,23.0,784.0,60607.18,,RETAIL,AU
CUST3938,Customer_2938,customer_2938@email.com,+12980980328,20.0,794.0,42671.81,VERIFIED,RETAIL,DE
CUST3939,Customer_2939,customer_2939@email.com,+11013106696,46.0,360.0,163599.41,VERIFIED,CORPORATE,US
CUST3940,Customer_2940,customer_2940@email.com,+17646709601,37.0,642.0,216036.47,VERIFIED,RETAIL,AU
CUST3941,Customer_2941,customer_2941@email.com,+15739300648,47.0,,468935.11,PENDING,PREMIUM,DE
CUST3942,Customer_2942,customer_2942@email.com,+12034188054,68.0,630.0,89046.09,VERIFIED,RETAIL,AU
CUST3943,Customer_2943,customer_2943@email.com,+11501361799,22.0,535.0,428264.06,VERIFIED,RETAIL,US
CUST3944,Customer_2944,customer_2944@email.com,+18590214520,21.0,671.0,140915.55,VERIFIED,RETAIL,FR
CUST3945,Customer_2945,customer_2945@email.com,+18055473952,79.0,706.0,197647.48,,RETAIL,US
CUST3946,Customer_2946,customer_2946@email.com,+11070993197,44.0,340.0,198438.6,VERIFIED,RETAIL,DE
CUST3947,Customer_2947,customer_2947@email.com,+11145366185,80.0,353.0,295271.56,VERIFIED,RETAIL,DE
CUST3948,Customer_2948,customer_2948@email.com,+12593764792,66.0,622.0,16172.6,VERIFIED,CORPORATE,UK
CUST3949,Customer_2949,customer_2949@email.com,+18821997390,45.0,688.0,350343.17,,CORPORATE,US
CUST3950,Customer_2950,customer_2950@email.com,+17890397225,-5.0,504.0,451009.38,VERIFIED,PREMIUM,DE
CUST3951,Customer_2951,customer_2951@email.com,+11941865631,54.0,458.0,204244.61,VERIFIED,RETAIL,US
CUST3952,Customer_2952,customer_2952@email.com,,37.0,550.0,42043.59,VERIFIED,PREMIUM,DE
CUST3953,Customer_2953,customer_2953@email.com,+12712898036,47.0,570.0,121830.6,VERIFIED,RETAIL,DE
CUST3954,Customer_2954,customer_2954@email.com,+18114700779,36.0,498.0,395947.53,VERIFIED,PREMIUM,UK
CUST3955,Customer_2955,customer_2955@email.com,+12783208345,21.0,509.0,203343.52,VERIFIED,RETAIL,US
CUST3956,Customer_2956,customer_2956@email.com,,22.0,656.0,250558.12,VERIFIED,RETAIL,DE
CUST3957,Customer_2957,customer_2957@email.com,+12858179742,-5.0,430.0,459121.17,PENDING,RETAIL,FR
CUST3958,Customer_2958,,+16852246455,150.0,599.0,400486.27,VERIFIED,RETAIL,US
CUST3959,Customer_2959,customer_2959@email.com,+12444129760,40.0,414.0,477136.26,VERIFIED,CORPORATE,AU
CUST3960,Customer_2960,customer_2960@email.com,+11440096268,29.0,847.0,475559.44,VERIFIED,RETAIL,UK
CUST3961,Customer_2961,,+16050911315,74.0,413.0,282311.32,PENDING,PREMIUM,AU
CUST3962,Customer_2962,,+19521288814,72.0,832.0,385105.32,VERIFIED,SME,AU
CUST3963,Customer_2963,,+18332349969,46.0,581.0,384484.02,VERIFIED,RETAIL,UK
CUST3964,Customer_2964,customer_2964@email.com,+16879617406,39.0,,290545.64,VERIFIED,RETAIL,US
CUST3965,Customer_2965,,+17974644256,27.0,730.0,271531.59,VERIFIED,PREMIUM,US
CUST3966,Customer_2966,customer_2966@email.com,+13164925176,85.0,696.0,209664.31,PENDING,RETAIL,US
CUST3967,Customer_2967,customer_2967@email.com,+11321796496,46.0,425.0,228394.53,PENDING,CORPORATE,US
CUST3968,Customer_2968,customer_2968@email.com,+19065360077,45.0,544.0,116926.98,PENDING,SME,FR
CUST3969,Customer_2969,customer_2969@email.com,+13487206084,77.0,764.0,446984.49,VERIFIED,RETAIL,DE
CUST3970,Customer_2970,customer_2970@email.com,+18404196950,44.0,720.0,459131.6,VERIFIED,RETAIL,US
CUST3971,Customer_2971,customer_2971@email.com,+11312020885,18.0,426.0,142793.71,VERIFIED,CORPORATE,US
CUST3972,Customer_2972,customer_2972@email.com,+13272759798,59.0,848.0,273454.95,FAILED,RETAIL,DE
CUST3973,Customer_2973,customer_2973@email.com,+17131459511,76.0,748.0,438146.78,VERIFIED,PREMIUM,US
CUST3974,Customer_2974,customer_2974@email.com,+13205410821,62.0,618.0,427367.42,VERIFIED,PREMIUM,US
CUST3975,Customer_2975,customer_2975@email.com,+15677294721,66.0,,106267.26,VERIFIED,SME,UK
CUST3976,Customer_2976,customer_2976@email.com,+13965555403,75.0,359.0,321791.91,VERIFIED,RETAIL,UK
CUST3977,Customer_2977,customer_2977@email.com,+14457349181,68.0,636.0,11511.57,PENDING,CORPORATE,AU
CUST3978,Customer_2978,customer_2978@email.com,+17222333870,59.0,411.0,340068.24,VERIFIED,PREMIUM,US
CUST3979,Customer_2979,customer_2979@email.com,+12654862708,52.0,581.0,472967.93,VERIFIED,RETAIL,AU
CUST3980,Customer_2980,customer_2980@email.com,+17761480249,63.0,441.0,56426.97,PENDING,CORPORATE,FR
CUST3981,Customer_2981,customer_2981@email.com,,29.0,358.0,24904.58,FAILED,RETAIL,AU
CUST3982,Customer_2982,customer_2982@email.com,+17213925195,77.0,529.0,476717.7,VERIFIED,RETAIL,AU
CUST3983,Customer_2983,customer_2983@email.com,+16889812431,70.0,680.0,5668.49,VERIFIED,PREMIUM,UK
CUST3984,Customer_2984,customer_2984@email.com,+13756595305,76.0,726.0,168585.19,VERIFIED,PREMIUM,US
CUST3985,Customer_2985,customer_2985@email.com,+16744389875,-5.0,464.0,336493.78,VERIFIED,CORPORATE,
CUST3986,Customer_2986,customer_2986@email.com,+11214239931,18.0,370.0,258583.32,VERIFIED,PREMIUM,AU
CUST3987,Customer_2987,customer_2987@email.com,+14157551975,36.0,825.0,43696.74,PENDING,,UK
CUST3988,Customer_2988,customer_2988@email.com,+17676119185,30.0,474.0,409958.64,VERIFIED,PREMIUM,AU
CUST3989,Customer_2989,customer_2989@email.com,+12170069107,71.0,422.0,341142.97,PENDING,RETAIL,AU
CUST3990,Customer_2990,customer_2990@email.com,+13113251697,68.0,392.0,68955.3,VERIFIED,PREMIUM,US
CUST3991,Customer_2991,customer_2991@email.com,+19475471553,57.0,804.0,275623.09,VERIFIED,PREMIUM,DE
CUST3992,Customer_2992,customer_2992@email.com,+18138872990,150.0,731.0,334905.22,VERIFIED,PREMIUM,US
CUST3993,Customer_2993,customer_2993@email.com,+14346163058,30.0,529.0,225772.99,PENDING,CORPORATE,US
CUST3994,Customer_2994,customer_2994@email.com,,80.0,442.0,122864.56,FAILED,CORPORATE,US
CUST3995,Customer_2995,,+11694661586,52.0,804.0,133947.93,VERIFIED,PREMIUM,US
CUST3996,Customer_2996,customer_2996@email.com,+18533661777,80.0,755.0,18037.03,VERIFIED,RETAIL,US
CUST3997,Customer_2997,customer_2997@email.com,+15297401556,31.0,431.0,3595.8,VERIFIED,RETAIL,US
CUST3998,Customer_2998,customer_2998@email.com,+13357205013,68.0,532.0,452353.96,VERIFIED,RETAIL,US
CUST3999,Customer_2999,customer_2999@email.com,+19041819497,70.0,442.0,183098.41,VERIFIED,PREMIUM,US
CUST4000,Customer_3000,customer_3000@email.com,+15672922953,52.0,635.0,207932.16,VERIFIED,RETAIL,US
CUST4001,Customer_3001,customer_3001@email.com,+11254597650,42.0,817.0,263365.47,VERIFIED,RETAIL,DE
CUST4002,Customer_3002,customer_3002@email.com,+14720322655,28.0,472.0,240674.82,VERIFIED,PREMIUM,US
CUST4003,Customer_3003,customer_3003@email.com,+18671825604,24.0,,78674.86,VERIFIED,RETAIL,US
CUST4004,Customer_3004,customer_3004@email.com,+17762495380,39.0,816.0,484485.23,VERIFIED,RETAIL,US
CUST4005,Customer_3005,customer_3005@email.com,+12370257362,68.0,614.0,345849.62,VERIFIED,RETAIL,US
CUST4006,Customer_3006,customer_3006@email.com,+15172879544,35.0,847.0,153270.74,PENDING,PREMIUM,US
CUST4007,Customer_3007,customer_3007@email.com,+16208853037,57.0,611.0,401751.44,VERIFIED,RETAIL,AU
CUST4008,Customer_3008,customer_3008@email.com,+15902638447,72.0,714.0,60917.02,VERIFIED,PREMIUM,US
CUST4009,Customer_3009,customer_3009@email.com,+16236246590,30.0,532.0,342753.3,VERIFIED,SME,UK
CUST4010,Customer_3010,customer_3010@email.com,+13136145040,44.0,765.0,339480.09,VERIFIED,SME,UK
CUST4011,Customer_3011,customer_3011@email.com,+18935041965,83.0,785.0,449832.75,PENDING,RETAIL,US
CUST4012,Customer_3012,customer_3012@email.com,+11380842591,65.0,,292184.6,VERIFIED,RETAIL,US
CUST4013,Customer_3013,customer_3013@email.com,+15763743854,75.0,373.0,101874.41,PENDING,RETAIL,US
CUST4014,Customer_3014,,+12765609495,51.0,607.0,5376.11,VERIFIED,RETAIL,UK
CUST4015,Customer_3015,customer_3015@email.com,+19836846099,77.0,,11997.55,VERIFIED,PREMIUM,UK
CUST4016,Customer_3016,customer_3016@email.com,+11930826501,41.0,356.0,386270.66,VERIFIED,RETAIL,UK
CUST4017,Customer_3017,customer_3017@email.com,+14674888662,39.0,421.0,72402.48,VERIFIED,,US
CUST4018,Customer_3018,customer_3018@email.com,+16972266202,26.0,622.0,189392.53,PENDING,CORPORATE,FR
CUST4019,Customer_3019,customer_3019@email.com,+13309739538,59.0,389.0,270132.95,VERIFIED,RETAIL,FR
CUST4020,Customer_3020,customer_3020@email.com,+12441532073,63.0,348.0,428455.35,PENDING,SME,FR
CUST4021,Customer_3021,customer_3021@email.com,+17215740112,53.0,812.0,136234.79,VERIFIED,RETAIL,US
CUST4022,Customer_3022,customer_3022@email.com,+12656478536,21.0,424.0,469263.86,VERIFIED,PREMIUM,
CUST4023,Customer_3023,customer_3023@email.com,+13747805983,30.0,509.0,326344.3,VERIFIED,SME,AU
CUST4024,Customer_3024,customer_3024@email.com,+15837766719,40.0,383.0,181218.64,VERIFIED,SME,DE
CUST4025,Customer_3025,customer_3025@email.com,+16402877235,76.0,590.0,362865.62,PENDING,RETAIL,US
CUST4026,Customer_3026,customer_3026@email.com,+18109063156,60.0,678.0,68611.28,VERIFIED,RETAIL,UK
CUST4027,Customer_3027,customer_3027@email.com,+12851377604,30.0,686.0,313678.75,VERIFIED,RETAIL,US
CUST4028,Customer_3028,,+12537998779,73.0,342.0,444014.07,VERIFIED,RETAIL,US
CUST4029,Customer_3029,customer_3029@email.com,+18663446983,27.0,797.0,412594.31,VERIFIED,RETAIL,US
CUST4030,Customer_3030,customer_3030@email.com,+11365955299,21.0,409.0,178847.36,VERIFIED,RETAIL,AU
CUST4031,Customer_3031,customer_3031@email.com,+14629717145,52.0,390.0,432147.21,VERIFIED,RETAIL,DE
CUST4032,Customer_3032,customer_3032@email.com,+13382646614,25.0,425.0,70097.58,,RETAIL,US
CUST4033,Customer_3033,customer_3033@email.com,+13120574132,33.0,,140181.41,VERIFIED,CORPORATE,UK
CUST4034,Customer_3034,customer_3034@email.com,,63.0,762.0,116273.24,VERIFIED,PREMIUM,UK
CUST4035,Customer_3035,customer_3035@email.com,+18488125508,60.0,551.0,91927.09,VERIFIED,RETAIL,AU
CUST4036,Customer_3036,customer_3036@email.com,+18933893940,73.0,841.0,34193.41,PENDING,RETAIL,US
CUST4037,Customer_3037,customer_3037@email.com,+16193571341,56.0,598.0,175509.01,VERIFIED,RETAIL,AU
CUST4038,Customer_3038,customer_3038@email.com,+19534893424,83.0,730.0,398603.83,FAILED,CORPORATE,UK
CUST4039,Customer_3039,customer_3039@email.com,+15385261026,22.0,812.0,336993.81,PENDING,RETAIL,UK
CUST4040,Customer_3040,customer_3040@email.com,+16474836073,78.0,785.0,421330.82,VERIFIED,RETAIL,AU
CUST4041,Customer_3041,customer_3041@email.com,+14626191812,66.0,681.0,143477.36,VERIFIED,RETAIL,AU
CUST4042,Customer_3042,customer_3042@email.com,+16652845187,72.0,576.0,383329.94,VERIFIED,SME,US
CUST4043,Customer_3043,customer_3043@email.com,+16525295294,40.0,582.0,342321.99,VERIFIED,PREMIUM,DE
CUST4044,Customer_3044,customer_3044@email.com,+14916422232,43.0,719.0,188940.69,PENDING,PREMIUM,AU
CUST4045,Customer_3045,customer_3045@email.com,+11017014427,38.0,579.0,330914.49,VERIFIED,RETAIL,US
CUST4046,Customer_3046,customer_3046@email.com,+13738254989,63.0,618.0,278954.0,VERIFIED,PREMIUM,AU
CUST4047,Customer_3047,customer_3047@email.com,+19543631842,64.0,702.0,155456.75,VERIFIED,RETAIL,US
CUST4048,Customer_3048,customer_3048@email.com,+19648474265,66.0,820.0,155017.76,VERIFIED,SME,UK
CUST4049,Customer_3049,customer_3049@email.com,+17968574109,68.0,576.0,246701.11,VERIFIED,RETAIL,US
CUST4050,Customer_3050,customer_3050@email.com,+16269610765,21.0,638.0,38708.18,PENDING,RETAIL,UK
CUST4051,Customer_3051,customer_3051@email.com,+17686117413,21.0,324.0,377241.67,PENDING,SME,DE
CUST4052,Customer_3052,customer_3052@email.com,+14840320508,31.0,464.0,473191.02,VERIFIED,RETAIL,US
CUST4053,Customer_3053,customer_3053@email.com,+18455057419,51.0,635.0,189344.8,VERIFIED,CORPORATE,FR
CUST4054,Customer_3054,customer_3054@email.com,+15924150115,82.0,745.0,85843.26,VERIFIED,RETAIL,US
CUST4055,Customer_3055,customer_3055@email.com,+11586816727,26.0,846.0,316219.15,VERIFIED,CORPORATE,US
CUST4056,Customer_3056,customer_3056@email.com,+13564663413,72.0,350.0,222863.81,VERIFIED,RETAIL,US
CUST4057,Customer_3057,customer_3057@email.com,+16619801023,34.0,348.0,405049.09,VERIFIED,CORPORATE,AU
CUST4058,Customer_3058,customer_3058@email.com,+11906913238,56.0,680.0,41844.04,VERIFIED,CORPORATE,US
CUST4059,Customer_3059,customer_3059@email.com,+19757350413,21.0,429.0,411301.49,VERIFIED,CORPORATE,FR
CUST4060,Customer_3060,customer_3060@email.com,+11451990243,36.0,839.0,372197.51,VERIFIED,RETAIL,US
CUST4061,Customer_3061,customer_3061@email.com,+11719978388,85.0,405.0,181429.58,VERIFIED,RETAIL,US
CUST4062,Customer_3062,customer_3062@email.com,,22.0,628.0,287170.56,VERIFIED,RETAIL,AU
CUST4063,Customer_3063,customer_3063@email.com,+15509324396,23.0,392.0,265336.68,VERIFIED,RETAIL,DE
CUST4064,Customer_3064,customer_3064@email.com,+18841491203,74.0,510.0,400490.17,FAILED,RETAIL,US
CUST4065,Customer_3065,customer_3065@email.com,+13421982773,80.0,340.0,451386.49,PENDING,RETAIL,UK
CUST4066,Customer_3066,customer_3066@email.com,+19534376398,49.0,736.0,345893.25,VERIFIED,RETAIL,UK
CUST4067,Customer_3067,,+18419451377,38.0,377.0,10340.42,VERIFIED,SME,UK
CUST4068,Customer_3068,customer_3068@email.com,+15107853982,31.0,326.0,249261.69,VERIFIED,SME,US
CUST4069,Customer_3069,customer_3069@email.com,+16855013868,67.0,,61459.01,VERIFIED,RETAIL,AU
CUST4070,Customer_3070,customer_3070@email.com,+14438192715,57.0,653.0,323094.33,FAILED,,UK
CUST4071,Customer_3071,customer_3071@email.com,,81.0,440.0,147787.47,VERIFIED,RETAIL,US
CUST4072,Customer_3072,customer_3072@email.com,+14914300923,35.0,502.0,35519.72,VERIFIED,RETAIL,DE
CUST4073,Customer_3073,customer_3073@email.com,+12669588595,45.0,303.0,91399.78,VERIFIED,PREMIUM,US
CUST4074,Customer_3074,customer_3074@email.com,+16025495988,55.0,628.0,259431.47,VERIFIED,SME,UK
CUST4075,Customer_3075,customer_3075@email.com,+12548807203,35.0,694.0,416283.08,PENDING,PREMIUM,DE
CUST4076,Customer_3076,customer_3076@email.com,+18188458772,48.0,360.0,328275.94,VERIFIED,RETAIL,UK
CUST4077,Customer_3077,customer_3077@email.com,,65.0,811.0,149207.97,PENDING,CORPORATE,UK
CUST4078,Customer_3078,,+16537564623,21.0,700.0,68006.06,VERIFIED,SME,US
CUST4079,Customer_3079,customer_3079@email.com,+18974067197,65.0,312.0,254661.97,VERIFIED,PREMIUM,US
CUST4080,Customer_3080,customer_3080@email.com,+16066386523,26.0,385.0,185966.38,PENDING,RETAIL,UK
CUST4081,Customer_3081,customer_3081@email.com,+11165921272,84.0,482.0,419605.76,PENDING,RETAIL,FR
CUST4082,Customer_3082,customer_3082@email.com,+19050193520,82.0,710.0,411504.14,PENDING,RETAIL,DE
CUST4083,Customer_3083,customer_3083@email.com,+17777907308,75.0,575.0,372274.66,VERIFIED,CORPORATE,DE
CUST4084,Customer_3084,customer_3084@email.com,+17922749233,37.0,411.0,157415.31,VERIFIED,RETAIL,US
CUST4085,Customer_3085,customer_3085@email.com,+12034333303,72.0,658.0,194125.91,PENDING,RETAIL,US
CUST4086,Customer_3086,,+13075933349,79.0,593.0,220093.72,VERIFIED,SME,US
CUST4087,Customer_3087,customer_3087@email.com,+13870056086,44.0,,484953.31,VERIFIED,PREMIUM,UK
CUST4088,Customer_3088,customer_3088@email.com,,84.0,576.0,267497.27,VERIFIED,PREMIUM,FR
CUST4089,Customer_3089,customer_3089@email.com,+17941000978,77.0,484.0,61040.27,PENDING,RETAIL,US
CUST4090,Customer_3090,customer_3090@email.com,+16415812986,-5.0,833.0,49621.65,VERIFIED,RETAIL,AU
CUST4091,Customer_3091,customer_3091@email.com,+14276422714,24.0,331.0,152099.85,VERIFIED,SME,US
CUST4092,Customer_3092,customer_3092@email.com,+14424155039,54.0,467.0,373895.09,PENDING,PREMIUM,US
CUST4093,Customer_3093,customer_3093@email.com,+17412307462,24.0,782.0,281418.27,VERIFIED,RETAIL,FR
CUST4094,Customer_3094,customer_3094@email.com,+11671943438,52.0,626.0,417704.17,PENDING,RETAIL,US
CUST4095,Customer_3095,customer_3095@email.com,+13739693456,41.0,482.0,404673.34,PENDING,PREMIUM,FR
CUST4096,Customer_3096,customer_3096@email.com,+19378600653,40.0,673.0,408444.32,VERIFIED,CORPORATE,US
CUST4097,Customer_3097,customer_3097@email.com,+14213457940,42.0,309.0,280225.71,VERIFIED,PREMIUM,US
CUST4098,Customer_3098,customer_3098@email.com,+13453073376,54.0,579.0,362033.15,VERIFIED,PREMIUM,US
CUST4099,Customer_3099,customer_3099@email.com,+19048674088,32.0,364.0,289225.55,VERIFIED,RETAIL,DE
CUST4100,Customer_3100,customer_3100@email.com,+17392874157,21.0,375.0,365039.07,VERIFIED,CORPORATE,DE
CUST4101,Customer_3101,customer_3101@email.com,+11423133318,40.0,712.0,238621.24,VERIFIED,PREMIUM,DE
CUST4102,Customer_3102,customer_3102@email.com,+15829075481,34.0,495.0,113462.09,PENDING,SME,US
CUST4103,Customer_3103,customer_3103@email.com,+11687126837,53.0,784.0,161377.84,VERIFIED,RETAIL,DE
CUST4104,Customer_3104,customer_3104@email.com,+13822554374,70.0,425.0,338092.17,VERIFIED,PREMIUM,AU
CUST4105,Customer_3105,customer_3105@email.com,+18145989015,71.0,600.0,342806.86,VERIFIED,CORPORATE,
CUST4106,Customer_3106,customer_3106@email.com,+14434936483,42.0,512.0,22039.03,FAILED,PREMIUM,UK
CUST4107,Customer_3107,customer_3107@email.com,+16511448978,82.0,708.0,386147.93,VERIFIED,CORPORATE,AU
CUST4108,Customer_3108,,+12055203058,63.0,678.0,135535.88,VERIFIED,RETAIL,US
CUST4109,Customer_3109,customer_3109@email.com,+12587146540,73.0,336.0,257808.88,VERIFIED,RETAIL,US
CUST4110,Customer_3110,customer_3110@email.com,+14761980832,73.0,769.0,2338.34,VERIFIED,RETAIL,FR
CUST4111,Customer_3111,customer_3111@email.com,+14431766535,57.0,534.0,413226.44,PENDING,PREMIUM,US
CUST4112,Customer_3112,customer_3112@email.com,+16071041120,44.0,377.0,372361.93,VERIFIED,RETAIL,UK
CUST4113,Customer_3113,customer_3113@email.com,+14803180434,73.0,552.0,227690.17,VERIFIED,PREMIUM,US
CUST4114,Customer_3114,customer_3114@email.com,+17133132352,22.0,615.0,44300.66,VERIFIED,SME,FR
CUST4115,Customer_3115,customer_3115@email.com,+17495913065,40.0,337.0,293025.01,VERIFIED,,US
CUST4116,Customer_3116,customer_3116@email.com,+13325828942,49.0,711.0,324605.11,PENDING,CORPORATE,UK
CUST4117,Customer_3117,customer_3117@email.com,+16232295359,42.0,647.0,177099.34,VERIFIED,PREMIUM,AU
CUST4118,Customer_3118,customer_3118@email.com,+16739929913,32.0,681.0,328869.89,VERIFIED,RETAIL,UK
CUST4119,Customer_3119,customer_3119@email.com,+15367449487,81.0,599.0,13375.3,PENDING,RETAIL,AU
CUST4120,Customer_3120,customer_3120@email.com,+11932132357,82.0,606.0,476345.05,FAILED,RETAIL,UK
CUST4121,Customer_3121,customer_3121@email.com,+12146184131,38.0,776.0,363299.64,VERIFIED,PREMIUM,US
CUST4122,Customer_3122,customer_3122@email.com,+11729297133,57.0,482.0,295797.82,VERIFIED,SME,FR
CUST4123,Customer_3123,customer_3123@email.com,+19826925312,41.0,471.0,35777.74,VERIFIED,RETAIL,US
CUST4124,Customer_3124,customer_3124@email.com,+13305024231,76.0,475.0,152169.47,FAILED,CORPORATE,US
CUST4125,Customer_3125,customer_3125@email.com,+19255874891,75.0,679.0,459910.5,VERIFIED,RETAIL,US
CUST4126,Customer_3126,,+15169428810,69.0,624.0,159758.43,VERIFIED,SME,US
CUST4127,Customer_3127,customer_3127@email.com,+17937943834,80.0,420.0,244381.66,VERIFIED,RETAIL,AU
CUST4128,Customer_3128,customer_3128@email.com,+15050765031,18.0,684.0,387372.09,PENDING,CORPORATE,FR
CUST4129,Customer_3129,,+11600848780,57.0,799.0,140129.63,VERIFIED,CORPORATE,UK
CUST4130,Customer_3130,customer_3130@email.com,+16511663999,37.0,749.0,204506.79,PENDING,RETAIL,DE
CUST4131,Customer_3131,customer_3131@email.com,+18172047353,46.0,404.0,219541.25,VERIFIED,CORPORATE,US
CUST4132,Customer_3132,customer_3132@email.com,+19543333556,68.0,528.0,68974.84,VERIFIED,SME,US
CUST4133,Customer_3133,customer_3133@email.com,+18163669441,37.0,596.0,21035.53,FAILED,RETAIL,
CUST4134,Customer_3134,customer_3134@email.com,+19952979527,46.0,477.0,176180.73,VERIFIED,PREMIUM,DE
CUST4135,Customer_3135,customer_3135@email.com,+11490140350,76.0,594.0,487918.11,VERIFIED,RETAIL,US
CUST4136,Customer_3136,customer_3136@email.com,+18907558551,54.0,516.0,459172.0,PENDING,CORPORATE,US
CUST4137,Customer_3137,customer_3137@email.com,+13985602233,70.0,409.0,363477.16,VERIFIED,RETAIL,AU
CUST4138,Customer_3138,customer_3138@email.com,+18843083096,22.0,633.0,76092.18,PENDING,PREMIUM,UK
CUST4139,Customer_3139,customer_3139@email.com,,73.0,341.0,474515.49,PENDING,CORPORATE,UK
CUST4140,Customer_3140,customer_3140@email.com,+15651517141,44.0,348.0,325525.79,PENDING,SME,UK
CUST4141,Customer_3141,customer_3141@email.com,+11564894737,72.0,778.0,265728.82,PENDING,,UK
CUST4142,Customer_3142,customer_3142@email.com,+13309292568,48.0,363.0,423028.82,FAILED,CORPORATE,US
CUST4143,Customer_3143,customer_3143@email.com,+16842869521,38.0,700.0,266049.54,VERIFIED,SME,FR
CUST4144,Customer_3144,customer_3144@email.com,+19646108073,57.0,778.0,262211.6,VERIFIED,CORPORATE,FR
CUST4145,Customer_3145,customer_3145@email.com,+18552545702,27.0,789.0,416971.47,VERIFIED,SME,FR
CUST4146,Customer_3146,customer_3146@email.com,+17350926309,62.0,476.0,457972.51,FAILED,RETAIL,US
CUST4147,Customer_3147,customer_3147@email.com,+14135206514,41.0,724.0,411496.26,VERIFIED,RETAIL,US
CUST4148,Customer_3148,customer_3148@email.com,+11504784566,82.0,633.0,472504.75,VERIFIED,PREMIUM,UK
CUST4149,Customer_3149,customer_3149@email.com,+12336995716,72.0,344.0,404258.96,FAILED,PREMIUM,US
CUST4150,Customer_3150,customer_3150@email.com,+12917694206,50.0,466.0,147736.3,VERIFIED,CORPORATE,UK
CUST4151,Customer_3151,customer_3151@email.com,+19562649731,73.0,845.0,306883.68,VERIFIED,RETAIL,US
CUST4152,Customer_3152,customer_3152@email.com,+14192381952,-5.0,442.0,333820.06,VERIFIED,RETAIL,DE
CUST4153,Customer_3153,customer_3153@email.com,+15956437121,35.0,496.0,297717.5,VERIFIED,CORPORATE,UK
CUST4154,Customer_3154,customer_3154@email.com,+13921848514,22.0,597.0,370014.48,VERIFIED,CORPORATE,US
CUST4155,Customer_3155,customer_3155@email.com,+18430566281,55.0,795.0,449977.25,PENDING,RETAIL,US
CUST4156,Customer_3156,customer_3156@email.com,+16226908255,50.0,817.0,351123.02,VERIFIED,PREMIUM,US
CUST4157,Customer_3157,customer_3157@email.com,+17065942772,35.0,498.0,349182.62,VERIFIED,RETAIL,US
CUST4158,Customer_3158,customer_3158@email.com,+14646098661,51.0,425.0,138404.52,PENDING,PREMIUM,US
CUST4159,Customer_3159,customer_3159@email.com,+13997279720,41.0,705.0,278005.77,VERIFIED,CORPORATE,US
CUST4160,Customer_3160,customer_3160@email.com,+17282945449,60.0,694.0,291469.99,VERIFIED,SME,US
CUST4161,Customer_3161,customer_3161@email.com,,52.0,791.0,317983.7,VERIFIED,RETAIL,AU
CUST4162,Customer_3162,customer_3162@email.com,+19340173881,41.0,577.0,104454.83,VERIFIED,RETAIL,AU
CUST4163,Customer_3163,customer_3163@email.com,+16474730189,31.0,805.0,145974.61,VERIFIED,RETAIL,UK
CUST4164,Customer_3164,customer_3164@email.com,+19512771096,25.0,727.0,322306.62,VERIFIED,PREMIUM,US
CUST4165,Customer_3165,customer_3165@email.com,+19095338099,34.0,662.0,21768.0,FAILED,SME,FR
CUST4166,Customer_3166,customer_3166@email.com,+18923613727,76.0,833.0,462518.67,VERIFIED,RETAIL,AU
CUST4167,Customer_3167,customer_3167@email.com,+18669820811,53.0,839.0,391727.3,VERIFIED,RETAIL,UK
CUST4168,Customer_3168,customer_3168@email.com,+15245278487,23.0,744.0,52133.04,VERIFIED,SME,DE
CUST4169,Customer_3169,customer_3169@email.com,+16804382571,78.0,681.0,219463.83,VERIFIED,PREMIUM,UK
CUST4170,Customer_3170,customer_3170@email.com,+12199417331,39.0,766.0,403276.83,VERIFIED,PREMIUM,US
CUST4171,Customer_3171,customer_3171@email.com,+15367611599,31.0,586.0,66038.26,VERIFIED,CORPORATE,US
CUST4172,Customer_3172,customer_3172@email.com,+18290286762,30.0,699.0,446093.14,VERIFIED,RETAIL,UK
CUST4173,Customer_3173,customer_3173@email.com,+13315338162,57.0,453.0,180410.7,FAILED,RETAIL,UK
CUST4174,Customer_3174,customer_3174@email.com,+12237726894,57.0,841.0,355070.75,VERIFIED,RETAIL,DE
CUST4175,Customer_3175,customer_3175@email.com,+11544077905,67.0,585.0,323113.05,PENDING,PREMIUM,US
CUST4176,Customer_3176,customer_3176@email.com,+12572381721,81.0,541.0,350471.79,VERIFIED,CORPORATE,US
CUST4177,Customer_3177,customer_3177@email.com,+13049985361,81.0,608.0,5549.5,VERIFIED,CORPORATE,US
CUST4178,Customer_3178,customer_3178@email.com,+12637663802,49.0,802.0,462806.25,PENDING,RETAIL,UK
CUST4179,Customer_3179,customer_3179@email.com,+15853236801,41.0,,281730.96,VERIFIED,RETAIL,UK
CUST4180,Customer_3180,customer_3180@email.com,+13861257630,66.0,694.0,305001.51,VERIFIED,CORPORATE,DE
CUST4181,Customer_3181,customer_3181@email.com,+19901667472,27.0,787.0,117109.98,VERIFIED,PREMIUM,US
CUST4182,Customer_3182,customer_3182@email.com,+19377329136,32.0,361.0,31964.12,VERIFIED,CORPORATE,UK
CUST4183,Customer_3183,customer_3183@email.com,+14895300859,61.0,686.0,323782.15,VERIFIED,RETAIL,US
CUST4184,Customer_3184,customer_3184@email.com,+14739805396,40.0,329.0,383509.81,PENDING,RETAIL,UK
CUST4185,Customer_3185,customer_3185@email.com,+12272378414,72.0,386.0,404825.8,VERIFIED,RETAIL,US
CUST4186,Customer_3186,customer_3186@email.com,+11564332793,32.0,467.0,88698.99,VERIFIED,,US
CUST4187,Customer_3187,,+18955043594,43.0,843.0,372382.4,VERIFIED,PREMIUM,US
CUST4188,Customer_3188,customer_3188@email.com,+15933789595,72.0,427.0,378233.81,VERIFIED,PREMIUM,DE
CUST4189,Customer_3189,customer_3189@email.com,+11729877409,24.0,553.0,115988.24,PENDING,RETAIL,US
CUST4190,Customer_3190,customer_3190@email.com,+13180236138,23.0,827.0,28968.35,VERIFIED,RETAIL,UK
CUST4191,Customer_3191,customer_3191@email.com,+11079950587,79.0,481.0,93467.11,VERIFIED,SME,FR
CUST4192,Customer_3192,customer_3192@email.com,+17588357650,79.0,534.0,329991.3,VERIFIED,RETAIL,DE
CUST4193,Customer_3193,customer_3193@email.com,+12508498237,34.0,823.0,73939.86,VERIFIED,RETAIL,US
CUST4194,Customer_3194,customer_3194@email.com,+18065761704,55.0,551.0,121083.8,VERIFIED,SME,US
CUST4195,Customer_3195,customer_3195@email.com,+17007494699,24.0,519.0,204949.92,PENDING,RETAIL,DE
CUST4196,Customer_3196,customer_3196@email.com,+16202507032,80.0,731.0,144498.56,PENDING,PREMIUM,AU
CUST4197,Customer_3197,customer_3197@email.com,+15729093415,63.0,721.0,250343.32,PENDING,CORPORATE,UK
CUST4198,Customer_3198,customer_3198@email.com,+18787418198,33.0,789.0,426705.66,VERIFIED,RETAIL,FR
CUST4199,Customer_3199,customer_3199@email.com,+19074134099,60.0,777.0,553.04,VERIFIED,PREMIUM,DE
CUST4200,Customer_3200,customer_3200@email.com,+17595494039,23.0,489.0,454905.28,VERIFIED,PREMIUM,AU
CUST4201,Customer_3201,customer_3201@email.com,+11320282207,41.0,759.0,341952.64,VERIFIED,RETAIL,UK
CUST4202,Customer_3202,customer_3202@email.com,+18913410825,55.0,659.0,421721.12,VERIFIED,CORPORATE,UK
CUST4203,Customer_3203,customer_3203@email.com,,34.0,814.0,191349.67,VERIFIED,RETAIL,UK
CUST4204,Customer_3204,customer_3204@email.com,+19740009737,66.0,734.0,173400.93,PENDING,RETAIL,AU
CUST4205,Customer_3205,customer_3205@email.com,+15698137138,53.0,384.0,191704.26,VERIFIED,RETAIL,US
CUST4206,Customer_3206,customer_3206@email.com,+19921889767,72.0,637.0,178364.41,VERIFIED,RETAIL,US
CUST4207,Customer_3207,customer_3207@email.com,+13964182943,50.0,656.0,372807.1,PENDING,SME,FR
CUST4208,Customer_3208,customer_3208@email.com,+15911740747,18.0,399.0,16145.85,PENDING,RETAIL,US
CUST4209,Customer_3209,customer_3209@email.com,+14149805447,28.0,640.0,334257.45,VERIFIED,SME,US
CUST4210,Customer_3210,customer_3210@email.com,+14877591263,20.0,828.0,340733.19,FAILED,RETAIL,DE
CUST4211,Customer_3211,customer_3211@email.com,+19060197096,25.0,805.0,126882.51,PENDING,RETAIL,UK
CUST4212,Customer_3212,customer_3212@email.com,+15483579077,75.0,586.0,392317.47,VERIFIED,RETAIL,US
CUST4213,Customer_3213,customer_3213@email.com,+17230315240,40.0,677.0,373148.79,PENDING,CORPORATE,AU
CUST4214,Customer_3214,customer_3214@email.com,+11368074601,33.0,670.0,439407.03,VERIFIED,RETAIL,AU
CUST4215,Customer_3215,customer_3215@email.com,+17487634547,19.0,826.0,194764.27,FAILED,CORPORATE,UK
CUST4216,Customer_3216,customer_3216@email.com,+17543969854,31.0,667.0,140788.74,VERIFIED,RETAIL,DE
CUST4217,Customer_3217,customer_3217@email.com,+18867684956,67.0,827.0,402295.86,VERIFIED,RETAIL,DE
CUST4218,Customer_3218,customer_3218@email.com,+18337187934,20.0,590.0,2844.28,VERIFIED,SME,US
CUST4219,Customer_3219,customer_3219@email.com,+19603515825,78.0,764.0,249668.37,PENDING,RETAIL,UK
CUST4220,Customer_3220,customer_3220@email.com,+12798455159,43.0,840.0,411568.51,VERIFIED,PREMIUM,DE
CUST4221,Customer_3221,customer_3221@email.com,+14793662412,35.0,847.0,291776.05,VERIFIED,RETAIL,US
CUST4222,Customer_3222,customer_3222@email.com,+11893263554,37.0,380.0,20930.1,PENDING,RETAIL,US
CUST4223,Customer_3223,customer_3223@email.com,+19208796328,36.0,824.0,37165.55,VERIFIED,CORPORATE,FR
CUST4224,Customer_3224,customer_3224@email.com,+15888479595,79.0,704.0,353287.14,VERIFIED,PREMIUM,FR
CUST4225,Customer_3225,customer_3225@email.com,+15609708966,68.0,722.0,182916.4,VERIFIED,RETAIL,FR
CUST4226,Customer_3226,customer_3226@email.com,+17146266837,21.0,843.0,39187.76,VERIFIED,RETAIL,US
CUST4227,Customer_3227,customer_3227@email.com,+18717925378,42.0,841.0,493852.9,VERIFIED,PREMIUM,US
CUST4228,Customer_3228,customer_3228@email.com,+18726638510,31.0,711.0,14318.78,VERIFIED,CORPORATE,FR
CUST4229,Customer_3229,customer_3229@email.com,+15618996889,62.0,790.0,196631.03,VERIFIED,RETAIL,AU
CUST4230,Customer_3230,customer_3230@email.com,+14695186437,51.0,676.0,284758.79,VERIFIED,RETAIL,AU
CUST4231,Customer_3231,customer_3231@email.com,,21.0,748.0,387059.1,VERIFIED,RETAIL,US
CUST4232,Customer_3232,customer_3232@email.com,,58.0,589.0,127930.35,FAILED,CORPORATE,AU
CUST4233,Customer_3233,customer_3233@email.com,,35.0,353.0,179595.5,FAILED,CORPORATE,US
CUST4234,Customer_3234,customer_3234@email.com,+16198975097,79.0,341.0,2618.47,VERIFIED,CORPORATE,US
CUST4235,Customer_3235,customer_3235@email.com,+14655915523,85.0,350.0,315745.6,VERIFIED,RETAIL,US
CUST4236,Customer_3236,customer_3236@email.com,+18022026842,74.0,518.0,56931.64,VERIFIED,RETAIL,US
CUST4237,Customer_3237,customer_3237@email.com,+17919959052,24.0,408.0,158266.05,VERIFIED,PREMIUM,US
CUST4238,Customer_3238,customer_3238@email.com,+19824960990,18.0,402.0,165864.88,VERIFIED,PREMIUM,AU
CUST4239,Customer_3239,customer_3239@email.com,+18133874793,74.0,634.0,414443.55,PENDING,RETAIL,AU
CUST4240,Customer_3240,customer_3240@email.com,+12796667014,23.0,607.0,129175.71,VERIFIED,SME,UK
CUST4241,Customer_3241,customer_3241@email.com,+14513529582,34.0,435.0,226884.27,VERIFIED,PREMIUM,UK
CUST4242,Customer_3242,customer_3242@email.com,+17569509442,49.0,460.0,368835.58,VERIFIED,RETAIL,UK
CUST4243,Customer_3243,,+16477410455,49.0,825.0,465045.84,VERIFIED,RETAIL,DE
CUST4244,Customer_3244,customer_3244@email.com,+17747687454,76.0,481.0,5072.36,VERIFIED,PREMIUM,FR
CUST4245,Customer_3245,customer_3245@email.com,+13269347840,53.0,602.0,80195.04,VERIFIED,RETAIL,US
CUST4246,Customer_3246,customer_3246@email.com,+14934032516,26.0,402.0,451.58,VERIFIED,RETAIL,US
CUST4247,Customer_3247,customer_3247@email.com,+17854713698,59.0,764.0,134505.41,VERIFIED,PREMIUM,US
CUST4248,Customer_3248,customer_3248@email.com,+14921364581,73.0,408.0,290855.3,VERIFIED,PREMIUM,US
CUST4249,Customer_3249,customer_3249@email.com,+14671229468,33.0,627.0,348470.68,VERIFIED,,UK
CUST4250,Customer_3250,customer_3250@email.com,+11624742155,34.0,665.0,297443.68,FAILED,CORPORATE,US
CUST4251,Customer_3251,,+18402908920,81.0,690.0,143967.78,VERIFIED,RETAIL,UK
CUST4252,Customer_3252,customer_3252@email.com,+17684908552,74.0,497.0,442760.51,VERIFIED,PREMIUM,UK
CUST4253,Customer_3253,customer_3253@email.com,+18791476241,55.0,478.0,190412.9,VERIFIED,RETAIL,DE
CUST4254,Customer_3254,customer_3254@email.com,+15423236406,76.0,325.0,188097.46,VERIFIED,RETAIL,US
CUST4255,Customer_3255,customer_3255@email.com,+18531606772,45.0,728.0,162620.16,VERIFIED,SME,US
CUST4256,Customer_3256,customer_3256@email.com,+12898265141,81.0,594.0,263154.69,VERIFIED,RETAIL,UK
CUST4257,Customer_3257,customer_3257@email.com,+15218480852,80.0,571.0,181680.53,VERIFIED,PREMIUM,US
CUST4258,Customer_3258,customer_3258@email.com,+14151350830,83.0,428.0,281595.07,VERIFIED,RETAIL,US
CUST4259,Customer_3259,customer_3259@email.com,+16499032504,61.0,566.0,54529.83,VERIFIED,RETAIL,UK
CUST4260,Customer_3260,customer_3260@email.com,+15660689498,25.0,699.0,166097.83,FAILED,PREMIUM,UK
CUST4261,Customer_3261,customer_3261@email.com,+18198070161,82.0,,487855.37,PENDING,SME,AU
CUST4262,Customer_3262,customer_3262@email.com,+15979048068,31.0,696.0,144516.44,PENDING,RETAIL,US
CUST4263,Customer_3263,customer_3263@email.com,+19919289823,47.0,525.0,464571.36,VERIFIED,SME,FR
CUST4264,Customer_3264,customer_3264@email.com,+11329376099,32.0,753.0,254153.32,VERIFIED,RETAIL,FR
CUST4265,Customer_3265,customer_3265@email.com,+14018090350,19.0,318.0,73218.09,VERIFIED,SME,US
CUST4266,Customer_3266,customer_3266@email.com,+17028924237,65.0,710.0,328254.33,VERIFIED,CORPORATE,UK
CUST4267,Customer_3267,customer_3267@email.com,+16611506035,60.0,553.0,229691.63,VERIFIED,SME,US
CUST4268,Customer_3268,customer_3268@email.com,+14560954442,33.0,324.0,317540.95,PENDING,PREMIUM,UK
CUST4269,Customer_3269,customer_3269@email.com,+15233988333,36.0,317.0,147789.13,VERIFIED,RETAIL,US
CUST4270,Customer_3270,customer_3270@email.com,+13590206281,69.0,761.0,80464.91,VERIFIED,CORPORATE,UK
CUST4271,Customer_3271,customer_3271@email.com,+18332733273,21.0,653.0,410579.34,VERIFIED,PREMIUM,US
CUST4272,Customer_3272,customer_3272@email.com,+17003763870,57.0,356.0,98286.4,VERIFIED,RETAIL,DE
CUST4273,Customer_3273,customer_3273@email.com,+17827289213,48.0,662.0,111811.86,FAILED,SME,UK
CUST4274,Customer_3274,customer_3274@email.com,+11283357380,78.0,408.0,368878.92,VERIFIED,CORPORATE,UK
CUST4275,Customer_3275,customer_3275@email.com,+16422748114,29.0,526.0,306070.04,VERIFIED,PREMIUM,US
CUST4276,Customer_3276,customer_3276@email.com,+14070494905,37.0,317.0,229530.56,FAILED,CORPORATE,FR
CUST4277,Customer_3277,customer_3277@email.com,+17312667136,62.0,509.0,301434.91,VERIFIED,PREMIUM,US
CUST4278,Customer_3278,customer_3278@email.com,+14866129124,84.0,717.0,256514.19,FAILED,SME,UK
CUST4279,Customer_3279,customer_3279@email.com,+13301681469,50.0,402.0,399627.72,VERIFIED,RETAIL,US
CUST4280,Customer_3280,customer_3280@email.com,+19094030744,79.0,627.0,373930.26,PENDING,RETAIL,AU
CUST4281,Customer_3281,customer_3281@email.com,+13766714003,70.0,827.0,275907.89,VERIFIED,SME,UK
CUST4282,Customer_3282,customer_3282@email.com,+15130890459,81.0,456.0,240317.19,VERIFIED,RETAIL,FR
CUST4283,Customer_3283,customer_3283@email.com,+17557553965,74.0,434.0,37602.85,FAILED,RETAIL,FR
CUST4284,Customer_3284,customer_3284@email.com,+18036865228,62.0,816.0,188929.17,VERIFIED,CORPORATE,US
CUST4285,Customer_3285,customer_3285@email.com,+13083916528,84.0,459.0,178157.47,VERIFIED,RETAIL,US
CUST4286,Customer_3286,customer_3286@email.com,+17393492077,54.0,761.0,400595.99,VERIFIED,PREMIUM,UK
CUST4287,Customer_3287,customer_3287@email.com,+11488480785,64.0,800.0,493244.71,VERIFIED,,US
CUST4288,Customer_3288,customer_3288@email.com,+14325689942,74.0,463.0,440673.14,VERIFIED,RETAIL,FR
CUST4289,Customer_3289,customer_3289@email.com,+19044708974,21.0,362.0,188902.19,,SME,US
CUST4290,Customer_3290,customer_3290@email.com,+14007749818,18.0,613.0,65933.63,VERIFIED,CORPORATE,US
CUST4291,Customer_3291,customer_3291@email.com,+19564386852,24.0,395.0,187353.77,VERIFIED,PREMIUM,US
CUST4292,Customer_3292,customer_3292@email.com,+19792227664,67.0,697.0,176901.54,VERIFIED,CORPORATE,UK
CUST4293,Customer_3293,customer_3293@email.com,+18528963621,29.0,386.0,190404.47,VERIFIED,RETAIL,US
CUST4294,Customer_3294,customer_3294@email.com,+12932284731,150.0,733.0,95694.94,VERIFIED,SME,US
CUST4295,Customer_3295,customer_3295@email.com,+18947707985,,830.0,149350.3,PENDING,PREMIUM,US
CUST4296,Customer_3296,customer_3296@email.com,+14353644806,49.0,624.0,303821.32,VERIFIED,RETAIL,FR
CUST4297,Customer_3297,customer_3297@email.com,+13781694598,43.0,323.0,117686.01,VERIFIED,SME,US
CUST4298,Customer_3298,customer_3298@email.com,+14480545223,28.0,351.0,183186.64,VERIFIED,RETAIL,US
CUST4299,Customer_3299,customer_3299@email.com,+13567540201,54.0,630.0,3499.98,VERIFIED,SME,US
CUST4300,Customer_3300,customer_3300@email.com,+13020420590,150.0,518.0,475411.73,FAILED,PREMIUM,US
CUST4301,Customer_3301,customer_3301@email.com,+14717350623,53.0,619.0,393201.08,VERIFIED,PREMIUM,US
CUST4302,Customer_3302,customer_3302@email.com,+15133964286,79.0,351.0,491686.65,FAILED,,DE
CUST4303,Customer_3303,customer_3303@email.com,+16894390944,63.0,756.0,421718.18,VERIFIED,RETAIL,US
CUST4304,Customer_3304,,+16087818926,73.0,414.0,374214.5,VERIFIED,RETAIL,AU
CUST4305,Customer_3305,,+15185712274,63.0,698.0,332898.96,VERIFIED,SME,DE
CUST4306,Customer_3306,customer_3306@email.com,+14404522309,55.0,383.0,144034.02,VERIFIED,RETAIL,DE
CUST4307,Customer_3307,customer_3307@email.com,+14188485600,66.0,,410322.44,VERIFIED,RETAIL,AU
CUST4308,Customer_3308,customer_3308@email.com,+12415553183,61.0,635.0,366578.95,VERIFIED,RETAIL,US
CUST4309,Customer_3309,customer_3309@email.com,+15462833997,82.0,363.0,408841.46,PENDING,CORPORATE,US
CUST4310,Customer_3310,customer_3310@email.com,+14752595759,51.0,820.0,452699.49,VERIFIED,PREMIUM,DE
CUST4311,Customer_3311,customer_3311@email.com,+19453648549,69.0,507.0,375477.37,VERIFIED,RETAIL,UK
CUST4312,Customer_3312,customer_3312@email.com,+15118357225,74.0,456.0,380105.15,VERIFIED,PREMIUM,US
CUST4313,Customer_3313,customer_3313@email.com,+15703030913,33.0,787.0,40404.59,VERIFIED,RETAIL,UK
CUST4314,Customer_3314,customer_3314@email.com,+11432563432,25.0,843.0,258373.68,PENDING,RETAIL,DE
CUST4315,Customer_3315,customer_3315@email.com,+15114306749,40.0,347.0,113025.28,VERIFIED,PREMIUM,UK
CUST4316,Customer_3316,customer_3316@email.com,+13146273812,,629.0,452052.96,PENDING,RETAIL,US
CUST4317,Customer_3317,customer_3317@email.com,+15154347526,53.0,770.0,104981.13,VERIFIED,RETAIL,US
CUST4318,Customer_3318,customer_3318@email.com,+11979374020,65.0,641.0,410455.85,PENDING,CORPORATE,US
CUST4319,Customer_3319,customer_3319@email.com,+17012130285,25.0,320.0,217839.19,VERIFIED,,UK
CUST4320,Customer_3320,customer_3320@email.com,+16437755763,61.0,761.0,25299.14,PENDING,SME,US
CUST4321,Customer_3321,customer_3321@email.com,,45.0,712.0,282179.28,FAILED,PREMIUM,FR
CUST4322,Customer_3322,customer_3322@email.com,+12159819289,72.0,699.0,3321.26,VERIFIED,RETAIL,US
CUST4323,Customer_3323,customer_3323@email.com,+17481234725,26.0,345.0,247809.46,VERIFIED,CORPORATE,DE
CUST4324,Customer_3324,customer_3324@email.com,+18328420974,68.0,452.0,284109.44,VERIFIED,SME,US
CUST4325,Customer_3325,customer_3325@email.com,+13528108018,62.0,372.0,47627.14,VERIFIED,CORPORATE,US
CUST4326,Customer_3326,,+18742397497,82.0,363.0,210235.07,PENDING,CORPORATE,US
CUST4327,Customer_3327,customer_3327@email.com,+18397351713,63.0,652.0,222084.42,VERIFIED,RETAIL,US
CUST4328,Customer_3328,customer_3328@email.com,+12628485039,52.0,367.0,414602.22,VERIFIED,CORPORATE,US
CUST4329,Customer_3329,customer_3329@email.com,+15497018864,79.0,414.0,333890.21,VERIFIED,CORPORATE,US
CUST4330,Customer_3330,customer_3330@email.com,+18245162397,77.0,534.0,383643.51,VERIFIED,RETAIL,DE
CUST4331,Customer_3331,,+12029085622,20.0,618.0,166316.05,VERIFIED,RETAIL,US
CUST4332,Customer_3332,customer_3332@email.com,+19930702478,74.0,655.0,297816.18,PENDING,RETAIL,AU
CUST4333,Customer_3333,customer_3333@email.com,+18080001050,21.0,,492988.76,PENDING,RETAIL,AU
CUST4334,Customer_3334,customer_3334@email.com,+11660032865,42.0,417.0,-399.71,VERIFIED,RETAIL,AU
CUST4335,Customer_3335,customer_3335@email.com,+13923729205,20.0,374.0,276467.23,VERIFIED,PREMIUM,US
CUST4336,Customer_3336,customer_3336@email.com,+12059311316,51.0,716.0,357266.08,VERIFIED,RETAIL,UK
CUST4337,Customer_3337,customer_3337@email.com,+17563937904,25.0,736.0,177722.72,VERIFIED,RETAIL,US
CUST4338,Customer_3338,customer_3338@email.com,+13421704111,76.0,419.0,12863.41,VERIFIED,SME,AU
CUST4339,Customer_3339,customer_3339@email.com,+18624099962,34.0,567.0,353632.54,VERIFIED,SME,AU
CUST4340,Customer_3340,customer_3340@email.com,+17383382282,64.0,768.0,463327.68,VERIFIED,SME,US
CUST4341,Customer_3341,customer_3341@email.com,+18882844281,73.0,416.0,202324.46,PENDING,PREMIUM,US
CUST4342,Customer_3342,customer_3342@email.com,,50.0,575.0,23332.29,VERIFIED,RETAIL,US
CUST4343,Customer_3343,customer_3343@email.com,+11349085941,60.0,467.0,410641.61,PENDING,RETAIL,FR
CUST4344,Customer_3344,customer_3344@email.com,+19358639682,41.0,547.0,476189.17,FAILED,RETAIL,US
CUST4345,Customer_3345,customer_3345@email.com,+13332240289,76.0,401.0,203953.38,VERIFIED,RETAIL,UK
CUST4346,Customer_3346,customer_3346@email.com,+19265804932,67.0,429.0,183689.17,VERIFIED,CORPORATE,US
CUST4347,Customer_3347,customer_3347@email.com,+17099887562,38.0,353.0,105712.2,VERIFIED,PREMIUM,US
CUST4348,Customer_3348,customer_3348@email.com,+17362023780,41.0,518.0,152639.36,VERIFIED,PREMIUM,US
CUST4349,Customer_3349,customer_3349@email.com,+18535022702,83.0,647.0,496144.65,FAILED,SME,DE
CUST4350,Customer_3350,customer_3350@email.com,+19360855618,40.0,760.0,236047.68,PENDING,CORPORATE,UK
CUST4351,Customer_3351,customer_3351@email.com,+18493184842,43.0,492.0,169402.64,VERIFIED,RETAIL,UK
CUST4352,Customer_3352,customer_3352@email.com,+12883700421,36.0,746.0,212973.94,VERIFIED,RETAIL,DE
CUST4353,Customer_3353,customer_3353@email.com,+16946396933,60.0,736.0,197905.05,VERIFIED,RETAIL,UK
CUST4354,Customer_3354,customer_3354@email.com,+14036082349,36.0,423.0,152748.7,FAILED,CORPORATE,FR
CUST4355,Customer_3355,customer_3355@email.com,+16652681838,49.0,672.0,438852.88,VERIFIED,RETAIL,DE
CUST4356,Customer_3356,customer_3356@email.com,+16174559437,46.0,,322976.83,VERIFIED,RETAIL,AU
CUST4357,Customer_3357,customer_3357@email.com,+19568085614,79.0,803.0,163708.55,VERIFIED,RETAIL,AU
CUST4358,Customer_3358,customer_3358@email.com,+16577006879,48.0,525.0,151148.1,PENDING,SME,UK
CUST4359,Customer_3359,customer_3359@email.com,+13180082775,83.0,411.0,399947.71,VERIFIED,CORPORATE,UK
CUST4360,Customer_3360,customer_3360@email.com,+15746063113,81.0,439.0,442154.58,VERIFIED,PREMIUM,AU
CUST4361,Customer_3361,customer_3361@email.com,+12240783897,66.0,595.0,31416.83,VERIFIED,PREMIUM,US
CUST4362,Customer_3362,customer_3362@email.com,+17546479999,30.0,638.0,451156.34,PENDING,RETAIL,US
CUST4363,Customer_3363,customer_3363@email.com,+15076804431,46.0,800.0,173651.25,VERIFIED,RETAIL,AU
CUST4364,Customer_3364,customer_3364@email.com,+18786850561,18.0,314.0,181086.99,VERIFIED,SME,FR
CUST4365,Customer_3365,customer_3365@email.com,+18374961917,74.0,755.0,169276.14,PENDING,RETAIL,
CUST4366,Customer_3366,customer_3366@email.com,+14522264910,45.0,530.0,87340.3,VERIFIED,RETAIL,US
CUST4367,Customer_3367,customer_3367@email.com,+11767322331,52.0,318.0,75389.08,VERIFIED,PREMIUM,DE
CUST4368,Customer_3368,customer_3368@email.com,+11642046663,52.0,827.0,481596.82,VERIFIED,,US
CUST4369,Customer_3369,customer_3369@email.com,+12182167650,84.0,722.0,50174.8,VERIFIED,CORPORATE,US
CUST4370,Customer_3370,customer_3370@email.com,+11256189925,57.0,459.0,26816.58,VERIFIED,RETAIL,US
CUST4371,Customer_3371,customer_3371@email.com,+13326354265,43.0,383.0,42926.31,VERIFIED,CORPORATE,UK
CUST4372,Customer_3372,customer_3372@email.com,+12434581264,49.0,313.0,159297.04,VERIFIED,CORPORATE,US
CUST4373,Customer_3373,customer_3373@email.com,+16629898216,82.0,693.0,198587.45,VERIFIED,RETAIL,US
CUST4374,Customer_3374,customer_3374@email.com,+12063371977,76.0,753.0,491349.44,VERIFIED,CORPORATE,US
CUST4375,Customer_3375,customer_3375@email.com,+16478019514,78.0,357.0,16695.4,FAILED,SME,US
CUST4376,Customer_3376,customer_3376@email.com,+19081556878,53.0,352.0,392134.52,VERIFIED,RETAIL,US
CUST4377,Customer_3377,customer_3377@email.com,+18529208139,47.0,474.0,66448.44,VERIFIED,CORPORATE,FR
CUST4378,Customer_3378,customer_3378@email.com,+14983342967,67.0,445.0,80937.29,VERIFIED,RETAIL,US
CUST4379,Customer_3379,customer_3379@email.com,+12308780594,52.0,393.0,494401.59,VERIFIED,PREMIUM,AU
CUST4380,Customer_3380,customer_3380@email.com,+11515115661,39.0,562.0,338495.09,PENDING,RETAIL,AU
CUST4381,Customer_3381,customer_3381@email.com,+18433572537,68.0,402.0,1651.41,VERIFIED,CORPORATE,US
CUST4382,Customer_3382,customer_3382@email.com,+13013558348,22.0,797.0,37488.75,VERIFIED,PREMIUM,UK
CUST4383,Customer_3383,customer_3383@email.com,+14397116123,70.0,361.0,492111.12,VERIFIED,PREMIUM,
CUST4384,Customer_3384,customer_3384@email.com,,37.0,585.0,14891.93,VERIFIED,PREMIUM,FR
CUST4385,Customer_3385,customer_3385@email.com,+11640101490,36.0,754.0,4646.0,VERIFIED,RETAIL,UK
CUST4386,Customer_3386,customer_3386@email.com,+11339323863,20.0,445.0,33199.6,VERIFIED,CORPORATE,UK
CUST4387,Customer_3387,customer_3387@email.com,+14955451584,84.0,601.0,156230.27,PENDING,RETAIL,UK
CUST4388,Customer_3388,customer_3388@email.com,+15419503720,51.0,800.0,15067.91,VERIFIED,CORPORATE,US
CUST4389,Customer_3389,customer_3389@email.com,,34.0,536.0,66889.56,VERIFIED,SME,UK
CUST4390,Customer_3390,customer_3390@email.com,+16916043902,68.0,700.0,231033.96,VERIFIED,CORPORATE,US
CUST4391,Customer_3391,customer_3391@email.com,+11281647688,57.0,604.0,13549.22,FAILED,RETAIL,UK
CUST4392,Customer_3392,customer_3392@email.com,+19261672821,24.0,804.0,241358.55,VERIFIED,SME,DE
CUST4393,Customer_3393,customer_3393@email.com,+12230213820,49.0,,132971.06,VERIFIED,RETAIL,FR
CUST4394,Customer_3394,customer_3394@email.com,+16738157002,57.0,770.0,392755.91,PENDING,SME,UK
CUST4395,Customer_3395,customer_3395@email.com,+14798207584,69.0,433.0,348253.49,VERIFIED,RETAIL,US
CUST4396,Customer_3396,customer_3396@email.com,+11841945100,40.0,305.0,196770.78,VERIFIED,RETAIL,UK
CUST4397,Customer_3397,customer_3397@email.com,+16807296578,34.0,389.0,128528.51,VERIFIED,PREMIUM,US
CUST4398,Customer_3398,customer_3398@email.com,+17659457672,65.0,824.0,146578.97,VERIFIED,RETAIL,DE
CUST4399,Customer_3399,customer_3399@email.com,,59.0,522.0,444373.45,,CORPORATE,
CUST4400,Customer_3400,customer_3400@email.com,,85.0,761.0,173875.64,VERIFIED,RETAIL,US
CUST4401,Customer_3401,customer_3401@email.com,+16540591995,23.0,609.0,155123.16,VERIFIED,SME,AU
CUST4402,Customer_3402,customer_3402@email.com,+18212314725,60.0,641.0,359509.48,VERIFIED,RETAIL,FR
CUST4403,Customer_3403,customer_3403@email.com,+17992330105,39.0,510.0,154832.72,VERIFIED,RETAIL,
CUST4404,Customer_3404,customer_3404@email.com,+18930614427,39.0,419.0,290655.31,FAILED,SME,UK
CUST4405,Customer_3405,customer_3405@email.com,+15748373854,74.0,422.0,333648.68,VERIFIED,SME,US
CUST4406,Customer_3406,customer_3406@email.com,+16660894247,52.0,407.0,209643.05,VERIFIED,PREMIUM,US
CUST4407,Customer_3407,customer_3407@email.com,+19666631408,34.0,811.0,100469.0,FAILED,PREMIUM,UK
CUST4408,Customer_3408,customer_3408@email.com,+11598823345,54.0,832.0,148511.28,VERIFIED,CORPORATE,US
CUST4409,Customer_3409,,,46.0,505.0,198397.34,VERIFIED,PREMIUM,UK
CUST4410,Customer_3410,customer_3410@email.com,+15417205985,40.0,664.0,444492.38,VERIFIED,CORPORATE,US
CUST4411,Customer_3411,customer_3411@email.com,+18739045714,56.0,674.0,483211.4,VERIFIED,SME,UK
CUST4412,Customer_3412,customer_3412@email.com,+15913298615,,607.0,150037.34,VERIFIED,SME,US
CUST4413,Customer_3413,customer_3413@email.com,+19633121204,61.0,842.0,333922.15,VERIFIED,PREMIUM,US
CUST4414,Customer_3414,customer_3414@email.com,+11309392257,59.0,817.0,30011.04,VERIFIED,PREMIUM,US
CUST4415,Customer_3415,customer_3415@email.com,+15352435675,39.0,719.0,57299.72,VERIFIED,CORPORATE,US
CUST4416,Customer_3416,customer_3416@email.com,+12022715066,58.0,552.0,88693.36,VERIFIED,RETAIL,US
CUST4417,Customer_3417,customer_3417@email.com,+17785226572,52.0,515.0,382850.92,VERIFIED,SME,US
CUST4418,Customer_3418,customer_3418@email.com,+16615902063,21.0,408.0,2487.78,VERIFIED,RETAIL,UK
CUST4419,Customer_3419,customer_3419@email.com,+16522787740,19.0,372.0,369997.76,VERIFIED,RETAIL,FR
CUST4420,Customer_3420,customer_3420@email.com,+16923089926,61.0,529.0,373176.58,PENDING,SME,US
CUST4421,Customer_3421,customer_3421@email.com,+11205633666,84.0,418.0,367116.78,,CORPORATE,UK
CUST4422,Customer_3422,customer_3422@email.com,+11896723624,55.0,716.0,260916.87,VERIFIED,SME,UK
CUST4423,Customer_3423,customer_3423@email.com,+19339228666,29.0,508.0,489433.59,VERIFIED,SME,AU
CUST4424,Customer_3424,customer_3424@email.com,+17694555142,25.0,631.0,202530.98,VERIFIED,CORPORATE,UK
CUST4425,Customer_3425,customer_3425@email.com,+14812145280,48.0,830.0,412964.77,VERIFIED,PREMIUM,US
CUST4426,Customer_3426,customer_3426@email.com,+12152619705,62.0,514.0,222008.33,VERIFIED,RETAIL,US
CUST4427,Customer_3427,customer_3427@email.com,+14432055739,22.0,300.0,68659.89,VERIFIED,RETAIL,US
CUST4428,Customer_3428,customer_3428@email.com,+17353853218,48.0,483.0,7459.16,PENDING,,US
CUST4429,Customer_3429,customer_3429@email.com,+16734466996,31.0,791.0,398546.66,,RETAIL,US
CUST4430,Customer_3430,customer_3430@email.com,,57.0,692.0,393606.13,VERIFIED,RETAIL,FR
CUST4431,Customer_3431,customer_3431@email.com,+17661273066,38.0,804.0,415139.59,VERIFIED,CORPORATE,UK
CUST4432,Customer_3432,customer_3432@email.com,+14953194347,25.0,789.0,312137.55,VERIFIED,PREMIUM,US
CUST4433,Customer_3433,customer_3433@email.com,+19112654487,24.0,486.0,411760.87,VERIFIED,RETAIL,FR
CUST4434,Customer_3434,,+17485822749,76.0,305.0,398994.2,VERIFIED,RETAIL,UK
CUST4435,Customer_3435,customer_3435@email.com,+11904122053,67.0,833.0,8702.63,VERIFIED,CORPORATE,DE
CUST4436,Customer_3436,customer_3436@email.com,,62.0,356.0,467751.66,VERIFIED,RETAIL,UK
CUST4437,Customer_3437,customer_3437@email.com,+18699464285,52.0,600.0,88186.41,VERIFIED,RETAIL,
CUST4438,Customer_3438,customer_3438@email.com,+11255421337,22.0,678.0,89484.9,FAILED,RETAIL,AU
CUST4439,Customer_3439,customer_3439@email.com,+16485024789,65.0,835.0,49989.46,VERIFIED,RETAIL,AU
CUST4440,Customer_3440,customer_3440@email.com,,42.0,782.0,371298.9,FAILED,SME,US
CUST4441,Customer_3441,customer_3441@email.com,+14328825523,41.0,686.0,168981.23,VERIFIED,PREMIUM,US
CUST4442,Customer_3442,customer_3442@email.com,+16155762512,81.0,409.0,346733.72,VERIFIED,RETAIL,US
CUST4443,Customer_3443,customer_3443@email.com,+14878786449,83.0,525.0,207178.73,VERIFIED,RETAIL,UK
CUST4444,Customer_3444,customer_3444@email.com,+14990016058,45.0,325.0,137973.76,VERIFIED,PREMIUM,FR
CUST4445,Customer_3445,customer_3445@email.com,+14518144962,82.0,668.0,66418.71,VERIFIED,RETAIL,US
CUST4446,Customer_3446,customer_3446@email.com,+14396044469,73.0,551.0,482743.01,FAILED,RETAIL,AU
CUST4447,Customer_3447,customer_3447@email.com,+16608730088,38.0,559.0,132096.07,PENDING,PREMIUM,UK
CUST4448,Customer_3448,customer_3448@email.com,+12083237747,41.0,405.0,278758.5,VERIFIED,SME,UK
CUST4449,Customer_3449,customer_3449@email.com,+17462313024,74.0,319.0,187021.06,PENDING,RETAIL,UK
CUST4450,Customer_3450,customer_3450@email.com,+18645991507,68.0,562.0,110892.45,VERIFIED,PREMIUM,AU
CUST4451,Customer_3451,customer_3451@email.com,+19858372471,33.0,513.0,302776.32,VERIFIED,,DE
CUST4452,Customer_3452,customer_3452@email.com,+18310150988,18.0,340.0,167447.44,PENDING,SME,US
CUST4453,Customer_3453,customer_3453@email.com,+12031403001,42.0,401.0,488496.44,VERIFIED,SME,US
CUST4454,Customer_3454,customer_3454@email.com,+11616758804,70.0,615.0,255192.37,VERIFIED,SME,UK
CUST4455,Customer_3455,customer_3455@email.com,+12402244659,70.0,496.0,110840.82,PENDING,PREMIUM,
CUST4456,Customer_3456,customer_3456@email.com,+17585255753,30.0,,264800.05,VERIFIED,RETAIL,UK
CUST4457,Customer_3457,customer_3457@email.com,+12501373117,55.0,698.0,491466.18,VERIFIED,RETAIL,DE
CUST4458,Customer_3458,customer_3458@email.com,+12992305620,50.0,347.0,122877.67,PENDING,CORPORATE,DE
CUST4459,Customer_3459,customer_3459@email.com,+15551965379,49.0,414.0,224349.18,VERIFIED,SME,US
CUST4460,Customer_3460,customer_3460@email.com,+19322962147,33.0,560.0,484969.47,VERIFIED,PREMIUM,UK
CUST4461,Customer_3461,customer_3461@email.com,+17960009321,70.0,461.0,263049.04,VERIFIED,RETAIL,UK
CUST4462,Customer_3462,customer_3462@email.com,+13709643046,19.0,840.0,336755.96,VERIFIED,PREMIUM,FR
CUST4463,Customer_3463,customer_3463@email.com,+12018040354,29.0,822.0,194554.84,VERIFIED,RETAIL,US
CUST4464,Customer_3464,customer_3464@email.com,,53.0,532.0,391440.89,VERIFIED,RETAIL,US
CUST4465,Customer_3465,customer_3465@email.com,+13621331262,33.0,797.0,102122.38,VERIFIED,PREMIUM,US
CUST4466,Customer_3466,customer_3466@email.com,+19352063353,54.0,842.0,23406.38,VERIFIED,CORPORATE,DE
CUST4467,Customer_3467,customer_3467@email.com,+11169766722,37.0,606.0,440511.93,VERIFIED,RETAIL,US
CUST4468,Customer_3468,customer_3468@email.com,+15385565470,29.0,347.0,469754.45,VERIFIED,CORPORATE,AU
CUST4469,Customer_3469,customer_3469@email.com,+14801687083,26.0,612.0,155111.19,VERIFIED,,UK
CUST4470,Customer_3470,customer_3470@email.com,+16317649496,50.0,603.0,405673.7,VERIFIED,RETAIL,AU
CUST4471,Customer_3471,customer_3471@email.com,+14601229267,57.0,734.0,378349.0,VERIFIED,RETAIL,US
CUST4472,Customer_3472,customer_3472@email.com,+11703622783,75.0,397.0,183842.45,VERIFIED,RETAIL,DE
CUST4473,Customer_3473,customer_3473@email.com,+13205096441,42.0,700.0,13746.66,VERIFIED,CORPORATE,US
CUST4474,Customer_3474,customer_3474@email.com,+19726843593,18.0,666.0,458910.59,FAILED,RETAIL,US
CUST4475,Customer_3475,customer_3475@email.com,+14545852725,71.0,584.0,405313.91,VERIFIED,RETAIL,UK
CUST4476,Customer_3476,customer_3476@email.com,+15753081077,32.0,390.0,153318.79,VERIFIED,SME,FR
CUST4477,Customer_3477,customer_3477@email.com,+12623558627,59.0,593.0,480735.52,VERIFIED,RETAIL,FR
CUST4478,Customer_3478,customer_3478@email.com,+14294695694,65.0,532.0,409712.89,VERIFIED,RETAIL,AU
CUST4479,Customer_3479,customer_3479@email.com,+12574478185,51.0,589.0,20777.7,VERIFIED,SME,UK
CUST4480,Customer_3480,customer_3480@email.com,+14839973608,58.0,740.0,281770.29,VERIFIED,PREMIUM,DE
CUST4481,Customer_3481,,+19290771992,85.0,636.0,264988.3,PENDING,SME,US
CUST4482,Customer_3482,customer_3482@email.com,+18581422801,27.0,580.0,417436.06,VERIFIED,RETAIL,US
CUST4483,Customer_3483,customer_3483@email.com,+18970665688,56.0,840.0,177304.82,VERIFIED,PREMIUM,FR
CUST4484,Customer_3484,customer_3484@email.com,+17753772354,44.0,376.0,89606.69,VERIFIED,SME,DE
CUST4485,Customer_3485,customer_3485@email.com,+15292477623,57.0,697.0,448529.95,VERIFIED,CORPORATE,US
CUST4486,Customer_3486,customer_3486@email.com,+17955323191,25.0,,23756.76,,RETAIL,UK
CUST4487,Customer_3487,customer_3487@email.com,+12236415489,48.0,,-430.45,VERIFIED,SME,US
CUST4488,Customer_3488,customer_3488@email.com,+13365425484,53.0,381.0,114133.25,VERIFIED,RETAIL,US
CUST4489,Customer_3489,customer_3489@email.com,+15802147276,53.0,521.0,97615.91,VERIFIED,PREMIUM,US
CUST4490,Customer_3490,customer_3490@email.com,+14291048882,61.0,408.0,300709.85,FAILED,SME,US
CUST4491,Customer_3491,customer_3491@email.com,+19740803845,65.0,428.0,132666.64,VERIFIED,PREMIUM,FR
CUST4492,Customer_3492,,+19538494913,,825.0,57901.83,PENDING,PREMIUM,US
CUST4493,Customer_3493,customer_3493@email.com,+13608336521,56.0,788.0,229820.37,PENDING,PREMIUM,AU
CUST4494,Customer_3494,customer_3494@email.com,+11404020466,52.0,338.0,261863.91,PENDING,RETAIL,UK
CUST4495,Customer_3495,customer_3495@email.com,+11275015466,71.0,339.0,486925.3,FAILED,RETAIL,AU
CUST4496,Customer_3496,customer_3496@email.com,+18906285018,61.0,590.0,114297.72,VERIFIED,RETAIL,UK
CUST4497,Customer_3497,,+15057472995,53.0,822.0,174134.7,VERIFIED,CORPORATE,US
CUST4498,Customer_3498,,+17439827071,27.0,317.0,165258.24,VERIFIED,SME,DE
CUST4499,Customer_3499,customer_3499@email.com,+13974573575,65.0,548.0,288006.29,FAILED,RETAIL,UK
CUST4500,Customer_3500,customer_3500@email.com,+17789464049,43.0,384.0,418728.71,VERIFIED,RETAIL,AU
CUST4501,Customer_3501,customer_3501@email.com,+17110422255,41.0,627.0,353362.29,VERIFIED,RETAIL,US
CUST4502,Customer_3502,customer_3502@email.com,+13058533032,41.0,463.0,198946.03,FAILED,RETAIL,FR
CUST4503,Customer_3503,customer_3503@email.com,+19409848896,47.0,611.0,74710.41,VERIFIED,SME,DE
CUST4504,Customer_3504,customer_3504@email.com,+12705051186,81.0,531.0,265810.92,VERIFIED,PREMIUM,
CUST4505,Customer_3505,customer_3505@email.com,+12726326221,24.0,807.0,475545.64,VERIFIED,CORPORATE,DE
CUST4506,Customer_3506,customer_3506@email.com,+13293293046,37.0,384.0,470672.65,FAILED,RETAIL,UK
CUST4507,Customer_3507,customer_3507@email.com,+19693354954,47.0,682.0,79381.54,VERIFIED,RETAIL,AU
CUST4508,Customer_3508,customer_3508@email.com,+15096069484,32.0,451.0,386377.01,VERIFIED,CORPORATE,US
CUST4509,Customer_3509,customer_3509@email.com,+16631457212,42.0,389.0,356419.74,VERIFIED,SME,AU
CUST4510,Customer_3510,customer_3510@email.com,+11225164530,28.0,461.0,391058.64,VERIFIED,CORPORATE,UK
CUST4511,Customer_3511,customer_3511@email.com,+18835852681,50.0,356.0,329224.16,VERIFIED,SME,FR
CUST4512,Customer_3512,customer_3512@email.com,+12175151137,39.0,836.0,74190.06,VERIFIED,SME,US
CUST4513,Customer_3513,customer_3513@email.com,+11221334259,30.0,335.0,322264.65,VERIFIED,CORPORATE,US
CUST4514,Customer_3514,customer_3514@email.com,+18737097193,30.0,348.0,16583.06,VERIFIED,RETAIL,UK
CUST4515,Customer_3515,customer_3515@email.com,+19280980102,48.0,651.0,486814.25,VERIFIED,CORPORATE,DE
CUST4516,Customer_3516,customer_3516@email.com,+18392881721,49.0,663.0,289024.22,VERIFIED,SME,AU
CUST4517,Customer_3517,customer_3517@email.com,+17831477488,22.0,688.0,361064.61,VERIFIED,PREMIUM,UK
CUST4518,Customer_3518,customer_3518@email.com,+18562761339,83.0,590.0,348238.53,VERIFIED,,US
CUST4519,Customer_3519,customer_3519@email.com,+11837614766,46.0,771.0,449448.1,VERIFIED,RETAIL,UK
CUST4520,Customer_3520,customer_3520@email.com,+15597463542,41.0,440.0,488877.15,VERIFIED,RETAIL,FR
CUST4521,Customer_3521,customer_3521@email.com,+19148131474,64.0,603.0,208890.06,VERIFIED,PREMIUM,US
CUST4522,Customer_3522,customer_3522@email.com,+12014301616,71.0,415.0,476623.21,PENDING,PREMIUM,UK
CUST4523,Customer_3523,customer_3523@email.com,+16597276803,26.0,407.0,372108.95,VERIFIED,PREMIUM,US
CUST4524,Customer_3524,customer_3524@email.com,+15546360271,50.0,454.0,36413.15,,PREMIUM,DE
CUST4525,Customer_3525,customer_3525@email.com,,22.0,582.0,401455.35,VERIFIED,RETAIL,
CUST4526,Customer_3526,customer_3526@email.com,+15878049578,49.0,558.0,115307.01,VERIFIED,CORPORATE,AU
CUST4527,Customer_3527,customer_3527@email.com,+13823456539,-5.0,759.0,247212.32,VERIFIED,SME,US
CUST4528,Customer_3528,customer_3528@email.com,+17032322935,78.0,388.0,41091.03,VERIFIED,RETAIL,UK
CUST4529,Customer_3529,customer_3529@email.com,+15081094132,77.0,707.0,294583.37,VERIFIED,RETAIL,DE
CUST4530,Customer_3530,customer_3530@email.com,+16574693287,29.0,595.0,320095.03,FAILED,RETAIL,US
CUST4531,Customer_3531,customer_3531@email.com,+19017627415,52.0,625.0,292123.72,VERIFIED,RETAIL,US
CUST4532,Customer_3532,customer_3532@email.com,+17066985847,61.0,832.0,39727.18,VERIFIED,CORPORATE,AU
CUST4533,Customer_3533,customer_3533@email.com,+12716419776,27.0,834.0,354170.79,VERIFIED,SME,AU
CUST4534,Customer_3534,customer_3534@email.com,+19453106030,80.0,,224700.44,,CORPORATE,AU
CUST4535,Customer_3535,customer_3535@email.com,+18806648380,24.0,711.0,256722.71,VERIFIED,PREMIUM,US
CUST4536,Customer_3536,customer_3536@email.com,+12787870117,69.0,580.0,278438.56,VERIFIED,RETAIL,DE
CUST4537,Customer_3537,customer_3537@email.com,+12126310017,51.0,743.0,215004.48,PENDING,CORPORATE,US
CUST4538,Customer_3538,customer_3538@email.com,+15567665800,55.0,536.0,97489.0,PENDING,RETAIL,US
CUST4539,Customer_3539,customer_3539@email.com,+16559506517,79.0,313.0,103848.31,PENDING,PREMIUM,UK
CUST4540,Customer_3540,customer_3540@email.com,+12360561634,41.0,,490911.94,FAILED,CORPORATE,AU
CUST4541,Customer_3541,customer_3541@email.com,+13386322111,68.0,564.0,486339.6,VERIFIED,RETAIL,FR
CUST4542,Customer_3542,customer_3542@email.com,+15861823059,30.0,521.0,40977.26,VERIFIED,PREMIUM,US
CUST4543,Customer_3543,customer_3543@email.com,+18811875494,25.0,579.0,74773.49,VERIFIED,CORPORATE,UK
CUST4544,Customer_3544,customer_3544@email.com,+16355883933,46.0,439.0,24453.23,VERIFIED,CORPORATE,UK
CUST4545,Customer_3545,customer_3545@email.com,+15682048997,43.0,502.0,273853.34,PENDING,RETAIL,US
CUST4546,Customer_3546,customer_3546@email.com,+12694609751,40.0,591.0,184585.96,VERIFIED,CORPORATE,US
CUST4547,Customer_3547,customer_3547@email.com,,,520.0,70269.37,VERIFIED,,UK
CUST4548,Customer_3548,customer_3548@email.com,+12663372386,42.0,342.0,232473.09,,PREMIUM,
CUST4549,Customer_3549,customer_3549@email.com,+11845614907,38.0,536.0,301763.89,VERIFIED,RETAIL,US
CUST4550,Customer_3550,customer_3550@email.com,+14003469934,24.0,532.0,399298.79,PENDING,RETAIL,US
CUST4551,Customer_3551,customer_3551@email.com,+18364689671,22.0,707.0,384660.31,VERIFIED,RETAIL,US
CUST4552,Customer_3552,customer_3552@email.com,+12112890100,77.0,833.0,462222.91,PENDING,RETAIL,AU
CUST4553,Customer_3553,,+11765171496,52.0,321.0,418961.58,VERIFIED,RETAIL,FR
CUST4554,Customer_3554,customer_3554@email.com,+16021271412,22.0,320.0,455762.23,VERIFIED,PREMIUM,DE
CUST4555,Customer_3555,customer_3555@email.com,+19828711332,75.0,770.0,352491.04,VERIFIED,SME,UK
CUST4556,Customer_3556,customer_3556@email.com,,150.0,614.0,77870.51,VERIFIED,PREMIUM,
CUST4557,Customer_3557,customer_3557@email.com,+18014806562,40.0,681.0,353384.58,FAILED,PREMIUM,DE
CUST4558,Customer_3558,customer_3558@email.com,,44.0,379.0,37295.4,VERIFIED,RETAIL,DE
CUST4559,Customer_3559,customer_3559@email.com,+13557496081,22.0,421.0,191431.04,VERIFIED,PREMIUM,DE
CUST4560,Customer_3560,customer_3560@email.com,+17217333983,23.0,593.0,301198.01,VERIFIED,RETAIL,US
CUST4561,Customer_3561,customer_3561@email.com,+19026169539,38.0,543.0,259642.69,VERIFIED,PREMIUM,US
CUST4562,Customer_3562,customer_3562@email.com,+14563802093,47.0,481.0,411322.69,VERIFIED,PREMIUM,DE
CUST4563,Customer_3563,customer_3563@email.com,+16765783641,70.0,819.0,70523.13,VERIFIED,SME,US
CUST4564,Customer_3564,customer_3564@email.com,+13957639436,66.0,600.0,7222.75,VERIFIED,RETAIL,US
CUST4565,Customer_3565,customer_3565@email.com,+19655108315,44.0,553.0,85824.84,VERIFIED,RETAIL,AU
CUST4566,Customer_3566,customer_3566@email.com,+15191684326,20.0,501.0,257292.66,PENDING,RETAIL,US
CUST4567,Customer_3567,customer_3567@email.com,+16353233712,69.0,820.0,59691.64,FAILED,CORPORATE,US
CUST4568,Customer_3568,customer_3568@email.com,+14285977082,50.0,,202608.96,VERIFIED,CORPORATE,US
CUST4569,Customer_3569,customer_3569@email.com,+18960637512,62.0,612.0,340163.53,VERIFIED,PREMIUM,US
CUST4570,Customer_3570,customer_3570@email.com,+17983660004,35.0,303.0,140746.18,VERIFIED,RETAIL,DE
CUST4571,Customer_3571,customer_3571@email.com,+17894977949,79.0,575.0,322615.87,VERIFIED,RETAIL,DE
CUST4572,Customer_3572,customer_3572@email.com,+17304109902,79.0,343.0,24222.36,VERIFIED,RETAIL,DE
CUST4573,Customer_3573,customer_3573@email.com,+19897313144,83.0,678.0,67002.21,VERIFIED,RETAIL,US
CUST4574,Customer_3574,customer_3574@email.com,+17307901922,73.0,377.0,33678.69,VERIFIED,RETAIL,FR
CUST4575,Customer_3575,customer_3575@email.com,+16263125296,24.0,474.0,91532.32,VERIFIED,RETAIL,US
CUST4576,Customer_3576,customer_3576@email.com,+17745027085,65.0,388.0,230461.96,VERIFIED,RETAIL,US
CUST4577,Customer_3577,customer_3577@email.com,+17136904081,150.0,386.0,237594.93,VERIFIED,RETAIL,UK
CUST4578,Customer_3578,customer_3578@email.com,+11960741755,52.0,584.0,267245.57,VERIFIED,RETAIL,US
CUST4579,Customer_3579,customer_3579@email.com,+14301265287,72.0,798.0,246532.74,VERIFIED,CORPORATE,US
CUST4580,Customer_3580,customer_3580@email.com,+19404156909,56.0,404.0,361104.47,VERIFIED,SME,US
CUST4581,Customer_3581,customer_3581@email.com,+16323165592,53.0,526.0,4128.42,VERIFIED,CORPORATE,US
CUST4582,Customer_3582,customer_3582@email.com,+17606720760,68.0,684.0,321385.11,VERIFIED,PREMIUM,UK
CUST4583,Customer_3583,customer_3583@email.com,+12807262869,21.0,666.0,44469.35,VERIFIED,CORPORATE,DE
CUST4584,Customer_3584,customer_3584@email.com,+12831049171,37.0,302.0,343091.01,VERIFIED,RETAIL,UK
CUST4585,Customer_3585,customer_3585@email.com,+11356557065,20.0,683.0,315397.77,FAILED,RETAIL,US
CUST4586,Customer_3586,customer_3586@email.com,+18123780452,73.0,717.0,333024.39,VERIFIED,RETAIL,FR
CUST4587,Customer_3587,customer_3587@email.com,+18528123935,30.0,616.0,345044.68,VERIFIED,RETAIL,UK
CUST4588,Customer_3588,customer_3588@email.com,+16440414221,54.0,446.0,299243.41,VERIFIED,RETAIL,US
CUST4589,Customer_3589,customer_3589@email.com,,57.0,400.0,191940.14,VERIFIED,PREMIUM,AU
CUST4590,Customer_3590,customer_3590@email.com,+16273620574,30.0,667.0,39782.09,VERIFIED,RETAIL,UK
CUST4591,Customer_3591,customer_3591@email.com,+17261923415,63.0,421.0,49780.55,FAILED,PREMIUM,US
CUST4592,Customer_3592,customer_3592@email.com,+11313321261,75.0,848.0,463648.15,VERIFIED,CORPORATE,UK
CUST4593,Customer_3593,customer_3593@email.com,,60.0,694.0,56670.57,VERIFIED,RETAIL,UK
CUST4594,Customer_3594,customer_3594@email.com,+13396442719,57.0,660.0,141335.82,VERIFIED,PREMIUM,US
CUST4595,Customer_3595,customer_3595@email.com,+17630653097,25.0,818.0,38036.7,VERIFIED,RETAIL,US
CUST4596,Customer_3596,customer_3596@email.com,+12810853251,36.0,611.0,353820.82,VERIFIED,PREMIUM,US
CUST4597,Customer_3597,customer_3597@email.com,+17814760325,29.0,774.0,305.5,VERIFIED,CORPORATE,UK
CUST4598,Customer_3598,customer_3598@email.com,+16722506789,65.0,686.0,225611.82,VERIFIED,RETAIL,US
CUST4599,Customer_3599,customer_3599@email.com,+16686518618,42.0,474.0,430352.26,FAILED,RETAIL,UK
CUST4600,Customer_3600,customer_3600@email.com,+19987201089,61.0,552.0,392861.03,VERIFIED,CORPORATE,DE
CUST4601,Customer_3601,customer_3601@email.com,+13853986585,62.0,785.0,58508.06,VERIFIED,CORPORATE,UK
CUST4602,Customer_3602,customer_3602@email.com,,78.0,428.0,260293.86,VERIFIED,RETAIL,AU
CUST4603,Customer_3603,customer_3603@email.com,+14466926154,49.0,388.0,133463.28,VERIFIED,RETAIL,US
CUST4604,Customer_3604,customer_3604@email.com,,77.0,716.0,27141.92,VERIFIED,CORPORATE,AU
CUST4605,Customer_3605,customer_3605@email.com,+15558839523,83.0,420.0,268445.73,VERIFIED,RETAIL,US
CUST4606,Customer_3606,customer_3606@email.com,+19372930104,36.0,385.0,457050.06,VERIFIED,SME,DE
CUST4607,Customer_3607,customer_3607@email.com,+19443486187,77.0,463.0,202666.42,VERIFIED,CORPORATE,US
CUST4608,Customer_3608,customer_3608@email.com,+14742066740,76.0,752.0,301308.55,FAILED,CORPORATE,US
CUST4609,Customer_3609,customer_3609@email.com,+13048732772,78.0,818.0,370727.79,PENDING,SME,UK
CUST4610,Customer_3610,,+16077099130,74.0,383.0,90148.13,VERIFIED,CORPORATE,US
CUST4611,Customer_3611,customer_3611@email.com,+13879610829,70.0,817.0,343726.41,FAILED,RETAIL,US
CUST4612,Customer_3612,customer_3612@email.com,+15928800297,55.0,801.0,236582.22,VERIFIED,CORPORATE,DE
CUST4613,Customer_3613,customer_3613@email.com,+15224832159,60.0,731.0,437422.56,PENDING,PREMIUM,FR
CUST4614,Customer_3614,customer_3614@email.com,+12714640469,25.0,631.0,87160.22,VERIFIED,RETAIL,FR
CUST4615,Customer_3615,customer_3615@email.com,+15993161476,24.0,724.0,224497.66,VERIFIED,RETAIL,
CUST4616,Customer_3616,customer_3616@email.com,+13009959354,22.0,759.0,192309.82,VERIFIED,RETAIL,UK
CUST4617,Customer_3617,customer_3617@email.com,,44.0,416.0,26095.47,FAILED,RETAIL,US
CUST4618,Customer_3618,customer_3618@email.com,+14889525572,76.0,687.0,243031.43,PENDING,RETAIL,UK
CUST4619,Customer_3619,customer_3619@email.com,+17284309866,72.0,304.0,222862.83,VERIFIED,RETAIL,
CUST4620,Customer_3620,customer_3620@email.com,+18367273680,23.0,771.0,302356.34,VERIFIED,RETAIL,DE
CUST4621,Customer_3621,customer_3621@email.com,+12291217761,53.0,782.0,212352.49,VERIFIED,RETAIL,DE
CUST4622,Customer_3622,customer_3622@email.com,+19966371521,25.0,760.0,482085.33,VERIFIED,RETAIL,DE
CUST4623,Customer_3623,customer_3623@email.com,+16744498468,79.0,784.0,199257.3,VERIFIED,CORPORATE,AU
CUST4624,Customer_3624,customer_3624@email.com,+12940667690,51.0,439.0,137090.05,VERIFIED,RETAIL,US
CUST4625,Customer_3625,customer_3625@email.com,+19141521551,77.0,683.0,146734.11,VERIFIED,RETAIL,US
CUST4626,Customer_3626,customer_3626@email.com,+14980375715,70.0,672.0,309328.41,,CORPORATE,AU
CUST4627,Customer_3627,customer_3627@email.com,+18142347590,68.0,780.0,266234.53,VERIFIED,PREMIUM,US
CUST4628,Customer_3628,customer_3628@email.com,+17491077518,-5.0,725.0,268228.35,VERIFIED,PREMIUM,US
CUST4629,Customer_3629,,+15299407388,60.0,612.0,385062.14,VERIFIED,PREMIUM,DE
CUST4630,Customer_3630,customer_3630@email.com,+17618816716,47.0,620.0,49980.32,VERIFIED,RETAIL,UK
CUST4631,Customer_3631,customer_3631@email.com,+12875539007,56.0,475.0,243062.37,VERIFIED,PREMIUM,AU
CUST4632,Customer_3632,customer_3632@email.com,+15380035406,71.0,509.0,91735.28,VERIFIED,RETAIL,DE
CUST4633,Customer_3633,customer_3633@email.com,,19.0,332.0,218280.0,VERIFIED,RETAIL,US
CUST4634,Customer_3634,customer_3634@email.com,+13478716447,25.0,433.0,481678.86,VERIFIED,SME,US
CUST4635,Customer_3635,customer_3635@email.com,+12543952647,53.0,,255494.72,VERIFIED,PREMIUM,AU
CUST4636,Customer_3636,customer_3636@email.com,+15915088206,33.0,321.0,397753.41,VERIFIED,RETAIL,UK
CUST4637,Customer_3637,customer_3637@email.com,+14085672217,27.0,368.0,195706.12,VERIFIED,RETAIL,DE
CUST4638,Customer_3638,customer_3638@email.com,+14886085013,73.0,330.0,107200.74,VERIFIED,RETAIL,AU
CUST4639,Customer_3639,customer_3639@email.com,+14707413544,59.0,,225746.53,VERIFIED,RETAIL,US
CUST4640,Customer_3640,customer_3640@email.com,+13350542418,80.0,748.0,421293.72,PENDING,CORPORATE,DE
CUST4641,Customer_3641,customer_3641@email.com,+15374781065,58.0,788.0,118379.72,VERIFIED,SME,US
CUST4642,Customer_3642,customer_3642@email.com,+16690208013,62.0,624.0,15410.65,VERIFIED,RETAIL,US
CUST4643,Customer_3643,customer_3643@email.com,+11225961920,70.0,316.0,238620.0,,CORPORATE,AU
CUST4644,Customer_3644,customer_3644@email.com,+16311430823,79.0,797.0,176536.62,VERIFIED,CORPORATE,UK
CUST4645,Customer_3645,customer_3645@email.com,+19556608650,47.0,397.0,368461.27,PENDING,RETAIL,UK
CUST4646,Customer_3646,customer_3646@email.com,+12353053405,71.0,811.0,372847.34,VERIFIED,RETAIL,DE
CUST4647,Customer_3647,customer_3647@email.com,+18044943453,46.0,314.0,417351.56,PENDING,CORPORATE,AU
CUST4648,Customer_3648,customer_3648@email.com,+15108394129,40.0,658.0,272511.43,VERIFIED,PREMIUM,US
CUST4649,Customer_3649,customer_3649@email.com,+11036492895,47.0,703.0,343403.89,VERIFIED,CORPORATE,DE
CUST4650,Customer_3650,customer_3650@email.com,,57.0,425.0,315928.47,PENDING,RETAIL,US
CUST4651,Customer_3651,customer_3651@email.com,,20.0,443.0,235487.03,VERIFIED,PREMIUM,AU
CUST4652,Customer_3652,customer_3652@email.com,+14456616442,48.0,810.0,191781.64,VERIFIED,PREMIUM,FR
CUST4653,Customer_3653,customer_3653@email.com,+15226868845,84.0,,92020.1,VERIFIED,PREMIUM,AU
CUST4654,Customer_3654,,+11044436104,57.0,751.0,119859.58,VERIFIED,RETAIL,AU
CUST4655,Customer_3655,customer_3655@email.com,+12128567487,30.0,475.0,136988.18,VERIFIED,RETAIL,AU
CUST4656,Customer_3656,customer_3656@email.com,+19848905557,55.0,408.0,333180.11,VERIFIED,PREMIUM,UK
CUST4657,Customer_3657,customer_3657@email.com,+11447671596,64.0,313.0,147153.73,VERIFIED,CORPORATE,AU
CUST4658,Customer_3658,customer_3658@email.com,+15917423919,34.0,375.0,132784.8,VERIFIED,RETAIL,US
CUST4659,Customer_3659,customer_3659@email.com,+17105642951,55.0,489.0,336784.76,VERIFIED,RETAIL,US
CUST4660,Customer_3660,customer_3660@email.com,+18779718418,85.0,385.0,33309.45,VERIFIED,CORPORATE,AU
CUST4661,Customer_3661,customer_3661@email.com,+16678052296,36.0,805.0,482872.1,VERIFIED,CORPORATE,UK
CUST4662,Customer_3662,customer_3662@email.com,+15407786416,82.0,419.0,137803.91,FAILED,CORPORATE,AU
CUST4663,Customer_3663,customer_3663@email.com,+13470692634,39.0,681.0,209713.03,VERIFIED,SME,US
CUST4664,Customer_3664,customer_3664@email.com,+18399304878,29.0,330.0,468726.8,VERIFIED,CORPORATE,AU
CUST4665,Customer_3665,customer_3665@email.com,+16485543273,73.0,595.0,243022.03,VERIFIED,RETAIL,US
CUST4666,Customer_3666,customer_3666@email.com,+16381394680,31.0,471.0,43625.19,VERIFIED,RETAIL,US
CUST4667,Customer_3667,customer_3667@email.com,+13523265907,70.0,712.0,157891.54,VERIFIED,SME,US
CUST4668,Customer_3668,customer_3668@email.com,,82.0,724.0,126489.7,VERIFIED,RETAIL,US
CUST4669,Customer_3669,customer_3669@email.com,+17488252890,77.0,811.0,245307.87,FAILED,RETAIL,US
CUST4670,Customer_3670,customer_3670@email.com,+12610205014,30.0,481.0,481412.84,,PREMIUM,UK
CUST4671,Customer_3671,customer_3671@email.com,+17164895310,85.0,669.0,216397.44,PENDING,CORPORATE,UK
CUST4672,Customer_3672,customer_3672@email.com,+13715360499,61.0,553.0,172659.76,VERIFIED,RETAIL,FR
CUST4673,Customer_3673,customer_3673@email.com,+14461623991,61.0,393.0,453731.67,VERIFIED,CORPORATE,UK
CUST4674,Customer_3674,customer_3674@email.com,+11516497495,73.0,726.0,154529.59,VERIFIED,PREMIUM,US
CUST4675,Customer_3675,customer_3675@email.com,+14224705655,82.0,302.0,234339.97,VERIFIED,RETAIL,US
CUST4676,Customer_3676,customer_3676@email.com,+11594883801,57.0,486.0,64618.2,VERIFIED,RETAIL,UK
CUST4677,Customer_3677,customer_3677@email.com,+18221436682,69.0,375.0,465001.07,PENDING,RETAIL,US
CUST4678,Customer_3678,customer_3678@email.com,+14771111262,64.0,656.0,259479.84,VERIFIED,RETAIL,AU
CUST4679,Customer_3679,customer_3679@email.com,+14170007006,76.0,405.0,324709.12,VERIFIED,RETAIL,AU
CUST4680,Customer_3680,customer_3680@email.com,+15884763695,62.0,635.0,3896.58,VERIFIED,PREMIUM,AU
CUST4681,Customer_3681,customer_3681@email.com,,85.0,534.0,26290.83,VERIFIED,PREMIUM,US
CUST4682,Customer_3682,customer_3682@email.com,+11753866850,73.0,757.0,280679.21,VERIFIED,RETAIL,DE
CUST4683,Customer_3683,customer_3683@email.com,+19045324083,57.0,811.0,2014.08,VERIFIED,CORPORATE,UK
CUST4684,Customer_3684,customer_3684@email.com,+14865092857,56.0,615.0,198786.38,VERIFIED,SME,AU
CUST4685,Customer_3685,customer_3685@email.com,+15524440086,59.0,,351945.76,VERIFIED,PREMIUM,US
CUST4686,Customer_3686,customer_3686@email.com,+18459836978,38.0,788.0,387740.97,VERIFIED,SME,UK
CUST4687,Customer_3687,customer_3687@email.com,+14882964219,26.0,560.0,285716.84,FAILED,CORPORATE,AU
CUST4688,Customer_3688,customer_3688@email.com,+14270582622,50.0,374.0,236613.3,VERIFIED,RETAIL,US
CUST4689,Customer_3689,customer_3689@email.com,+14940174378,46.0,413.0,175488.79,FAILED,SME,UK
CUST4690,Customer_3690,customer_3690@email.com,,36.0,717.0,203232.9,PENDING,RETAIL,US
CUST4691,Customer_3691,customer_3691@email.com,+13360475698,44.0,735.0,498717.14,VERIFIED,SME,UK
CUST4692,Customer_3692,customer_3692@email.com,+11389425269,31.0,561.0,451961.14,FAILED,CORPORATE,US
CUST4693,Customer_3693,customer_3693@email.com,+16033369690,79.0,725.0,110128.02,,RETAIL,AU
CUST4694,Customer_3694,customer_3694@email.com,,65.0,396.0,475467.59,VERIFIED,PREMIUM,UK
CUST4695,Customer_3695,,+11483137092,19.0,522.0,247190.73,VERIFIED,RETAIL,US
CUST4696,Customer_3696,customer_3696@email.com,+17300210453,72.0,482.0,337221.92,PENDING,RETAIL,DE
CUST4697,Customer_3697,,,20.0,648.0,436426.56,VERIFIED,RETAIL,US
CUST4698,Customer_3698,customer_3698@email.com,+16038830265,32.0,712.0,444113.14,VERIFIED,RETAIL,US
CUST4699,Customer_3699,customer_3699@email.com,+19663357498,78.0,595.0,101881.38,VERIFIED,PREMIUM,US
CUST4700,Customer_3700,customer_3700@email.com,+11722396293,39.0,570.0,496974.71,VERIFIED,PREMIUM,US
CUST4701,Customer_3701,customer_3701@email.com,+17555758164,21.0,712.0,116613.0,VERIFIED,SME,US
CUST4702,Customer_3702,customer_3702@email.com,+17903181505,21.0,685.0,117348.74,VERIFIED,PREMIUM,UK
CUST4703,Customer_3703,customer_3703@email.com,+15681533010,61.0,725.0,6168.45,VERIFIED,SME,US
CUST4704,Customer_3704,customer_3704@email.com,+19952974223,50.0,592.0,430983.79,VERIFIED,RETAIL,DE
CUST4705,Customer_3705,customer_3705@email.com,+14282785108,30.0,651.0,16674.85,VERIFIED,RETAIL,UK
CUST4706,Customer_3706,customer_3706@email.com,+14986792670,30.0,794.0,366557.53,PENDING,CORPORATE,AU
CUST4707,Customer_3707,customer_3707@email.com,+13211134699,50.0,718.0,63996.61,VERIFIED,RETAIL,FR
CUST4708,Customer_3708,customer_3708@email.com,+18968758970,64.0,500.0,453825.29,VERIFIED,SME,UK
CUST4709,Customer_3709,customer_3709@email.com,+15175222024,24.0,760.0,463808.67,VERIFIED,SME,AU
CUST4710,Customer_3710,customer_3710@email.com,,24.0,755.0,343860.09,VERIFIED,RETAIL,US
CUST4711,Customer_3711,customer_3711@email.com,+13492429062,48.0,317.0,119471.08,VERIFIED,PREMIUM,AU
CUST4712,Customer_3712,customer_3712@email.com,+12262530509,39.0,380.0,396811.11,VERIFIED,PREMIUM,DE
CUST4713,Customer_3713,customer_3713@email.com,+12457302586,53.0,535.0,177441.69,VERIFIED,PREMIUM,US
CUST4714,Customer_3714,customer_3714@email.com,+11804635137,28.0,657.0,497977.72,VERIFIED,RETAIL,UK
CUST4715,Customer_3715,customer_3715@email.com,+15898183449,78.0,417.0,152384.29,FAILED,PREMIUM,US
CUST4716,Customer_3716,customer_3716@email.com,+15685845865,40.0,484.0,4245.89,VERIFIED,PREMIUM,US
CUST4717,Customer_3717,customer_3717@email.com,+17185422681,56.0,796.0,400754.51,VERIFIED,RETAIL,US
CUST4718,Customer_3718,customer_3718@email.com,+17305712605,73.0,795.0,167136.18,VERIFIED,RETAIL,FR
CUST4719,Customer_3719,customer_3719@email.com,+14495223524,-5.0,302.0,42860.2,VERIFIED,RETAIL,US
CUST4720,Customer_3720,customer_3720@email.com,+13915981413,31.0,352.0,301706.12,VERIFIED,PREMIUM,US
CUST4721,Customer_3721,customer_3721@email.com,+14021843499,74.0,770.0,182896.56,VERIFIED,CORPORATE,US
CUST4722,Customer_3722,customer_3722@email.com,+14535755462,74.0,,141511.32,PENDING,RETAIL,UK
CUST4723,Customer_3723,customer_3723@email.com,+16314565203,41.0,524.0,468339.62,FAILED,RETAIL,AU
CUST4724,Customer_3724,customer_3724@email.com,+11423459766,68.0,498.0,77325.55,VERIFIED,CORPORATE,US
CUST4725,Customer_3725,customer_3725@email.com,+17484376868,75.0,696.0,148154.76,VERIFIED,RETAIL,US
CUST4726,Customer_3726,customer_3726@email.com,+17229534040,67.0,556.0,224616.7,VERIFIED,PREMIUM,UK
CUST4727,Customer_3727,customer_3727@email.com,+16169949265,66.0,359.0,333588.97,VERIFIED,CORPORATE,DE
CUST4728,Customer_3728,customer_3728@email.com,+19610560110,40.0,835.0,62372.49,VERIFIED,PREMIUM,US
CUST4729,Customer_3729,customer_3729@email.com,+13487442083,77.0,370.0,224600.62,VERIFIED,PREMIUM,AU
CUST4730,Customer_3730,customer_3730@email.com,+19478183197,60.0,571.0,468121.63,,PREMIUM,UK
CUST4731,Customer_3731,customer_3731@email.com,+17096521847,30.0,847.0,321759.08,VERIFIED,PREMIUM,AU
CUST4732,Customer_3732,customer_3732@email.com,+19092918494,56.0,795.0,125552.22,VERIFIED,RETAIL,FR
CUST4733,Customer_3733,customer_3733@email.com,+18055162379,75.0,698.0,175533.48,VERIFIED,PREMIUM,DE
CUST4734,Customer_3734,customer_3734@email.com,+11012518423,34.0,536.0,193043.79,VERIFIED,RETAIL,UK
CUST4735,Customer_3735,customer_3735@email.com,+12852367555,79.0,545.0,69321.05,VERIFIED,RETAIL,US
CUST4736,Customer_3736,customer_3736@email.com,+15417200878,32.0,443.0,246828.67,VERIFIED,RETAIL,AU
CUST4737,Customer_3737,customer_3737@email.com,+18270326618,83.0,417.0,441088.12,VERIFIED,CORPORATE,UK
CUST4738,Customer_3738,customer_3738@email.com,+15983007424,67.0,794.0,9562.57,VERIFIED,PREMIUM,US
CUST4739,Customer_3739,customer_3739@email.com,+16594745069,65.0,833.0,425659.02,PENDING,PREMIUM,US
CUST4740,Customer_3740,customer_3740@email.com,+17170666635,44.0,662.0,313218.25,VERIFIED,SME,UK
CUST4741,Customer_3741,customer_3741@email.com,,53.0,732.0,270600.39,VERIFIED,RETAIL,UK
CUST4742,Customer_3742,customer_3742@email.com,+17809685313,28.0,715.0,346754.88,FAILED,RETAIL,US
CUST4743,Customer_3743,customer_3743@email.com,+14551158740,38.0,,222349.13,VERIFIED,CORPORATE,AU
CUST4744,Customer_3744,customer_3744@email.com,+17520022646,82.0,650.0,438707.78,PENDING,RETAIL,FR
CUST4745,Customer_3745,customer_3745@email.com,+17829357561,64.0,768.0,239976.29,FAILED,RETAIL,US
CUST4746,Customer_3746,customer_3746@email.com,+19619224155,68.0,590.0,79726.3,PENDING,RETAIL,US
CUST4747,Customer_3747,customer_3747@email.com,+15763313446,39.0,417.0,134810.9,VERIFIED,PREMIUM,US
CUST4748,Customer_3748,customer_3748@email.com,+14233758576,53.0,427.0,495354.91,PENDING,RETAIL,US
CUST4749,Customer_3749,customer_3749@email.com,+19843747252,30.0,411.0,474680.4,VERIFIED,RETAIL,UK
CUST4750,Customer_3750,customer_3750@email.com,+16566168572,27.0,733.0,175808.76,VERIFIED,CORPORATE,US
CUST4751,Customer_3751,customer_3751@email.com,+19951374645,56.0,704.0,223506.3,VERIFIED,RETAIL,US
CUST4752,Customer_3752,customer_3752@email.com,+13329377306,73.0,781.0,4818.56,VERIFIED,RETAIL,AU
CUST4753,Customer_3753,customer_3753@email.com,+14440956481,85.0,541.0,263249.3,VERIFIED,SME,DE
CUST4754,Customer_3754,customer_3754@email.com,+18209821843,77.0,521.0,210651.56,PENDING,SME,US
CUST4755,Customer_3755,customer_3755@email.com,+18589548799,49.0,744.0,22089.83,VERIFIED,SME,UK
CUST4756,Customer_3756,customer_3756@email.com,+19806096639,28.0,476.0,23865.35,PENDING,CORPORATE,FR
CUST4757,Customer_3757,customer_3757@email.com,+17049341848,31.0,,466818.43,PENDING,PREMIUM,US
CUST4758,Customer_3758,customer_3758@email.com,+18066719690,82.0,580.0,120450.9,VERIFIED,RETAIL,US
CUST4759,Customer_3759,customer_3759@email.com,+18663388404,54.0,519.0,449550.38,PENDING,SME,DE
CUST4760,Customer_3760,customer_3760@email.com,+16042607265,41.0,308.0,438388.72,VERIFIED,SME,UK
CUST4761,Customer_3761,customer_3761@email.com,+17744166104,82.0,442.0,309145.77,VERIFIED,RETAIL,DE
CUST4762,Customer_3762,customer_3762@email.com,+11654392667,70.0,435.0,176766.6,VERIFIED,CORPORATE,US
CUST4763,Customer_3763,customer_3763@email.com,+11690276996,33.0,658.0,109952.3,VERIFIED,SME,US
CUST4764,Customer_3764,customer_3764@email.com,+15986249042,33.0,,421523.1,FAILED,RETAIL,AU
CUST4765,Customer_3765,customer_3765@email.com,+17961836233,71.0,559.0,379046.58,VERIFIED,PREMIUM,UK
CUST4766,Customer_3766,customer_3766@email.com,+19434597622,45.0,786.0,205060.41,VERIFIED,PREMIUM,US
CUST4767,Customer_3767,customer_3767@email.com,+18224775630,67.0,349.0,401095.48,VERIFIED,CORPORATE,DE
CUST4768,Customer_3768,customer_3768@email.com,+15979236793,26.0,662.0,45694.55,FAILED,RETAIL,UK
CUST4769,Customer_3769,customer_3769@email.com,+18090698811,56.0,468.0,85499.92,PENDING,RETAIL,UK
CUST4770,Customer_3770,customer_3770@email.com,+17758403470,33.0,784.0,57755.04,VERIFIED,CORPORATE,US
CUST4771,Customer_3771,customer_3771@email.com,+17993913710,67.0,304.0,460507.19,VERIFIED,RETAIL,US
CUST4772,Customer_3772,customer_3772@email.com,+11412486931,29.0,429.0,442112.27,VERIFIED,PREMIUM,US
CUST4773,Customer_3773,customer_3773@email.com,+16366875199,40.0,844.0,307358.08,VERIFIED,RETAIL,US
CUST4774,Customer_3774,customer_3774@email.com,+17504982790,66.0,708.0,421070.8,VERIFIED,,US
CUST4775,Customer_3775,customer_3775@email.com,+17638320671,26.0,497.0,432746.03,VERIFIED,RETAIL,UK
CUST4776,Customer_3776,customer_3776@email.com,+15918775137,31.0,688.0,5872.76,VERIFIED,RETAIL,US
CUST4777,Customer_3777,customer_3777@email.com,+16099545724,82.0,722.0,462786.77,PENDING,RETAIL,US
CUST4778,Customer_3778,customer_3778@email.com,+17925813466,49.0,670.0,90164.75,VERIFIED,CORPORATE,DE
CUST4779,Customer_3779,customer_3779@email.com,+19473160908,72.0,653.0,404636.99,FAILED,RETAIL,DE
CUST4780,Customer_3780,customer_3780@email.com,+17385425468,55.0,426.0,146676.38,,PREMIUM,US
CUST4781,Customer_3781,customer_3781@email.com,+12011961110,76.0,679.0,243462.22,VERIFIED,RETAIL,UK
CUST4782,Customer_3782,customer_3782@email.com,+11836204225,72.0,704.0,218948.87,VERIFIED,CORPORATE,US
CUST4783,Customer_3783,customer_3783@email.com,+14103761354,-5.0,633.0,16953.67,VERIFIED,SME,FR
CUST4784,Customer_3784,,+19569151589,40.0,544.0,4410.81,PENDING,PREMIUM,DE
CUST4785,Customer_3785,customer_3785@email.com,+13615324347,84.0,549.0,248739.65,PENDING,RETAIL,UK
CUST4786,Customer_3786,customer_3786@email.com,+18242974551,38.0,725.0,39518.71,FAILED,RETAIL,UK
CUST4787,Customer_3787,customer_3787@email.com,+14513819531,84.0,314.0,180692.04,VERIFIED,RETAIL,UK
CUST4788,Customer_3788,customer_3788@email.com,+11120885608,-5.0,406.0,248928.13,VERIFIED,CORPORATE,US
CUST4789,Customer_3789,customer_3789@email.com,+17923207726,76.0,733.0,112975.15,FAILED,CORPORATE,US
CUST4790,Customer_3790,customer_3790@email.com,+13676485641,66.0,799.0,296082.69,VERIFIED,RETAIL,US
CUST4791,Customer_3791,customer_3791@email.com,+15105635371,45.0,823.0,28388.44,VERIFIED,RETAIL,AU
CUST4792,Customer_3792,customer_3792@email.com,+12572324001,40.0,767.0,377651.56,VERIFIED,SME,UK
CUST4793,Customer_3793,customer_3793@email.com,+13227873087,46.0,682.0,173745.99,VERIFIED,RETAIL,UK
CUST4794,Customer_3794,customer_3794@email.com,+17684610436,31.0,326.0,489444.03,VERIFIED,RETAIL,DE
CUST4795,Customer_3795,customer_3795@email.com,+16897118198,52.0,358.0,347199.51,VERIFIED,PREMIUM,FR
CUST4796,Customer_3796,customer_3796@email.com,+15292201595,55.0,502.0,410738.23,VERIFIED,SME,UK
CUST4797,Customer_3797,customer_3797@email.com,,51.0,761.0,263971.58,VERIFIED,SME,UK
CUST4798,Customer_3798,customer_3798@email.com,+14164871996,47.0,354.0,161012.67,VERIFIED,RETAIL,US
CUST4799,Customer_3799,customer_3799@email.com,+14494557628,52.0,612.0,177960.14,PENDING,PREMIUM,US
CUST4800,Customer_3800,customer_3800@email.com,+12470695084,44.0,807.0,465763.09,VERIFIED,SME,US
CUST4801,Customer_3801,customer_3801@email.com,+19672178097,39.0,796.0,462322.12,VERIFIED,CORPORATE,UK
CUST4802,Customer_3802,customer_3802@email.com,+18719038173,39.0,503.0,420410.39,VERIFIED,RETAIL,UK
CUST4803,Customer_3803,,+13980662733,61.0,438.0,379411.74,FAILED,RETAIL,DE
CUST4804,Customer_3804,customer_3804@email.com,+19726759760,72.0,666.0,425868.35,VERIFIED,PREMIUM,US
CUST4805,Customer_3805,customer_3805@email.com,+16732419426,54.0,426.0,121492.05,VERIFIED,RETAIL,UK
CUST4806,Customer_3806,customer_3806@email.com,+13937954977,20.0,451.0,481639.6,PENDING,PREMIUM,US
CUST4807,Customer_3807,customer_3807@email.com,+17924005084,66.0,815.0,447774.75,VERIFIED,CORPORATE,FR
CUST4808,Customer_3808,customer_3808@email.com,+17223075440,72.0,301.0,441489.51,VERIFIED,SME,FR
CUST4809,Customer_3809,customer_3809@email.com,+11715984521,82.0,306.0,112716.9,VERIFIED,CORPORATE,UK
CUST4810,Customer_3810,customer_3810@email.com,+17883865626,48.0,708.0,456378.7,PENDING,RETAIL,DE
CUST4811,Customer_3811,customer_3811@email.com,+11155929012,54.0,514.0,152309.21,VERIFIED,RETAIL,US
CUST4812,Customer_3812,customer_3812@email.com,+14111176310,20.0,794.0,293260.65,VERIFIED,RETAIL,FR
CUST4813,Customer_3813,customer_3813@email.com,+16161228121,84.0,473.0,367459.73,VERIFIED,RETAIL,US
CUST4814,Customer_3814,customer_3814@email.com,+12431923944,26.0,748.0,61730.45,VERIFIED,CORPORATE,US
CUST4815,Customer_3815,customer_3815@email.com,+16504372093,74.0,559.0,1498.22,PENDING,RETAIL,DE
CUST4816,Customer_3816,customer_3816@email.com,+14844508327,69.0,451.0,185290.53,PENDING,RETAIL,FR
CUST4817,Customer_3817,customer_3817@email.com,+17315675500,38.0,437.0,186886.62,VERIFIED,RETAIL,DE
CUST4818,Customer_3818,customer_3818@email.com,+12828068367,59.0,682.0,480142.84,VERIFIED,SME,AU
CUST4819,Customer_3819,customer_3819@email.com,+15506650792,81.0,657.0,188571.13,VERIFIED,PREMIUM,US
CUST4820,Customer_3820,customer_3820@email.com,+13060221323,69.0,680.0,369294.49,VERIFIED,PREMIUM,UK
CUST4821,Customer_3821,customer_3821@email.com,+19302409339,75.0,670.0,82875.26,VERIFIED,CORPORATE,US
CUST4822,Customer_3822,customer_3822@email.com,+15142800524,56.0,387.0,323613.7,VERIFIED,RETAIL,US
CUST4823,Customer_3823,customer_3823@email.com,+18131467155,34.0,314.0,166705.31,VERIFIED,RETAIL,AU
CUST4824,Customer_3824,customer_3824@email.com,+11390269861,84.0,772.0,131008.92,VERIFIED,CORPORATE,US
CUST4825,Customer_3825,customer_3825@email.com,+13162994491,31.0,690.0,469521.27,VERIFIED,SME,UK
CUST4826,Customer_3826,,+16320096476,78.0,614.0,152565.58,VERIFIED,RETAIL,US
CUST4827,Customer_3827,customer_3827@email.com,+16133759145,66.0,823.0,125635.52,VERIFIED,RETAIL,FR
CUST4828,Customer_3828,customer_3828@email.com,+13315264338,77.0,338.0,224131.09,VERIFIED,SME,FR
CUST4829,Customer_3829,customer_3829@email.com,+12761580771,53.0,413.0,423416.61,VERIFIED,RETAIL,US
CUST4830,Customer_3830,customer_3830@email.com,+12269494778,61.0,779.0,104724.18,PENDING,RETAIL,US
CUST4831,Customer_3831,customer_3831@email.com,+19177822060,59.0,698.0,206985.32,VERIFIED,SME,US
CUST4832,Customer_3832,customer_3832@email.com,+13352565878,61.0,339.0,97649.59,VERIFIED,RETAIL,DE
CUST4833,Customer_3833,customer_3833@email.com,+15297753171,78.0,601.0,453452.7,VERIFIED,SME,UK
CUST4834,Customer_3834,customer_3834@email.com,+16675545317,33.0,510.0,357691.21,VERIFIED,CORPORATE,US
CUST4835,Customer_3835,customer_3835@email.com,+13920348494,74.0,480.0,413738.57,VERIFIED,PREMIUM,US
CUST4836,Customer_3836,customer_3836@email.com,+18142476289,45.0,603.0,346105.48,VERIFIED,RETAIL,US
CUST4837,Customer_3837,customer_3837@email.com,+17915810016,79.0,366.0,59023.63,PENDING,RETAIL,FR
CUST4838,Customer_3838,,+13040763543,40.0,441.0,167190.58,VERIFIED,SME,AU
CUST4839,Customer_3839,customer_3839@email.com,+19574315273,57.0,523.0,365565.07,VERIFIED,PREMIUM,US
CUST4840,Customer_3840,customer_3840@email.com,+18005476141,53.0,360.0,1263.02,VERIFIED,PREMIUM,US
CUST4841,Customer_3841,customer_3841@email.com,+12251727030,83.0,,167462.79,FAILED,SME,AU
CUST4842,Customer_3842,customer_3842@email.com,+12664250440,61.0,632.0,280577.81,VERIFIED,RETAIL,FR
CUST4843,Customer_3843,customer_3843@email.com,+17698956525,75.0,488.0,304191.93,VERIFIED,SME,US
CUST4844,Customer_3844,customer_3844@email.com,+19637234414,26.0,441.0,314141.15,VERIFIED,PREMIUM,UK
CUST4845,Customer_3845,customer_3845@email.com,+18746328446,75.0,727.0,479697.83,VERIFIED,RETAIL,DE
CUST4846,Customer_3846,customer_3846@email.com,+16161420067,61.0,425.0,198432.6,VERIFIED,RETAIL,UK
CUST4847,Customer_3847,customer_3847@email.com,+14244231908,40.0,586.0,382900.23,VERIFIED,SME,AU
CUST4848,Customer_3848,customer_3848@email.com,+12263298671,57.0,535.0,465318.18,VERIFIED,RETAIL,US
CUST4849,Customer_3849,customer_3849@email.com,+15729727247,75.0,821.0,314802.22,PENDING,RETAIL,US
CUST4850,Customer_3850,customer_3850@email.com,+15955835500,41.0,689.0,480522.71,VERIFIED,SME,FR
CUST4851,Customer_3851,customer_3851@email.com,+18682429410,82.0,806.0,494821.63,VERIFIED,RETAIL,UK
CUST4852,Customer_3852,customer_3852@email.com,+14168037428,63.0,503.0,352401.18,VERIFIED,PREMIUM,DE
CUST4853,Customer_3853,customer_3853@email.com,+17399263182,,578.0,432869.85,PENDING,RETAIL,UK
CUST4854,Customer_3854,customer_3854@email.com,+11943487337,62.0,324.0,383732.55,FAILED,RETAIL,DE
CUST4855,Customer_3855,customer_3855@email.com,+15954476452,72.0,635.0,368837.25,VERIFIED,CORPORATE,US
CUST4856,Customer_3856,customer_3856@email.com,+12171287191,28.0,445.0,61729.84,VERIFIED,CORPORATE,DE
CUST4857,Customer_3857,customer_3857@email.com,+16465652594,47.0,670.0,470105.1,VERIFIED,CORPORATE,DE
CUST4858,Customer_3858,customer_3858@email.com,+15542546028,79.0,401.0,474464.3,VERIFIED,RETAIL,US
CUST4859,Customer_3859,customer_3859@email.com,+11835582138,25.0,689.0,241430.62,PENDING,RETAIL,DE
CUST4860,Customer_3860,customer_3860@email.com,+16041865513,51.0,440.0,418051.74,VERIFIED,CORPORATE,UK
CUST4861,Customer_3861,customer_3861@email.com,+11259376081,42.0,425.0,171596.81,VERIFIED,CORPORATE,US
CUST4862,Customer_3862,customer_3862@email.com,+16907219533,28.0,402.0,105602.98,PENDING,,US
CUST4863,Customer_3863,customer_3863@email.com,+16238606335,59.0,413.0,268423.17,PENDING,RETAIL,DE
CUST4864,Customer_3864,customer_3864@email.com,+17749618157,36.0,490.0,241433.07,,CORPORATE,US
CUST4865,Customer_3865,customer_3865@email.com,+19878276590,29.0,304.0,495227.02,VERIFIED,PREMIUM,FR
CUST4866,Customer_3866,customer_3866@email.com,+16370891032,81.0,507.0,312379.42,PENDING,SME,UK
CUST4867,Customer_3867,customer_3867@email.com,+14358723956,63.0,581.0,313389.62,PENDING,RETAIL,AU
CUST4868,Customer_3868,customer_3868@email.com,+17669844592,40.0,615.0,438457.81,VERIFIED,PREMIUM,
CUST4869,Customer_3869,,+19394149500,64.0,377.0,212603.09,PENDING,PREMIUM,US
CUST4870,Customer_3870,customer_3870@email.com,+18955294874,63.0,642.0,214961.44,VERIFIED,RETAIL,UK
CUST4871,Customer_3871,customer_3871@email.com,+12795634633,22.0,542.0,264507.74,VERIFIED,RETAIL,UK
CUST4872,Customer_3872,customer_3872@email.com,+11416987374,74.0,476.0,405978.99,FAILED,SME,AU
CUST4873,Customer_3873,customer_3873@email.com,+15481180890,78.0,,318895.78,PENDING,RETAIL,US
CUST4874,Customer_3874,customer_3874@email.com,+11104121863,61.0,608.0,205681.68,,RETAIL,DE
CUST4875,Customer_3875,,+18515458205,59.0,340.0,140334.76,VERIFIED,CORPORATE,US
CUST4876,Customer_3876,customer_3876@email.com,+17909903553,44.0,389.0,21270.98,VERIFIED,CORPORATE,AU
CUST4877,Customer_3877,customer_3877@email.com,+16421170000,40.0,,161269.54,VERIFIED,PREMIUM,UK
CUST4878,Customer_3878,customer_3878@email.com,,35.0,362.0,63213.15,VERIFIED,CORPORATE,US
CUST4879,Customer_3879,customer_3879@email.com,+16408312919,37.0,648.0,227753.43,VERIFIED,PREMIUM,AU
CUST4880,Customer_3880,customer_3880@email.com,+11310080882,47.0,756.0,440799.75,VERIFIED,RETAIL,
CUST4881,Customer_3881,customer_3881@email.com,+19972534625,69.0,750.0,104679.37,PENDING,RETAIL,AU
CUST4882,Customer_3882,customer_3882@email.com,+16092847355,59.0,814.0,242894.31,VERIFIED,PREMIUM,UK
CUST4883,Customer_3883,customer_3883@email.com,+13620744930,63.0,448.0,378316.04,VERIFIED,RETAIL,UK
CUST4884,Customer_3884,customer_3884@email.com,+12246156942,30.0,770.0,108850.47,VERIFIED,RETAIL,FR
CUST4885,Customer_3885,customer_3885@email.com,+13770743342,76.0,,497596.15,VERIFIED,SME,US
CUST4886,Customer_3886,customer_3886@email.com,+14379968556,74.0,,443630.03,VERIFIED,SME,FR
CUST4887,Customer_3887,customer_3887@email.com,+19935819005,69.0,380.0,450382.56,VERIFIED,RETAIL,FR
CUST4888,Customer_3888,customer_3888@email.com,+16438804802,62.0,828.0,326653.08,VERIFIED,PREMIUM,UK
CUST4889,Customer_3889,customer_3889@email.com,+19741643162,40.0,843.0,63460.44,PENDING,PREMIUM,DE
CUST4890,Customer_3890,customer_3890@email.com,+19055631048,59.0,322.0,408298.39,PENDING,PREMIUM,DE
CUST4891,Customer_3891,customer_3891@email.com,+18142006808,37.0,490.0,488372.32,VERIFIED,RETAIL,UK
CUST4892,Customer_3892,customer_3892@email.com,+12564589942,18.0,432.0,494800.88,VERIFIED,RETAIL,FR
CUST4893,Customer_3893,customer_3893@email.com,,71.0,656.0,498331.63,VERIFIED,SME,FR
CUST4894,Customer_3894,customer_3894@email.com,+17024550694,18.0,675.0,320394.29,VERIFIED,CORPORATE,UK
CUST4895,Customer_3895,customer_3895@email.com,+19967823617,44.0,519.0,398791.56,VERIFIED,PREMIUM,UK
CUST4896,Customer_3896,customer_3896@email.com,+11017844444,59.0,501.0,77574.51,VERIFIED,CORPORATE,US
CUST4897,Customer_3897,customer_3897@email.com,+18122153820,57.0,725.0,287312.52,VERIFIED,RETAIL,UK
CUST4898,Customer_3898,customer_3898@email.com,+17463443433,63.0,509.0,5642.72,VERIFIED,RETAIL,US
CUST4899,Customer_3899,customer_3899@email.com,+12612212079,69.0,470.0,46758.08,PENDING,RETAIL,US
CUST4900,Customer_3900,customer_3900@email.com,+18063632651,54.0,629.0,439088.57,VERIFIED,RETAIL,US
CUST4901,Customer_3901,customer_3901@email.com,+16621392978,53.0,685.0,49877.32,VERIFIED,RETAIL,DE
CUST4902,Customer_3902,customer_3902@email.com,+12578688981,72.0,513.0,192215.89,VERIFIED,RETAIL,US
CUST4903,Customer_3903,customer_3903@email.com,+18283011091,47.0,780.0,493752.59,FAILED,RETAIL,UK
CUST4904,Customer_3904,customer_3904@email.com,+17030573039,49.0,422.0,47591.32,FAILED,RETAIL,US
CUST4905,Customer_3905,customer_3905@email.com,+15672033007,80.0,584.0,123676.08,VERIFIED,SME,US
CUST4906,Customer_3906,customer_3906@email.com,+16819986927,53.0,813.0,495012.07,FAILED,RETAIL,DE
CUST4907,Customer_3907,customer_3907@email.com,+12590871792,67.0,801.0,324536.3,VERIFIED,RETAIL,FR
CUST4908,Customer_3908,customer_3908@email.com,+14249855002,65.0,552.0,455142.83,VERIFIED,RETAIL,UK
CUST4909,Customer_3909,customer_3909@email.com,+14545935269,66.0,416.0,43404.69,VERIFIED,PREMIUM,DE
CUST4910,Customer_3910,customer_3910@email.com,+19322480283,52.0,596.0,143379.67,VERIFIED,SME,US
CUST4911,Customer_3911,customer_3911@email.com,+13107407020,67.0,672.0,101747.65,VERIFIED,CORPORATE,US
CUST4912,Customer_3912,customer_3912@email.com,+19778789927,18.0,597.0,11296.83,VERIFIED,PREMIUM,US
CUST4913,Customer_3913,customer_3913@email.com,+13236745073,63.0,340.0,261201.46,VERIFIED,RETAIL,DE
CUST4914,Customer_3914,customer_3914@email.com,+13922498990,50.0,318.0,278132.48,VERIFIED,RETAIL,UK
CUST4915,Customer_3915,customer_3915@email.com,+12220091512,80.0,439.0,8021.04,VERIFIED,RETAIL,UK
CUST4916,Customer_3916,customer_3916@email.com,+19367053160,47.0,453.0,252023.51,VERIFIED,RETAIL,US
CUST4917,Customer_3917,customer_3917@email.com,+14760490042,74.0,521.0,176443.82,VERIFIED,RETAIL,AU
CUST4918,Customer_3918,customer_3918@email.com,+19434526974,68.0,799.0,205104.6,VERIFIED,RETAIL,DE
CUST4919,Customer_3919,customer_3919@email.com,+12052892916,43.0,704.0,170680.04,FAILED,CORPORATE,US
CUST4920,Customer_3920,customer_3920@email.com,+14419168997,54.0,544.0,184333.09,FAILED,RETAIL,US
CUST4921,Customer_3921,customer_3921@email.com,+12655262828,41.0,522.0,347254.41,VERIFIED,PREMIUM,US
CUST4922,Customer_3922,customer_3922@email.com,+16100699293,18.0,330.0,317318.9,VERIFIED,PREMIUM,US
CUST4923,Customer_3923,customer_3923@email.com,+16852388049,36.0,623.0,131314.92,VERIFIED,RETAIL,US
CUST4924,Customer_3924,customer_3924@email.com,+17638321339,72.0,698.0,141687.22,VERIFIED,RETAIL,US
CUST4925,Customer_3925,customer_3925@email.com,+12396402072,150.0,334.0,90422.22,VERIFIED,CORPORATE,US
CUST4926,Customer_3926,customer_3926@email.com,+18237975506,47.0,792.0,450016.71,FAILED,RETAIL,US
CUST4927,Customer_3927,customer_3927@email.com,+15640100730,83.0,498.0,456010.68,,PREMIUM,UK
CUST4928,Customer_3928,customer_3928@email.com,+18196303078,-5.0,613.0,190993.95,VERIFIED,CORPORATE,UK
CUST4929,Customer_3929,customer_3929@email.com,+14927345235,53.0,666.0,452908.89,VERIFIED,RETAIL,UK
CUST4930,Customer_3930,customer_3930@email.com,+11227560937,27.0,568.0,116150.27,VERIFIED,SME,US
CUST4931,Customer_3931,customer_3931@email.com,+13284862419,38.0,574.0,64782.77,VERIFIED,RETAIL,US
CUST4932,Customer_3932,customer_3932@email.com,+19793964139,27.0,320.0,63468.58,VERIFIED,RETAIL,DE
CUST4933,Customer_3933,customer_3933@email.com,+12760732259,67.0,541.0,468307.07,VERIFIED,PREMIUM,UK
CUST4934,Customer_3934,customer_3934@email.com,+14812658953,50.0,569.0,117195.39,VERIFIED,RETAIL,US
CUST4935,Customer_3935,customer_3935@email.com,+14214828897,76.0,621.0,292794.9,VERIFIED,RETAIL,FR
CUST4936,Customer_3936,customer_3936@email.com,+18992655324,30.0,402.0,326954.48,VERIFIED,PREMIUM,US
CUST4937,Customer_3937,customer_3937@email.com,+12187618466,65.0,344.0,466321.44,VERIFIED,CORPORATE,US
CUST4938,Customer_3938,customer_3938@email.com,+18875986328,53.0,429.0,332360.87,VERIFIED,SME,UK
CUST4939,Customer_3939,customer_3939@email.com,+14833248853,75.0,517.0,466169.2,VERIFIED,RETAIL,
CUST4940,Customer_3940,customer_3940@email.com,+17359776692,31.0,424.0,129443.37,PENDING,RETAIL,AU
CUST4941,Customer_3941,customer_3941@email.com,+11491823326,62.0,706.0,478494.15,VERIFIED,RETAIL,AU
CUST4942,Customer_3942,customer_3942@email.com,+14487338363,62.0,812.0,145167.87,FAILED,RETAIL,US
CUST4943,Customer_3943,customer_3943@email.com,+15342438573,61.0,825.0,396004.6,,RETAIL,US
CUST4944,Customer_3944,customer_3944@email.com,+11255988184,27.0,633.0,100971.18,PENDING,SME,US
CUST4945,Customer_3945,customer_3945@email.com,+16370494627,-5.0,,111438.83,VERIFIED,PREMIUM,AU
CUST4946,Customer_3946,customer_3946@email.com,+16668797078,31.0,837.0,259253.17,VERIFIED,,UK
CUST4947,Customer_3947,customer_3947@email.com,+14753514031,20.0,544.0,276973.91,VERIFIED,RETAIL,US
CUST4948,Customer_3948,customer_3948@email.com,,37.0,847.0,448876.39,VERIFIED,CORPORATE,AU
CUST4949,Customer_3949,customer_3949@email.com,+18751189057,36.0,849.0,75997.8,FAILED,RETAIL,US
CUST4950,Customer_3950,customer_3950@email.com,+16955219497,28.0,320.0,176409.06,VERIFIED,CORPORATE,DE
CUST4951,Customer_3951,customer_3951@email.com,+18728879962,25.0,542.0,73256.98,VERIFIED,RETAIL,UK
CUST4952,Customer_3952,customer_3952@email.com,+14811661161,50.0,388.0,458513.08,VERIFIED,RETAIL,FR
CUST4953,Customer_3953,customer_3953@email.com,+12094480007,64.0,673.0,349814.35,PENDING,RETAIL,DE
CUST4954,Customer_3954,customer_3954@email.com,+17132348970,40.0,344.0,373485.35,VERIFIED,RETAIL,DE
CUST4955,Customer_3955,customer_3955@email.com,+17978840804,70.0,389.0,337944.81,VERIFIED,RETAIL,UK
CUST4956,Customer_3956,customer_3956@email.com,+17261546734,24.0,400.0,277452.35,VERIFIED,PREMIUM,AU
CUST4957,Customer_3957,customer_3957@email.com,+19645773060,72.0,381.0,482428.94,VERIFIED,RETAIL,UK
CUST4958,Customer_3958,customer_3958@email.com,+16892377111,18.0,312.0,253477.22,VERIFIED,CORPORATE,FR
CUST4959,Customer_3959,customer_3959@email.com,+14277526672,64.0,,251409.7,VERIFIED,PREMIUM,UK
CUST4960,Customer_3960,customer_3960@email.com,+16376681921,27.0,796.0,29513.92,VERIFIED,RETAIL,US
CUST4961,Customer_3961,customer_3961@email.com,+14716798300,71.0,351.0,200179.65,VERIFIED,CORPORATE,DE
CUST4962,Customer_3962,customer_3962@email.com,+19150941224,62.0,415.0,229391.56,VERIFIED,PREMIUM,AU
CUST4963,Customer_3963,customer_3963@email.com,+11621060131,74.0,420.0,243322.23,VERIFIED,PREMIUM,US
CUST4964,Customer_3964,customer_3964@email.com,+18054325326,23.0,377.0,488015.61,VERIFIED,RETAIL,US
CUST4965,Customer_3965,customer_3965@email.com,+18560032305,66.0,596.0,111201.14,VERIFIED,RETAIL,US
CUST4966,Customer_3966,customer_3966@email.com,+11443709164,47.0,668.0,104572.64,PENDING,CORPORATE,DE
CUST4967,Customer_3967,customer_3967@email.com,,-5.0,543.0,400992.75,VERIFIED,CORPORATE,US
CUST4968,Customer_3968,customer_3968@email.com,,44.0,655.0,456191.83,VERIFIED,SME,DE
CUST4969,Customer_3969,customer_3969@email.com,+16263741342,55.0,496.0,245364.96,FAILED,CORPORATE,AU
CUST4970,Customer_3970,customer_3970@email.com,+19711318103,51.0,436.0,417982.88,VERIFIED,PREMIUM,FR
CUST4971,Customer_3971,customer_3971@email.com,+17767384611,65.0,373.0,375749.13,VERIFIED,RETAIL,US
CUST4972,Customer_3972,customer_3972@email.com,+17993211693,39.0,471.0,206428.64,VERIFIED,CORPORATE,FR
CUST4973,Customer_3973,customer_3973@email.com,+11361330323,42.0,436.0,219099.9,VERIFIED,CORPORATE,DE
CUST4974,Customer_3974,customer_3974@email.com,+14853474893,64.0,385.0,498419.8,VERIFIED,SME,UK
CUST4975,Customer_3975,customer_3975@email.com,+16986660989,70.0,326.0,34774.56,VERIFIED,RETAIL,FR
CUST4976,Customer_3976,customer_3976@email.com,+13056240606,57.0,421.0,126905.73,VERIFIED,CORPORATE,US
CUST4977,Customer_3977,customer_3977@email.com,,48.0,329.0,115151.7,VERIFIED,SME,AU
CUST4978,Customer_3978,,+19182736586,39.0,810.0,44799.18,VERIFIED,RETAIL,FR
CUST4979,Customer_3979,customer_3979@email.com,+13847257145,55.0,658.0,308395.75,VERIFIED,PREMIUM,DE
CUST4980,Customer_3980,customer_3980@email.com,+16430825505,77.0,463.0,411532.06,PENDING,CORPORATE,US
CUST4981,Customer_3981,customer_3981@email.com,+16369880631,55.0,671.0,122295.07,PENDING,RETAIL,US
CUST4982,Customer_3982,customer_3982@email.com,+19420543118,33.0,436.0,259897.26,FAILED,RETAIL,DE
CUST4983,Customer_3983,customer_3983@email.com,+19396481240,64.0,312.0,460145.45,VERIFIED,RETAIL,US
CUST4984,Customer_3984,customer_3984@email.com,+18342927172,40.0,772.0,392164.94,VERIFIED,RETAIL,US
CUST4985,Customer_3985,customer_3985@email.com,,43.0,612.0,403322.37,VERIFIED,SME,US
CUST4986,Customer_3986,customer_3986@email.com,+11694755539,70.0,796.0,23805.37,PENDING,SME,FR
CUST4987,Customer_3987,customer_3987@email.com,+11903600794,30.0,451.0,351143.2,VERIFIED,RETAIL,AU
CUST4988,Customer_3988,customer_3988@email.com,+19354007206,54.0,342.0,402042.78,PENDING,RETAIL,US
CUST4989,Customer_3989,customer_3989@email.com,+19138948090,150.0,393.0,334156.22,VERIFIED,PREMIUM,UK
CUST4990,Customer_3990,customer_3990@email.com,+11784625475,51.0,715.0,150946.52,VERIFIED,RETAIL,AU
CUST4991,Customer_3991,customer_3991@email.com,+15616902407,58.0,427.0,282913.05,VERIFIED,RETAIL,AU
CUST4992,Customer_3992,customer_3992@email.com,+17883488996,150.0,680.0,155994.19,VERIFIED,SME,UK
CUST4993,Customer_3993,customer_3993@email.com,+11157721398,60.0,836.0,184775.67,VERIFIED,PREMIUM,US
CUST4994,Customer_3994,customer_3994@email.com,+19088053188,38.0,708.0,313149.75,VERIFIED,PREMIUM,UK
CUST4995,Customer_3995,customer_3995@email.com,,57.0,669.0,334649.59,VERIFIED,RETAIL,US
CUST4996,Customer_3996,customer_3996@email.com,+15548933511,42.0,572.0,309993.84,VERIFIED,RETAIL,UK
CUST4997,Customer_3997,customer_3997@email.com,+18976661649,76.0,633.0,350796.48,PENDING,RETAIL,FR
CUST4998,Customer_3998,customer_3998@email.com,+14086700576,83.0,810.0,375583.51,VERIFIED,RETAIL,UK
CUST4999,Customer_3999,customer_3999@email.com,,55.0,,55158.39,VERIFIED,CORPORATE,UK
CUST5000,Customer_4000,customer_4000@email.com,+15253253093,48.0,687.0,152666.34,VERIFIED,RETAIL,UK
CUST5001,Customer_4001,,+18489644953,50.0,710.0,421143.03,FAILED,RETAIL,DE
CUST5002,Customer_4002,customer_4002@email.com,+12065211617,68.0,511.0,26359.41,VERIFIED,RETAIL,US
CUST5003,Customer_4003,customer_4003@email.com,+15443621771,44.0,327.0,235123.09,VERIFIED,RETAIL,AU
CUST5004,Customer_4004,customer_4004@email.com,+19264699131,57.0,624.0,297681.49,VERIFIED,RETAIL,US
CUST5005,Customer_4005,customer_4005@email.com,+17736867138,75.0,544.0,387576.02,,PREMIUM,AU
CUST5006,Customer_4006,customer_4006@email.com,+11854069751,63.0,422.0,77465.84,VERIFIED,RETAIL,US
CUST5007,Customer_4007,customer_4007@email.com,+15098337005,56.0,540.0,252753.04,VERIFIED,CORPORATE,UK
CUST5008,Customer_4008,customer_4008@email.com,+19224794102,63.0,402.0,379087.97,VERIFIED,RETAIL,US
CUST5009,Customer_4009,customer_4009@email.com,+17481405956,150.0,848.0,143217.64,VERIFIED,SME,US
CUST5010,Customer_4010,customer_4010@email.com,+15606819685,73.0,693.0,157703.44,VERIFIED,SME,US
CUST5011,Customer_4011,customer_4011@email.com,+16903163700,37.0,638.0,484730.24,VERIFIED,PREMIUM,UK
CUST5012,Customer_4012,customer_4012@email.com,+15879045114,56.0,450.0,208510.6,VERIFIED,PREMIUM,US
CUST5013,Customer_4013,customer_4013@email.com,+13574406373,57.0,607.0,330621.18,VERIFIED,PREMIUM,FR
CUST5014,Customer_4014,customer_4014@email.com,+13652750357,53.0,734.0,474579.84,VERIFIED,RETAIL,US
CUST5015,Customer_4015,customer_4015@email.com,+16361213566,60.0,447.0,333939.8,VERIFIED,RETAIL,US
CUST5016,Customer_4016,customer_4016@email.com,+19319368800,19.0,707.0,133150.57,VERIFIED,SME,UK
CUST5017,Customer_4017,customer_4017@email.com,+11367793351,65.0,638.0,431670.01,VERIFIED,SME,DE
CUST5018,Customer_4018,customer_4018@email.com,+17931197228,66.0,542.0,441149.78,VERIFIED,SME,FR
CUST5019,Customer_4019,customer_4019@email.com,+19638393558,29.0,538.0,187366.11,VERIFIED,PREMIUM,AU
CUST5020,Customer_4020,customer_4020@email.com,+11649688686,49.0,362.0,157726.99,VERIFIED,CORPORATE,US
CUST5021,Customer_4021,customer_4021@email.com,+14711412769,79.0,465.0,54715.93,VERIFIED,RETAIL,AU
CUST5022,Customer_4022,customer_4022@email.com,+18884106382,53.0,366.0,356781.93,VERIFIED,RETAIL,FR
CUST5023,Customer_4023,customer_4023@email.com,+18423295658,56.0,560.0,127978.16,VERIFIED,CORPORATE,FR
CUST5024,Customer_4024,customer_4024@email.com,+17019633998,60.0,305.0,171654.57,VERIFIED,SME,UK
CUST5025,Customer_4025,customer_4025@email.com,+18173855485,51.0,749.0,432322.58,VERIFIED,RETAIL,AU
CUST5026,Customer_4026,customer_4026@email.com,+19234249555,48.0,654.0,350811.64,VERIFIED,RETAIL,US
CUST5027,Customer_4027,customer_4027@email.com,+15572054426,63.0,353.0,13102.41,VERIFIED,RETAIL,US
CUST5028,Customer_4028,customer_4028@email.com,+17126754437,51.0,448.0,396352.95,VERIFIED,RETAIL,US
CUST5029,Customer_4029,,+14181934053,64.0,431.0,470203.94,VERIFIED,RETAIL,FR
CUST5030,Customer_4030,customer_4030@email.com,+14057549281,74.0,788.0,397349.98,PENDING,PREMIUM,FR
CUST5031,Customer_4031,customer_4031@email.com,+12026164081,84.0,454.0,294333.93,FAILED,RETAIL,AU
CUST5032,Customer_4032,customer_4032@email.com,+15548540142,57.0,535.0,419680.13,VERIFIED,RETAIL,DE
CUST5033,Customer_4033,,+14075979344,84.0,455.0,71944.62,VERIFIED,RETAIL,UK
CUST5034,Customer_4034,customer_4034@email.com,+18641856883,37.0,309.0,465737.5,PENDING,RETAIL,US
CUST5035,Customer_4035,customer_4035@email.com,+14564888181,25.0,366.0,273790.32,,RETAIL,FR
CUST5036,Customer_4036,customer_4036@email.com,+17950817144,26.0,606.0,296176.25,FAILED,CORPORATE,US
CUST5037,Customer_4037,customer_4037@email.com,+11731466204,49.0,810.0,343101.92,,CORPORATE,US
CUST5038,Customer_4038,customer_4038@email.com,+15339712827,42.0,519.0,19701.62,VERIFIED,RETAIL,UK
CUST5039,Customer_4039,,+13290509046,61.0,778.0,90484.35,FAILED,CORPORATE,UK
CUST5040,Customer_4040,customer_4040@email.com,,22.0,685.0,305859.68,VERIFIED,CORPORATE,US
CUST5041,Customer_4041,customer_4041@email.com,+19597402820,27.0,418.0,101351.18,VERIFIED,SME,FR
CUST5042,Customer_4042,customer_4042@email.com,+15789904652,59.0,472.0,152912.23,FAILED,SME,DE
CUST5043,Customer_4043,customer_4043@email.com,,30.0,357.0,29860.82,PENDING,RETAIL,US
CUST5044,Customer_4044,customer_4044@email.com,+18721400722,61.0,850.0,416257.77,,RETAIL,US
CUST5045,Customer_4045,customer_4045@email.com,+14432646065,62.0,325.0,134452.43,VERIFIED,CORPORATE,US
CUST5046,Customer_4046,customer_4046@email.com,,76.0,594.0,210734.94,VERIFIED,CORPORATE,AU
CUST5047,Customer_4047,customer_4047@email.com,,65.0,454.0,240806.73,VERIFIED,RETAIL,DE
CUST5048,Customer_4048,customer_4048@email.com,+16046665217,19.0,386.0,22157.55,VERIFIED,RETAIL,DE
CUST5049,Customer_4049,customer_4049@email.com,+16940111187,46.0,740.0,84503.55,VERIFIED,RETAIL,FR
CUST5050,Customer_4050,customer_4050@email.com,+12962859805,61.0,503.0,241805.94,VERIFIED,RETAIL,
CUST5051,Customer_4051,customer_4051@email.com,+19285764192,29.0,755.0,154616.89,,CORPORATE,DE
CUST5052,Customer_4052,customer_4052@email.com,+11012040875,40.0,335.0,62362.95,VERIFIED,CORPORATE,US
CUST5053,Customer_4053,customer_4053@email.com,+11802746530,76.0,689.0,373015.72,VERIFIED,RETAIL,UK
CUST5054,Customer_4054,customer_4054@email.com,+14914753479,36.0,453.0,13327.4,VERIFIED,RETAIL,US
CUST5055,Customer_4055,customer_4055@email.com,+11958063891,60.0,821.0,271629.34,FAILED,,AU
CUST5056,Customer_4056,customer_4056@email.com,+18358847124,61.0,566.0,385026.82,VERIFIED,RETAIL,DE
CUST5057,Customer_4057,customer_4057@email.com,+17254477657,32.0,328.0,95439.4,VERIFIED,SME,US
CUST5058,Customer_4058,customer_4058@email.com,+16576517425,18.0,767.0,303902.16,VERIFIED,PREMIUM,US
CUST5059,Customer_4059,customer_4059@email.com,+15650173315,76.0,547.0,197605.13,VERIFIED,SME,UK
CUST5060,Customer_4060,customer_4060@email.com,+14179832402,82.0,804.0,103412.04,VERIFIED,SME,US
CUST5061,Customer_4061,customer_4061@email.com,+11933005471,83.0,545.0,106300.27,VERIFIED,RETAIL,AU
CUST5062,Customer_4062,customer_4062@email.com,+13132130593,37.0,718.0,367542.09,VERIFIED,PREMIUM,FR
CUST5063,Customer_4063,customer_4063@email.com,+12721600400,68.0,738.0,328656.84,VERIFIED,RETAIL,AU
CUST5064,Customer_4064,customer_4064@email.com,+15929337737,57.0,332.0,179344.62,VERIFIED,SME,US
CUST5065,Customer_4065,customer_4065@email.com,+19255621278,33.0,840.0,353246.89,FAILED,RETAIL,UK
CUST5066,Customer_4066,customer_4066@email.com,+14034211486,28.0,748.0,210740.54,VERIFIED,PREMIUM,US
CUST5067,Customer_4067,customer_4067@email.com,+11147612791,58.0,335.0,406822.29,VERIFIED,CORPORATE,UK
CUST5068,Customer_4068,customer_4068@email.com,+19572328372,52.0,420.0,205346.31,PENDING,RETAIL,UK
CUST5069,Customer_4069,customer_4069@email.com,+12548777638,19.0,735.0,405074.17,VERIFIED,PREMIUM,UK
CUST5070,Customer_4070,customer_4070@email.com,+17308615109,49.0,550.0,420342.95,VERIFIED,RETAIL,AU
CUST5071,Customer_4071,customer_4071@email.com,+11259285227,84.0,309.0,169061.49,VERIFIED,RETAIL,UK
CUST5072,Customer_4072,customer_4072@email.com,+13687568231,75.0,814.0,135449.31,PENDING,RETAIL,DE
CUST5073,Customer_4073,customer_4073@email.com,+11436424361,41.0,793.0,386726.27,VERIFIED,RETAIL,DE
CUST5074,Customer_4074,customer_4074@email.com,+11834006744,70.0,841.0,481245.19,VERIFIED,RETAIL,DE
CUST5075,Customer_4075,customer_4075@email.com,+17871579149,42.0,503.0,48516.61,VERIFIED,RETAIL,AU
CUST5076,Customer_4076,customer_4076@email.com,+16542282951,30.0,300.0,427322.27,VERIFIED,PREMIUM,US
CUST5077,Customer_4077,customer_4077@email.com,+17417424306,31.0,839.0,245245.28,VERIFIED,,AU
CUST5078,Customer_4078,customer_4078@email.com,+19612454093,80.0,560.0,39836.49,PENDING,RETAIL,US
CUST5079,Customer_4079,customer_4079@email.com,+17237040746,34.0,367.0,96285.58,VERIFIED,RETAIL,UK
CUST5080,Customer_4080,customer_4080@email.com,+17437911792,34.0,645.0,466756.06,FAILED,CORPORATE,AU
CUST5081,Customer_4081,customer_4081@email.com,+15312116103,78.0,461.0,178312.08,FAILED,PREMIUM,UK
CUST5082,Customer_4082,customer_4082@email.com,+16679098808,31.0,517.0,449257.0,PENDING,SME,US
CUST5083,Customer_4083,customer_4083@email.com,+13460019444,32.0,621.0,48291.61,VERIFIED,RETAIL,DE
CUST5084,Customer_4084,customer_4084@email.com,,71.0,500.0,359423.46,VERIFIED,PREMIUM,UK
CUST5085,Customer_4085,customer_4085@email.com,+16582420561,73.0,324.0,218794.55,PENDING,RETAIL,US
CUST5086,Customer_4086,customer_4086@email.com,+17430041150,81.0,395.0,362673.01,VERIFIED,PREMIUM,FR
CUST5087,Customer_4087,customer_4087@email.com,+13756542798,21.0,601.0,249424.9,VERIFIED,RETAIL,DE
CUST5088,Customer_4088,customer_4088@email.com,+14344924092,68.0,811.0,456001.7,VERIFIED,CORPORATE,DE
CUST5089,Customer_4089,customer_4089@email.com,+12495002817,21.0,798.0,165574.77,PENDING,RETAIL,US
CUST5090,Customer_4090,customer_4090@email.com,+19519343157,37.0,820.0,433947.03,PENDING,RETAIL,US
CUST5091,Customer_4091,customer_4091@email.com,+12607399879,40.0,492.0,124201.3,VERIFIED,CORPORATE,AU
CUST5092,Customer_4092,customer_4092@email.com,+13390001992,59.0,490.0,460955.31,FAILED,RETAIL,FR
CUST5093,Customer_4093,customer_4093@email.com,+16938255204,22.0,681.0,295586.26,VERIFIED,CORPORATE,US
CUST5094,Customer_4094,customer_4094@email.com,+15668845676,150.0,847.0,152762.19,VERIFIED,PREMIUM,US
CUST5095,Customer_4095,customer_4095@email.com,+15950271507,20.0,406.0,56642.99,VERIFIED,RETAIL,FR
CUST5096,Customer_4096,customer_4096@email.com,+19718758531,53.0,355.0,251408.41,VERIFIED,RETAIL,US
CUST5097,Customer_4097,customer_4097@email.com,+16977155585,71.0,837.0,174235.61,,RETAIL,UK
CUST5098,Customer_4098,customer_4098@email.com,+12724635957,34.0,,257199.87,VERIFIED,RETAIL,AU
CUST5099,Customer_4099,customer_4099@email.com,,69.0,753.0,73921.04,PENDING,RETAIL,DE
CUST5100,Customer_4100,customer_4100@email.com,+11414193926,-5.0,344.0,401889.81,FAILED,CORPORATE,US
CUST5101,Customer_4101,customer_4101@email.com,+11699452831,83.0,503.0,413470.91,VERIFIED,RETAIL,DE
CUST5102,Customer_4102,customer_4102@email.com,+16050005298,26.0,525.0,477087.8,VERIFIED,RETAIL,AU
CUST5103,Customer_4103,customer_4103@email.com,+17454923727,150.0,743.0,1928.1,FAILED,PREMIUM,US
CUST5104,Customer_4104,customer_4104@email.com,+19530292841,49.0,624.0,460595.06,PENDING,RETAIL,UK
CUST5105,Customer_4105,customer_4105@email.com,+16227438621,46.0,376.0,220949.58,VERIFIED,RETAIL,US
CUST5106,Customer_4106,customer_4106@email.com,+12378102879,51.0,595.0,128529.6,VERIFIED,SME,US
CUST5107,Customer_4107,customer_4107@email.com,+15130009684,22.0,612.0,262233.58,VERIFIED,RETAIL,DE
CUST5108,Customer_4108,customer_4108@email.com,+12581843318,53.0,543.0,486456.21,VERIFIED,PREMIUM,US
CUST5109,Customer_4109,customer_4109@email.com,+15649484954,59.0,477.0,16602.96,VERIFIED,PREMIUM,AU
CUST5110,Customer_4110,customer_4110@email.com,+13625881935,66.0,585.0,31709.27,PENDING,RETAIL,US
CUST5111,Customer_4111,customer_4111@email.com,+12994332293,35.0,426.0,269057.86,VERIFIED,RETAIL,DE
CUST5112,Customer_4112,customer_4112@email.com,+11968029741,56.0,421.0,368303.32,FAILED,RETAIL,US
CUST5113,Customer_4113,customer_4113@email.com,,29.0,576.0,184735.46,PENDING,RETAIL,UK
CUST5114,Customer_4114,customer_4114@email.com,+13320258960,71.0,392.0,199459.05,VERIFIED,RETAIL,UK
CUST5115,Customer_4115,customer_4115@email.com,+16350183332,37.0,391.0,30405.52,VERIFIED,RETAIL,FR
CUST5116,Customer_4116,customer_4116@email.com,+19132375122,50.0,764.0,284820.38,VERIFIED,SME,AU
CUST5117,Customer_4117,customer_4117@email.com,+19593648832,54.0,523.0,61308.44,PENDING,CORPORATE,
CUST5118,Customer_4118,customer_4118@email.com,+16209812271,53.0,565.0,208825.85,PENDING,PREMIUM,DE
CUST5119,Customer_4119,customer_4119@email.com,+15621667673,31.0,446.0,329571.76,VERIFIED,RETAIL,FR
CUST5120,Customer_4120,customer_4120@email.com,+14202480861,57.0,556.0,436240.39,PENDING,SME,FR
CUST5121,Customer_4121,customer_4121@email.com,+18653678687,66.0,810.0,174754.68,,PREMIUM,UK
CUST5122,Customer_4122,customer_4122@email.com,+11220685066,67.0,311.0,168736.87,VERIFIED,RETAIL,US
CUST5123,Customer_4123,customer_4123@email.com,+12566433177,69.0,560.0,39833.15,VERIFIED,RETAIL,
CUST5124,Customer_4124,customer_4124@email.com,+13115707320,70.0,566.0,34331.28,PENDING,PREMIUM,UK
CUST5125,Customer_4125,customer_4125@email.com,+15443811051,75.0,405.0,365766.51,VERIFIED,RETAIL,UK
CUST5126,Customer_4126,customer_4126@email.com,+11033625780,76.0,,188353.88,VERIFIED,RETAIL,FR
CUST5127,Customer_4127,customer_4127@email.com,+14100300676,77.0,301.0,170279.57,FAILED,SME,DE
CUST5128,Customer_4128,customer_4128@email.com,,69.0,395.0,247648.15,PENDING,PREMIUM,US
CUST5129,Customer_4129,customer_4129@email.com,+14775978305,76.0,335.0,78933.44,FAILED,CORPORATE,
CUST5130,Customer_4130,customer_4130@email.com,+18981888408,59.0,831.0,405037.65,VERIFIED,SME,US
CUST5131,Customer_4131,customer_4131@email.com,+11659315447,62.0,380.0,234702.08,PENDING,SME,US
CUST5132,Customer_4132,customer_4132@email.com,+11771278476,85.0,349.0,498069.78,VERIFIED,RETAIL,US
CUST5133,Customer_4133,customer_4133@email.com,,22.0,548.0,77435.36,FAILED,RETAIL,UK
CUST5134,Customer_4134,customer_4134@email.com,+12093424989,22.0,511.0,188428.99,FAILED,CORPORATE,US
CUST5135,Customer_4135,customer_4135@email.com,+16829387674,77.0,329.0,423215.44,,RETAIL,AU
CUST5136,Customer_4136,customer_4136@email.com,+12667760695,68.0,623.0,133615.61,VERIFIED,PREMIUM,FR
CUST5137,Customer_4137,customer_4137@email.com,+17910078870,35.0,841.0,415026.96,VERIFIED,RETAIL,FR
CUST5138,Customer_4138,customer_4138@email.com,+12045229848,75.0,526.0,207431.44,PENDING,CORPORATE,
CUST5139,Customer_4139,customer_4139@email.com,+17397049174,43.0,791.0,480927.72,PENDING,SME,AU
CUST5140,Customer_4140,customer_4140@email.com,+11578715462,-5.0,539.0,211987.45,VERIFIED,PREMIUM,UK
CUST5141,Customer_4141,customer_4141@email.com,+13127025187,69.0,763.0,114435.22,VERIFIED,PREMIUM,AU
CUST5142,Customer_4142,customer_4142@email.com,+17700930792,64.0,675.0,280830.93,VERIFIED,PREMIUM,US
CUST5143,Customer_4143,customer_4143@email.com,+17645518095,63.0,656.0,246187.89,VERIFIED,RETAIL,US
CUST5144,Customer_4144,customer_4144@email.com,+16442585764,32.0,449.0,204438.94,FAILED,RETAIL,US
CUST5145,Customer_4145,customer_4145@email.com,+12860786221,62.0,812.0,140431.98,VERIFIED,CORPORATE,US
CUST5146,Customer_4146,customer_4146@email.com,+14288717489,47.0,625.0,123995.61,VERIFIED,SME,FR
CUST5147,Customer_4147,customer_4147@email.com,+16434366795,66.0,755.0,377440.95,FAILED,RETAIL,US
CUST5148,Customer_4148,customer_4148@email.com,+17970221438,54.0,341.0,236847.85,VERIFIED,RETAIL,DE
CUST5149,Customer_4149,customer_4149@email.com,+11553432940,77.0,756.0,100410.43,PENDING,SME,AU
CUST5150,Customer_4150,customer_4150@email.com,+12483058840,37.0,304.0,257402.61,PENDING,SME,US
CUST5151,Customer_4151,customer_4151@email.com,+19124434341,70.0,588.0,43232.84,VERIFIED,RETAIL,FR
CUST5152,Customer_4152,customer_4152@email.com,+18632910826,57.0,811.0,191400.35,VERIFIED,RETAIL,AU
CUST5153,Customer_4153,customer_4153@email.com,+19571911506,28.0,356.0,86047.2,FAILED,RETAIL,FR
CUST5154,Customer_4154,customer_4154@email.com,+14316470020,44.0,472.0,170392.5,VERIFIED,SME,US
CUST5155,Customer_4155,customer_4155@email.com,+11066205721,19.0,378.0,325772.79,PENDING,PREMIUM,US
CUST5156,Customer_4156,customer_4156@email.com,+11134154810,39.0,829.0,46326.72,VERIFIED,SME,FR
CUST5157,Customer_4157,customer_4157@email.com,+16188958471,150.0,417.0,296181.98,VERIFIED,PREMIUM,DE
CUST5158,Customer_4158,customer_4158@email.com,+18889861502,53.0,476.0,90746.68,VERIFIED,PREMIUM,UK
CUST5159,Customer_4159,customer_4159@email.com,+18532735609,62.0,741.0,468277.05,VERIFIED,PREMIUM,US
CUST5160,Customer_4160,customer_4160@email.com,+15695931741,67.0,650.0,61299.55,FAILED,RETAIL,US
CUST5161,Customer_4161,customer_4161@email.com,+17902826045,20.0,573.0,410810.54,VERIFIED,SME,US
CUST5162,Customer_4162,customer_4162@email.com,+17246761363,84.0,757.0,349394.53,VERIFIED,SME,DE
CUST5163,Customer_4163,customer_4163@email.com,+12517879533,67.0,487.0,492807.26,VERIFIED,RETAIL,US
CUST5164,Customer_4164,customer_4164@email.com,+15485793252,59.0,315.0,227101.51,VERIFIED,CORPORATE,UK
CUST5165,Customer_4165,customer_4165@email.com,+19016157494,85.0,543.0,336085.69,VERIFIED,RETAIL,US
CUST5166,Customer_4166,customer_4166@email.com,+14178064579,18.0,522.0,204555.76,PENDING,CORPORATE,FR
CUST5167,Customer_4167,customer_4167@email.com,+17380369739,81.0,664.0,72261.7,VERIFIED,PREMIUM,US
CUST5168,Customer_4168,customer_4168@email.com,+15310376422,28.0,434.0,60339.53,VERIFIED,RETAIL,DE
CUST5169,Customer_4169,customer_4169@email.com,+18351572637,65.0,639.0,457905.12,VERIFIED,RETAIL,US
CUST5170,Customer_4170,customer_4170@email.com,+11683037833,83.0,832.0,231363.7,VERIFIED,SME,AU
CUST5171,Customer_4171,customer_4171@email.com,+16781383668,57.0,439.0,21940.01,VERIFIED,PREMIUM,US
CUST5172,Customer_4172,customer_4172@email.com,+12497586684,49.0,793.0,193600.95,,RETAIL,US
CUST5173,Customer_4173,customer_4173@email.com,+12111542554,85.0,657.0,448557.43,VERIFIED,SME,UK
CUST5174,Customer_4174,customer_4174@email.com,+12732674652,23.0,328.0,245370.95,VERIFIED,SME,US
CUST5175,Customer_4175,customer_4175@email.com,+18149957798,32.0,584.0,35624.87,VERIFIED,RETAIL,UK
CUST5176,Customer_4176,customer_4176@email.com,+13103191759,63.0,379.0,233242.68,VERIFIED,PREMIUM,UK
CUST5177,Customer_4177,customer_4177@email.com,+12506899683,54.0,841.0,201903.76,VERIFIED,PREMIUM,UK
CUST5178,Customer_4178,customer_4178@email.com,+12003575066,43.0,578.0,210790.29,VERIFIED,PREMIUM,US
CUST5179,Customer_4179,customer_4179@email.com,+15349038693,20.0,584.0,183420.91,VERIFIED,CORPORATE,US
CUST5180,Customer_4180,customer_4180@email.com,+17861584328,79.0,773.0,25420.07,VERIFIED,RETAIL,US
CUST5181,Customer_4181,customer_4181@email.com,+14612184610,50.0,813.0,270750.52,FAILED,,
CUST5182,Customer_4182,customer_4182@email.com,+15207169623,26.0,585.0,382225.42,VERIFIED,RETAIL,US
CUST5183,Customer_4183,customer_4183@email.com,+18814956149,66.0,440.0,95776.57,VERIFIED,CORPORATE,UK
CUST5184,Customer_4184,customer_4184@email.com,+18066490333,78.0,,382936.59,PENDING,SME,DE
CUST5185,Customer_4185,customer_4185@email.com,+11252335878,76.0,675.0,190335.44,FAILED,RETAIL,US
CUST5186,Customer_4186,customer_4186@email.com,+19328536365,-5.0,399.0,51293.3,VERIFIED,CORPORATE,US
CUST5187,Customer_4187,customer_4187@email.com,+17103168483,50.0,615.0,326077.06,VERIFIED,RETAIL,AU
CUST5188,Customer_4188,customer_4188@email.com,+12534038633,56.0,758.0,410404.06,FAILED,PREMIUM,DE
CUST5189,Customer_4189,,+18266313764,72.0,568.0,138133.2,VERIFIED,SME,AU
CUST5190,Customer_4190,customer_4190@email.com,+14441267262,83.0,595.0,155869.28,VERIFIED,CORPORATE,US
CUST5191,Customer_4191,customer_4191@email.com,+16278004334,62.0,816.0,360687.74,VERIFIED,RETAIL,FR
CUST5192,Customer_4192,customer_4192@email.com,+19551182160,64.0,780.0,10881.11,VERIFIED,RETAIL,US
CUST5193,Customer_4193,customer_4193@email.com,+13958970402,22.0,564.0,290486.4,VERIFIED,CORPORATE,UK
CUST5194,Customer_4194,customer_4194@email.com,+14123273271,55.0,700.0,412016.05,VERIFIED,RETAIL,DE
CUST5195,Customer_4195,customer_4195@email.com,+14077184218,70.0,782.0,85039.01,PENDING,RETAIL,UK
CUST5196,Customer_4196,customer_4196@email.com,+17353648999,76.0,532.0,493367.37,VERIFIED,CORPORATE,AU
CUST5197,Customer_4197,customer_4197@email.com,+14904662516,45.0,535.0,158218.8,VERIFIED,CORPORATE,UK
CUST5198,Customer_4198,customer_4198@email.com,+18931446666,60.0,754.0,440714.81,PENDING,SME,US
CUST5199,Customer_4199,customer_4199@email.com,+11549592855,52.0,817.0,334910.64,VERIFIED,SME,AU
CUST5200,Customer_4200,customer_4200@email.com,+11813530779,56.0,459.0,491662.08,VERIFIED,RETAIL,UK
CUST5201,Customer_4201,,+19297831259,28.0,801.0,197662.63,VERIFIED,SME,FR
CUST5202,Customer_4202,customer_4202@email.com,+15973413914,72.0,455.0,104337.65,VERIFIED,RETAIL,UK
CUST5203,Customer_4203,customer_4203@email.com,+14925193515,31.0,768.0,39445.4,VERIFIED,RETAIL,UK
CUST5204,Customer_4204,customer_4204@email.com,+14571047840,69.0,433.0,285476.09,FAILED,CORPORATE,US
CUST5205,Customer_4205,customer_4205@email.com,+18799910058,72.0,738.0,123600.28,VERIFIED,CORPORATE,US
CUST5206,Customer_4206,customer_4206@email.com,+17745535725,68.0,730.0,12006.99,FAILED,SME,US
CUST5207,Customer_4207,customer_4207@email.com,+14801492187,50.0,665.0,139575.5,VERIFIED,,AU
CUST5208,Customer_4208,customer_4208@email.com,+13795084286,84.0,660.0,335566.82,FAILED,PREMIUM,AU
CUST5209,Customer_4209,customer_4209@email.com,+11780447010,23.0,743.0,293578.67,VERIFIED,RETAIL,AU
CUST5210,Customer_4210,customer_4210@email.com,+13767887354,44.0,755.0,144735.72,VERIFIED,PREMIUM,UK
CUST5211,Customer_4211,customer_4211@email.com,+17869319581,73.0,390.0,161101.23,VERIFIED,,US
CUST5212,Customer_4212,customer_4212@email.com,+15511751139,40.0,395.0,39068.37,PENDING,RETAIL,FR
CUST5213,Customer_4213,customer_4213@email.com,+11465619060,60.0,450.0,126399.94,PENDING,RETAIL,FR
CUST5214,Customer_4214,customer_4214@email.com,+15269991009,70.0,328.0,218068.44,VERIFIED,CORPORATE,US
CUST5215,Customer_4215,customer_4215@email.com,+11632718248,38.0,452.0,19416.03,PENDING,CORPORATE,UK
CUST5216,Customer_4216,customer_4216@email.com,+16880031072,74.0,709.0,471268.13,PENDING,CORPORATE,US
CUST5217,Customer_4217,customer_4217@email.com,+15188772597,61.0,390.0,436645.74,PENDING,RETAIL,US
CUST5218,Customer_4218,customer_4218@email.com,+14290755867,24.0,335.0,197619.06,VERIFIED,RETAIL,UK
CUST5219,Customer_4219,customer_4219@email.com,+11246051850,68.0,,215142.22,VERIFIED,CORPORATE,UK
CUST5220,Customer_4220,customer_4220@email.com,+11136344671,30.0,440.0,487336.33,VERIFIED,CORPORATE,US
CUST5221,Customer_4221,customer_4221@email.com,+15921753793,57.0,493.0,192204.46,PENDING,RETAIL,US
CUST5222,Customer_4222,customer_4222@email.com,+13079788720,66.0,625.0,446559.16,VERIFIED,SME,US
CUST5223,Customer_4223,customer_4223@email.com,,61.0,,-531.4,PENDING,CORPORATE,UK
CUST5224,Customer_4224,customer_4224@email.com,+14653917194,53.0,409.0,2981.25,PENDING,CORPORATE,AU
CUST5225,Customer_4225,customer_4225@email.com,+12686080266,37.0,307.0,185891.2,PENDING,RETAIL,FR
CUST5226,Customer_4226,customer_4226@email.com,+14900277409,40.0,836.0,498212.64,FAILED,RETAIL,UK
CUST5227,Customer_4227,customer_4227@email.com,+17904973418,67.0,665.0,151007.91,VERIFIED,SME,FR
CUST5228,Customer_4228,customer_4228@email.com,+13846756761,81.0,766.0,259910.06,VERIFIED,PREMIUM,FR
CUST5229,Customer_4229,customer_4229@email.com,+11546905256,21.0,810.0,410595.17,VERIFIED,RETAIL,UK
CUST5230,Customer_4230,customer_4230@email.com,+14797742868,54.0,709.0,19958.95,VERIFIED,RETAIL,US
CUST5231,Customer_4231,customer_4231@email.com,+14982129160,77.0,604.0,104528.83,VERIFIED,RETAIL,
CUST5232,Customer_4232,customer_4232@email.com,+13933660848,23.0,559.0,24539.04,VERIFIED,CORPORATE,US
CUST5233,Customer_4233,customer_4233@email.com,+12214604341,,850.0,62790.63,FAILED,RETAIL,US
CUST5234,Customer_4234,customer_4234@email.com,+16820142812,29.0,353.0,279619.89,VERIFIED,PREMIUM,US
CUST5235,Customer_4235,customer_4235@email.com,+13331888879,85.0,616.0,228009.33,VERIFIED,CORPORATE,US
CUST5236,Customer_4236,customer_4236@email.com,+15260100967,38.0,365.0,12138.76,,CORPORATE,UK
CUST5237,Customer_4237,customer_4237@email.com,+12046761605,19.0,565.0,303776.73,VERIFIED,CORPORATE,US
CUST5238,Customer_4238,customer_4238@email.com,+15559624132,27.0,348.0,312519.21,PENDING,RETAIL,US
CUST5239,Customer_4239,customer_4239@email.com,+19586790244,76.0,501.0,141567.64,,SME,DE
CUST5240,Customer_4240,customer_4240@email.com,+12243603244,150.0,699.0,50345.85,VERIFIED,PREMIUM,UK
CUST5241,Customer_4241,customer_4241@email.com,+11063495452,24.0,733.0,485908.12,,RETAIL,US
CUST5242,Customer_4242,customer_4242@email.com,+19337892789,51.0,504.0,30905.01,VERIFIED,SME,DE
CUST5243,Customer_4243,customer_4243@email.com,+17178615056,40.0,844.0,91648.01,PENDING,CORPORATE,US
CUST5244,Customer_4244,,+18594230410,73.0,820.0,304834.37,VERIFIED,SME,AU
CUST5245,Customer_4245,customer_4245@email.com,+17993352731,37.0,303.0,2115.3,PENDING,RETAIL,US
CUST5246,Customer_4246,customer_4246@email.com,+12921102195,42.0,767.0,421773.87,VERIFIED,CORPORATE,AU
CUST5247,Customer_4247,customer_4247@email.com,,74.0,842.0,34179.32,VERIFIED,PREMIUM,UK
CUST5248,Customer_4248,customer_4248@email.com,+11854914456,74.0,621.0,163484.24,VERIFIED,PREMIUM,DE
CUST5249,Customer_4249,customer_4249@email.com,+16600554955,70.0,306.0,145084.84,VERIFIED,PREMIUM,AU
CUST5250,Customer_4250,customer_4250@email.com,+17037659921,27.0,748.0,305733.04,VERIFIED,CORPORATE,US
CUST5251,Customer_4251,customer_4251@email.com,+13459562148,150.0,333.0,278995.21,VERIFIED,RETAIL,US
CUST5252,Customer_4252,customer_4252@email.com,+13961810309,59.0,440.0,470557.9,VERIFIED,RETAIL,UK
CUST5253,Customer_4253,customer_4253@email.com,+19763095148,71.0,694.0,4158.94,VERIFIED,CORPORATE,UK
CUST5254,Customer_4254,customer_4254@email.com,+16665649221,83.0,,343993.49,VERIFIED,PREMIUM,DE
CUST5255,Customer_4255,customer_4255@email.com,+16373320552,56.0,585.0,99558.95,VERIFIED,RETAIL,AU
CUST5256,Customer_4256,customer_4256@email.com,+17409042946,54.0,416.0,416490.26,VERIFIED,RETAIL,US
CUST5257,Customer_4257,customer_4257@email.com,+17524672200,69.0,815.0,54740.07,VERIFIED,RETAIL,US
CUST5258,Customer_4258,customer_4258@email.com,+13189681474,81.0,429.0,122468.82,FAILED,SME,US
CUST5259,Customer_4259,customer_4259@email.com,+19801127042,75.0,477.0,211924.31,VERIFIED,PREMIUM,US
CUST5260,Customer_4260,customer_4260@email.com,+17616392178,44.0,559.0,259486.11,VERIFIED,SME,AU
CUST5261,Customer_4261,customer_4261@email.com,+13648021247,48.0,632.0,373780.89,FAILED,RETAIL,DE
CUST5262,Customer_4262,customer_4262@email.com,+12989888070,19.0,450.0,252485.65,VERIFIED,PREMIUM,US
CUST5263,Customer_4263,customer_4263@email.com,+15208785008,28.0,815.0,84197.88,VERIFIED,CORPORATE,US
CUST5264,Customer_4264,customer_4264@email.com,+18952668633,84.0,637.0,499285.37,PENDING,PREMIUM,US
CUST5265,Customer_4265,customer_4265@email.com,+12350542759,54.0,772.0,49760.75,FAILED,RETAIL,FR
CUST5266,Customer_4266,customer_4266@email.com,+17134908270,46.0,583.0,215561.53,VERIFIED,RETAIL,US
CUST5267,Customer_4267,,+16248478728,69.0,404.0,386685.96,VERIFIED,RETAIL,DE
CUST5268,Customer_4268,customer_4268@email.com,+18860620376,68.0,,98008.76,FAILED,RETAIL,US
CUST5269,Customer_4269,customer_4269@email.com,+13697810823,60.0,347.0,158863.89,VERIFIED,CORPORATE,AU
CUST5270,Customer_4270,customer_4270@email.com,+14839126730,59.0,577.0,236655.87,PENDING,PREMIUM,US
CUST5271,Customer_4271,customer_4271@email.com,+11036592379,71.0,804.0,53863.79,PENDING,CORPORATE,US
CUST5272,Customer_4272,customer_4272@email.com,+15951379284,33.0,556.0,74201.82,VERIFIED,CORPORATE,US
CUST5273,Customer_4273,customer_4273@email.com,+16718102409,48.0,744.0,48920.39,PENDING,RETAIL,US
CUST5274,Customer_4274,customer_4274@email.com,+12661235129,55.0,422.0,177333.74,VERIFIED,PREMIUM,US
CUST5275,Customer_4275,customer_4275@email.com,+13716476038,44.0,337.0,339866.7,VERIFIED,CORPORATE,UK
CUST5276,Customer_4276,customer_4276@email.com,+18708242566,61.0,562.0,165771.74,VERIFIED,CORPORATE,UK
CUST5277,Customer_4277,customer_4277@email.com,+18545280947,59.0,634.0,394397.26,VERIFIED,RETAIL,FR
CUST5278,Customer_4278,customer_4278@email.com,+12457924612,82.0,477.0,494203.23,VERIFIED,RETAIL,AU
CUST5279,Customer_4279,,+19625258836,47.0,346.0,187072.13,VERIFIED,CORPORATE,DE
CUST5280,Customer_4280,customer_4280@email.com,+19256898363,73.0,301.0,284003.28,VERIFIED,RETAIL,FR
CUST5281,Customer_4281,customer_4281@email.com,+19400575616,18.0,447.0,372059.53,PENDING,PREMIUM,AU
CUST5282,Customer_4282,customer_4282@email.com,+12104206806,78.0,640.0,176047.84,VERIFIED,RETAIL,US
CUST5283,Customer_4283,customer_4283@email.com,+16668895025,67.0,572.0,415456.26,VERIFIED,RETAIL,FR
CUST5284,Customer_4284,,+17436213062,51.0,490.0,148247.43,VERIFIED,PREMIUM,UK
CUST5285,Customer_4285,customer_4285@email.com,,60.0,806.0,59217.1,VERIFIED,PREMIUM,AU
CUST5286,Customer_4286,customer_4286@email.com,+11434310869,25.0,744.0,126535.86,VERIFIED,SME,US
CUST5287,Customer_4287,customer_4287@email.com,+15642725724,40.0,693.0,467652.17,VERIFIED,RETAIL,AU
CUST5288,Customer_4288,customer_4288@email.com,+18747225537,51.0,722.0,39467.06,VERIFIED,CORPORATE,AU
CUST5289,Customer_4289,customer_4289@email.com,+15162916263,83.0,732.0,68475.28,VERIFIED,SME,UK
CUST5290,Customer_4290,,+11181818033,53.0,787.0,15790.38,VERIFIED,CORPORATE,US
CUST5291,Customer_4291,customer_4291@email.com,+15436539465,30.0,702.0,183286.01,FAILED,PREMIUM,AU
CUST5292,Customer_4292,customer_4292@email.com,+16868660160,36.0,835.0,395832.73,VERIFIED,CORPORATE,DE
CUST5293,Customer_4293,customer_4293@email.com,+13758079379,65.0,605.0,138424.74,VERIFIED,PREMIUM,AU
CUST5294,Customer_4294,customer_4294@email.com,+14565104202,45.0,659.0,485607.08,VERIFIED,RETAIL,US
CUST5295,Customer_4295,customer_4295@email.com,+14929448040,51.0,658.0,82337.99,VERIFIED,PREMIUM,AU
CUST5296,Customer_4296,customer_4296@email.com,+19179604368,26.0,534.0,135454.49,FAILED,RETAIL,
CUST5297,Customer_4297,customer_4297@email.com,+15249465601,62.0,667.0,424118.67,VERIFIED,CORPORATE,FR
CUST5298,Customer_4298,customer_4298@email.com,+11373223411,81.0,360.0,499627.78,FAILED,SME,FR
CUST5299,Customer_4299,customer_4299@email.com,+11219653643,38.0,657.0,247199.83,VERIFIED,RETAIL,FR
CUST5300,Customer_4300,customer_4300@email.com,+15778233280,25.0,618.0,252250.06,VERIFIED,,DE
CUST5301,Customer_4301,customer_4301@email.com,+15476913864,33.0,318.0,342112.9,VERIFIED,CORPORATE,US
CUST5302,Customer_4302,customer_4302@email.com,+12489017267,37.0,329.0,376032.32,VERIFIED,PREMIUM,US
CUST5303,Customer_4303,customer_4303@email.com,+15267119550,52.0,796.0,404520.2,VERIFIED,SME,FR
CUST5304,Customer_4304,customer_4304@email.com,,59.0,575.0,52721.05,VERIFIED,PREMIUM,US
CUST5305,Customer_4305,customer_4305@email.com,+12522034045,46.0,319.0,5273.6,VERIFIED,RETAIL,AU
CUST5306,Customer_4306,customer_4306@email.com,+15838495119,25.0,727.0,131343.96,VERIFIED,RETAIL,AU
CUST5307,Customer_4307,customer_4307@email.com,+18881091803,49.0,687.0,468590.79,VERIFIED,RETAIL,US
CUST5308,Customer_4308,customer_4308@email.com,+13562398675,23.0,587.0,117232.59,VERIFIED,PREMIUM,US
CUST5309,Customer_4309,customer_4309@email.com,+15497968461,74.0,312.0,22581.1,VERIFIED,RETAIL,UK
CUST5310,Customer_4310,customer_4310@email.com,+13013857394,43.0,707.0,275729.18,FAILED,RETAIL,FR
CUST5311,Customer_4311,customer_4311@email.com,+18817458306,31.0,546.0,377499.36,VERIFIED,RETAIL,AU
CUST5312,Customer_4312,customer_4312@email.com,+17509330138,60.0,419.0,392527.17,VERIFIED,PREMIUM,US
CUST5313,Customer_4313,customer_4313@email.com,+19794483261,80.0,317.0,174206.89,PENDING,RETAIL,US
CUST5314,Customer_4314,customer_4314@email.com,+14992866524,60.0,606.0,453381.21,VERIFIED,SME,UK
CUST5315,Customer_4315,customer_4315@email.com,+16591690788,63.0,337.0,164127.52,FAILED,RETAIL,US
CUST5316,Customer_4316,customer_4316@email.com,+16723799609,76.0,346.0,194734.46,VERIFIED,RETAIL,US
CUST5317,Customer_4317,customer_4317@email.com,+17188516389,47.0,,472501.5,VERIFIED,CORPORATE,FR
CUST5318,Customer_4318,customer_4318@email.com,+15078641739,68.0,,167787.2,VERIFIED,SME,US
CUST5319,Customer_4319,customer_4319@email.com,+19094474676,30.0,588.0,313378.17,PENDING,,US
CUST5320,Customer_4320,customer_4320@email.com,+11286102692,22.0,533.0,16573.36,VERIFIED,SME,US
CUST5321,Customer_4321,customer_4321@email.com,+14577526587,55.0,416.0,122583.22,PENDING,PREMIUM,US
CUST5322,Customer_4322,customer_4322@email.com,+13976967524,82.0,824.0,382784.81,,RETAIL,DE
CUST5323,Customer_4323,customer_4323@email.com,+16011066174,37.0,334.0,251249.85,VERIFIED,RETAIL,US
CUST5324,Customer_4324,customer_4324@email.com,+12982019366,45.0,602.0,113696.01,VERIFIED,SME,US
CUST5325,Customer_4325,customer_4325@email.com,+13540032124,38.0,503.0,212841.99,VERIFIED,PREMIUM,US
CUST5326,Customer_4326,customer_4326@email.com,+17693833467,43.0,769.0,123255.09,PENDING,CORPORATE,US
CUST5327,Customer_4327,customer_4327@email.com,+11020073911,66.0,839.0,447479.86,VERIFIED,RETAIL,US
CUST5328,Customer_4328,customer_4328@email.com,+17546299848,33.0,494.0,419334.27,VERIFIED,RETAIL,US
CUST5329,Customer_4329,customer_4329@email.com,+11882036336,71.0,839.0,438231.28,FAILED,RETAIL,US
CUST5330,Customer_4330,customer_4330@email.com,+19442120411,19.0,796.0,60068.03,VERIFIED,RETAIL,UK
CUST5331,Customer_4331,customer_4331@email.com,+11820052532,76.0,574.0,212090.6,FAILED,RETAIL,DE
CUST5332,Customer_4332,customer_4332@email.com,,45.0,850.0,197088.07,VERIFIED,CORPORATE,UK
CUST5333,Customer_4333,customer_4333@email.com,+12616116174,53.0,680.0,171232.77,VERIFIED,RETAIL,US
CUST5334,Customer_4334,customer_4334@email.com,+16710883118,69.0,427.0,129379.44,VERIFIED,RETAIL,US
CUST5335,Customer_4335,customer_4335@email.com,+14480071158,26.0,539.0,427809.53,PENDING,CORPORATE,DE
CUST5336,Customer_4336,customer_4336@email.com,+16325121009,62.0,614.0,412037.25,PENDING,RETAIL,US
CUST5337,Customer_4337,customer_4337@email.com,+11161279407,80.0,849.0,55019.96,VERIFIED,PREMIUM,FR
CUST5338,Customer_4338,customer_4338@email.com,+13515794991,61.0,637.0,391578.47,VERIFIED,SME,US
CUST5339,Customer_4339,customer_4339@email.com,+19530843628,82.0,512.0,214510.42,FAILED,PREMIUM,US
CUST5340,Customer_4340,customer_4340@email.com,+19962203971,22.0,385.0,103432.57,VERIFIED,SME,FR
CUST5341,Customer_4341,customer_4341@email.com,+12304359771,81.0,364.0,62633.87,PENDING,PREMIUM,US
CUST5342,Customer_4342,customer_4342@email.com,+13295059597,22.0,311.0,455464.98,VERIFIED,CORPORATE,AU
CUST5343,Customer_4343,customer_4343@email.com,+13408712827,49.0,461.0,18008.18,VERIFIED,SME,UK
CUST5344,Customer_4344,,+18313130971,41.0,385.0,106447.44,VERIFIED,CORPORATE,DE
CUST5345,Customer_4345,customer_4345@email.com,+16017938309,21.0,546.0,38959.07,VERIFIED,PREMIUM,US
CUST5346,Customer_4346,customer_4346@email.com,+15992863490,83.0,504.0,343140.65,VERIFIED,RETAIL,UK
CUST5347,Customer_4347,customer_4347@email.com,+18955147980,-5.0,697.0,219433.95,VERIFIED,RETAIL,FR
CUST5348,Customer_4348,customer_4348@email.com,+15776842542,74.0,473.0,368145.57,VERIFIED,RETAIL,UK
CUST5349,Customer_4349,customer_4349@email.com,+11287741226,19.0,696.0,339492.59,VERIFIED,RETAIL,US
CUST5350,Customer_4350,customer_4350@email.com,+11390987230,20.0,730.0,185127.15,VERIFIED,PREMIUM,US
CUST5351,Customer_4351,,+18191157608,80.0,704.0,480664.53,VERIFIED,RETAIL,US
CUST5352,Customer_4352,customer_4352@email.com,+18980799938,66.0,312.0,381457.4,PENDING,PREMIUM,UK
CUST5353,Customer_4353,customer_4353@email.com,+16877004424,42.0,597.0,160634.77,VERIFIED,PREMIUM,DE
CUST5354,Customer_4354,customer_4354@email.com,+14988687777,69.0,619.0,302609.6,VERIFIED,PREMIUM,FR
CUST5355,Customer_4355,customer_4355@email.com,+16635521392,60.0,,498065.24,VERIFIED,CORPORATE,FR
CUST5356,Customer_4356,,,29.0,584.0,249177.82,VERIFIED,CORPORATE,AU
CUST5357,Customer_4357,customer_4357@email.com,+13032418076,71.0,308.0,173238.0,FAILED,CORPORATE,DE
CUST5358,Customer_4358,customer_4358@email.com,+17369667847,21.0,794.0,245636.77,VERIFIED,SME,US
CUST5359,Customer_4359,customer_4359@email.com,+17373508799,40.0,593.0,60096.4,PENDING,SME,AU
CUST5360,Customer_4360,customer_4360@email.com,+17873499690,66.0,364.0,22780.68,VERIFIED,RETAIL,US
CUST5361,Customer_4361,customer_4361@email.com,+16235297937,42.0,770.0,41585.97,VERIFIED,CORPORATE,US
CUST5362,Customer_4362,customer_4362@email.com,+11772954391,78.0,663.0,377819.8,VERIFIED,CORPORATE,US
CUST5363,Customer_4363,customer_4363@email.com,+18325883900,60.0,659.0,118916.22,VERIFIED,RETAIL,US
CUST5364,Customer_4364,customer_4364@email.com,+12064099454,81.0,303.0,325511.79,PENDING,CORPORATE,US
CUST5365,Customer_4365,customer_4365@email.com,+14228619951,79.0,320.0,148428.18,FAILED,CORPORATE,UK
CUST5366,Customer_4366,customer_4366@email.com,+19500551387,78.0,696.0,441470.57,FAILED,PREMIUM,UK
CUST5367,Customer_4367,,+12801179180,58.0,736.0,387676.07,VERIFIED,RETAIL,UK
CUST5368,Customer_4368,customer_4368@email.com,+17870879319,29.0,516.0,327660.77,VERIFIED,CORPORATE,UK
CUST5369,Customer_4369,customer_4369@email.com,+11066461111,42.0,596.0,246386.29,PENDING,CORPORATE,US
CUST5370,Customer_4370,customer_4370@email.com,+13190045021,150.0,836.0,397529.51,VERIFIED,SME,FR
CUST5371,Customer_4371,customer_4371@email.com,+14584468355,28.0,569.0,219374.44,VERIFIED,CORPORATE,AU
CUST5372,Customer_4372,customer_4372@email.com,+17198322502,78.0,709.0,495287.99,VERIFIED,RETAIL,US
CUST5373,Customer_4373,customer_4373@email.com,,84.0,847.0,453958.34,VERIFIED,RETAIL,AU
CUST5374,Customer_4374,customer_4374@email.com,+15567004193,74.0,695.0,326022.47,VERIFIED,PREMIUM,FR
CUST5375,Customer_4375,customer_4375@email.com,,150.0,699.0,424199.56,VERIFIED,PREMIUM,AU
CUST5376,Customer_4376,customer_4376@email.com,+11168959777,68.0,768.0,280129.01,VERIFIED,RETAIL,US
CUST5377,Customer_4377,customer_4377@email.com,+15549361023,56.0,579.0,55278.93,VERIFIED,PREMIUM,AU
CUST5378,Customer_4378,customer_4378@email.com,+15308232499,28.0,687.0,486377.13,VERIFIED,PREMIUM,US
CUST5379,Customer_4379,customer_4379@email.com,+14201610932,80.0,812.0,379019.24,VERIFIED,PREMIUM,US
CUST5380,Customer_4380,customer_4380@email.com,+17373892916,84.0,388.0,229188.19,VERIFIED,CORPORATE,AU
CUST5381,Customer_4381,customer_4381@email.com,+15345570596,22.0,584.0,245304.85,VERIFIED,RETAIL,US
CUST5382,Customer_4382,customer_4382@email.com,+12349583902,73.0,422.0,403342.33,PENDING,SME,US
CUST5383,Customer_4383,customer_4383@email.com,+14793673579,81.0,511.0,18479.69,VERIFIED,PREMIUM,US
CUST5384,Customer_4384,customer_4384@email.com,+19174329811,22.0,339.0,204295.86,FAILED,RETAIL,DE
CUST5385,Customer_4385,customer_4385@email.com,+15162410047,54.0,,220049.74,VERIFIED,PREMIUM,UK
CUST5386,Customer_4386,customer_4386@email.com,,54.0,582.0,235954.21,VERIFIED,RETAIL,AU
CUST5387,Customer_4387,customer_4387@email.com,+12509078424,35.0,793.0,346622.45,VERIFIED,CORPORATE,US
CUST5388,Customer_4388,customer_4388@email.com,+13531036463,50.0,359.0,154537.65,PENDING,CORPORATE,FR
CUST5389,Customer_4389,customer_4389@email.com,+18225526105,52.0,540.0,384222.01,VERIFIED,RETAIL,UK
CUST5390,Customer_4390,customer_4390@email.com,+17160795507,36.0,576.0,252998.36,VERIFIED,RETAIL,AU
CUST5391,Customer_4391,customer_4391@email.com,+19135384313,-5.0,801.0,283625.24,VERIFIED,,US
CUST5392,Customer_4392,customer_4392@email.com,,85.0,439.0,215094.73,VERIFIED,RETAIL,
CUST5393,Customer_4393,customer_4393@email.com,+16434580801,72.0,466.0,404218.52,PENDING,RETAIL,FR
CUST5394,Customer_4394,customer_4394@email.com,+17958159720,50.0,475.0,116743.54,VERIFIED,,US
CUST5395,Customer_4395,customer_4395@email.com,+12970208898,19.0,316.0,77003.76,PENDING,RETAIL,AU
CUST5396,Customer_4396,customer_4396@email.com,+19092612778,22.0,824.0,108222.3,PENDING,CORPORATE,US
CUST5397,Customer_4397,customer_4397@email.com,+16034688687,61.0,579.0,34364.81,PENDING,PREMIUM,
CUST5398,Customer_4398,customer_4398@email.com,+13414534839,24.0,551.0,185136.67,,RETAIL,UK
CUST5399,Customer_4399,customer_4399@email.com,+12615621324,27.0,510.0,89412.22,VERIFIED,CORPORATE,FR
CUST5400,Customer_4400,customer_4400@email.com,,58.0,728.0,268078.89,VERIFIED,SME,FR
CUST5401,Customer_4401,customer_4401@email.com,+17844778519,27.0,534.0,10065.09,VERIFIED,RETAIL,US
CUST5402,Customer_4402,customer_4402@email.com,+19861390807,30.0,430.0,479834.53,PENDING,RETAIL,US
CUST5403,Customer_4403,customer_4403@email.com,+16520911466,81.0,380.0,412342.98,VERIFIED,PREMIUM,
CUST5404,Customer_4404,customer_4404@email.com,+17965814389,19.0,,471356.41,VERIFIED,RETAIL,US
CUST5405,Customer_4405,customer_4405@email.com,+13758677027,66.0,343.0,410441.85,PENDING,RETAIL,US
CUST5406,Customer_4406,customer_4406@email.com,+17294665679,32.0,515.0,373229.8,VERIFIED,SME,UK
CUST5407,Customer_4407,customer_4407@email.com,+15285262104,76.0,444.0,358318.22,VERIFIED,CORPORATE,FR
CUST5408,Customer_4408,customer_4408@email.com,+13597310412,68.0,787.0,214070.95,PENDING,RETAIL,US
CUST5409,Customer_4409,customer_4409@email.com,+13745437749,57.0,704.0,330272.12,VERIFIED,RETAIL,
CUST5410,Customer_4410,customer_4410@email.com,+12706101832,56.0,422.0,125638.86,PENDING,PREMIUM,US
CUST5411,Customer_4411,customer_4411@email.com,+15342205955,75.0,492.0,85149.97,VERIFIED,CORPORATE,US
CUST5412,Customer_4412,customer_4412@email.com,+14241154363,56.0,602.0,175640.32,VERIFIED,RETAIL,UK
CUST5413,Customer_4413,customer_4413@email.com,+18130544924,73.0,635.0,431906.76,VERIFIED,CORPORATE,DE
CUST5414,Customer_4414,customer_4414@email.com,+16183106693,54.0,715.0,430928.67,VERIFIED,RETAIL,DE
CUST5415,Customer_4415,customer_4415@email.com,+19493433279,83.0,758.0,195381.13,VERIFIED,PREMIUM,US
CUST5416,Customer_4416,customer_4416@email.com,+19686312344,59.0,343.0,436513.13,VERIFIED,CORPORATE,US
CUST5417,Customer_4417,customer_4417@email.com,+11515686837,65.0,681.0,434445.78,FAILED,RETAIL,UK
CUST5418,Customer_4418,customer_4418@email.com,+16220679971,32.0,778.0,401457.13,VERIFIED,PREMIUM,UK
CUST5419,Customer_4419,,+19137522630,34.0,779.0,261914.47,VERIFIED,SME,UK
CUST5420,Customer_4420,customer_4420@email.com,+18167545352,30.0,314.0,249983.5,FAILED,RETAIL,US
CUST5421,Customer_4421,customer_4421@email.com,+18749599963,64.0,462.0,194036.97,VERIFIED,RETAIL,FR
CUST5422,Customer_4422,customer_4422@email.com,+18171969232,65.0,530.0,328702.83,FAILED,PREMIUM,AU
CUST5423,Customer_4423,customer_4423@email.com,+18417190428,64.0,594.0,129078.45,VERIFIED,RETAIL,US
CUST5424,Customer_4424,customer_4424@email.com,+14813744642,32.0,533.0,101780.33,VERIFIED,PREMIUM,FR
CUST5425,Customer_4425,customer_4425@email.com,+19875824997,79.0,833.0,274735.42,FAILED,CORPORATE,DE
CUST5426,Customer_4426,customer_4426@email.com,+11497664086,41.0,775.0,170945.5,VERIFIED,PREMIUM,FR
CUST5427,Customer_4427,customer_4427@email.com,+18031780916,27.0,305.0,380736.73,VERIFIED,CORPORATE,AU
CUST5428,Customer_4428,customer_4428@email.com,+11534368223,21.0,359.0,345870.47,VERIFIED,RETAIL,DE
CUST5429,Customer_4429,customer_4429@email.com,+14100859965,65.0,835.0,158311.08,VERIFIED,RETAIL,DE
CUST5430,Customer_4430,customer_4430@email.com,+14587493417,30.0,486.0,381512.13,VERIFIED,PREMIUM,AU
CUST5431,Customer_4431,customer_4431@email.com,+17573869135,38.0,785.0,134963.91,VERIFIED,SME,US
CUST5432,Customer_4432,customer_4432@email.com,+13049290562,76.0,751.0,261761.15,VERIFIED,CORPORATE,US
CUST5433,Customer_4433,customer_4433@email.com,+16621256771,23.0,679.0,305823.63,VERIFIED,PREMIUM,UK
CUST5434,Customer_4434,customer_4434@email.com,+12201102207,,471.0,488799.04,PENDING,RETAIL,UK
CUST5435,Customer_4435,customer_4435@email.com,+16353846196,30.0,318.0,345220.09,FAILED,PREMIUM,US
CUST5436,Customer_4436,customer_4436@email.com,+18966060620,32.0,438.0,417714.11,VERIFIED,RETAIL,UK
CUST5437,Customer_4437,customer_4437@email.com,+18151350401,83.0,558.0,388880.64,VERIFIED,CORPORATE,UK
CUST5438,Customer_4438,customer_4438@email.com,+13365691223,73.0,382.0,254294.02,VERIFIED,PREMIUM,AU
CUST5439,Customer_4439,customer_4439@email.com,+14415559735,75.0,301.0,100677.4,VERIFIED,RETAIL,AU
CUST5440,Customer_4440,customer_4440@email.com,+19461816953,28.0,500.0,380873.08,PENDING,SME,AU
CUST5441,Customer_4441,customer_4441@email.com,+16215452964,66.0,653.0,431324.74,VERIFIED,RETAIL,FR
CUST5442,Customer_4442,customer_4442@email.com,+15341866997,84.0,805.0,356517.11,VERIFIED,RETAIL,US
CUST5443,Customer_4443,customer_4443@email.com,+13701942461,79.0,469.0,301288.73,VERIFIED,RETAIL,US
CUST5444,Customer_4444,customer_4444@email.com,+14517686421,21.0,651.0,307230.19,PENDING,PREMIUM,AU
CUST5445,Customer_4445,customer_4445@email.com,+13802088314,58.0,452.0,353588.98,VERIFIED,RETAIL,US
CUST5446,Customer_4446,customer_4446@email.com,+11971858897,19.0,592.0,18303.67,VERIFIED,PREMIUM,US
CUST5447,Customer_4447,customer_4447@email.com,,18.0,,242456.16,,RETAIL,DE
CUST5448,Customer_4448,customer_4448@email.com,+19908437291,56.0,558.0,187233.43,VERIFIED,RETAIL,DE
CUST5449,Customer_4449,customer_4449@email.com,+12495655786,33.0,526.0,443672.68,VERIFIED,RETAIL,DE
CUST5450,Customer_4450,customer_4450@email.com,+19194591700,65.0,702.0,70636.95,VERIFIED,RETAIL,FR
CUST5451,Customer_4451,customer_4451@email.com,+17571877800,74.0,416.0,459234.43,VERIFIED,PREMIUM,US
CUST5452,Customer_4452,customer_4452@email.com,+15735308711,70.0,803.0,372264.71,VERIFIED,RETAIL,FR
CUST5453,Customer_4453,customer_4453@email.com,+11315083440,84.0,778.0,240740.35,VERIFIED,SME,US
CUST5454,Customer_4454,customer_4454@email.com,+11462720723,45.0,765.0,321267.44,VERIFIED,SME,US
CUST5455,Customer_4455,customer_4455@email.com,+19164381281,28.0,506.0,292377.95,VERIFIED,RETAIL,US
CUST5456,Customer_4456,customer_4456@email.com,+12762615327,27.0,,323723.82,VERIFIED,SME,US
CUST5457,Customer_4457,customer_4457@email.com,+17170684223,51.0,389.0,404699.78,VERIFIED,RETAIL,US
CUST5458,Customer_4458,customer_4458@email.com,+15726233924,81.0,507.0,34057.41,PENDING,CORPORATE,DE
CUST5459,Customer_4459,customer_4459@email.com,+13394055563,75.0,325.0,422097.71,VERIFIED,RETAIL,US
CUST5460,Customer_4460,customer_4460@email.com,+13173997118,34.0,641.0,213323.9,VERIFIED,CORPORATE,AU
CUST5461,Customer_4461,customer_4461@email.com,+18594175060,21.0,603.0,380503.57,VERIFIED,RETAIL,UK
CUST5462,Customer_4462,customer_4462@email.com,+15663570938,32.0,614.0,340764.13,VERIFIED,CORPORATE,FR
CUST5463,Customer_4463,customer_4463@email.com,+14536740388,29.0,464.0,81479.25,PENDING,PREMIUM,FR
CUST5464,Customer_4464,customer_4464@email.com,+14981557468,46.0,798.0,178731.41,VERIFIED,RETAIL,US
CUST5465,Customer_4465,customer_4465@email.com,+18675134515,69.0,736.0,32511.89,VERIFIED,RETAIL,UK
CUST5466,Customer_4466,customer_4466@email.com,+16429597555,85.0,641.0,309609.5,VERIFIED,RETAIL,AU
CUST5467,Customer_4467,,+15689466779,32.0,679.0,313990.69,VERIFIED,RETAIL,UK
CUST5468,Customer_4468,customer_4468@email.com,+17896514391,45.0,454.0,363962.52,VERIFIED,RETAIL,UK
CUST5469,Customer_4469,customer_4469@email.com,+19536167215,56.0,838.0,46266.46,PENDING,RETAIL,FR
CUST5470,Customer_4470,customer_4470@email.com,+18759624784,39.0,771.0,192549.38,VERIFIED,PREMIUM,AU
CUST5471,Customer_4471,customer_4471@email.com,+19924522488,62.0,690.0,418379.97,FAILED,SME,UK
CUST5472,Customer_4472,customer_4472@email.com,+16730505534,50.0,423.0,390595.24,FAILED,CORPORATE,
CUST5473,Customer_4473,customer_4473@email.com,+15573135476,42.0,660.0,24371.61,VERIFIED,PREMIUM,US
CUST5474,Customer_4474,customer_4474@email.com,+11091419494,47.0,817.0,460781.57,VERIFIED,CORPORATE,US
CUST5475,Customer_4475,customer_4475@email.com,+12240348309,39.0,320.0,136443.51,VERIFIED,SME,US
CUST5476,Customer_4476,customer_4476@email.com,+12736089282,71.0,435.0,152466.83,VERIFIED,RETAIL,US
CUST5477,Customer_4477,customer_4477@email.com,+12452333798,65.0,707.0,128999.12,VERIFIED,RETAIL,US
CUST5478,Customer_4478,customer_4478@email.com,+18344324592,76.0,381.0,212126.1,VERIFIED,SME,US
CUST5479,Customer_4479,customer_4479@email.com,+16713665225,75.0,731.0,366846.15,VERIFIED,CORPORATE,AU
CUST5480,Customer_4480,customer_4480@email.com,+19614281414,61.0,598.0,155971.95,VERIFIED,RETAIL,AU
CUST5481,Customer_4481,customer_4481@email.com,+12575595277,23.0,444.0,171762.96,VERIFIED,PREMIUM,UK
CUST5482,Customer_4482,customer_4482@email.com,+14882579629,18.0,805.0,224717.0,VERIFIED,PREMIUM,FR
CUST5483,Customer_4483,customer_4483@email.com,+12974797057,27.0,729.0,107739.24,PENDING,RETAIL,AU
CUST5484,Customer_4484,customer_4484@email.com,+16630593358,84.0,397.0,170577.73,VERIFIED,RETAIL,US
CUST5485,Customer_4485,customer_4485@email.com,+14505492283,23.0,670.0,369397.08,VERIFIED,CORPORATE,UK
CUST5486,Customer_4486,customer_4486@email.com,+19759798973,49.0,388.0,274941.53,FAILED,RETAIL,US
CUST5487,Customer_4487,customer_4487@email.com,+11599218813,76.0,786.0,233669.92,VERIFIED,RETAIL,US
CUST5488,Customer_4488,customer_4488@email.com,+14413075637,20.0,811.0,71768.51,VERIFIED,PREMIUM,US
CUST5489,Customer_4489,customer_4489@email.com,+13137356935,58.0,560.0,407205.38,VERIFIED,RETAIL,US
CUST5490,Customer_4490,customer_4490@email.com,+16970855516,150.0,513.0,435899.13,PENDING,RETAIL,UK
CUST5491,Customer_4491,customer_4491@email.com,+13771442988,71.0,302.0,174769.92,FAILED,RETAIL,UK
CUST5492,Customer_4492,customer_4492@email.com,+19700260575,23.0,412.0,241992.06,VERIFIED,RETAIL,UK
CUST5493,Customer_4493,customer_4493@email.com,+17751545759,41.0,478.0,236172.01,VERIFIED,PREMIUM,US
CUST5494,Customer_4494,customer_4494@email.com,+17952029546,83.0,478.0,201454.89,VERIFIED,SME,US
CUST5495,Customer_4495,customer_4495@email.com,+19076020588,29.0,435.0,445327.0,PENDING,CORPORATE,US
CUST5496,Customer_4496,customer_4496@email.com,+19755932375,26.0,505.0,151978.16,PENDING,PREMIUM,US
CUST5497,Customer_4497,customer_4497@email.com,,47.0,673.0,401792.45,VERIFIED,SME,US
CUST5498,Customer_4498,customer_4498@email.com,+15646745578,150.0,848.0,101918.71,,SME,DE
CUST5499,Customer_4499,customer_4499@email.com,+15228369802,37.0,724.0,224110.15,VERIFIED,SME,US
CUST5500,Customer_4500,customer_4500@email.com,+12081902759,82.0,838.0,400753.78,FAILED,RETAIL,US
CUST5501,Customer_4501,customer_4501@email.com,+14292787797,22.0,699.0,273771.31,VERIFIED,RETAIL,US
CUST5502,Customer_4502,customer_4502@email.com,+15010509827,65.0,651.0,286957.92,VERIFIED,RETAIL,DE
CUST5503,Customer_4503,customer_4503@email.com,+15564458730,48.0,581.0,468393.14,VERIFIED,RETAIL,AU
CUST5504,Customer_4504,customer_4504@email.com,+16296411750,49.0,698.0,25391.46,PENDING,SME,US
CUST5505,Customer_4505,customer_4505@email.com,+13201536175,36.0,341.0,221669.55,PENDING,RETAIL,AU
CUST5506,Customer_4506,customer_4506@email.com,+13471529495,68.0,358.0,400272.81,VERIFIED,SME,US
CUST5507,Customer_4507,customer_4507@email.com,+18241098059,20.0,726.0,73819.73,VERIFIED,RETAIL,US
CUST5508,Customer_4508,customer_4508@email.com,+19587847376,84.0,396.0,247512.54,VERIFIED,PREMIUM,US
CUST5509,Customer_4509,customer_4509@email.com,+19697425219,35.0,812.0,440551.5,VERIFIED,PREMIUM,US
CUST5510,Customer_4510,customer_4510@email.com,+12163132205,70.0,691.0,459501.51,VERIFIED,SME,US
CUST5511,Customer_4511,customer_4511@email.com,+14547997600,33.0,514.0,457887.14,PENDING,RETAIL,AU
CUST5512,Customer_4512,customer_4512@email.com,+11922192022,70.0,720.0,160277.57,VERIFIED,PREMIUM,US
CUST5513,Customer_4513,customer_4513@email.com,+18119778877,42.0,405.0,163933.82,VERIFIED,RETAIL,AU
CUST5514,Customer_4514,customer_4514@email.com,+11562366768,42.0,839.0,293473.28,PENDING,SME,US
CUST5515,Customer_4515,customer_4515@email.com,+15168125861,61.0,515.0,349211.44,FAILED,PREMIUM,DE
CUST5516,Customer_4516,customer_4516@email.com,+13423931031,56.0,486.0,387416.17,VERIFIED,PREMIUM,US
CUST5517,Customer_4517,customer_4517@email.com,+14808208300,84.0,335.0,213399.34,VERIFIED,RETAIL,AU
CUST5518,Customer_4518,customer_4518@email.com,+13053838267,56.0,696.0,24054.59,VERIFIED,PREMIUM,US
CUST5519,Customer_4519,customer_4519@email.com,+19828400175,63.0,401.0,241306.63,VERIFIED,RETAIL,US
CUST5520,Customer_4520,customer_4520@email.com,+12972837883,150.0,449.0,478184.23,FAILED,RETAIL,FR
CUST5521,Customer_4521,customer_4521@email.com,+19071773602,66.0,626.0,145137.89,VERIFIED,PREMIUM,US
CUST5522,Customer_4522,customer_4522@email.com,+15187156917,77.0,756.0,266781.51,FAILED,PREMIUM,US
CUST5523,Customer_4523,customer_4523@email.com,+17788636192,75.0,808.0,333056.17,VERIFIED,RETAIL,US
CUST5524,Customer_4524,customer_4524@email.com,+19925980468,41.0,598.0,236986.36,PENDING,RETAIL,UK
CUST5525,Customer_4525,customer_4525@email.com,+17764928791,78.0,698.0,20.71,VERIFIED,CORPORATE,AU
CUST5526,Customer_4526,customer_4526@email.com,+13423363180,45.0,543.0,236898.83,VERIFIED,PREMIUM,
CUST5527,Customer_4527,customer_4527@email.com,+15036714500,65.0,427.0,-497.09,VERIFIED,RETAIL,US
CUST5528,Customer_4528,customer_4528@email.com,+13150548885,26.0,324.0,268671.76,VERIFIED,CORPORATE,UK
CUST5529,Customer_4529,customer_4529@email.com,+14016878342,47.0,778.0,74326.52,,SME,US
CUST5530,Customer_4530,customer_4530@email.com,+19195744823,45.0,570.0,412129.55,FAILED,RETAIL,AU
CUST5531,Customer_4531,customer_4531@email.com,+18878714534,19.0,536.0,393910.6,VERIFIED,RETAIL,US
CUST5532,Customer_4532,customer_4532@email.com,+14122028956,47.0,544.0,262644.64,VERIFIED,CORPORATE,US
CUST5533,Customer_4533,customer_4533@email.com,+19223990000,82.0,370.0,280668.03,VERIFIED,CORPORATE,US
CUST5534,Customer_4534,customer_4534@email.com,,22.0,777.0,186662.4,VERIFIED,PREMIUM,US
CUST5535,Customer_4535,customer_4535@email.com,+13017400908,58.0,778.0,71130.71,VERIFIED,PREMIUM,FR
CUST5536,Customer_4536,customer_4536@email.com,+19433277894,69.0,643.0,338172.02,VERIFIED,RETAIL,US
CUST5537,Customer_4537,customer_4537@email.com,+11418941724,71.0,499.0,36364.27,PENDING,RETAIL,US
CUST5538,Customer_4538,customer_4538@email.com,+19565492709,33.0,539.0,446235.02,VERIFIED,CORPORATE,US
CUST5539,Customer_4539,customer_4539@email.com,+14573969015,23.0,543.0,125593.73,VERIFIED,RETAIL,UK
CUST5540,Customer_4540,customer_4540@email.com,+18113932699,32.0,633.0,168171.49,VERIFIED,PREMIUM,UK
CUST5541,Customer_4541,customer_4541@email.com,+13981442117,22.0,504.0,388767.5,VERIFIED,RETAIL,AU
CUST5542,Customer_4542,customer_4542@email.com,+11719173746,56.0,455.0,179727.63,VERIFIED,PREMIUM,FR
CUST5543,Customer_4543,,+15633905837,72.0,363.0,311814.71,VERIFIED,RETAIL,US
CUST5544,Customer_4544,,+11801080245,79.0,805.0,278006.57,VERIFIED,PREMIUM,US
CUST5545,Customer_4545,customer_4545@email.com,+19570465767,81.0,384.0,345440.21,PENDING,RETAIL,AU
CUST5546,Customer_4546,customer_4546@email.com,+17471288049,21.0,346.0,340147.45,VERIFIED,RETAIL,FR
CUST5547,Customer_4547,customer_4547@email.com,+14164417588,31.0,644.0,482419.22,VERIFIED,RETAIL,US
CUST5548,Customer_4548,customer_4548@email.com,+16677068990,72.0,420.0,393232.63,,RETAIL,DE
CUST5549,Customer_4549,customer_4549@email.com,+17832057474,55.0,404.0,339218.72,PENDING,RETAIL,US
CUST5550,Customer_4550,customer_4550@email.com,+19380859159,81.0,661.0,382219.46,VERIFIED,SME,US
CUST5551,Customer_4551,customer_4551@email.com,+14448844590,60.0,818.0,336389.05,PENDING,SME,AU
CUST5552,Customer_4552,,+18671893753,50.0,712.0,87046.4,VERIFIED,RETAIL,US
CUST5553,Customer_4553,customer_4553@email.com,+14734319384,52.0,792.0,89358.66,VERIFIED,CORPORATE,FR
CUST5554,Customer_4554,customer_4554@email.com,+14855506627,55.0,335.0,423748.86,VERIFIED,PREMIUM,US
CUST5555,Customer_4555,customer_4555@email.com,+15007886034,42.0,597.0,14669.01,VERIFIED,RETAIL,DE
CUST5556,Customer_4556,customer_4556@email.com,+15293288700,58.0,551.0,384329.59,VERIFIED,CORPORATE,UK
CUST5557,Customer_4557,customer_4557@email.com,+18215333286,75.0,344.0,422020.38,VERIFIED,RETAIL,US
CUST5558,Customer_4558,customer_4558@email.com,+15673835541,50.0,,412792.06,VERIFIED,RETAIL,
CUST5559,Customer_4559,customer_4559@email.com,+18351074977,81.0,702.0,94250.61,VERIFIED,SME,US
CUST5560,Customer_4560,customer_4560@email.com,+18555078538,74.0,690.0,166133.5,FAILED,RETAIL,UK
CUST5561,Customer_4561,customer_4561@email.com,+16089656891,61.0,714.0,348366.64,VERIFIED,RETAIL,US
CUST5562,Customer_4562,customer_4562@email.com,+15814506047,26.0,742.0,108260.68,PENDING,RETAIL,US
CUST5563,Customer_4563,customer_4563@email.com,+15716417971,29.0,467.0,80948.53,VERIFIED,RETAIL,US
CUST5564,Customer_4564,customer_4564@email.com,+16738535223,42.0,,370468.31,VERIFIED,RETAIL,US
CUST5565,Customer_4565,customer_4565@email.com,+16007410767,64.0,559.0,124305.2,FAILED,RETAIL,UK
CUST5566,Customer_4566,customer_4566@email.com,,82.0,326.0,5679.53,VERIFIED,SME,DE
CUST5567,Customer_4567,customer_4567@email.com,,47.0,446.0,104468.75,VERIFIED,RETAIL,AU
CUST5568,Customer_4568,customer_4568@email.com,+15872616421,77.0,578.0,348233.37,VERIFIED,PREMIUM,US
CUST5569,Customer_4569,customer_4569@email.com,+11254109696,29.0,367.0,494319.48,VERIFIED,SME,DE
CUST5570,Customer_4570,customer_4570@email.com,+14234161866,65.0,576.0,420296.76,VERIFIED,CORPORATE,UK
CUST5571,Customer_4571,customer_4571@email.com,+15239478704,25.0,385.0,473302.73,VERIFIED,RETAIL,US
CUST5572,Customer_4572,customer_4572@email.com,+11786810315,83.0,448.0,82691.97,VERIFIED,RETAIL,UK
CUST5573,Customer_4573,customer_4573@email.com,+19173273300,68.0,795.0,146441.68,VERIFIED,RETAIL,US
CUST5574,Customer_4574,customer_4574@email.com,+16738356811,18.0,362.0,98279.02,VERIFIED,RETAIL,UK
CUST5575,Customer_4575,customer_4575@email.com,+12992959035,33.0,312.0,1023.71,FAILED,RETAIL,DE
CUST5576,Customer_4576,customer_4576@email.com,+13665872176,46.0,815.0,266492.08,VERIFIED,CORPORATE,DE
CUST5577,Customer_4577,customer_4577@email.com,+11783678864,24.0,774.0,484283.41,VERIFIED,RETAIL,FR
CUST5578,Customer_4578,customer_4578@email.com,+11752848632,50.0,765.0,356442.92,VERIFIED,RETAIL,UK
CUST5579,Customer_4579,customer_4579@email.com,+13144055220,72.0,833.0,133315.17,PENDING,RETAIL,US
CUST5580,Customer_4580,customer_4580@email.com,+12619668779,82.0,410.0,498509.44,VERIFIED,CORPORATE,DE
CUST5581,Customer_4581,customer_4581@email.com,+13486377408,18.0,315.0,246080.53,VERIFIED,RETAIL,AU
CUST5582,Customer_4582,customer_4582@email.com,+14923672764,31.0,413.0,136679.55,VERIFIED,RETAIL,AU
CUST5583,Customer_4583,customer_4583@email.com,+15529450403,36.0,400.0,71018.2,VERIFIED,RETAIL,UK
CUST5584,Customer_4584,customer_4584@email.com,+15351091995,36.0,327.0,267291.34,VERIFIED,SME,FR
CUST5585,Customer_4585,customer_4585@email.com,+12050637865,31.0,624.0,301496.36,VERIFIED,RETAIL,US
CUST5586,Customer_4586,customer_4586@email.com,+13992320663,19.0,820.0,133708.05,PENDING,CORPORATE,US
CUST5587,Customer_4587,customer_4587@email.com,+12023678014,51.0,316.0,241568.89,PENDING,SME,
CUST5588,Customer_4588,customer_4588@email.com,+13343402093,50.0,438.0,234586.73,VERIFIED,CORPORATE,DE
CUST5589,Customer_4589,customer_4589@email.com,+15004030575,31.0,465.0,425565.76,,CORPORATE,US
CUST5590,Customer_4590,customer_4590@email.com,+15854956460,19.0,555.0,153899.3,VERIFIED,RETAIL,AU
CUST5591,Customer_4591,customer_4591@email.com,+11396388645,38.0,312.0,295506.58,VERIFIED,RETAIL,AU
CUST5592,Customer_4592,customer_4592@email.com,+19704803790,56.0,457.0,68361.91,VERIFIED,RETAIL,UK
CUST5593,Customer_4593,customer_4593@email.com,+11857405419,36.0,576.0,326936.4,PENDING,PREMIUM,US
CUST5594,Customer_4594,customer_4594@email.com,+17062460732,42.0,383.0,288036.07,VERIFIED,PREMIUM,US
CUST5595,Customer_4595,customer_4595@email.com,+12336440394,18.0,555.0,157625.82,PENDING,RETAIL,US
CUST5596,Customer_4596,customer_4596@email.com,+18172097928,77.0,,45758.19,VERIFIED,PREMIUM,US
CUST5597,Customer_4597,customer_4597@email.com,+17034423763,31.0,430.0,256688.12,PENDING,PREMIUM,US
CUST5598,Customer_4598,customer_4598@email.com,+19228944934,55.0,704.0,230902.38,FAILED,RETAIL,UK
CUST5599,Customer_4599,customer_4599@email.com,+17185232521,58.0,648.0,429453.82,VERIFIED,CORPORATE,AU
CUST5600,Customer_4600,customer_4600@email.com,+16410636028,47.0,650.0,63966.22,VERIFIED,PREMIUM,US
CUST5601,Customer_4601,customer_4601@email.com,+15494964960,45.0,464.0,218041.29,VERIFIED,RETAIL,US
CUST5602,Customer_4602,customer_4602@email.com,+17305421455,42.0,600.0,159634.69,VERIFIED,RETAIL,UK
CUST5603,Customer_4603,customer_4603@email.com,+12553063476,22.0,354.0,356848.42,VERIFIED,RETAIL,DE
CUST5604,Customer_4604,customer_4604@email.com,+11089236172,,814.0,292325.21,VERIFIED,RETAIL,US
CUST5605,Customer_4605,customer_4605@email.com,+17122121958,150.0,835.0,62351.81,VERIFIED,CORPORATE,US
CUST5606,Customer_4606,customer_4606@email.com,+11144439728,50.0,479.0,479382.71,VERIFIED,CORPORATE,FR
CUST5607,Customer_4607,customer_4607@email.com,+16622610049,43.0,375.0,52593.46,VERIFIED,RETAIL,US
CUST5608,Customer_4608,customer_4608@email.com,+18677358739,77.0,730.0,98113.27,VERIFIED,CORPORATE,UK
CUST5609,Customer_4609,customer_4609@email.com,,56.0,436.0,92635.17,VERIFIED,RETAIL,FR
CUST5610,Customer_4610,customer_4610@email.com,+11916023835,76.0,367.0,258523.82,VERIFIED,CORPORATE,US
CUST5611,Customer_4611,customer_4611@email.com,+19708682469,66.0,580.0,18150.2,VERIFIED,SME,UK
CUST5612,Customer_4612,customer_4612@email.com,+16717497461,39.0,802.0,275072.13,PENDING,RETAIL,AU
CUST5613,Customer_4613,customer_4613@email.com,+17719261021,53.0,738.0,242547.74,FAILED,SME,UK
CUST5614,Customer_4614,customer_4614@email.com,+17465627940,32.0,475.0,137800.88,VERIFIED,SME,DE
CUST5615,Customer_4615,customer_4615@email.com,+12905898636,18.0,327.0,264296.88,VERIFIED,SME,FR
CUST5616,Customer_4616,customer_4616@email.com,+16434647704,35.0,359.0,434258.38,FAILED,SME,UK
CUST5617,Customer_4617,customer_4617@email.com,+15211862603,37.0,633.0,46222.56,VERIFIED,CORPORATE,DE
CUST5618,Customer_4618,customer_4618@email.com,+17410499043,58.0,450.0,85931.21,VERIFIED,CORPORATE,US
CUST5619,Customer_4619,customer_4619@email.com,+15513659437,40.0,534.0,309945.18,VERIFIED,RETAIL,US
CUST5620,Customer_4620,,+13151134361,43.0,695.0,413490.65,FAILED,SME,AU
CUST5621,Customer_4621,customer_4621@email.com,+15138656445,75.0,432.0,311646.32,VERIFIED,,UK
CUST5622,Customer_4622,customer_4622@email.com,+15049420884,34.0,705.0,302115.15,VERIFIED,,US
CUST5623,Customer_4623,customer_4623@email.com,+13089368168,63.0,513.0,300085.05,VERIFIED,RETAIL,US
CUST5624,Customer_4624,customer_4624@email.com,+11951935181,36.0,780.0,20604.98,PENDING,RETAIL,US
CUST5625,Customer_4625,customer_4625@email.com,+18700979373,43.0,797.0,339426.25,VERIFIED,RETAIL,US
CUST5626,Customer_4626,customer_4626@email.com,+15909002909,72.0,543.0,182233.16,PENDING,PREMIUM,UK
CUST5627,Customer_4627,customer_4627@email.com,+13423781020,41.0,681.0,415212.99,VERIFIED,,US
CUST5628,Customer_4628,customer_4628@email.com,+12172192886,75.0,300.0,195024.73,VERIFIED,SME,DE
CUST5629,Customer_4629,customer_4629@email.com,+13455515530,72.0,817.0,357403.87,VERIFIED,CORPORATE,AU
CUST5630,Customer_4630,customer_4630@email.com,+16431520836,54.0,547.0,288548.6,VERIFIED,RETAIL,US
CUST5631,Customer_4631,customer_4631@email.com,+15923308706,76.0,401.0,17945.29,VERIFIED,PREMIUM,UK
CUST5632,Customer_4632,customer_4632@email.com,+13673500172,48.0,464.0,106028.35,VERIFIED,RETAIL,AU
CUST5633,Customer_4633,customer_4633@email.com,+13071917098,41.0,724.0,286224.17,PENDING,RETAIL,US
CUST5634,Customer_4634,customer_4634@email.com,+14807959715,51.0,423.0,351131.64,PENDING,CORPORATE,US
CUST5635,Customer_4635,customer_4635@email.com,,60.0,682.0,403113.48,FAILED,RETAIL,FR
CUST5636,Customer_4636,customer_4636@email.com,+18661784533,20.0,722.0,280511.38,FAILED,RETAIL,FR
CUST5637,Customer_4637,customer_4637@email.com,+13434629280,84.0,756.0,227323.05,VERIFIED,CORPORATE,
CUST5638,Customer_4638,customer_4638@email.com,+11953823111,57.0,391.0,365890.02,VERIFIED,RETAIL,FR
CUST5639,Customer_4639,customer_4639@email.com,+17938665457,75.0,686.0,441270.38,VERIFIED,CORPORATE,DE
CUST5640,Customer_4640,customer_4640@email.com,+13899268749,66.0,460.0,213778.42,VERIFIED,PREMIUM,UK
CUST5641,Customer_4641,customer_4641@email.com,+18276507416,22.0,652.0,19812.78,VERIFIED,RETAIL,UK
CUST5642,Customer_4642,customer_4642@email.com,+11019987833,20.0,302.0,204455.66,VERIFIED,CORPORATE,US
CUST5643,Customer_4643,customer_4643@email.com,+11450780127,83.0,783.0,257309.64,VERIFIED,RETAIL,US
CUST5644,Customer_4644,customer_4644@email.com,+14521434804,78.0,669.0,465826.84,VERIFIED,PREMIUM,US
CUST5645,Customer_4645,customer_4645@email.com,+11273549802,77.0,654.0,297624.25,FAILED,PREMIUM,DE
CUST5646,Customer_4646,customer_4646@email.com,+19381597476,52.0,407.0,205005.83,PENDING,RETAIL,US
CUST5647,Customer_4647,customer_4647@email.com,+18949284428,58.0,698.0,33246.3,VERIFIED,RETAIL,US
CUST5648,Customer_4648,customer_4648@email.com,+18632088936,28.0,727.0,256660.28,VERIFIED,PREMIUM,US
CUST5649,Customer_4649,customer_4649@email.com,+18647190416,53.0,510.0,354852.8,VERIFIED,RETAIL,US
CUST5650,Customer_4650,customer_4650@email.com,+11119258496,83.0,682.0,217218.23,FAILED,RETAIL,US
CUST5651,Customer_4651,customer_4651@email.com,+18859693913,53.0,713.0,198648.58,PENDING,RETAIL,AU
CUST5652,Customer_4652,customer_4652@email.com,+16633595536,56.0,592.0,460513.57,VERIFIED,RETAIL,UK
CUST5653,Customer_4653,customer_4653@email.com,+13731292718,37.0,643.0,315761.06,VERIFIED,RETAIL,UK
CUST5654,Customer_4654,customer_4654@email.com,+14349728354,39.0,615.0,148901.65,VERIFIED,PREMIUM,UK
CUST5655,Customer_4655,customer_4655@email.com,+11710280789,50.0,665.0,314302.38,VERIFIED,SME,US
CUST5656,Customer_4656,customer_4656@email.com,+14701897336,83.0,773.0,293249.13,VERIFIED,RETAIL,US
CUST5657,Customer_4657,customer_4657@email.com,+19742555067,19.0,371.0,290647.5,VERIFIED,SME,UK
CUST5658,Customer_4658,customer_4658@email.com,+18025536851,44.0,,205506.31,VERIFIED,PREMIUM,DE
CUST5659,Customer_4659,customer_4659@email.com,+16911093904,59.0,530.0,370561.32,VERIFIED,SME,US
CUST5660,Customer_4660,customer_4660@email.com,+18638677882,18.0,835.0,343098.35,VERIFIED,RETAIL,UK
CUST5661,Customer_4661,customer_4661@email.com,+17814082375,75.0,502.0,260475.64,FAILED,RETAIL,AU
CUST5662,Customer_4662,customer_4662@email.com,+18741820895,62.0,824.0,466544.7,VERIFIED,SME,FR
CUST5663,Customer_4663,customer_4663@email.com,,58.0,693.0,322827.5,VERIFIED,RETAIL,AU
CUST5664,Customer_4664,customer_4664@email.com,+18431283753,82.0,350.0,38491.9,VERIFIED,RETAIL,UK
CUST5665,Customer_4665,customer_4665@email.com,+13853612415,39.0,829.0,35852.03,VERIFIED,CORPORATE,AU
CUST5666,Customer_4666,customer_4666@email.com,+19857535633,56.0,821.0,259439.76,PENDING,CORPORATE,UK
CUST5667,Customer_4667,customer_4667@email.com,+13749444886,71.0,385.0,140085.44,VERIFIED,RETAIL,US
CUST5668,Customer_4668,customer_4668@email.com,+15403901964,85.0,808.0,224733.3,VERIFIED,SME,US
CUST5669,Customer_4669,customer_4669@email.com,+13136971399,61.0,753.0,203116.23,VERIFIED,RETAIL,AU
CUST5670,Customer_4670,customer_4670@email.com,+16061195833,60.0,437.0,437617.18,VERIFIED,PREMIUM,AU
CUST5671,Customer_4671,customer_4671@email.com,+18571480027,29.0,844.0,345478.16,VERIFIED,PREMIUM,FR
CUST5672,Customer_4672,customer_4672@email.com,+11983434328,48.0,623.0,332970.58,VERIFIED,RETAIL,AU
CUST5673,Customer_4673,customer_4673@email.com,+16826444121,25.0,741.0,52905.8,VERIFIED,CORPORATE,UK
CUST5674,Customer_4674,customer_4674@email.com,+17277633783,76.0,720.0,377575.77,PENDING,RETAIL,AU
CUST5675,Customer_4675,customer_4675@email.com,+17925913369,74.0,639.0,472035.07,VERIFIED,PREMIUM,AU
CUST5676,Customer_4676,customer_4676@email.com,+15431881885,150.0,491.0,486673.65,,PREMIUM,UK
CUST5677,Customer_4677,customer_4677@email.com,+15617347536,81.0,319.0,475012.67,VERIFIED,CORPORATE,AU
CUST5678,Customer_4678,customer_4678@email.com,+13291740378,63.0,680.0,267195.89,,PREMIUM,DE
CUST5679,Customer_4679,customer_4679@email.com,+13531235159,61.0,819.0,177559.03,VERIFIED,PREMIUM,US
CUST5680,Customer_4680,customer_4680@email.com,+18571383061,67.0,571.0,320269.16,VERIFIED,SME,UK
CUST5681,Customer_4681,customer_4681@email.com,+17398153048,83.0,441.0,108187.3,VERIFIED,CORPORATE,FR
CUST5682,Customer_4682,,+14960669345,42.0,693.0,40337.94,FAILED,RETAIL,US
CUST5683,Customer_4683,customer_4683@email.com,+19603909302,50.0,396.0,154404.8,VERIFIED,RETAIL,DE
CUST5684,Customer_4684,customer_4684@email.com,+18478828529,82.0,655.0,135869.65,PENDING,RETAIL,US
CUST5685,Customer_4685,customer_4685@email.com,+18898565904,73.0,710.0,104622.79,VERIFIED,RETAIL,US
CUST5686,Customer_4686,customer_4686@email.com,+16228980338,68.0,540.0,182063.43,VERIFIED,RETAIL,DE
CUST5687,Customer_4687,customer_4687@email.com,+19918578741,46.0,535.0,141473.16,VERIFIED,RETAIL,DE
CUST5688,Customer_4688,customer_4688@email.com,,20.0,312.0,139207.53,PENDING,PREMIUM,UK
CUST5689,Customer_4689,customer_4689@email.com,+19138776555,41.0,332.0,331406.43,FAILED,RETAIL,US
CUST5690,Customer_4690,customer_4690@email.com,,31.0,723.0,261695.93,VERIFIED,PREMIUM,DE
CUST5691,Customer_4691,customer_4691@email.com,+11434513514,23.0,573.0,499333.87,VERIFIED,RETAIL,AU
CUST5692,Customer_4692,customer_4692@email.com,+15019205715,54.0,511.0,207522.03,VERIFIED,PREMIUM,US
CUST5693,Customer_4693,customer_4693@email.com,,49.0,305.0,110944.58,VERIFIED,CORPORATE,US
CUST5694,Customer_4694,customer_4694@email.com,+18159065998,81.0,770.0,265209.4,VERIFIED,PREMIUM,US
CUST5695,Customer_4695,customer_4695@email.com,+17311761800,39.0,592.0,409309.63,VERIFIED,SME,
CUST5696,Customer_4696,customer_4696@email.com,+18796131298,46.0,665.0,145109.09,VERIFIED,RETAIL,AU
CUST5697,Customer_4697,customer_4697@email.com,+12695008479,62.0,472.0,206466.14,VERIFIED,SME,AU
CUST5698,Customer_4698,customer_4698@email.com,+16578352892,71.0,640.0,473861.7,VERIFIED,RETAIL,AU
CUST5699,Customer_4699,customer_4699@email.com,+17639072709,55.0,808.0,312024.21,VERIFIED,RETAIL,US
CUST5700,Customer_4700,customer_4700@email.com,+13498002741,21.0,728.0,76542.46,VERIFIED,RETAIL,US
CUST5701,Customer_4701,,+13489512432,24.0,644.0,335490.67,VERIFIED,RETAIL,US
CUST5702,Customer_4702,customer_4702@email.com,+16031771418,55.0,721.0,385034.34,VERIFIED,RETAIL,AU
CUST5703,Customer_4703,customer_4703@email.com,+15360377855,77.0,483.0,189186.55,VERIFIED,RETAIL,US
CUST5704,Customer_4704,customer_4704@email.com,+14364087106,60.0,559.0,282572.47,VERIFIED,SME,DE
CUST5705,Customer_4705,customer_4705@email.com,+18624326911,40.0,650.0,168381.25,VERIFIED,SME,FR
CUST5706,Customer_4706,customer_4706@email.com,+16742867882,46.0,,473.62,VERIFIED,RETAIL,
CUST5707,Customer_4707,customer_4707@email.com,+14280288042,80.0,666.0,272155.9,VERIFIED,RETAIL,US
CUST5708,Customer_4708,customer_4708@email.com,+12309301578,26.0,390.0,61907.46,VERIFIED,RETAIL,FR
CUST5709,Customer_4709,customer_4709@email.com,+18361719107,53.0,346.0,362423.03,PENDING,RETAIL,FR
CUST5710,Customer_4710,customer_4710@email.com,+16841389287,43.0,759.0,296690.79,VERIFIED,PREMIUM,US
CUST5711,Customer_4711,customer_4711@email.com,+13817056115,20.0,741.0,373355.81,VERIFIED,RETAIL,DE
CUST5712,Customer_4712,customer_4712@email.com,+19279601786,77.0,410.0,77822.37,VERIFIED,RETAIL,US
CUST5713,Customer_4713,customer_4713@email.com,+11117601635,49.0,304.0,170150.81,VERIFIED,RETAIL,DE
CUST5714,Customer_4714,customer_4714@email.com,+15874634975,84.0,358.0,373303.27,VERIFIED,PREMIUM,US
CUST5715,Customer_4715,customer_4715@email.com,+16785663298,-5.0,724.0,320654.34,PENDING,RETAIL,US
CUST5716,Customer_4716,customer_4716@email.com,+18294203133,38.0,481.0,210191.72,VERIFIED,CORPORATE,AU
CUST5717,Customer_4717,customer_4717@email.com,+15958374847,52.0,345.0,372216.57,VERIFIED,CORPORATE,US
CUST5718,Customer_4718,customer_4718@email.com,+13106138319,35.0,775.0,345455.1,VERIFIED,RETAIL,US
CUST5719,Customer_4719,customer_4719@email.com,+13977962769,20.0,619.0,82256.67,VERIFIED,RETAIL,UK
CUST5720,Customer_4720,customer_4720@email.com,+12385172817,-5.0,378.0,307143.26,PENDING,SME,UK
CUST5721,Customer_4721,customer_4721@email.com,+15310182626,85.0,732.0,485926.33,VERIFIED,RETAIL,US
CUST5722,Customer_4722,customer_4722@email.com,+18776305476,-5.0,587.0,417679.71,VERIFIED,PREMIUM,AU
CUST5723,Customer_4723,customer_4723@email.com,+13815437196,28.0,331.0,359656.01,PENDING,PREMIUM,US
CUST5724,Customer_4724,customer_4724@email.com,+15892872387,60.0,668.0,113653.03,FAILED,RETAIL,AU
CUST5725,Customer_4725,customer_4725@email.com,+14341265366,35.0,813.0,355495.85,VERIFIED,SME,UK
CUST5726,Customer_4726,customer_4726@email.com,+17154125839,34.0,774.0,381120.82,VERIFIED,PREMIUM,US
CUST5727,Customer_4727,customer_4727@email.com,+17844323701,82.0,355.0,17996.4,VERIFIED,CORPORATE,AU
CUST5728,Customer_4728,customer_4728@email.com,+18395243817,20.0,347.0,292119.94,VERIFIED,SME,AU
CUST5729,Customer_4729,customer_4729@email.com,+16595430457,83.0,511.0,476087.84,VERIFIED,RETAIL,US
CUST5730,Customer_4730,customer_4730@email.com,+17096364881,23.0,457.0,389032.76,VERIFIED,RETAIL,FR
CUST5731,Customer_4731,customer_4731@email.com,+14344881915,47.0,776.0,369975.22,PENDING,RETAIL,DE
CUST5732,Customer_4732,,,41.0,812.0,441603.64,VERIFIED,PREMIUM,UK
CUST5733,Customer_4733,customer_4733@email.com,+15753936314,82.0,714.0,478926.11,PENDING,RETAIL,US
CUST5734,Customer_4734,customer_4734@email.com,+14452614810,48.0,718.0,481400.57,,CORPORATE,US
CUST5735,Customer_4735,customer_4735@email.com,,59.0,713.0,397761.08,VERIFIED,CORPORATE,DE
CUST5736,Customer_4736,customer_4736@email.com,+17170200698,49.0,456.0,335910.14,PENDING,RETAIL,US
CUST5737,Customer_4737,customer_4737@email.com,+16830995999,75.0,429.0,189679.07,VERIFIED,SME,DE
CUST5738,Customer_4738,customer_4738@email.com,+17777234615,52.0,469.0,260094.92,VERIFIED,RETAIL,FR
CUST5739,Customer_4739,customer_4739@email.com,+16237767512,68.0,396.0,318088.81,VERIFIED,RETAIL,US
CUST5740,Customer_4740,customer_4740@email.com,+14406392422,20.0,307.0,460116.17,VERIFIED,RETAIL,AU
CUST5741,Customer_4741,customer_4741@email.com,+12382659291,50.0,519.0,137309.81,VERIFIED,RETAIL,DE
CUST5742,Customer_4742,customer_4742@email.com,+15283548213,34.0,429.0,101040.28,VERIFIED,SME,US
CUST5743,Customer_4743,customer_4743@email.com,+15710280144,49.0,636.0,487876.63,VERIFIED,SME,UK
CUST5744,Customer_4744,customer_4744@email.com,+18056142151,40.0,752.0,194424.48,VERIFIED,PREMIUM,DE
CUST5745,Customer_4745,customer_4745@email.com,+18620870094,70.0,609.0,224203.46,VERIFIED,SME,AU
CUST5746,Customer_4746,customer_4746@email.com,+18518910025,75.0,414.0,159256.09,FAILED,RETAIL,UK
CUST5747,Customer_4747,customer_4747@email.com,+13969094940,50.0,329.0,1576.68,VERIFIED,CORPORATE,UK
CUST5748,Customer_4748,customer_4748@email.com,+11909882357,80.0,690.0,147924.75,VERIFIED,PREMIUM,US
CUST5749,Customer_4749,customer_4749@email.com,+13718193552,34.0,608.0,466813.26,VERIFIED,RETAIL,US
CUST5750,Customer_4750,,+15329074181,81.0,426.0,55161.13,PENDING,PREMIUM,UK
CUST5751,Customer_4751,customer_4751@email.com,+11358696610,80.0,619.0,278203.89,PENDING,CORPORATE,UK
CUST5752,Customer_4752,customer_4752@email.com,+19379449798,56.0,821.0,35656.39,VERIFIED,PREMIUM,US
CUST5753,Customer_4753,customer_4753@email.com,+13923648763,18.0,589.0,358972.84,VERIFIED,SME,US
CUST5754,Customer_4754,customer_4754@email.com,+16385828305,41.0,309.0,441227.08,VERIFIED,RETAIL,UK
CUST5755,Customer_4755,customer_4755@email.com,+13712550879,32.0,587.0,241855.43,VERIFIED,RETAIL,DE
CUST5756,Customer_4756,customer_4756@email.com,+15953551214,44.0,833.0,173347.0,FAILED,CORPORATE,AU
CUST5757,Customer_4757,customer_4757@email.com,+14079869004,40.0,727.0,317852.12,PENDING,PREMIUM,AU
CUST5758,Customer_4758,customer_4758@email.com,+18371696430,58.0,311.0,140417.94,VERIFIED,PREMIUM,US
CUST5759,Customer_4759,customer_4759@email.com,+14033653938,65.0,418.0,168898.64,VERIFIED,RETAIL,US
CUST5760,Customer_4760,customer_4760@email.com,+18208307862,30.0,841.0,363510.44,VERIFIED,RETAIL,US
CUST5761,Customer_4761,customer_4761@email.com,+11982191804,72.0,328.0,-978.13,VERIFIED,RETAIL,
CUST5762,Customer_4762,customer_4762@email.com,+13193448659,40.0,534.0,277130.2,VERIFIED,RETAIL,US
CUST5763,Customer_4763,customer_4763@email.com,+13219156429,85.0,651.0,413195.48,FAILED,RETAIL,UK
CUST5764,Customer_4764,customer_4764@email.com,+18149801178,65.0,545.0,273147.49,VERIFIED,CORPORATE,US
CUST5765,Customer_4765,customer_4765@email.com,+18356408599,84.0,609.0,278008.82,VERIFIED,CORPORATE,FR
CUST5766,Customer_4766,customer_4766@email.com,+11305704126,74.0,398.0,368958.11,VERIFIED,CORPORATE,AU
CUST5767,Customer_4767,customer_4767@email.com,+11676887326,52.0,642.0,373022.29,VERIFIED,RETAIL,UK
CUST5768,Customer_4768,customer_4768@email.com,+13047450457,68.0,702.0,172124.03,PENDING,CORPORATE,UK
CUST5769,Customer_4769,customer_4769@email.com,+19360132771,82.0,468.0,89539.07,VERIFIED,RETAIL,UK
CUST5770,Customer_4770,customer_4770@email.com,+18631959061,46.0,820.0,273905.27,VERIFIED,RETAIL,DE
CUST5771,Customer_4771,customer_4771@email.com,+12388740216,26.0,654.0,231136.73,VERIFIED,PREMIUM,US
CUST5772,Customer_4772,customer_4772@email.com,+14322578611,20.0,529.0,30684.45,PENDING,RETAIL,UK
CUST5773,Customer_4773,customer_4773@email.com,+17029239948,77.0,,468114.6,VERIFIED,RETAIL,US
CUST5774,Customer_4774,customer_4774@email.com,+16525591881,82.0,412.0,170043.2,VERIFIED,SME,
CUST5775,Customer_4775,customer_4775@email.com,+19429933505,56.0,709.0,177097.07,VERIFIED,RETAIL,DE
CUST5776,Customer_4776,customer_4776@email.com,+14802550240,65.0,368.0,33137.2,VERIFIED,RETAIL,DE
CUST5777,Customer_4777,customer_4777@email.com,+17001651158,53.0,842.0,426732.69,VERIFIED,SME,DE
CUST5778,Customer_4778,customer_4778@email.com,+13059237155,27.0,793.0,8117.03,PENDING,PREMIUM,AU
CUST5779,Customer_4779,customer_4779@email.com,+16933710514,69.0,338.0,396414.42,FAILED,RETAIL,AU
CUST5780,Customer_4780,customer_4780@email.com,+18851301228,19.0,433.0,57831.73,VERIFIED,RETAIL,UK
CUST5781,Customer_4781,customer_4781@email.com,+13155885424,46.0,428.0,127718.73,VERIFIED,PREMIUM,US
CUST5782,Customer_4782,customer_4782@email.com,+15703896964,81.0,575.0,367854.88,FAILED,CORPORATE,US
CUST5783,Customer_4783,customer_4783@email.com,+15339965242,39.0,571.0,108787.81,FAILED,RETAIL,AU
CUST5784,Customer_4784,customer_4784@email.com,+13195350544,35.0,755.0,456991.07,PENDING,SME,DE
CUST5785,Customer_4785,customer_4785@email.com,+11938875945,20.0,759.0,158063.36,VERIFIED,RETAIL,AU
CUST5786,Customer_4786,customer_4786@email.com,,57.0,,375683.93,VERIFIED,RETAIL,US
CUST5787,Customer_4787,customer_4787@email.com,+19148146708,55.0,448.0,256798.42,VERIFIED,SME,US
CUST5788,Customer_4788,customer_4788@email.com,+16149390888,55.0,838.0,307286.63,FAILED,PREMIUM,DE
CUST5789,Customer_4789,customer_4789@email.com,+17967376512,85.0,598.0,132604.47,VERIFIED,RETAIL,UK
CUST5790,Customer_4790,customer_4790@email.com,+18224479610,21.0,742.0,448047.82,VERIFIED,SME,UK
CUST5791,Customer_4791,customer_4791@email.com,+18741541857,18.0,427.0,457477.55,VERIFIED,PREMIUM,US
CUST5792,Customer_4792,customer_4792@email.com,+17273035878,49.0,343.0,192702.63,VERIFIED,PREMIUM,US
CUST5793,Customer_4793,customer_4793@email.com,+12492812087,20.0,489.0,18875.78,VERIFIED,RETAIL,DE
CUST5794,Customer_4794,customer_4794@email.com,+18757759454,80.0,717.0,91129.81,VERIFIED,RETAIL,UK
CUST5795,Customer_4795,customer_4795@email.com,+19030542312,37.0,441.0,95145.76,VERIFIED,CORPORATE,AU
CUST5796,Customer_4796,customer_4796@email.com,+19608635155,81.0,459.0,130737.63,VERIFIED,RETAIL,AU
CUST5797,Customer_4797,customer_4797@email.com,+14972273217,18.0,409.0,65985.66,VERIFIED,PREMIUM,UK
CUST5798,Customer_4798,customer_4798@email.com,,55.0,449.0,314235.54,VERIFIED,RETAIL,AU
CUST5799,Customer_4799,,+11481120580,82.0,337.0,59813.66,VERIFIED,CORPORATE,UK
CUST5800,Customer_4800,customer_4800@email.com,+19598260253,49.0,559.0,265119.31,,SME,UK
CUST5801,Customer_4801,customer_4801@email.com,+16782603183,51.0,577.0,64913.21,VERIFIED,RETAIL,AU
CUST5802,Customer_4802,customer_4802@email.com,+18855469955,83.0,653.0,254729.76,VERIFIED,PREMIUM,UK
CUST5803,Customer_4803,,+16356545284,23.0,659.0,493947.08,VERIFIED,CORPORATE,FR
CUST5804,Customer_4804,customer_4804@email.com,+14648507271,49.0,590.0,143350.24,PENDING,,US
CUST5805,Customer_4805,customer_4805@email.com,+16622781770,66.0,511.0,400879.43,VERIFIED,CORPORATE,UK
CUST5806,Customer_4806,customer_4806@email.com,+14039883982,64.0,519.0,454322.88,VERIFIED,PREMIUM,AU
CUST5807,Customer_4807,customer_4807@email.com,+19273105431,58.0,663.0,269257.03,PENDING,CORPORATE,US
CUST5808,Customer_4808,customer_4808@email.com,+13785320328,83.0,334.0,445751.04,VERIFIED,CORPORATE,US
CUST5809,Customer_4809,customer_4809@email.com,+18953559088,77.0,429.0,223733.9,,RETAIL,US
CUST5810,Customer_4810,customer_4810@email.com,+12185722152,41.0,513.0,364063.66,VERIFIED,PREMIUM,US
CUST5811,Customer_4811,customer_4811@email.com,+14892178929,48.0,655.0,57910.52,VERIFIED,SME,US
CUST5812,Customer_4812,customer_4812@email.com,+12530721087,32.0,,240911.37,PENDING,PREMIUM,DE
CUST5813,Customer_4813,customer_4813@email.com,+19857379488,54.0,734.0,448821.22,VERIFIED,RETAIL,US
CUST5814,Customer_4814,customer_4814@email.com,+18753355875,57.0,721.0,212337.33,VERIFIED,PREMIUM,UK
CUST5815,Customer_4815,customer_4815@email.com,+14479654020,37.0,370.0,495707.97,PENDING,RETAIL,DE
CUST5816,Customer_4816,customer_4816@email.com,+14101096281,52.0,804.0,348828.58,PENDING,CORPORATE,US
CUST5817,Customer_4817,customer_4817@email.com,+12346959503,24.0,511.0,330235.07,VERIFIED,RETAIL,US
CUST5818,Customer_4818,customer_4818@email.com,+14919288775,20.0,558.0,424499.88,FAILED,CORPORATE,UK
CUST5819,Customer_4819,customer_4819@email.com,+19910308616,30.0,570.0,366149.12,VERIFIED,SME,US
CUST5820,Customer_4820,customer_4820@email.com,+19290279751,43.0,401.0,343305.19,VERIFIED,SME,US
CUST5821,Customer_4821,customer_4821@email.com,+17757875946,77.0,621.0,40397.59,,RETAIL,US
CUST5822,Customer_4822,customer_4822@email.com,+17660515793,45.0,688.0,191983.7,VERIFIED,RETAIL,US
CUST5823,Customer_4823,customer_4823@email.com,+12506931800,55.0,405.0,87073.47,PENDING,PREMIUM,AU
CUST5824,Customer_4824,customer_4824@email.com,+15433063723,19.0,338.0,448561.96,VERIFIED,RETAIL,UK
CUST5825,Customer_4825,customer_4825@email.com,+17450952875,45.0,418.0,155298.4,VERIFIED,PREMIUM,UK
CUST5826,Customer_4826,customer_4826@email.com,+12668755593,,523.0,349623.73,VERIFIED,CORPORATE,US
CUST5827,Customer_4827,customer_4827@email.com,+11919454470,51.0,318.0,368664.56,VERIFIED,CORPORATE,UK
CUST5828,Customer_4828,customer_4828@email.com,+15444870262,78.0,624.0,124521.82,VERIFIED,RETAIL,UK
CUST5829,Customer_4829,customer_4829@email.com,+17699815287,,637.0,166748.53,VERIFIED,PREMIUM,UK
CUST5830,Customer_4830,customer_4830@email.com,+15865403543,57.0,690.0,91791.08,VERIFIED,RETAIL,US
CUST5831,Customer_4831,customer_4831@email.com,+19052215247,37.0,304.0,443700.11,VERIFIED,PREMIUM,US
CUST5832,Customer_4832,customer_4832@email.com,+19482593696,71.0,448.0,164804.65,PENDING,RETAIL,US
CUST5833,Customer_4833,,+11207300251,40.0,351.0,119870.16,VERIFIED,SME,DE
CUST5834,Customer_4834,customer_4834@email.com,+17397695523,31.0,839.0,277726.06,VERIFIED,RETAIL,US
CUST5835,Customer_4835,customer_4835@email.com,+18146029460,51.0,414.0,404972.63,VERIFIED,SME,FR
CUST5836,Customer_4836,customer_4836@email.com,+18096180361,36.0,655.0,488256.29,VERIFIED,RETAIL,DE
CUST5837,Customer_4837,customer_4837@email.com,+16178568242,69.0,410.0,391566.22,VERIFIED,RETAIL,AU
CUST5838,Customer_4838,customer_4838@email.com,+11935189126,83.0,536.0,455741.96,VERIFIED,CORPORATE,US
CUST5839,Customer_4839,customer_4839@email.com,+15393315911,34.0,629.0,265088.93,PENDING,CORPORATE,US
CUST5840,Customer_4840,customer_4840@email.com,+14900675410,36.0,304.0,59663.3,VERIFIED,RETAIL,AU
CUST5841,Customer_4841,customer_4841@email.com,+12493933030,54.0,741.0,217756.39,PENDING,RETAIL,FR
CUST5842,Customer_4842,customer_4842@email.com,+17842561941,24.0,575.0,154704.94,VERIFIED,CORPORATE,UK
CUST5843,Customer_4843,customer_4843@email.com,+17782539096,30.0,754.0,211221.06,VERIFIED,CORPORATE,US
CUST5844,Customer_4844,customer_4844@email.com,+14366149916,26.0,639.0,369043.33,PENDING,PREMIUM,US
CUST5845,Customer_4845,customer_4845@email.com,+19185777935,33.0,819.0,295021.79,VERIFIED,PREMIUM,AU
CUST5846,Customer_4846,customer_4846@email.com,+11176173915,61.0,732.0,56609.7,VERIFIED,PREMIUM,US
CUST5847,Customer_4847,customer_4847@email.com,+14267910186,45.0,,151141.41,VERIFIED,CORPORATE,US
CUST5848,Customer_4848,customer_4848@email.com,+11066463020,48.0,496.0,81557.28,VERIFIED,PREMIUM,FR
CUST5849,Customer_4849,customer_4849@email.com,+12872296822,44.0,648.0,130462.66,VERIFIED,,US
CUST5850,Customer_4850,customer_4850@email.com,+16029448906,51.0,841.0,346183.88,VERIFIED,RETAIL,UK
CUST5851,Customer_4851,customer_4851@email.com,+17120171212,53.0,559.0,222247.11,VERIFIED,SME,UK
CUST5852,Customer_4852,customer_4852@email.com,+17235372838,46.0,315.0,127501.18,VERIFIED,RETAIL,FR
CUST5853,Customer_4853,customer_4853@email.com,+15540827016,70.0,319.0,160578.88,VERIFIED,RETAIL,UK
CUST5854,Customer_4854,customer_4854@email.com,+18849765279,48.0,582.0,466003.76,VERIFIED,RETAIL,US
CUST5855,Customer_4855,customer_4855@email.com,+17252568612,85.0,821.0,64147.65,PENDING,,UK
CUST5856,Customer_4856,customer_4856@email.com,+15511256596,84.0,477.0,406707.88,PENDING,RETAIL,US
CUST5857,Customer_4857,customer_4857@email.com,+15847261517,45.0,798.0,424517.23,VERIFIED,RETAIL,UK
CUST5858,Customer_4858,customer_4858@email.com,+12354917932,51.0,578.0,459597.23,PENDING,CORPORATE,US
CUST5859,Customer_4859,customer_4859@email.com,+12809009358,81.0,782.0,104339.53,VERIFIED,SME,DE
CUST5860,Customer_4860,customer_4860@email.com,+15506128691,73.0,535.0,180887.0,VERIFIED,RETAIL,US
CUST5861,Customer_4861,customer_4861@email.com,+14909881394,51.0,323.0,65678.51,VERIFIED,,AU
CUST5862,Customer_4862,customer_4862@email.com,+19178204918,84.0,569.0,496776.84,VERIFIED,RETAIL,FR
CUST5863,Customer_4863,customer_4863@email.com,+11052267199,54.0,760.0,77963.74,PENDING,RETAIL,FR
CUST5864,Customer_4864,customer_4864@email.com,+14893428485,36.0,844.0,332252.17,VERIFIED,CORPORATE,UK
CUST5865,Customer_4865,customer_4865@email.com,+15705576797,25.0,426.0,302757.82,VERIFIED,RETAIL,DE
CUST5866,Customer_4866,customer_4866@email.com,+16892169666,47.0,614.0,451669.28,VERIFIED,RETAIL,UK
CUST5867,Customer_4867,customer_4867@email.com,+19971580133,61.0,670.0,441800.29,PENDING,RETAIL,UK
CUST5868,Customer_4868,customer_4868@email.com,,21.0,562.0,257076.45,PENDING,PREMIUM,US
CUST5869,Customer_4869,customer_4869@email.com,+14736466636,71.0,646.0,118528.95,VERIFIED,SME,UK
CUST5870,Customer_4870,customer_4870@email.com,+15296347815,67.0,799.0,231883.25,VERIFIED,CORPORATE,AU
CUST5871,Customer_4871,customer_4871@email.com,+15865533274,25.0,806.0,426124.44,VERIFIED,SME,UK
CUST5872,Customer_4872,customer_4872@email.com,+13515209977,,633.0,22136.73,VERIFIED,RETAIL,US
CUST5873,Customer_4873,customer_4873@email.com,+17802601448,45.0,357.0,190497.03,PENDING,PREMIUM,AU
CUST5874,Customer_4874,customer_4874@email.com,+12524893978,-5.0,485.0,26645.4,PENDING,CORPORATE,DE
CUST5875,Customer_4875,customer_4875@email.com,+11346938400,81.0,757.0,484668.71,VERIFIED,CORPORATE,FR
CUST5876,Customer_4876,customer_4876@email.com,+16527017266,60.0,337.0,313474.99,VERIFIED,PREMIUM,UK
CUST5877,Customer_4877,customer_4877@email.com,+12777264849,24.0,841.0,481031.39,VERIFIED,RETAIL,US
CUST5878,Customer_4878,customer_4878@email.com,+19028080420,68.0,673.0,64304.88,VERIFIED,RETAIL,US
CUST5879,Customer_4879,customer_4879@email.com,+18456957113,69.0,423.0,466398.65,PENDING,RETAIL,US
CUST5880,Customer_4880,customer_4880@email.com,+15167653853,50.0,537.0,78052.18,PENDING,PREMIUM,AU
CUST5881,Customer_4881,customer_4881@email.com,+15184490022,45.0,848.0,414259.93,VERIFIED,PREMIUM,US
CUST5882,Customer_4882,customer_4882@email.com,+17290175485,41.0,757.0,304216.27,VERIFIED,RETAIL,US
CUST5883,Customer_4883,customer_4883@email.com,+11659161369,41.0,543.0,19825.13,VERIFIED,RETAIL,DE
CUST5884,Customer_4884,customer_4884@email.com,+18387048604,68.0,552.0,195583.49,VERIFIED,RETAIL,UK
CUST5885,Customer_4885,customer_4885@email.com,+17747515755,32.0,716.0,472097.0,VERIFIED,RETAIL,US
CUST5886,Customer_4886,customer_4886@email.com,,46.0,808.0,311254.95,VERIFIED,CORPORATE,AU
CUST5887,Customer_4887,customer_4887@email.com,+17727733310,21.0,,259765.73,PENDING,RETAIL,AU
CUST5888,Customer_4888,customer_4888@email.com,+18934817441,44.0,336.0,94547.16,FAILED,CORPORATE,FR
CUST5889,Customer_4889,customer_4889@email.com,+14594554679,27.0,565.0,342424.06,VERIFIED,CORPORATE,UK
CUST5890,Customer_4890,customer_4890@email.com,+11490031732,44.0,467.0,235876.16,VERIFIED,SME,US
CUST5891,Customer_4891,customer_4891@email.com,+15810429073,28.0,804.0,64943.88,VERIFIED,SME,FR
CUST5892,Customer_4892,customer_4892@email.com,+19896641275,49.0,342.0,331303.11,VERIFIED,CORPORATE,US
CUST5893,Customer_4893,customer_4893@email.com,+17961441595,23.0,361.0,417396.2,VERIFIED,RETAIL,UK
CUST5894,Customer_4894,customer_4894@email.com,+18992597976,48.0,455.0,326371.87,,RETAIL,AU
CUST5895,Customer_4895,customer_4895@email.com,+17756303107,54.0,618.0,205842.22,VERIFIED,PREMIUM,DE
CUST5896,Customer_4896,customer_4896@email.com,,22.0,575.0,27233.69,FAILED,CORPORATE,US
CUST5897,Customer_4897,customer_4897@email.com,+19236646112,44.0,802.0,138422.91,VERIFIED,SME,US
CUST5898,Customer_4898,customer_4898@email.com,+16331673772,60.0,810.0,244886.45,FAILED,SME,US
CUST5899,Customer_4899,customer_4899@email.com,+17681022534,85.0,342.0,193156.65,VERIFIED,SME,
CUST5900,Customer_4900,customer_4900@email.com,+12620247025,81.0,847.0,171143.48,VERIFIED,,FR
CUST5901,Customer_4901,customer_4901@email.com,+18971690916,40.0,322.0,106441.75,VERIFIED,PREMIUM,UK
CUST5902,Customer_4902,customer_4902@email.com,+16908072393,27.0,706.0,469041.27,PENDING,PREMIUM,UK
CUST5903,Customer_4903,customer_4903@email.com,+19403886978,49.0,565.0,387983.35,VERIFIED,RETAIL,FR
CUST5904,Customer_4904,customer_4904@email.com,+17461364941,24.0,725.0,120508.3,VERIFIED,CORPORATE,US
CUST5905,Customer_4905,customer_4905@email.com,+16731584462,53.0,550.0,352973.58,VERIFIED,RETAIL,AU
CUST5906,Customer_4906,customer_4906@email.com,+19337316529,39.0,780.0,262496.34,PENDING,RETAIL,AU
CUST5907,Customer_4907,customer_4907@email.com,+16834686114,34.0,388.0,69238.73,FAILED,RETAIL,US
CUST5908,Customer_4908,customer_4908@email.com,+13260296484,75.0,468.0,463488.21,VERIFIED,,UK
CUST5909,Customer_4909,customer_4909@email.com,+12861711452,82.0,359.0,19550.59,VERIFIED,CORPORATE,DE
CUST5910,Customer_4910,customer_4910@email.com,+18742073755,67.0,686.0,319488.86,VERIFIED,RETAIL,US
CUST5911,Customer_4911,,+12595229544,74.0,801.0,188392.75,VERIFIED,CORPORATE,AU
CUST5912,Customer_4912,customer_4912@email.com,+11166571660,46.0,437.0,135579.99,VERIFIED,RETAIL,DE
CUST5913,Customer_4913,customer_4913@email.com,+16522800816,57.0,607.0,430838.5,VERIFIED,SME,
CUST5914,Customer_4914,customer_4914@email.com,+16256016769,26.0,753.0,460212.55,VERIFIED,,UK
CUST5915,Customer_4915,customer_4915@email.com,+19372389726,19.0,728.0,365909.51,VERIFIED,RETAIL,UK
CUST5916,Customer_4916,customer_4916@email.com,,45.0,342.0,125477.21,VERIFIED,CORPORATE,DE
CUST5917,Customer_4917,customer_4917@email.com,+11194037111,23.0,634.0,342662.29,VERIFIED,CORPORATE,AU
CUST5918,Customer_4918,customer_4918@email.com,+16119842349,27.0,414.0,437644.72,PENDING,RETAIL,US
CUST5919,Customer_4919,customer_4919@email.com,+12782733434,79.0,522.0,89336.21,VERIFIED,RETAIL,UK
CUST5920,Customer_4920,customer_4920@email.com,+11337190412,76.0,474.0,266266.75,VERIFIED,CORPORATE,US
CUST5921,Customer_4921,customer_4921@email.com,+14716162356,24.0,318.0,390281.24,VERIFIED,RETAIL,US
CUST5922,Customer_4922,customer_4922@email.com,+11925556106,83.0,582.0,304893.4,VERIFIED,RETAIL,DE
CUST5923,Customer_4923,customer_4923@email.com,+11507704921,57.0,614.0,195809.13,VERIFIED,PREMIUM,UK
CUST5924,Customer_4924,,+13190646737,-5.0,356.0,354967.51,PENDING,RETAIL,FR
CUST5925,Customer_4925,customer_4925@email.com,+16311462085,33.0,424.0,497939.27,VERIFIED,SME,US
CUST5926,Customer_4926,customer_4926@email.com,+12864014911,28.0,798.0,463978.63,VERIFIED,RETAIL,DE
CUST5927,Customer_4927,customer_4927@email.com,+18604574659,77.0,398.0,474726.72,VERIFIED,SME,DE
CUST5928,Customer_4928,customer_4928@email.com,+15496998861,65.0,468.0,6676.66,PENDING,CORPORATE,US
CUST5929,Customer_4929,customer_4929@email.com,+16261424588,68.0,372.0,399132.43,VERIFIED,PREMIUM,FR
CUST5930,Customer_4930,,+13489892090,25.0,629.0,108074.05,VERIFIED,RETAIL,US
CUST5931,Customer_4931,customer_4931@email.com,+11433992675,71.0,609.0,166725.75,VERIFIED,CORPORATE,FR
CUST5932,Customer_4932,customer_4932@email.com,+17390366719,77.0,,260292.77,VERIFIED,RETAIL,UK
CUST5933,Customer_4933,customer_4933@email.com,+19185873880,45.0,615.0,-391.31,PENDING,PREMIUM,FR
CUST5934,Customer_4934,customer_4934@email.com,+15371815280,53.0,450.0,464485.1,VERIFIED,RETAIL,DE
CUST5935,Customer_4935,customer_4935@email.com,+19107753699,49.0,694.0,93730.58,VERIFIED,RETAIL,US
CUST5936,Customer_4936,customer_4936@email.com,+19296327106,27.0,683.0,314641.71,PENDING,CORPORATE,
CUST5937,Customer_4937,customer_4937@email.com,+13588324150,62.0,371.0,262377.01,VERIFIED,RETAIL,US
CUST5938,Customer_4938,customer_4938@email.com,+16419086027,64.0,761.0,112576.76,VERIFIED,RETAIL,US
CUST5939,Customer_4939,customer_4939@email.com,+12695575798,41.0,391.0,407042.62,VERIFIED,CORPORATE,US
CUST5940,Customer_4940,customer_4940@email.com,+13853425003,48.0,417.0,209762.21,VERIFIED,PREMIUM,
CUST5941,Customer_4941,customer_4941@email.com,+18753014790,22.0,605.0,92025.4,PENDING,RETAIL,US
CUST5942,Customer_4942,customer_4942@email.com,+18228432153,77.0,506.0,485045.34,VERIFIED,CORPORATE,US
CUST5943,Customer_4943,customer_4943@email.com,+12043031151,47.0,638.0,292484.52,PENDING,RETAIL,US
CUST5944,Customer_4944,customer_4944@email.com,+18546739357,74.0,361.0,62025.27,VERIFIED,PREMIUM,AU
CUST5945,Customer_4945,customer_4945@email.com,+12493200698,57.0,490.0,67320.5,VERIFIED,RETAIL,US
CUST5946,Customer_4946,customer_4946@email.com,+14465363071,85.0,411.0,370649.25,VERIFIED,RETAIL,US
CUST5947,Customer_4947,customer_4947@email.com,+14672517820,-5.0,403.0,457737.42,VERIFIED,CORPORATE,US
CUST5948,Customer_4948,customer_4948@email.com,+12235296234,55.0,372.0,155584.21,VERIFIED,PREMIUM,US
CUST5949,Customer_4949,customer_4949@email.com,+11320516907,54.0,755.0,208739.97,VERIFIED,PREMIUM,US
CUST5950,Customer_4950,customer_4950@email.com,+13919961399,41.0,583.0,386287.27,VERIFIED,RETAIL,UK
CUST5951,Customer_4951,customer_4951@email.com,+18916698502,,420.0,160219.01,VERIFIED,RETAIL,US
CUST5952,Customer_4952,customer_4952@email.com,+12805520994,30.0,372.0,87899.23,VERIFIED,RETAIL,US
CUST5953,Customer_4953,customer_4953@email.com,+13581607911,20.0,640.0,212698.36,VERIFIED,SME,US
CUST5954,Customer_4954,customer_4954@email.com,+12877352005,78.0,,376906.11,VERIFIED,PREMIUM,DE
CUST5955,Customer_4955,,+12520721478,38.0,685.0,417937.08,PENDING,CORPORATE,FR
CUST5956,Customer_4956,customer_4956@email.com,+17494483145,53.0,405.0,184572.28,VERIFIED,SME,FR
CUST5957,Customer_4957,customer_4957@email.com,+12547617043,76.0,789.0,296710.6,FAILED,CORPORATE,UK
CUST5958,Customer_4958,customer_4958@email.com,+15378943734,47.0,767.0,304356.13,VERIFIED,CORPORATE,UK
CUST5959,Customer_4959,customer_4959@email.com,+12131198123,45.0,581.0,426308.36,VERIFIED,PREMIUM,US
CUST5960,Customer_4960,customer_4960@email.com,+18171004241,47.0,395.0,192716.44,PENDING,PREMIUM,US
CUST5961,Customer_4961,customer_4961@email.com,+13992229260,48.0,470.0,176925.11,VERIFIED,SME,DE
CUST5962,Customer_4962,customer_4962@email.com,+15372580330,42.0,796.0,277588.4,VERIFIED,SME,US
CUST5963,Customer_4963,customer_4963@email.com,+19518044590,83.0,823.0,364622.64,PENDING,RETAIL,US
CUST5964,Customer_4964,customer_4964@email.com,+18102939438,32.0,,178157.8,PENDING,CORPORATE,UK
CUST5965,Customer_4965,customer_4965@email.com,+18551387887,32.0,720.0,106543.75,VERIFIED,RETAIL,DE
CUST5966,Customer_4966,customer_4966@email.com,+17244159832,33.0,617.0,465894.75,VERIFIED,PREMIUM,US
CUST5967,Customer_4967,customer_4967@email.com,+16269394834,57.0,650.0,688.86,VERIFIED,RETAIL,UK
CUST5968,Customer_4968,customer_4968@email.com,+19082041944,63.0,490.0,451920.2,VERIFIED,CORPORATE,FR
CUST5969,Customer_4969,,+13966542325,57.0,,339305.9,FAILED,CORPORATE,US
CUST5970,Customer_4970,customer_4970@email.com,+13167545148,24.0,753.0,477276.23,VERIFIED,RETAIL,DE
CUST5971,Customer_4971,customer_4971@email.com,+13257995357,27.0,511.0,329886.94,VERIFIED,RETAIL,UK
CUST5972,Customer_4972,customer_4972@email.com,+11574578990,56.0,756.0,408565.27,VERIFIED,SME,DE
CUST5973,Customer_4973,customer_4973@email.com,+12887550074,24.0,667.0,402580.65,VERIFIED,RETAIL,US
CUST5974,Customer_4974,customer_4974@email.com,,70.0,611.0,25417.87,PENDING,RETAIL,US
CUST5975,Customer_4975,customer_4975@email.com,+16949603054,61.0,627.0,113410.94,PENDING,PREMIUM,US
CUST5976,Customer_4976,customer_4976@email.com,+13313485094,28.0,792.0,335891.36,VERIFIED,RETAIL,FR
CUST5977,Customer_4977,customer_4977@email.com,+11868226613,38.0,363.0,458583.53,VERIFIED,RETAIL,US
CUST5978,Customer_4978,customer_4978@email.com,+18374848388,33.0,375.0,248248.19,VERIFIED,SME,US
CUST5979,Customer_4979,customer_4979@email.com,+12961175419,46.0,621.0,280904.93,VERIFIED,CORPORATE,DE
CUST5980,Customer_4980,customer_4980@email.com,+17237166566,80.0,531.0,155134.65,VERIFIED,PREMIUM,US
CUST5981,Customer_4981,customer_4981@email.com,+11519347972,72.0,418.0,25307.12,VERIFIED,CORPORATE,US
CUST5982,Customer_4982,customer_4982@email.com,,26.0,407.0,42548.42,PENDING,CORPORATE,US
CUST5983,Customer_4983,customer_4983@email.com,+11689247195,41.0,681.0,370969.42,VERIFIED,PREMIUM,DE
CUST5984,Customer_4984,customer_4984@email.com,+16618351537,55.0,511.0,47349.6,VERIFIED,SME,US
CUST5985,Customer_4985,customer_4985@email.com,+17922696750,57.0,435.0,442003.48,VERIFIED,CORPORATE,FR
CUST5986,Customer_4986,customer_4986@email.com,+13212814728,74.0,700.0,341894.3,VERIFIED,RETAIL,UK
CUST5987,Customer_4987,customer_4987@email.com,+18827414950,52.0,599.0,231423.05,PENDING,RETAIL,FR
CUST5988,Customer_4988,customer_4988@email.com,+15775912101,38.0,748.0,196728.53,VERIFIED,SME,US
CUST5989,Customer_4989,customer_4989@email.com,+18556297099,82.0,763.0,453080.52,VERIFIED,RETAIL,AU
CUST5990,Customer_4990,customer_4990@email.com,+16102802773,73.0,670.0,330167.81,VERIFIED,RETAIL,AU
CUST5991,Customer_4991,customer_4991@email.com,,73.0,403.0,142420.82,FAILED,PREMIUM,UK
CUST5992,Customer_4992,customer_4992@email.com,+15531762320,70.0,446.0,224293.65,VERIFIED,RETAIL,US
CUST5993,Customer_4993,customer_4993@email.com,+15361089423,64.0,,198279.67,PENDING,RETAIL,US
CUST5994,Customer_4994,customer_4994@email.com,+11327579608,51.0,501.0,399258.25,VERIFIED,RETAIL,FR
CUST5995,Customer_4995,customer_4995@email.com,+15427280050,63.0,609.0,378891.1,PENDING,CORPORATE,AU
CUST5996,Customer_4996,customer_4996@email.com,+13631181578,,393.0,380978.85,VERIFIED,SME,AU
CUST5997,Customer_4997,customer_4997@email.com,+16329454728,60.0,480.0,306283.04,VERIFIED,RETAIL,UK
CUST5998,Customer_4998,,,58.0,805.0,175467.97,VERIFIED,CORPORATE,US
CUST5999,Customer_4999,customer_4999@email.com,+15958741346,43.0,507.0,233056.93,VERIFIED,RETAIL,FR
CUST3655,Customer_2655,customer_2655@email.com,+18811447591,40.0,338.0,198959.43,VERIFIED,RETAIL,UK
CUST1110,Customer_110,customer_110@email.com,+12527196716,34.0,598.0,182777.67,VERIFIED,SME,FR
CUST1784,Customer_784,customer_784@email.com,+14579204134,71.0,775.0,59233.04,VERIFIED,RETAIL,AU
CUST5407,Customer_4407,customer_4407@email.com,+15285262104,76.0,444.0,358318.22,VERIFIED,CORPORATE,FR
CUST4759,Customer_3759,customer_3759@email.com,+18663388404,54.0,519.0,449550.38,PENDING,SME,DE
CUST5926,Customer_4926,customer_4926@email.com,+12864014911,28.0,798.0,463978.63,VERIFIED,RETAIL,DE
CUST1144,Customer_144,customer_144@email.com,+18949523358,51.0,740.0,341608.54,VERIFIED,CORPORATE,DE
CUST2067,Customer_1067,customer_1067@email.com,+18679894547,50.0,481.0,100912.4,VERIFIED,PREMIUM,UK
CUST3420,Customer_2420,customer_2420@email.com,+17745796388,67.0,344.0,306662.88,VERIFIED,PREMIUM,US
CUST3639,Customer_2639,customer_2639@email.com,+11988660381,49.0,838.0,132761.11,VERIFIED,RETAIL,AU
CUST5260,Customer_4260,customer_4260@email.com,+17616392178,44.0,559.0,259486.11,VERIFIED,SME,AU
CUST5591,Customer_4591,customer_4591@email.com,+11396388645,38.0,312.0,295506.58,VERIFIED,RETAIL,AU
CUST3059,Customer_2059,customer_2059@email.com,+11941105312,65.0,545.0,227040.69,VERIFIED,SME,AU
CUST2280,Customer_1280,customer_1280@email.com,+13353429432,33.0,324.0,322044.54,VERIFIED,RETAIL,FR
CUST2522,Customer_1522,,+19565911543,40.0,478.0,49622.92,VERIFIED,PREMIUM,US
CUST3695,Customer_2695,customer_2695@email.com,+18126255475,75.0,728.0,461677.47,VERIFIED,RETAIL,US
CUST4164,Customer_3164,customer_3164@email.com,+19512771096,25.0,727.0,322306.62,VERIFIED,PREMIUM,US
CUST5465,Customer_4465,customer_4465@email.com,+18675134515,69.0,736.0,32511.89,VERIFIED,RETAIL,UK
CUST1159,Customer_159,customer_159@email.com,+14198180390,30.0,819.0,111647.59,VERIFIED,SME,DE
CUST4041,Customer_3041,customer_3041@email.com,+14626191812,66.0,681.0,143477.36,VERIFIED,RETAIL,AU
CUST5345,Customer_4345,customer_4345@email.com,+16017938309,21.0,546.0,38959.07,VERIFIED,PREMIUM,US
CUST3994,Customer_2994,customer_2994@email.com,,80.0,442.0,122864.56,FAILED,CORPORATE,US
CUST3862,Customer_2862,customer_2862@email.com,+19875983067,22.0,654.0,453801.94,,RETAIL,US
CUST1710,Customer_710,customer_710@email.com,+11887871263,32.0,313.0,23596.72,VERIFIED,RETAIL,FR
CUST2803,Customer_1803,,+17975883856,39.0,523.0,270362.35,VERIFIED,SME,DE
CUST3554,Customer_2554,customer_2554@email.com,+11337404581,39.0,801.0,388587.1,PENDING,RETAIL,US
CUST2577,Customer_1577,customer_1577@email.com,+12126198697,55.0,496.0,89530.11,VERIFIED,PREMIUM,US
CUST2927,Customer_1927,customer_1927@email.com,+13748848663,64.0,692.0,245871.23,PENDING,RETAIL,US
CUST2663,Customer_1663,customer_1663@email.com,+15901283268,66.0,766.0,445680.09,VERIFIED,PREMIUM,DE
CUST2014,Customer_1014,customer_1014@email.com,+13857686867,73.0,715.0,149471.78,VERIFIED,,UK
CUST2879,Customer_1879,customer_1879@email.com,+18227545988,62.0,424.0,72065.8,VERIFIED,RETAIL,DE
CUST3109,Customer_2109,customer_2109@email.com,+11109797336,-5.0,,1634.93,VERIFIED,CORPORATE,AU
CUST5183,Customer_4183,customer_4183@email.com,+18814956149,66.0,440.0,95776.57,VERIFIED,CORPORATE,UK
CUST1760,Customer_760,customer_760@email.com,+18782189621,74.0,575.0,385610.66,VERIFIED,CORPORATE,FR
CUST5698,Customer_4698,customer_4698@email.com,+16578352892,71.0,640.0,473861.7,VERIFIED,RETAIL,AU
CUST5507,Customer_4507,customer_4507@email.com,+18241098059,20.0,726.0,73819.73,VERIFIED,RETAIL,US
CUST5413,Customer_4413,customer_4413@email.com,+18130544924,73.0,635.0,431906.76,VERIFIED,CORPORATE,DE
CUST4815,Customer_3815,customer_3815@email.com,+16504372093,74.0,559.0,1498.22,PENDING,RETAIL,DE
CUST4758,Customer_3758,customer_3758@email.com,+18066719690,82.0,580.0,120450.9,VERIFIED,RETAIL,US
CUST5204,Customer_4204,customer_4204@email.com,+14571047840,69.0,433.0,285476.09,FAILED,CORPORATE,US
CUST3060,Customer_2060,customer_2060@email.com,+14807407733,50.0,347.0,220194.08,PENDING,RETAIL,AU
CUST1984,Customer_984,customer_984@email.com,+18913004826,71.0,790.0,458924.19,PENDING,RETAIL,FR
CUST5733,Customer_4733,customer_4733@email.com,+15753936314,82.0,714.0,478926.11,PENDING,RETAIL,US
CUST3673,Customer_2673,customer_2673@email.com,+19494382653,41.0,589.0,126785.0,FAILED,RETAIL,US
CUST3625,Customer_2625,customer_2625@email.com,,55.0,485.0,315580.23,VERIFIED,SME,DE
CUST3030,Customer_2030,customer_2030@email.com,+11243836276,23.0,364.0,232667.37,VERIFIED,RETAIL,DE
CUST5745,Customer_4745,customer_4745@email.com,+18620870094,70.0,609.0,224203.46,VERIFIED,SME,AU
CUST3743,Customer_2743,customer_2743@email.com,+15156337643,63.0,301.0,262670.68,VERIFIED,SME,UK
CUST2349,Customer_1349,customer_1349@email.com,+12910936636,71.0,629.0,452980.82,VERIFIED,RETAIL,UK
CUST3829,Customer_2829,customer_2829@email.com,+15889528563,77.0,406.0,333854.78,VERIFIED,RETAIL,FR
CUST3761,Customer_2761,customer_2761@email.com,+16027174470,76.0,362.0,426251.98,VERIFIED,PREMIUM,US
CUST1452,Customer_452,customer_452@email.com,+14811564281,58.0,837.0,445721.21,FAILED,RETAIL,US
CUST4820,Customer_3820,customer_3820@email.com,+13060221323,69.0,680.0,369294.49,VERIFIED,PREMIUM,UK
CUST3828,Customer_2828,customer_2828@email.com,+13432475716,84.0,504.0,22568.31,VERIFIED,SME,AU
CUST3478,Customer_2478,customer_2478@email.com,+15033931885,79.0,723.0,166728.79,VERIFIED,RETAIL,UK
CUST2454,Customer_1454,customer_1454@email.com,,78.0,683.0,243307.6,VERIFIED,PREMIUM,US
CUST4113,Customer_3113,customer_3113@email.com,+14803180434,73.0,552.0,227690.17,VERIFIED,PREMIUM,US
CUST2558,Customer_1558,customer_1558@email.com,,31.0,601.0,62091.08,VERIFIED,RETAIL,US
CUST2654,Customer_1654,customer_1654@email.com,+19080893417,76.0,530.0,216941.57,VERIFIED,CORPORATE,US
CUST4383,Customer_3383,customer_3383@email.com,+14397116123,70.0,361.0,492111.12,VERIFIED,PREMIUM,
CUST3050,Customer_2050,customer_2050@email.com,+18791160971,35.0,764.0,175726.53,VERIFIED,RETAIL,US
CUST3722,Customer_2722,customer_2722@email.com,,66.0,526.0,334479.8,VERIFIED,SME,US
CUST1591,Customer_591,customer_591@email.com,+19487108333,44.0,387.0,356060.9,VERIFIED,PREMIUM,UK
CUST4081,Customer_3081,customer_3081@email.com,+11165921272,84.0,482.0,419605.76,PENDING,RETAIL,FR
CUST5065,Customer_4065,customer_4065@email.com,+19255621278,33.0,840.0,353246.89,FAILED,RETAIL,UK
CUST4313,Customer_3313,customer_3313@email.com,+15703030913,33.0,787.0,40404.59,VERIFIED,RETAIL,UK
CUST3513,Customer_2513,customer_2513@email.com,+15972368327,57.0,444.0,54157.01,PENDING,PREMIUM,US
CUST5872,Customer_4872,customer_4872@email.com,+13515209977,,633.0,22136.73,VERIFIED,RETAIL,US
CUST5984,Customer_4984,customer_4984@email.com,+16618351537,55.0,511.0,47349.6,VERIFIED,SME,US
CUST1186,Customer_186,customer_186@email.com,+16157600307,38.0,429.0,251807.33,VERIFIED,CORPORATE,AU
CUST4068,Customer_3068,customer_3068@email.com,+15107853982,31.0,326.0,249261.69,VERIFIED,SME,US
CUST4827,Customer_3827,customer_3827@email.com,+16133759145,66.0,823.0,125635.52,VERIFIED,RETAIL,FR
CUST1280,Customer_280,customer_280@email.com,+12986448775,27.0,606.0,496521.33,VERIFIED,RETAIL,UK
CUST5170,Customer_4170,customer_4170@email.com,+11683037833,83.0,832.0,231363.7,VERIFIED,SME,AU
CUST5496,Customer_4496,customer_4496@email.com,+19755932375,26.0,505.0,151978.16,PENDING,PREMIUM,US
